{
  "architecture": "resnet18_transfer",
  "class_to_idx": {
    "0_normal": 0,
    "1_cataract": 1
  },
  "seed": 42,
  "image_size": 224,
  "normalization": {
    "mean": [
      0.485,
      0.456,
      0.406
    ],
    "std": [
      0.229,
      0.224,
      0.225
    ]
  },
  "dedup_source": "dataset_group_map.json",
  "split_unit": "dedup_group (near-duplicate-safe)",
  "duplicates_are_grouped_not_dropped": true,
  "excluded_label_conflict_images": 33,
  "label_conflict_report": "label_conflicts.json",
  "counts": {
    "train": {
      "0": 10512,
      "1": 1295
    },
    "val": {
      "0": 2211,
      "1": 260
    },
    "test": {
      "0": 2247,
      "1": 258
    },
    "excluded_label_conflicts": {
      "0": 25,
      "1": 8
    }
  },
  "selection_metric": "balanced_accuracy + 0.25*cataract_f1",
  "best_val_metrics": {
    "loss": 0.009508107138275539,
    "accuracy": 0.9967624443545123,
    "sensitivity": 1.0,
    "specificity": 0.9963817277250113,
    "cataract_precision": 0.9701492537313433,
    "cataract_f1": 0.9848484848484849,
    "balanced_accuracy": 0.9981908638625057,
    "auc": 0.9999895626761298,
    "cm": {
      "tn": 2203,
      "fp": 8,
      "fn": 0,
      "tp": 260
    }
  },
  "test_metrics_at_0.5": {
    "loss": 0.033869674551667145,
    "accuracy": 0.9932135728542915,
    "sensitivity": 0.9767441860465116,
    "specificity": 0.9951045838896306,
    "cataract_precision": 0.9581749049429658,
    "cataract_f1": 0.9673704414587332,
    "balanced_accuracy": 0.9859243849680711,
    "auc": 0.9993660798377164,
    "cm": {
      "tn": 2236,
      "fp": 11,
      "fn": 6,
      "tp": 252
    }
  },
  "test_metrics_at_prod_threshold": {
    "loss": 0.033869674551667145,
    "accuracy": 0.9932135728542915,
    "sensitivity": 0.9767441860465116,
    "specificity": 0.9951045838896306,
    "cataract_precision": 0.9581749049429658,
    "cataract_f1": 0.9673704414587332,
    "balanced_accuracy": 0.9859243849680711,
    "auc": 0.9993660798377164,
    "cm": {
      "tn": 2236,
      "fp": 11,
      "fn": 6,
      "tp": 252
    }
  },
  "prod_threshold": 0.5,
  "val_selected_threshold": 0.95,
  "val_selected_threshold_target_sensitivity": 0.99,
  "val_selected_threshold_metrics": {
    "loss": 0.009508107138275539,
    "accuracy": 0.9983812221772562,
    "sensitivity": 1.0,
    "specificity": 0.9981908638625057,
    "cataract_precision": 0.9848484848484849,
    "cataract_f1": 0.9923664122137404,
    "balanced_accuracy": 0.9990954319312528,
    "auc": 0.9999895626761298,
    "cm": {
      "tn": 2207,
      "fp": 4,
      "fn": 0,
      "tp": 260
    },
    "selection_reason": "max specificity with sensitivity >= 0.99 on validation"
  },
  "test_metrics_at_val_selected_threshold": {
    "loss": 0.033869674551667145,
    "accuracy": 0.9916167664670659,
    "sensitivity": 0.9534883720930233,
    "specificity": 0.9959946595460614,
    "cataract_precision": 0.9647058823529412,
    "cataract_f1": 0.9590643274853802,
    "balanced_accuracy": 0.9747415158195423,
    "auc": 0.9993660798377164,
    "cm": {
      "tn": 2238,
      "fp": 9,
      "fn": 12,
      "tp": 246
    }
  }
}