filename,category,title,author,license,source_page,file_url
portrait-photographs-of-women_000_File_Anas_n_Moan_na_11_05_20_Radolfzell_Deutschlan.jpg,Category:Portrait photographs of women,"File:""Anasín Moanína, 11.05.20, Radolfzell, Deutschland.jpg"".jpg",Anasín Moanína,CC BY-SA 4.0,https://commons.wikimedia.org/wiki/File%3A%22Anas%C3%ADn_Moan%C3%ADna%2C_11.05.20%2C_Radolfzell%2C_Deutschland.jpg%22.jpg,https://thumb.wikimedia.org/wikipedia/commons/thumb/0/0d/%22Anas%C3%ADn_Moan%C3%ADna%2C_11.05.20%2C_Radolfzell%2C_Deutschland.jpg%22.jpg/960px-%22Anas%C3%ADn_Moan%C3%ADna%2C_11.05.20%2C_Radolfzell%2C_Deutschland.jpg%22.jpg?utm_source=commons.wikimedia.org&utm_campaign=imageinfo&utm_content=thumbnail
portrait-photographs-of-women_001_File_Are_you_really_catching_Me_147038811.jpg,Category:Portrait photographs of women,"File:""Are you really catching Me?"" (147038811).jpg","Pedro Ribeiro Simões from Lisboa, Portugal",CC BY 2.0,https://commons.wikimedia.org/wiki/File%3A%22Are_you_really_catching_Me%3F%22_%28147038811%29.jpg,https://thumb.wikimedia.org/wikipedia/commons/thumb/2/2b/%22Are_you_really_catching_Me%3F%22_%28147038811%29.jpg/960px-%22Are_you_really_catching_Me%3F%22_%28147038811%29.jpg?utm_source=commons.wikimedia.org&utm_campaign=imageinfo&utm_content=thumbnail
portrait-photographs-of-women_002_File_Anas_n_Moan_na_26_02_20_Radolfzell_Deutschlan.jpg,Category:Portrait photographs of women,"File:'Anasín Moanína, 26.02.20, Radolfzell, Deutschland.jpg'.jpg",Anasín Moanína,CC BY-SA 4.0,https://commons.wikimedia.org/wiki/File%3A%27Anas%C3%ADn_Moan%C3%ADna%2C_26.02.20%2C_Radolfzell%2C_Deutschland.jpg%27.jpg,https://thumb.wikimedia.org/wikipedia/commons/thumb/f/f1/%27Anas%C3%ADn_Moan%C3%ADna%2C_26.02.20%2C_Radolfzell%2C_Deutschland.jpg%27.jpg/960px-%27Anas%C3%ADn_Moan%C3%ADna%2C_26.02.20%2C_Radolfzell%2C_Deutschland.jpg%27.jpg?utm_source=commons.wikimedia.org&utm_campaign=imageinfo&utm_content=thumbnail
portrait-photographs-of-women_003_File_000_Galina_Ch.jpg,Category:Portrait photographs of women,File:000 Galina Ch.jpg,Дар Ветер,CC BY-SA 4.0,https://commons.wikimedia.org/wiki/File%3A000_Galina_Ch.jpg,https://thumb.wikimedia.org/wikipedia/commons/thumb/5/53/000_Galina_Ch.jpg/960px-000_Galina_Ch.jpg?utm_source=commons.wikimedia.org&utm_campaign=imageinfo&utm_content=thumbnail
portrait-photographs-of-women_004_File_00000PORTRAIT_00000_BURST20190711153456770.jpg,Category:Portrait photographs of women,File:00000PORTRAIT 00000 BURST20190711153456770.jpg,Guterman1,CC BY-SA 4.0,https://commons.wikimedia.org/wiki/File%3A00000PORTRAIT_00000_BURST20190711153456770.jpg,https://thumb.wikimedia.org/wikipedia/commons/thumb/9/99/00000PORTRAIT_00000_BURST20190711153456770.jpg/960px-00000PORTRAIT_00000_BURST20190711153456770.jpg?utm_source=commons.wikimedia.org&utm_campaign=imageinfo&utm_content=thumbnail
portrait-photographs-of-women_005_File_01_Elena_Folk.jpg,Category:Portrait photographs of women,File:01 Elena Folk.jpg,Mark Nakoykher,CC BY-SA 4.0,https://commons.wikimedia.org/wiki/File%3A01_Elena_Folk.jpg,https://thumb.wikimedia.org/wikipedia/commons/thumb/1/10/01_Elena_Folk.jpg/960px-01_Elena_Folk.jpg?utm_source=commons.wikimedia.org&utm_campaign=imageinfo&utm_content=thumbnail
portrait-photographs-of-women_006_File_01_portrait_motion_blur_experimental_digital.jpg,Category:Portrait photographs of women,File:01 portrait motion blur experimental digital photography by Rick Doble.jpg,Rick Doble,CC BY-SA 4.0,https://commons.wikimedia.org/wiki/File%3A01_portrait_motion_blur_experimental_digital_photography_by_Rick_Doble.jpg,https://thumb.wikimedia.org/wikipedia/commons/thumb/f/f2/01_portrait_motion_blur_experimental_digital_photography_by_Rick_Doble.jpg/960px-01_portrait_motion_blur_experimental_digital_photography_by_Rick_Doble.jpg?utm_source=commons.wikimedia.org&utm_campaign=imageinfo&utm_content=thumbnail
portrait-photographs-of-women_007_File_0146Baliuag_San_Rafael_Bulacan_36.jpg,Category:Portrait photographs of women,File:0146Baliuag San Rafael Bulacan 36.jpg,Judgefloro,CC0,https://commons.wikimedia.org/wiki/File%3A0146Baliuag_San_Rafael_Bulacan_36.jpg,https://thumb.wikimedia.org/wikipedia/commons/thumb/9/98/0146Baliuag_San_Rafael_Bulacan_36.jpg/960px-0146Baliuag_San_Rafael_Bulacan_36.jpg?utm_source=commons.wikimedia.org&utm_campaign=imageinfo&utm_content=thumbnail
portrait-photographs-of-women_008_File_01AR700059_Edit.jpg,Category:Portrait photographs of women,File:01AR700059-Edit.jpg,Nellacphoto,CC BY 4.0,https://commons.wikimedia.org/wiki/File%3A01AR700059-Edit.jpg,https://thumb.wikimedia.org/wikipedia/commons/thumb/2/29/01AR700059-Edit.jpg/960px-01AR700059-Edit.jpg?utm_source=commons.wikimedia.org&utm_campaign=imageinfo&utm_content=thumbnail
portrait-photographs-of-women_009_File_01AR700102_Edit.jpg,Category:Portrait photographs of women,File:01AR700102-Edit.jpg,Nellacphoto,CC BY 4.0,https://commons.wikimedia.org/wiki/File%3A01AR700102-Edit.jpg,https://thumb.wikimedia.org/wikipedia/commons/thumb/4/44/01AR700102-Edit.jpg/960px-01AR700102-Edit.jpg?utm_source=commons.wikimedia.org&utm_campaign=imageinfo&utm_content=thumbnail
portrait-photographs-of-women_010_File_01AR700290_Edit.jpg,Category:Portrait photographs of women,File:01AR700290-Edit.jpg,Nellacphoto,CC BY 4.0,https://commons.wikimedia.org/wiki/File%3A01AR700290-Edit.jpg,https://thumb.wikimedia.org/wikipedia/commons/thumb/1/13/01AR700290-Edit.jpg/960px-01AR700290-Edit.jpg?utm_source=commons.wikimedia.org&utm_campaign=imageinfo&utm_content=thumbnail
portrait-photographs-of-women_011_File_01AR700381_Edit.jpg,Category:Portrait photographs of women,File:01AR700381-Edit.jpg,Nellacphoto,CC BY 4.0,https://commons.wikimedia.org/wiki/File%3A01AR700381-Edit.jpg,https://thumb.wikimedia.org/wikipedia/commons/thumb/2/28/01AR700381-Edit.jpg/960px-01AR700381-Edit.jpg?utm_source=commons.wikimedia.org&utm_campaign=imageinfo&utm_content=thumbnail
portrait-photographs-of-women_012_File_02_portrait_motion_blur_experimental_digital.jpg,Category:Portrait photographs of women,File:02 portrait motion blur experimental digital photography by Rick Doble.jpg,Rick Doble,CC BY-SA 4.0,https://commons.wikimedia.org/wiki/File%3A02_portrait_motion_blur_experimental_digital_photography_by_Rick_Doble.jpg,https://thumb.wikimedia.org/wikipedia/commons/thumb/d/db/02_portrait_motion_blur_experimental_digital_photography_by_Rick_Doble.jpg/960px-02_portrait_motion_blur_experimental_digital_photography_by_Rick_Doble.jpg?utm_source=commons.wikimedia.org&utm_campaign=imageinfo&utm_content=thumbnail
portrait-photographs-of-women_013_File_02200023_Anna_Winter_2005.jpg,Category:Portrait photographs of women,File:02200023 - Anna - Winter - 2005.JPG,Ricki; Ingo Rickmann,CC BY-SA 3.0,https://commons.wikimedia.org/wiki/File%3A02200023_-_Anna_-_Winter_-_2005.JPG,https://thumb.wikimedia.org/wikipedia/commons/thumb/2/2a/02200023_-_Anna_-_Winter_-_2005.JPG/960px-02200023_-_Anna_-_Winter_-_2005.JPG?utm_source=commons.wikimedia.org&utm_campaign=imageinfo&utm_content=thumbnail
portrait-photographs-of-women_014_File_1_DSC_3470.jpg,Category:Portrait photographs of women,File:1 DSC 3470.jpg,Polarbear2050,CC BY-SA 4.0,https://commons.wikimedia.org/wiki/File%3A1_DSC_3470.jpg,https://thumb.wikimedia.org/wikipedia/commons/thumb/0/00/1_DSC_3470.jpg/960px-1_DSC_3470.jpg?utm_source=commons.wikimedia.org&utm_campaign=imageinfo&utm_content=thumbnail
portrait-photographs-of-women_015_File_1000_Women_in_Religion_Project_members_workin.jpg,Category:Portrait photographs of women,File:1000 Women in Religion Project members working (cropped).jpg,PMCH2,CC BY-SA 4.0,https://commons.wikimedia.org/wiki/File%3A1000_Women_in_Religion_Project_members_working_%28cropped%29.jpg,https://thumb.wikimedia.org/wikipedia/commons/thumb/8/8f/1000_Women_in_Religion_Project_members_working_%28cropped%29.jpg/960px-1000_Women_in_Religion_Project_members_working_%28cropped%29.jpg?utm_source=commons.wikimedia.org&utm_campaign=imageinfo&utm_content=thumbnail
portrait-photographs-of-women_016_File_1000_Women_in_Religion_Project_members_workin.jpg,Category:Portrait photographs of women,File:1000 Women in Religion Project members working.jpg,PMCH2,CC BY-SA 4.0,https://commons.wikimedia.org/wiki/File%3A1000_Women_in_Religion_Project_members_working.jpg,https://thumb.wikimedia.org/wikipedia/commons/thumb/f/f0/1000_Women_in_Religion_Project_members_working.jpg/960px-1000_Women_in_Religion_Project_members_working.jpg?utm_source=commons.wikimedia.org&utm_campaign=imageinfo&utm_content=thumbnail
portrait-photographs-of-women_017_File_13072020_Hannah_Neumann_by_Lennart_Kleinschmi.jpg,Category:Portrait photographs of women,File:13072020 - Hannah Neumann by Lennart Kleinschmidt.jpg,Leyyart,CC BY-SA 4.0,https://commons.wikimedia.org/wiki/File%3A13072020_-_Hannah_Neumann_by_Lennart_Kleinschmidt.jpg,https://thumb.wikimedia.org/wikipedia/commons/thumb/2/2a/13072020_-_Hannah_Neumann_by_Lennart_Kleinschmidt.jpg/960px-13072020_-_Hannah_Neumann_by_Lennart_Kleinschmidt.jpg?utm_source=commons.wikimedia.org&utm_campaign=imageinfo&utm_content=thumbnail
portrait-photographs-of-women_018_File_135228_Muhterem_WK2016n_K_nigsbau_600x902.jpg,Category:Portrait photographs of women,File:135228 Muhterem WK2016n Königsbau-600x902.jpg,JochenDetscher,CC BY-SA 4.0,https://commons.wikimedia.org/wiki/File%3A135228_Muhterem_WK2016n_K%C3%B6nigsbau-600x902.jpg,https://upload.wikimedia.org/wikipedia/commons/1/11/135228_Muhterem_WK2016n_K%C3%B6nigsbau-600x902.jpg?utm_source=commons.wikimedia.org&utm_campaign=imageinfo&utm_content=thumbnail_unscaled
portrait-photographs-of-women_019_File_140315_3.jpg,Category:Portrait photographs of women,File:140315 김소정 팬미팅 (3).jpg,우연히현영,CC BY 4.0,https://commons.wikimedia.org/wiki/File%3A140315_%EA%B9%80%EC%86%8C%EC%A0%95_%ED%8C%AC%EB%AF%B8%ED%8C%85_%283%29.jpg,https://thumb.wikimedia.org/wikipedia/commons/thumb/5/54/140315_%EA%B9%80%EC%86%8C%EC%A0%95_%ED%8C%AC%EB%AF%B8%ED%8C%85_%283%29.jpg/960px-140315_%EA%B9%80%EC%86%8C%EC%A0%95_%ED%8C%AC%EB%AF%B8%ED%8C%85_%283%29.jpg?utm_source=commons.wikimedia.org&utm_campaign=imageinfo&utm_content=thumbnail
portrait-photographs-of-women_020_File_15_03_11_MAI_Repros_Ursula_van_Diemen.jpg,Category:Portrait photographs of women,File:15.03.11 MAI.Repros.Ursula van Diemen.jpg,Claudia Schneider-Esleben,CC BY-SA 4.0,https://commons.wikimedia.org/wiki/File%3A15.03.11_MAI.Repros.Ursula_van_Diemen.jpg,https://thumb.wikimedia.org/wikipedia/commons/thumb/7/77/15.03.11_MAI.Repros.Ursula_van_Diemen.jpg/960px-15.03.11_MAI.Repros.Ursula_van_Diemen.jpg?utm_source=commons.wikimedia.org&utm_campaign=imageinfo&utm_content=thumbnail
portrait-photographs-of-women_021_File_159D_01_Acervo_do_Museu_Paulista_da_USP.jpg,Category:Portrait photographs of women,"File:159D - 01, Acervo do Museu Paulista da USP.jpg",José Rosael/HélioNobre/Museu Paulista da USP,Public domain,https://commons.wikimedia.org/wiki/File%3A159D_-_01%2C_Acervo_do_Museu_Paulista_da_USP.jpg,https://upload.wikimedia.org/wikipedia/commons/3/35/159D_-_01%2C_Acervo_do_Museu_Paulista_da_USP.jpg?utm_source=commons.wikimedia.org&utm_campaign=imageinfo&utm_content=thumbnail_unscaled
portrait-photographs-of-women_022_File_16001000424008_Scharinska_villan_Riksantikvar.jpg,Category:Portrait photographs of women,File:16001000424008-Scharinska villan-Riksantikvarieämbetet.jpg,Pål-Nils Nilsson,CC BY 3.0,https://commons.wikimedia.org/wiki/File%3A16001000424008-Scharinska_villan-Riksantikvarie%C3%A4mbetet.jpg,https://upload.wikimedia.org/wikipedia/commons/d/d6/16001000424008-Scharinska_villan-Riksantikvarie%C3%A4mbetet.jpg?utm_source=commons.wikimedia.org&utm_campaign=imageinfo&utm_content=thumbnail_unscaled
portrait-photographs-of-women_023_File_171288_1853787145370_1261557584_32235470_1188.jpg,Category:Portrait photographs of women,File:171288 1853787145370 1261557584 32235470 1188496 o.jpg,Massino930208,CC BY-SA 3.0,https://commons.wikimedia.org/wiki/File%3A171288_1853787145370_1261557584_32235470_1188496_o.jpg,https://thumb.wikimedia.org/wikipedia/commons/thumb/6/65/171288_1853787145370_1261557584_32235470_1188496_o.jpg/960px-171288_1853787145370_1261557584_32235470_1188496_o.jpg?utm_source=commons.wikimedia.org&utm_campaign=imageinfo&utm_content=thumbnail
portrait-photographs-of-women_024_File_18_year_old_girl.jpg,Category:Portrait photographs of women,File:18 year old girl.jpg,Davis Lazio,CC0,https://commons.wikimedia.org/wiki/File%3A18_year_old_girl.jpg,https://upload.wikimedia.org/wikipedia/commons/7/70/18_year_old_girl.jpg?utm_source=commons.wikimedia.org&utm_campaign=imageinfo&utm_content=thumbnail_unscaled
portrait-photographs-of-women_025_File_180820_Wiki_CE.jpg,Category:Portrait photographs of women,File:180820 Wiki CE.jpg,Mafog4046,CC BY-SA 4.0,https://commons.wikimedia.org/wiki/File%3A180820_Wiki_CE.jpg,https://thumb.wikimedia.org/wikipedia/commons/thumb/7/72/180820_Wiki_CE.jpg/960px-180820_Wiki_CE.jpg?utm_source=commons.wikimedia.org&utm_campaign=imageinfo&utm_content=thumbnail
portrait-photographs-of-women_026_File_180912_Anne_Marie_Schjetlein.jpg,Category:Portrait photographs of women,File:180912 Anne-Marie Schjetlein.jpg,Mafog4046,CC BY-SA 4.0,https://commons.wikimedia.org/wiki/File%3A180912_Anne-Marie_Schjetlein.jpg,https://upload.wikimedia.org/wikipedia/commons/9/97/180912_Anne-Marie_Schjetlein.jpg?utm_source=commons.wikimedia.org&utm_campaign=imageinfo&utm_content=thumbnail_unscaled
portrait-photographs-of-women_027_File_P_Sinner_Schw_bische_Volkstrachten_Betzingen.jpg,Category:Portrait photographs of women,File:P Sinner - Schwäbische Volkstrachten Betzingen - Jungfrau mit ihrer Mutter mit Blumenkränzen (Sammelbild handkoloriert um 1875).jpg,Paul Sinner,Public domain,https://commons.wikimedia.org/wiki/File%3AP_Sinner_-_Schw%C3%A4bische_Volkstrachten_Betzingen_-_Jungfrau_mit_ihrer_Mutter_mit_Blumenkr%C3%A4nzen_%28Sammelbild_handkoloriert_um_1875%29.jpg,https://upload.wikimedia.org/wikipedia/commons/5/54/P_Sinner_-_Schw%C3%A4bische_Volkstrachten_Betzingen_-_Jungfrau_mit_ihrer_Mutter_mit_Blumenkr%C3%A4nzen_%28Sammelbild_handkoloriert_um_1875%29.jpg?utm_source=commons.wikimedia.org&utm_campaign=imageinfo&utm_content=thumbnail_unscaled
portrait-photographs-of-women_028_File_P_Sinner_Schw_bische_Volkstrachten_Betzingen.jpg,Category:Portrait photographs of women,File:P Sinner - Schwäbische Volkstrachten Betzingen - Profilporträt einer Jungfrau (CdV-Sammelbild handkoloriert).jpg,Paul Sinner,Public domain,https://commons.wikimedia.org/wiki/File%3AP_Sinner_-_Schw%C3%A4bische_Volkstrachten_Betzingen_-_Profilportr%C3%A4t_einer_Jungfrau_%28CdV-Sammelbild_handkoloriert%29.jpg,https://upload.wikimedia.org/wikipedia/commons/a/a5/P_Sinner_-_Schw%C3%A4bische_Volkstrachten_Betzingen_-_Profilportr%C3%A4t_einer_Jungfrau_%28CdV-Sammelbild_handkoloriert%29.jpg?utm_source=commons.wikimedia.org&utm_campaign=imageinfo&utm_content=thumbnail_unscaled
portrait-photographs-of-women_029_File_Vier_Frauen_in_Betzinger_Tracht_am_Spinnrad_o.jpg,Category:Portrait photographs of women,File:Vier Frauen in Betzinger Tracht am Spinnrad oder beim Sticken (handkolorierte Fotografie).jpg,"Unknown authorUnknown author This is a retouched picture, which means that it has been digitally altered from its original version. by Marek Wojciechowski",Public domain,https://commons.wikimedia.org/wiki/File%3AVier_Frauen_in_Betzinger_Tracht_am_Spinnrad_oder_beim_Sticken_%28handkolorierte_Fotografie%29.jpg,https://upload.wikimedia.org/wikipedia/commons/4/47/Vier_Frauen_in_Betzinger_Tracht_am_Spinnrad_oder_beim_Sticken_%28handkolorierte_Fotografie%29.jpg?utm_source=commons.wikimedia.org&utm_campaign=imageinfo&utm_content=thumbnail_unscaled
portrait-photographs-of-women_030_File_1880_ri_147_Angelika_Beer_Piraten.jpg,Category:Portrait photographs of women,File:1880-ri-147-Angelika Beer Piraten.jpg,Gerd Seidel (Rob Irgendwer),CC BY-SA 3.0,https://commons.wikimedia.org/wiki/File%3A1880-ri-147-Angelika_Beer_Piraten.jpg,https://thumb.wikimedia.org/wikipedia/commons/thumb/8/83/1880-ri-147-Angelika_Beer_Piraten.jpg/960px-1880-ri-147-Angelika_Beer_Piraten.jpg?utm_source=commons.wikimedia.org&utm_campaign=imageinfo&utm_content=thumbnail
portrait-photographs-of-women_031_File_CF_Schmid_Berta_Walter_im_Trachtenkleid_um_18.jpg,Category:Portrait photographs of women,File:CF Schmid - Berta Walter im Trachtenkleid (um 1880).jpg,Carl Friedrich Schmid,Public domain,https://commons.wikimedia.org/wiki/File%3ACF_Schmid_-_Berta_Walter_im_Trachtenkleid_%28um_1880%29.jpg,https://upload.wikimedia.org/wikipedia/commons/f/fc/CF_Schmid_-_Berta_Walter_im_Trachtenkleid_%28um_1880%29.jpg?utm_source=commons.wikimedia.org&utm_campaign=imageinfo&utm_content=thumbnail_unscaled
portrait-photographs-of-women_032_File_P_Sinner_Schw_bische_Volkstrachten_Betzingen.jpg,Category:Portrait photographs of women,File:P Sinner - Schwäbische Volkstrachten Betzingen. Betzingerin am Spinnrad (Sammelbild 1880er).jpg,Paul Sinner,Public domain,https://commons.wikimedia.org/wiki/File%3AP_Sinner_-_Schw%C3%A4bische_Volkstrachten_Betzingen._Betzingerin_am_Spinnrad_%28Sammelbild_1880er%29.jpg,https://upload.wikimedia.org/wikipedia/commons/c/c8/P_Sinner_-_Schw%C3%A4bische_Volkstrachten_Betzingen._Betzingerin_am_Spinnrad_%28Sammelbild_1880er%29.jpg?utm_source=commons.wikimedia.org&utm_campaign=imageinfo&utm_content=thumbnail_unscaled
portrait-photographs-of-women_033_File_P_Sinner_Schw_bische_Volkstrachten_Betzingen.jpg,Category:Portrait photographs of women,File:P Sinner - Schwäbische Volkstrachten Betzingen. Junge Frau beim Blumengießen (Sammelbild 1880er).jpg,Paul Sinner,Public domain,https://commons.wikimedia.org/wiki/File%3AP_Sinner_-_Schw%C3%A4bische_Volkstrachten_Betzingen._Junge_Frau_beim_Blumengie%C3%9Fen_%28Sammelbild_1880er%29.jpg,https://upload.wikimedia.org/wikipedia/commons/6/66/P_Sinner_-_Schw%C3%A4bische_Volkstrachten_Betzingen._Junge_Frau_beim_Blumengie%C3%9Fen_%28Sammelbild_1880er%29.jpg?utm_source=commons.wikimedia.org&utm_campaign=imageinfo&utm_content=thumbnail_unscaled
portrait-photographs-of-women_034_File_P_Sinner_Schw_bische_Volkstrachten_Betzingen.jpg,Category:Portrait photographs of women,File:P Sinner - Schwäbische Volkstrachten Betzingen. Junge Frau vor einer bewachsenen Mauer (Sammelbild 1880er).jpg,Paul Sinner,Public domain,https://commons.wikimedia.org/wiki/File%3AP_Sinner_-_Schw%C3%A4bische_Volkstrachten_Betzingen._Junge_Frau_vor_einer_bewachsenen_Mauer_%28Sammelbild_1880er%29.jpg,https://upload.wikimedia.org/wikipedia/commons/7/7f/P_Sinner_-_Schw%C3%A4bische_Volkstrachten_Betzingen._Junge_Frau_vor_einer_bewachsenen_Mauer_%28Sammelbild_1880er%29.jpg?utm_source=commons.wikimedia.org&utm_campaign=imageinfo&utm_content=thumbnail_unscaled
portrait-photographs-of-women_035_File_P_Sinner_Schw_bische_Volkstrachten_Betzingen.jpg,Category:Portrait photographs of women,File:P Sinner - Schwäbische Volkstrachten Betzingen. Dei' Gsundheit (Sammelbild 1890er).jpg,Paul Sinner,Public domain,https://commons.wikimedia.org/wiki/File%3AP_Sinner_-_Schw%C3%A4bische_Volkstrachten_Betzingen._Dei%27_Gsundheit_%28Sammelbild_1890er%29.jpg,https://upload.wikimedia.org/wikipedia/commons/0/06/P_Sinner_-_Schw%C3%A4bische_Volkstrachten_Betzingen._Dei%27_Gsundheit_%28Sammelbild_1890er%29.jpg?utm_source=commons.wikimedia.org&utm_campaign=imageinfo&utm_content=thumbnail_unscaled
portrait-photographs-of-women_036_File_P_Sinner_Schw_bische_Volkstrachten_Betzingen.jpg,Category:Portrait photographs of women,"File:P Sinner - Schwäbische Volkstrachten, Betzingen. Zwei junge Frauen in Tracht (Sammelbild 1890er).jpg",Paul Sinner,Public domain,https://commons.wikimedia.org/wiki/File%3AP_Sinner_-_Schw%C3%A4bische_Volkstrachten%2C_Betzingen._Zwei_junge_Frauen_in_Tracht_%28Sammelbild_1890er%29.jpg,https://upload.wikimedia.org/wikipedia/commons/3/3a/P_Sinner_-_Schw%C3%A4bische_Volkstrachten%2C_Betzingen._Zwei_junge_Frauen_in_Tracht_%28Sammelbild_1890er%29.jpg?utm_source=commons.wikimedia.org&utm_campaign=imageinfo&utm_content=thumbnail_unscaled
portrait-photographs-of-women_037_File_Louisa_McLaughlin.jpg,Category:Portrait photographs of women,File:Louisa McLaughlin.jpg,Neurolinguist,CC BY-SA 3.0,https://commons.wikimedia.org/wiki/File%3ALouisa_McLaughlin.jpg,https://upload.wikimedia.org/wikipedia/commons/0/05/Louisa_McLaughlin.jpg?utm_source=commons.wikimedia.org&utm_campaign=imageinfo&utm_content=thumbnail_unscaled
portrait-photographs-of-women_038_File_19720821200hNR3_STRANDFEUER_72_MK.jpg,Category:Portrait photographs of women,File:19720821200hNR3 STRANDFEUER 72 MK.jpg,Jörg Blobelt,CC BY-SA 4.0,https://commons.wikimedia.org/wiki/File%3A19720821200hNR3_STRANDFEUER_72_MK.jpg,https://thumb.wikimedia.org/wikipedia/commons/thumb/1/19/19720821200hNR3_STRANDFEUER_72_MK.jpg/960px-19720821200hNR3_STRANDFEUER_72_MK.jpg?utm_source=commons.wikimedia.org&utm_campaign=imageinfo&utm_content=thumbnail
portrait-photographs-of-women_039_File_1989D_01_Acervo_do_Museu_Paulista_da_USP.jpg,Category:Portrait photographs of women,"File:1989D - 01, Acervo do Museu Paulista da USP.jpg",José Rosael/HélioNobre/Museu Paulista da USP,Public domain,https://commons.wikimedia.org/wiki/File%3A1989D_-_01%2C_Acervo_do_Museu_Paulista_da_USP.jpg,https://upload.wikimedia.org/wikipedia/commons/5/53/1989D_-_01%2C_Acervo_do_Museu_Paulista_da_USP.jpg?utm_source=commons.wikimedia.org&utm_campaign=imageinfo&utm_content=thumbnail_unscaled
portrait-photographs-of-women_040_File_19D_2_Acervo_do_Museu_Paulista_da_USP.jpg,Category:Portrait photographs of women,"File:19D - 2, Acervo do Museu Paulista da USP.jpg",José Rosael/HélioNobre/Museu Paulista da USP,Public domain,https://commons.wikimedia.org/wiki/File%3A19D_-_2%2C_Acervo_do_Museu_Paulista_da_USP.jpg,https://upload.wikimedia.org/wikipedia/commons/7/7f/19D_-_2%2C_Acervo_do_Museu_Paulista_da_USP.jpg?utm_source=commons.wikimedia.org&utm_campaign=imageinfo&utm_content=thumbnail_unscaled
portrait-photographs-of-women_041_File_2.jpg,Category:Portrait photographs of women,File:2 عکس هایی از پشت صحنه مستند شرم بودا.jpg,Imaje Cinema Iran,CC BY-SA 4.0,https://commons.wikimedia.org/wiki/File%3A2_%D8%B9%DA%A9%D8%B3_%D9%87%D8%A7%DB%8C%DB%8C_%D8%A7%D8%B2_%D9%BE%D8%B4%D8%AA_%D8%B5%D8%AD%D9%86%D9%87_%D9%85%D8%B3%D8%AA%D9%86%D8%AF_%D8%B4%D8%B1%D9%85_%D8%A8%D9%88%D8%AF%D8%A7.jpg,https://thumb.wikimedia.org/wikipedia/commons/thumb/6/60/2_%D8%B9%DA%A9%D8%B3_%D9%87%D8%A7%DB%8C%DB%8C_%D8%A7%D8%B2_%D9%BE%D8%B4%D8%AA_%D8%B5%D8%AD%D9%86%D9%87_%D9%85%D8%B3%D8%AA%D9%86%D8%AF_%D8%B4%D8%B1%D9%85_%D8%A8%D9%88%D8%AF%D8%A7.jpg/960px-2_%D8%B9%DA%A9%D8%B3_%D9%87%D8%A7%DB%8C%DB%8C_%D8%A7%D8%B2_%D9%BE%D8%B4%D8%AA_%D8%B5%D8%AD%D9%86%D9%87_%D9%85%D8%B3%D8%AA%D9%86%D8%AF_%D8%B4%D8%B1%D9%85_%D8%A8%D9%88%D8%AF%D8%A7.jpg?utm_source=commons.wikimedia.org&utm_campaign=imageinfo&utm_content=thumbnail
portrait-photographs-of-women_042_File_20011013200kNR_Brigitte.jpg,Category:Portrait photographs of women,File:20011013200kNR Brigitte.jpg,Jörg Blobelt,CC BY-SA 4.0,https://commons.wikimedia.org/wiki/File%3A20011013200kNR_Brigitte.jpg,https://thumb.wikimedia.org/wikipedia/commons/thumb/6/65/20011013200kNR_Brigitte.jpg/960px-20011013200kNR_Brigitte.jpg?utm_source=commons.wikimedia.org&utm_campaign=imageinfo&utm_content=thumbnail
portrait-photographs-of-women_043_File_2006D_01_Acervo_do_Museu_Paulista_da_USP.jpg,Category:Portrait photographs of women,"File:2006D - 01, Acervo do Museu Paulista da USP.jpg",José Rosael/HélioNobre/Museu Paulista da USP,Public domain,https://commons.wikimedia.org/wiki/File%3A2006D_-_01%2C_Acervo_do_Museu_Paulista_da_USP.jpg,https://upload.wikimedia.org/wikipedia/commons/3/3b/2006D_-_01%2C_Acervo_do_Museu_Paulista_da_USP.jpg?utm_source=commons.wikimedia.org&utm_campaign=imageinfo&utm_content=thumbnail_unscaled
portrait-photographs-of-women_044_File_2008D_01_Acervo_do_Museu_Paulista_da_USP.jpg,Category:Portrait photographs of women,"File:2008D - 01, Acervo do Museu Paulista da USP.jpg",José Rosael/HélioNobre/Museu Paulista da USP,Public domain,https://commons.wikimedia.org/wiki/File%3A2008D_-_01%2C_Acervo_do_Museu_Paulista_da_USP.jpg,https://upload.wikimedia.org/wikipedia/commons/5/54/2008D_-_01%2C_Acervo_do_Museu_Paulista_da_USP.jpg?utm_source=commons.wikimedia.org&utm_campaign=imageinfo&utm_content=thumbnail_unscaled
portrait-photographs-of-women_045_File_2011_2000_vs_2011_033.jpg,Category:Portrait photographs of women,File:2011. Грузия 2000 vs. Грузия 2011 033.jpg,Andrey Butko,CC BY-SA 3.0,https://commons.wikimedia.org/wiki/File%3A2011._%D0%93%D1%80%D1%83%D0%B7%D0%B8%D1%8F_2000_vs._%D0%93%D1%80%D1%83%D0%B7%D0%B8%D1%8F_2011_033.jpg,https://thumb.wikimedia.org/wikipedia/commons/thumb/1/14/2011._%D0%93%D1%80%D1%83%D0%B7%D0%B8%D1%8F_2000_vs._%D0%93%D1%80%D1%83%D0%B7%D0%B8%D1%8F_2011_033.jpg/960px-2011._%D0%93%D1%80%D1%83%D0%B7%D0%B8%D1%8F_2000_vs._%D0%93%D1%80%D1%83%D0%B7%D0%B8%D1%8F_2011_033.jpg?utm_source=commons.wikimedia.org&utm_campaign=imageinfo&utm_content=thumbnail
portrait-photographs-of-women_046_File_2012_Wishes_6542913973.jpg,Category:Portrait photographs of women,File:2012 Wishes (6542913973).jpg,"Pedro Ribeiro Simões from Lisboa, Portugal",CC BY 2.0,https://commons.wikimedia.org/wiki/File%3A2012_Wishes_%286542913973%29.jpg,https://upload.wikimedia.org/wikipedia/commons/f/f6/2012_Wishes_%286542913973%29.jpg?utm_source=commons.wikimedia.org&utm_campaign=imageinfo&utm_content=thumbnail_unscaled
portrait-photographs-of-women_047_File_20130620_Ursula_Karlowski_0479.jpg,Category:Portrait photographs of women,File:20130620 Ursula Karlowski 0479.JPG,Ailura,CC BY-SA 3.0 de,https://commons.wikimedia.org/wiki/File%3A20130620_Ursula_Karlowski_0479.JPG,https://thumb.wikimedia.org/wikipedia/commons/thumb/f/f9/20130620_Ursula_Karlowski_0479.JPG/960px-20130620_Ursula_Karlowski_0479.JPG?utm_source=commons.wikimedia.org&utm_campaign=imageinfo&utm_content=thumbnail
portrait-photographs-of-women_048_File_20130620_Ursula_Karlowski_0484.jpg,Category:Portrait photographs of women,File:20130620 Ursula Karlowski 0484.JPG,Ailura,CC BY-SA 3.0 de,https://commons.wikimedia.org/wiki/File%3A20130620_Ursula_Karlowski_0484.JPG,https://thumb.wikimedia.org/wikipedia/commons/thumb/6/66/20130620_Ursula_Karlowski_0484.JPG/960px-20130620_Ursula_Karlowski_0484.JPG?utm_source=commons.wikimedia.org&utm_campaign=imageinfo&utm_content=thumbnail
portrait-photographs-of-women_049_File_2014_Kathryn_Schneider_Foto_Felix_R_ber_PC241.jpg,Category:Portrait photographs of women,File:2014 Kathryn Schneider Foto Felix Räber PC241162 fg.jpg,Ottilie2021,CC BY-SA 4.0,https://commons.wikimedia.org/wiki/File%3A2014_Kathryn_Schneider_Foto_Felix_R%C3%A4ber_PC241162_fg.jpg,https://thumb.wikimedia.org/wikipedia/commons/thumb/a/a0/2014_Kathryn_Schneider_Foto_Felix_R%C3%A4ber_PC241162_fg.jpg/960px-2014_Kathryn_Schneider_Foto_Felix_R%C3%A4ber_PC241162_fg.jpg?utm_source=commons.wikimedia.org&utm_campaign=imageinfo&utm_content=thumbnail
portrait-photographs-of-women_050_File_20140815_183905_Richtone_HDR.jpg,Category:Portrait photographs of women,File:20140815 183905 Richtone(HDR).jpg,Momonne,CC BY-SA 4.0,https://commons.wikimedia.org/wiki/File%3A20140815_183905_Richtone%28HDR%29.jpg,https://thumb.wikimedia.org/wikipedia/commons/thumb/8/8e/20140815_183905_Richtone%28HDR%29.jpg/960px-20140815_183905_Richtone%28HDR%29.jpg?utm_source=commons.wikimedia.org&utm_campaign=imageinfo&utm_content=thumbnail
portrait-photographs-of-women_051_File_2016_11_17_Tanja_Machalet_0407.jpg,Category:Portrait photographs of women,File:2016-11-17 - Tanja Machalet - 0407.jpg,Sven Teschke,CC BY-SA 3.0 de,https://commons.wikimedia.org/wiki/File%3A2016-11-17_-_Tanja_Machalet_-_0407.jpg,https://thumb.wikimedia.org/wikipedia/commons/thumb/6/66/2016-11-17_-_Tanja_Machalet_-_0407.jpg/960px-2016-11-17_-_Tanja_Machalet_-_0407.jpg?utm_source=commons.wikimedia.org&utm_campaign=imageinfo&utm_content=thumbnail
portrait-photographs-of-women_052_File_Love_is_in_the_Air_Unsplash.jpg,Category:Portrait photographs of women,File:Love is in the Air (Unsplash).jpg,Yeshi Kangrang omgitsyeshi,CC0,https://commons.wikimedia.org/wiki/File%3ALove_is_in_the_Air_%28Unsplash%29.jpg,https://thumb.wikimedia.org/wikipedia/commons/thumb/a/a9/Love_is_in_the_Air_%28Unsplash%29.jpg/960px-Love_is_in_the_Air_%28Unsplash%29.jpg?utm_source=commons.wikimedia.org&utm_campaign=imageinfo&utm_content=thumbnail
portrait-photographs-of-women_053_File_2017_06_25_Angela_Marquardt_by_Olaf_Kosinsky.jpg,Category:Portrait photographs of women,File:2017-06-25 Angela Marquardt by Olaf Kosinsky-1.jpg,Olaf Kosinsky,CC BY-SA 3.0 de,https://commons.wikimedia.org/wiki/File%3A2017-06-25_Angela_Marquardt_by_Olaf_Kosinsky-1.jpg,https://thumb.wikimedia.org/wikipedia/commons/thumb/f/f0/2017-06-25_Angela_Marquardt_by_Olaf_Kosinsky-1.jpg/960px-2017-06-25_Angela_Marquardt_by_Olaf_Kosinsky-1.jpg?utm_source=commons.wikimedia.org&utm_campaign=imageinfo&utm_content=thumbnail
portrait-photographs-of-women_054_File_2017_07_12_Jutta_Ditfurth_Maischberger_3542.jpg,Category:Portrait photographs of women,File:2017-07-12-Jutta Ditfurth-Maischberger-3542.jpg,Superbass,CC BY-SA 4.0,https://commons.wikimedia.org/wiki/File%3A2017-07-12-Jutta_Ditfurth-Maischberger-3542.jpg,https://upload.wikimedia.org/wikipedia/commons/0/0c/2017-07-12-Jutta_Ditfurth-Maischberger-3542.jpg?utm_source=commons.wikimedia.org&utm_campaign=imageinfo&utm_content=thumbnail_unscaled
portrait-photographs-of-women_055_File_20170910_233547_MG_8540_8.jpg,Category:Portrait photographs of women,File:20170910 233547 MG 8540-8.jpg,DREAMANSIONS,CC BY-SA 4.0,https://commons.wikimedia.org/wiki/File%3A20170910_233547_MG_8540-8.jpg,https://thumb.wikimedia.org/wikipedia/commons/thumb/2/27/20170910_233547_MG_8540-8.jpg/960px-20170910_233547_MG_8540-8.jpg?utm_source=commons.wikimedia.org&utm_campaign=imageinfo&utm_content=thumbnail
portrait-photographs-of-women_056_File_Cecilia_Woloch.jpg,Category:Portrait photographs of women,File:Cecilia Woloch.jpg,Cristina417,CC BY-SA 4.0,https://commons.wikimedia.org/wiki/File%3ACecilia_Woloch.jpg,https://thumb.wikimedia.org/wikipedia/commons/thumb/8/8d/Cecilia_Woloch.jpg/960px-Cecilia_Woloch.jpg?utm_source=commons.wikimedia.org&utm_campaign=imageinfo&utm_content=thumbnail
portrait-photographs-of-women_057_File_Jeanette_Aw_at_NATAS_Travel_Fair_2019.jpg,Category:Portrait photographs of women,File:Jeanette Aw at NATAS Travel Fair 2019.jpg,Kong Yuen Sing,CC BY 3.0,https://commons.wikimedia.org/wiki/File%3AJeanette_Aw_at_NATAS_Travel_Fair_2019.jpg,https://thumb.wikimedia.org/wikipedia/commons/thumb/f/fb/Jeanette_Aw_at_NATAS_Travel_Fair_2019.jpg/960px-Jeanette_Aw_at_NATAS_Travel_Fair_2019.jpg?utm_source=commons.wikimedia.org&utm_campaign=imageinfo&utm_content=thumbnail
portrait-photographs-of-women_058_File_Liu_Wen_Milan_Fashion_Week_Autumn_Winter_2019.jpg,Category:Portrait photographs of women,File:Liu Wen Milan Fashion Week Autumn Winter 2019.jpg,Myles Kalus Anak Jihem,CC BY-SA 4.0,https://commons.wikimedia.org/wiki/File%3ALiu_Wen_Milan_Fashion_Week_Autumn_Winter_2019.jpg,https://thumb.wikimedia.org/wikipedia/commons/thumb/9/9a/Liu_Wen_Milan_Fashion_Week_Autumn_Winter_2019.jpg/960px-Liu_Wen_Milan_Fashion_Week_Autumn_Winter_2019.jpg?utm_source=commons.wikimedia.org&utm_campaign=imageinfo&utm_content=thumbnail
portrait-photographs-of-women_059_File_2019_mfc_Portrait_2.jpg,Category:Portrait photographs of women,File:2019 mfc Portrait 2.jpg,Juliana.registrar,CC BY-SA 4.0,https://commons.wikimedia.org/wiki/File%3A2019_mfc_Portrait_2.jpg,https://thumb.wikimedia.org/wikipedia/commons/thumb/8/89/2019_mfc_Portrait_2.jpg/960px-2019_mfc_Portrait_2.jpg?utm_source=commons.wikimedia.org&utm_campaign=imageinfo&utm_content=thumbnail
portrait-photographs-of-women_060_File_2019_04_13_Hannah_Neumann_by_Olaf_Kosinsky_05.jpg,Category:Portrait photographs of women,File:2019-04-13 Hannah Neumann by Olaf Kosinsky-0535.jpg,Olaf Kosinsky,CC BY-SA 3.0 de,https://commons.wikimedia.org/wiki/File%3A2019-04-13_Hannah_Neumann_by_Olaf_Kosinsky-0535.jpg,https://thumb.wikimedia.org/wikipedia/commons/thumb/6/61/2019-04-13_Hannah_Neumann_by_Olaf_Kosinsky-0535.jpg/960px-2019-04-13_Hannah_Neumann_by_Olaf_Kosinsky-0535.jpg?utm_source=commons.wikimedia.org&utm_campaign=imageinfo&utm_content=thumbnail
portrait-photographs-of-women_061_File_2019_04_13_Hannah_Neumann_by_Olaf_Kosinsky_06.jpg,Category:Portrait photographs of women,File:2019-04-13 Hannah Neumann by Olaf Kosinsky-0685.jpg,Olaf Kosinsky,CC BY-SA 3.0 de,https://commons.wikimedia.org/wiki/File%3A2019-04-13_Hannah_Neumann_by_Olaf_Kosinsky-0685.jpg,https://thumb.wikimedia.org/wikipedia/commons/thumb/f/f4/2019-04-13_Hannah_Neumann_by_Olaf_Kosinsky-0685.jpg/960px-2019-04-13_Hannah_Neumann_by_Olaf_Kosinsky-0685.jpg?utm_source=commons.wikimedia.org&utm_campaign=imageinfo&utm_content=thumbnail
portrait-photographs-of-women_062_File_2019_04_13_Miller_159_Edit.jpg,Category:Portrait photographs of women,File:2019-04-13 Miller-159-Edit.jpg,Lisa Maco,CC BY-SA 4.0,https://commons.wikimedia.org/wiki/File%3A2019-04-13_Miller-159-Edit.jpg,https://thumb.wikimedia.org/wikipedia/commons/thumb/2/2f/2019-04-13_Miller-159-Edit.jpg/960px-2019-04-13_Miller-159-Edit.jpg?utm_source=commons.wikimedia.org&utm_campaign=imageinfo&utm_content=thumbnail
portrait-photographs-of-women_063_File_2019_04_13_Miller_161_Edit.jpg,Category:Portrait photographs of women,File:2019-04-13 Miller-161-Edit.jpg,Lisa Maco,CC BY-SA 4.0,https://commons.wikimedia.org/wiki/File%3A2019-04-13_Miller-161-Edit.jpg,https://thumb.wikimedia.org/wikipedia/commons/thumb/6/67/2019-04-13_Miller-161-Edit.jpg/960px-2019-04-13_Miller-161-Edit.jpg?utm_source=commons.wikimedia.org&utm_campaign=imageinfo&utm_content=thumbnail
portrait-photographs-of-women_064_File_2021_Diane_Havlir_cropped.jpg,Category:Portrait photographs of women,File:2021 Diane Havlir (cropped).jpg,Christopher Michel,CC BY-SA 4.0,https://commons.wikimedia.org/wiki/File%3A2021_Diane_Havlir_%28cropped%29.jpg,https://thumb.wikimedia.org/wikipedia/commons/thumb/1/19/2021_Diane_Havlir_%28cropped%29.jpg/960px-2021_Diane_Havlir_%28cropped%29.jpg?utm_source=commons.wikimedia.org&utm_campaign=imageinfo&utm_content=thumbnail
portrait-photographs-of-women_065_File_20211020BrookeA_417.jpg,Category:Portrait photographs of women,File:20211020BrookeA-417-.jpg,Kmareaevans,CC BY-SA 4.0,https://commons.wikimedia.org/wiki/File%3A20211020BrookeA-417-.jpg,https://thumb.wikimedia.org/wikipedia/commons/thumb/0/0a/20211020BrookeA-417-.jpg/960px-20211020BrookeA-417-.jpg?utm_source=commons.wikimedia.org&utm_campaign=imageinfo&utm_content=thumbnail
portrait-photographs-of-women_066_File_2022_03_27_Wahlabend_Saarland_by_Sandro_Halan.jpg,Category:Portrait photographs of women,File:2022-03-27 Wahlabend Saarland by Sandro Halank–061 (cropped).jpg,"Sandro Halank, Wikimedia Commons",CC BY-SA 4.0,https://commons.wikimedia.org/wiki/File%3A2022-03-27_Wahlabend_Saarland_by_Sandro_Halank%E2%80%93061_%28cropped%29.jpg,https://thumb.wikimedia.org/wikipedia/commons/thumb/f/fe/2022-03-27_Wahlabend_Saarland_by_Sandro_Halank%E2%80%93061_%28cropped%29.jpg/960px-2022-03-27_Wahlabend_Saarland_by_Sandro_Halank%E2%80%93061_%28cropped%29.jpg?utm_source=commons.wikimedia.org&utm_campaign=imageinfo&utm_content=thumbnail
portrait-photographs-of-women_067_File_2022_10_06_Dr_Heike_Schmidt_Chefredakteurin_d.jpg,Category:Portrait photographs of women,"File:2022-10-06 Dr. Heike Schmidt, Chefredakteurin der Zeitschrift nobilis.jpg",Bernd Schwabe in Hannover,CC BY-SA 3.0,https://commons.wikimedia.org/wiki/File%3A2022-10-06_Dr._Heike_Schmidt%2C_Chefredakteurin_der_Zeitschrift_nobilis.jpg,https://thumb.wikimedia.org/wikipedia/commons/thumb/a/a1/2022-10-06_Dr._Heike_Schmidt%2C_Chefredakteurin_der_Zeitschrift_nobilis.jpg/960px-2022-10-06_Dr._Heike_Schmidt%2C_Chefredakteurin_der_Zeitschrift_nobilis.jpg?utm_source=commons.wikimedia.org&utm_campaign=imageinfo&utm_content=thumbnail
portrait-photographs-of-women_068_File_2022_10_06_Kerstin_Berghoff_Ising_Vorstand_de.jpg,Category:Portrait photographs of women,"File:2022-10-06 Kerstin Berghoff-Ising, Vorstand der Sparkasse Hannover.jpg",Bernd Schwabe in Hannover,CC BY-SA 4.0,https://commons.wikimedia.org/wiki/File%3A2022-10-06_Kerstin_Berghoff-Ising%2C_Vorstand_der_Sparkasse_Hannover.jpg,https://thumb.wikimedia.org/wikipedia/commons/thumb/7/73/2022-10-06_Kerstin_Berghoff-Ising%2C_Vorstand_der_Sparkasse_Hannover.jpg/960px-2022-10-06_Kerstin_Berghoff-Ising%2C_Vorstand_der_Sparkasse_Hannover.jpg?utm_source=commons.wikimedia.org&utm_campaign=imageinfo&utm_content=thumbnail
portrait-photographs-of-women_069_File_2022_11_06_Anja_Ritschel_Wirtschafts_und_Umwe.jpg,Category:Portrait photographs of women,File:2022-11-06 Anja Ritschel; Wirtschafts- und Umweltdezernentin der Landeshauptstadt Hannover.jpg,Bernd Schwabe in Hannover,CC BY-SA 4.0,https://commons.wikimedia.org/wiki/File%3A2022-11-06_Anja_Ritschel%3B_Wirtschafts-_und_Umweltdezernentin_der_Landeshauptstadt_Hannover.jpg,https://thumb.wikimedia.org/wikipedia/commons/thumb/1/1d/2022-11-06_Anja_Ritschel%3B_Wirtschafts-_und_Umweltdezernentin_der_Landeshauptstadt_Hannover.jpg/960px-2022-11-06_Anja_Ritschel%3B_Wirtschafts-_und_Umweltdezernentin_der_Landeshauptstadt_Hannover.jpg?utm_source=commons.wikimedia.org&utm_campaign=imageinfo&utm_content=thumbnail
portrait-photographs-of-women_070_File_2022_11_15_Christine_Preitauer_GF_vom_KreHtiv.jpg,Category:Portrait photographs of women,File:2022-11-15 Christine Preitauer GF vom KreHtiv Netzwerk Hannover e.V.jpg,Bernd Schwabe in Hannover,CC BY-SA 4.0,https://commons.wikimedia.org/wiki/File%3A2022-11-15_Christine_Preitauer_GF_vom_KreHtiv_Netzwerk_Hannover_e.V.jpg,https://thumb.wikimedia.org/wikipedia/commons/thumb/f/f8/2022-11-15_Christine_Preitauer_GF_vom_KreHtiv_Netzwerk_Hannover_e.V.jpg/960px-2022-11-15_Christine_Preitauer_GF_vom_KreHtiv_Netzwerk_Hannover_e.V.jpg?utm_source=commons.wikimedia.org&utm_campaign=imageinfo&utm_content=thumbnail
portrait-photographs-of-women_071_File_2022_12_16_Mansha_Friedrich.jpg,Category:Portrait photographs of women,File:2022-12-16 Mansha Friedrich.jpg,Bernd Schwabe in Hannover,CC BY-SA 4.0,https://commons.wikimedia.org/wiki/File%3A2022-12-16_Mansha_Friedrich.jpg,https://thumb.wikimedia.org/wikipedia/commons/thumb/f/f6/2022-12-16_Mansha_Friedrich.jpg/960px-2022-12-16_Mansha_Friedrich.jpg?utm_source=commons.wikimedia.org&utm_campaign=imageinfo&utm_content=thumbnail
portrait-photographs-of-women_072_File_2023_05_25_Entrevista_rica_Ceolin_01.jpg,Category:Portrait photographs of women,File:2023-05-25 Entrevista - Érica Ceolin 01.jpg,Agência Senado,CC BY 2.0,https://commons.wikimedia.org/wiki/File%3A2023-05-25_Entrevista_-_%C3%89rica_Ceolin_01.jpg,https://thumb.wikimedia.org/wikipedia/commons/thumb/0/0c/2023-05-25_Entrevista_-_%C3%89rica_Ceolin_01.jpg/960px-2023-05-25_Entrevista_-_%C3%89rica_Ceolin_01.jpg?utm_source=commons.wikimedia.org&utm_campaign=imageinfo&utm_content=thumbnail
portrait-photographs-of-women_073_File_2024_Olha_Stefanishyna_cropped.jpg,Category:Portrait photographs of women,File:2024 Olha Stefanishyna Ольга Стефанішина (cropped).jpg,Belgian Presidency of the Council of the EU 2024 from Belgium,CC BY 2.0,https://commons.wikimedia.org/wiki/File%3A2024_Olha_Stefanishyna_%D0%9E%D0%BB%D1%8C%D0%B3%D0%B0_%D0%A1%D1%82%D0%B5%D1%84%D0%B0%D0%BD%D1%96%D1%88%D0%B8%D0%BD%D0%B0_%28cropped%29.jpg,https://thumb.wikimedia.org/wikipedia/commons/thumb/f/f6/2024_Olha_Stefanishyna_%D0%9E%D0%BB%D1%8C%D0%B3%D0%B0_%D0%A1%D1%82%D0%B5%D1%84%D0%B0%D0%BD%D1%96%D1%88%D0%B8%D0%BD%D0%B0_%28cropped%29.jpg/960px-2024_Olha_Stefanishyna_%D0%9E%D0%BB%D1%8C%D0%B3%D0%B0_%D0%A1%D1%82%D0%B5%D1%84%D0%B0%D0%BD%D1%96%D1%88%D0%B8%D0%BD%D0%B0_%28cropped%29.jpg?utm_source=commons.wikimedia.org&utm_campaign=imageinfo&utm_content=thumbnail
portrait-photographs-of-women_074_File_2024_12_09_Amanda_Reich_Portrait_Freundeskrei.jpg,Category:Portrait photographs of women,File:2024-12-09 Amanda Reich Portrait Freundeskreis Hannover.jpg,Bernd Schwabe,CC BY-SA 4.0,https://commons.wikimedia.org/wiki/File%3A2024-12-09_Amanda_Reich_Portrait_Freundeskreis_Hannover.jpg,https://thumb.wikimedia.org/wikipedia/commons/thumb/5/5f/2024-12-09_Amanda_Reich_Portrait_Freundeskreis_Hannover.jpg/960px-2024-12-09_Amanda_Reich_Portrait_Freundeskreis_Hannover.jpg?utm_source=commons.wikimedia.org&utm_campaign=imageinfo&utm_content=thumbnail
portrait-photographs-of-women_075_File_25_April_2015_Girl_with_a_red_carnation_17289.jpg,Category:Portrait photographs of women,"File:25 April, 2015 - Girl with a red carnation (17289395682).jpg","Pedro Ribeiro Simões from Lisboa, Portugal",CC BY 2.0,https://commons.wikimedia.org/wiki/File%3A25_April%2C_2015_-_Girl_with_a_red_carnation_%2817289395682%29.jpg,https://thumb.wikimedia.org/wikipedia/commons/thumb/3/31/25_April%2C_2015_-_Girl_with_a_red_carnation_%2817289395682%29.jpg/960px-25_April%2C_2015_-_Girl_with_a_red_carnation_%2817289395682%29.jpg?utm_source=commons.wikimedia.org&utm_campaign=imageinfo&utm_content=thumbnail
portrait-photographs-of-women_076_File_2dsfdg.jpg,Category:Portrait photographs of women,File:2dsfdg.jpg,Milmarina,CC BY-SA 4.0,https://commons.wikimedia.org/wiki/File%3A2dsfdg.jpg,https://thumb.wikimedia.org/wikipedia/commons/thumb/f/fa/2dsfdg.jpg/960px-2dsfdg.jpg?utm_source=commons.wikimedia.org&utm_campaign=imageinfo&utm_content=thumbnail
portrait-photographs-of-women_077_File_2nd_March_Anti_troika_demonstration_And_my_fu.jpg,Category:Portrait photographs of women,"File:2nd March Anti-troika demonstration ""And my future?"" (8522641946).jpg","Pedro Ribeiro Simões from Lisboa, Portugal",CC BY 2.0,https://commons.wikimedia.org/wiki/File%3A2nd_March_Anti-troika_demonstration_%22And_my_future%3F%22_%288522641946%29.jpg,https://thumb.wikimedia.org/wikipedia/commons/thumb/2/2e/2nd_March_Anti-troika_demonstration_%22And_my_future%3F%22_%288522641946%29.jpg/960px-2nd_March_Anti-troika_demonstration_%22And_my_future%3F%22_%288522641946%29.jpg?utm_source=commons.wikimedia.org&utm_campaign=imageinfo&utm_content=thumbnail
portrait-photographs-of-women_078_File_3149_Ethiopie_ethnie_Mursi.jpg,Category:Portrait photographs of women,File:3149 Ethiopie ethnie Mursi.JPG,Yves Picq,CC BY-SA 3.0,https://commons.wikimedia.org/wiki/File%3A3149_Ethiopie_ethnie_Mursi.JPG,https://thumb.wikimedia.org/wikipedia/commons/thumb/7/77/3149_Ethiopie_ethnie_Mursi.JPG/960px-3149_Ethiopie_ethnie_Mursi.JPG?utm_source=commons.wikimedia.org&utm_campaign=imageinfo&utm_content=thumbnail
portrait-photographs-of-women_079_File_3530011_x.jpg,Category:Portrait photographs of women,File:3530011-x.jpg,Andbe96,CC BY-SA 3.0,https://commons.wikimedia.org/wiki/File%3A3530011-x.jpg,https://upload.wikimedia.org/wikipedia/commons/0/0b/3530011-x.jpg?utm_source=commons.wikimedia.org&utm_campaign=imageinfo&utm_content=thumbnail_unscaled
portrait-photographs-of-men_080_File_Keef_Trouble_01.jpg,Category:Portrait photographs of men,File:Keef Trouble 01.jpg,Acabashi,CC BY-SA 4.0,https://commons.wikimedia.org/wiki/File%3AKeef_Trouble_01.jpg,https://thumb.wikimedia.org/wikipedia/commons/thumb/c/c0/Keef_Trouble_01.jpg/960px-Keef_Trouble_01.jpg?utm_source=commons.wikimedia.org&utm_campaign=imageinfo&utm_content=thumbnail
portrait-photographs-of-men_081_File_Qazi_Syed_Ghulam_Usmani_Social_worker.jpg,Category:Portrait photographs of men,"File:""Qazi Syed Ghulam Usmani Social worker"".jpg",Syedkamranqadir,CC BY-SA 4.0,https://commons.wikimedia.org/wiki/File%3A%22Qazi_Syed_Ghulam_Usmani_Social_worker%22.jpg,https://thumb.wikimedia.org/wikipedia/commons/thumb/4/4f/%22Qazi_Syed_Ghulam_Usmani_Social_worker%22.jpg/960px-%22Qazi_Syed_Ghulam_Usmani_Social_worker%22.jpg?utm_source=commons.wikimedia.org&utm_campaign=imageinfo&utm_content=thumbnail
portrait-photographs-of-men_082_File_Qazi_Syed_Ghulam_Usmani.jpg,Category:Portrait photographs of men,"File:""Qazi Syed Ghulam Usmani"".jpg",Syedkamranqadir,CC BY-SA 4.0,https://commons.wikimedia.org/wiki/File%3A%22Qazi_Syed_Ghulam_Usmani%22.jpg,https://thumb.wikimedia.org/wikipedia/commons/thumb/a/ad/%22Qazi_Syed_Ghulam_Usmani%22.jpg/960px-%22Qazi_Syed_Ghulam_Usmani%22.jpg?utm_source=commons.wikimedia.org&utm_campaign=imageinfo&utm_content=thumbnail
portrait-photographs-of-men_083_File_Sam_a_white_man_A_logger_at_Howkan_Alaska_Tak.jpg,Category:Portrait photographs of men,"File:""Sam"" a white man. A logger at Howkan, Alaska. Taken by B.A. Haldane, 1906 - NARA - 297530.jpg",Unknown authorUnknown author or not provided,Public domain,https://commons.wikimedia.org/wiki/File%3A%22Sam%22_a_white_man._A_logger_at_Howkan%2C_Alaska._Taken_by_B.A._Haldane%2C_1906_-_NARA_-_297530.jpg,https://thumb.wikimedia.org/wikipedia/commons/thumb/b/b4/%22Sam%22_a_white_man._A_logger_at_Howkan%2C_Alaska._Taken_by_B.A._Haldane%2C_1906_-_NARA_-_297530.jpg/960px-%22Sam%22_a_white_man._A_logger_at_Howkan%2C_Alaska._Taken_by_B.A._Haldane%2C_1906_-_NARA_-_297530.jpg?utm_source=commons.wikimedia.org&utm_campaign=imageinfo&utm_content=thumbnail
portrait-photographs-of-men_084_File_Starsh_Thlinket_Indian_of_Saxman_Alaska_Taken.jpg,Category:Portrait photographs of men,"File:""Starsh"" Thlinket Indian of Saxman, Alaska. Taken by B.A. Haldane, 1897."" - NARA - 297529.jpg",Unknown authorUnknown author or not provided,Public domain,https://commons.wikimedia.org/wiki/File%3A%22Starsh%22_Thlinket_Indian_of_Saxman%2C_Alaska._Taken_by_B.A._Haldane%2C_1897.%22_-_NARA_-_297529.jpg,https://thumb.wikimedia.org/wikipedia/commons/thumb/d/db/%22Starsh%22_Thlinket_Indian_of_Saxman%2C_Alaska._Taken_by_B.A._Haldane%2C_1897.%22_-_NARA_-_297529.jpg/960px-%22Starsh%22_Thlinket_Indian_of_Saxman%2C_Alaska._Taken_by_B.A._Haldane%2C_1897.%22_-_NARA_-_297529.jpg?utm_source=commons.wikimedia.org&utm_campaign=imageinfo&utm_content=thumbnail
portrait-photographs-of-men_085_File_1985.jpg,Category:Portrait photographs of men,"File:""Єрмаков Богдан Олександрович , 1985 року народження."".jpg",Bogdan.paint,CC BY-SA 4.0,https://commons.wikimedia.org/wiki/File%3A%22%D0%84%D1%80%D0%BC%D0%B0%D0%BA%D0%BE%D0%B2_%D0%91%D0%BE%D0%B3%D0%B4%D0%B0%D0%BD_%D0%9E%D0%BB%D0%B5%D0%BA%D1%81%D0%B0%D0%BD%D0%B4%D1%80%D0%BE%D0%B2%D0%B8%D1%87_%2C_1985_%D1%80%D0%BE%D0%BA%D1%83_%D0%BD%D0%B0%D1%80%D0%BE%D0%B4%D0%B6%D0%B5%D0%BD%D0%BD%D1%8F.%22.jpg,https://upload.wikimedia.org/wikipedia/commons/8/80/%22%D0%84%D1%80%D0%BC%D0%B0%D0%BA%D0%BE%D0%B2_%D0%91%D0%BE%D0%B3%D0%B4%D0%B0%D0%BD_%D0%9E%D0%BB%D0%B5%D0%BA%D1%81%D0%B0%D0%BD%D0%B4%D1%80%D0%BE%D0%B2%D0%B8%D1%87_%2C_1985_%D1%80%D0%BE%D0%BA%D1%83_%D0%BD%D0%B0%D1%80%D0%BE%D0%B4%D0%B6%D0%B5%D0%BD%D0%BD%D1%8F.%22.jpg?utm_source=commons.wikimedia.org&utm_campaign=imageinfo&utm_content=thumbnail_unscaled
portrait-photographs-of-men_086_File_UBZ.jpg,Category:Portrait photographs of men,File:$UBZ .jpg,Godswitness111,CC BY-SA 4.0,https://commons.wikimedia.org/wiki/File%3A%24UBZ_.jpg,https://thumb.wikimedia.org/wikipedia/commons/thumb/a/a0/%24UBZ_.jpg/960px-%24UBZ_.jpg?utm_source=commons.wikimedia.org&utm_campaign=imageinfo&utm_content=thumbnail
portrait-photographs-of-men_087_File_Sneha_Sparsha_Srivathsa_Joshi_s_Book_Release.jpg,Category:Portrait photographs of men,"File:'Sneha Sparsha', Srivathsa Joshi's Book Release.jpg",Hari Prasad Nadig,CC BY-SA 2.0,https://commons.wikimedia.org/wiki/File%3A%27Sneha_Sparsha%27%2C_Srivathsa_Joshi%27s_Book_Release.jpg,https://thumb.wikimedia.org/wikipedia/commons/thumb/0/0d/%27Sneha_Sparsha%27%2C_Srivathsa_Joshi%27s_Book_Release.jpg/960px-%27Sneha_Sparsha%27%2C_Srivathsa_Joshi%27s_Book_Release.jpg?utm_source=commons.wikimedia.org&utm_campaign=imageinfo&utm_content=thumbnail
portrait-photographs-of-men_088_File.jpg,Category:Portrait photographs of men,File:'זליג רבינוביץ.jpg,7yiddishpiel,CC BY-SA 4.0,https://commons.wikimedia.org/wiki/File%3A%27%D7%96%D7%9C%D7%99%D7%92_%D7%A8%D7%91%D7%99%D7%A0%D7%95%D7%91%D7%99%D7%A5.jpg,https://upload.wikimedia.org/wikipedia/commons/d/d0/%27%D7%96%D7%9C%D7%99%D7%92_%D7%A8%D7%91%D7%99%D7%A0%D7%95%D7%91%D7%99%D7%A5.jpg?utm_source=commons.wikimedia.org&utm_campaign=imageinfo&utm_content=thumbnail_unscaled
portrait-photographs-of-men_089_File_J_spaz_JOSEPH_REAVES.jpg,Category:Portrait photographs of men,File:( J spaz ) JOSEPH REAVES.jpg,Mustafa1019,CC BY-SA 4.0,https://commons.wikimedia.org/wiki/File%3A%28_J_spaz_%29_JOSEPH_REAVES.jpg,https://upload.wikimedia.org/wikipedia/commons/8/8a/%28_J_spaz_%29_JOSEPH_REAVES.jpg?utm_source=commons.wikimedia.org&utm_campaign=imageinfo&utm_content=thumbnail_unscaled
portrait-photographs-of-men_090_File_Aurelio_Mart_nez_El_cardenal_Ca_izares_y_el_p.jpg,Category:Portrait photographs of men,File:(Aurelio Martínez) El cardenal Cañizares y el presidente del puerto de Valencia agradecen la colaboración mutua (cropped) (cropped).jpg,Archidiócesis de Valencia (youtube),CC BY 3.0,https://commons.wikimedia.org/wiki/File%3A%28Aurelio_Mart%C3%ADnez%29_El_cardenal_Ca%C3%B1izares_y_el_presidente_del_puerto_de_Valencia_agradecen_la_colaboraci%C3%B3n_mutua_%28cropped%29_%28cropped%29.jpg,https://upload.wikimedia.org/wikipedia/commons/0/0b/%28Aurelio_Mart%C3%ADnez%29_El_cardenal_Ca%C3%B1izares_y_el_presidente_del_puerto_de_Valencia_agradecen_la_colaboraci%C3%B3n_mutua_%28cropped%29_%28cropped%29.jpg?utm_source=commons.wikimedia.org&utm_campaign=imageinfo&utm_content=thumbnail_unscaled
portrait-photographs-of-men_091_File_Aurelio_Mart_nez_El_cardenal_Ca_izares_y_el_p.jpg,Category:Portrait photographs of men,File:(Aurelio Martínez) El cardenal Cañizares y el presidente del puerto de Valencia agradecen la colaboración mutua (cropped).jpg,Archidiócesis de Valencia (youtube),CC BY 3.0,https://commons.wikimedia.org/wiki/File%3A%28Aurelio_Mart%C3%ADnez%29_El_cardenal_Ca%C3%B1izares_y_el_presidente_del_puerto_de_Valencia_agradecen_la_colaboraci%C3%B3n_mutua_%28cropped%29.jpg,https://upload.wikimedia.org/wikipedia/commons/8/8a/%28Aurelio_Mart%C3%ADnez%29_El_cardenal_Ca%C3%B1izares_y_el_presidente_del_puerto_de_Valencia_agradecen_la_colaboraci%C3%B3n_mutua_%28cropped%29.jpg?utm_source=commons.wikimedia.org&utm_campaign=imageinfo&utm_content=thumbnail_unscaled
portrait-photographs-of-men_092_File_Aurelio_Mart_nez_El_cardenal_Ca_izares_y_el_p.jpg,Category:Portrait photographs of men,File:(Aurelio Martínez) El cardenal Cañizares y el presidente del puerto de Valencia agradecen la colaboración mutua.jpg,Archidiócesis de Valencia (youtube),CC BY 3.0,https://commons.wikimedia.org/wiki/File%3A%28Aurelio_Mart%C3%ADnez%29_El_cardenal_Ca%C3%B1izares_y_el_presidente_del_puerto_de_Valencia_agradecen_la_colaboraci%C3%B3n_mutua.jpg,https://upload.wikimedia.org/wikipedia/commons/f/f7/%28Aurelio_Mart%C3%ADnez%29_El_cardenal_Ca%C3%B1izares_y_el_presidente_del_puerto_de_Valencia_agradecen_la_colaboraci%C3%B3n_mutua.jpg?utm_source=commons.wikimedia.org&utm_campaign=imageinfo&utm_content=thumbnail_unscaled
portrait-photographs-of-men_093_File_c_www_stefanjoham_com_2052.jpg,Category:Portrait photographs of men,File:(c) www.stefanjoham.com-2052.jpg,Stefan Joham,CC BY-SA 3.0 de,https://commons.wikimedia.org/wiki/File%3A%28c%29_www.stefanjoham.com-2052.jpg,https://thumb.wikimedia.org/wikipedia/commons/thumb/3/38/%28c%29_www.stefanjoham.com-2052.jpg/960px-%28c%29_www.stefanjoham.com-2052.jpg?utm_source=commons.wikimedia.org&utm_campaign=imageinfo&utm_content=thumbnail
portrait-photographs-of-men_094_File_ghab_hay_khali_m_harandi001028.jpg,Category:Portrait photographs of men,File:(ghab'hay khali) m. harandi001028.JPG,مرتضی احمدی هرندی,CC BY-SA 3.0,https://commons.wikimedia.org/wiki/File%3A%28ghab%27hay_khali%29_m._harandi001028.JPG,https://upload.wikimedia.org/wikipedia/commons/d/d3/%28ghab%27hay_khali%29_m._harandi001028.JPG?utm_source=commons.wikimedia.org&utm_campaign=imageinfo&utm_content=thumbnail_unscaled
portrait-photographs-of-men_095_File_Jean_Noel_Pancrazi_portrait_mars2026.jpg,Category:Portrait photographs of men,File:Jean-Noel Pancrazi portrait mars2026.png,Anne-Marie de Vaivre (AMV Cercle),CC BY 4.0,https://commons.wikimedia.org/wiki/File%3AJean-Noel_Pancrazi_portrait_mars2026.png,https://thumb.wikimedia.org/wikipedia/commons/thumb/2/29/Jean-Noel_Pancrazi_portrait_mars2026.png/960px-Jean-Noel_Pancrazi_portrait_mars2026.png?utm_source=commons.wikimedia.org&utm_campaign=imageinfo&utm_content=thumbnail
portrait-photographs-of-men_096_File_ZOK0i0KGk.jpg,Category:Portrait photographs of men,File:--ZOK0i0KGk.jpg,N1k1t0rych,CC BY-SA 4.0,https://commons.wikimedia.org/wiki/File%3A--ZOK0i0KGk.jpg,https://thumb.wikimedia.org/wikipedia/commons/thumb/0/0a/--ZOK0i0KGk.jpg/960px---ZOK0i0KGk.jpg?utm_source=commons.wikimedia.org&utm_campaign=imageinfo&utm_content=thumbnail
portrait-photographs-of-men_097_File.jpg,Category:Portrait photographs of men,File:--ליאל חיון.jpg,Lielhayon,CC BY-SA 4.0,https://commons.wikimedia.org/wiki/File%3A--%D7%9C%D7%99%D7%90%D7%9C_%D7%97%D7%99%D7%95%D7%9F.jpg,https://thumb.wikimedia.org/wikipedia/commons/thumb/f/f8/--%D7%9C%D7%99%D7%90%D7%9C_%D7%97%D7%99%D7%95%D7%9F.jpg/960px---%D7%9C%D7%99%D7%90%D7%9C_%D7%97%D7%99%D7%95%D7%9F.jpg?utm_source=commons.wikimedia.org&utm_campaign=imageinfo&utm_content=thumbnail
portrait-photographs-of-men_098_File_Man_in_Red_Sweater_MET_DP170673.jpg,Category:Portrait photographs of men,File:-Man in Red Sweater- MET DP170673.jpg,Alfred Stieglitz,Public domain,https://commons.wikimedia.org/wiki/File%3A-Man_in_Red_Sweater-_MET_DP170673.jpg,https://thumb.wikimedia.org/wikipedia/commons/thumb/3/39/-Man_in_Red_Sweater-_MET_DP170673.jpg/960px--Man_in_Red_Sweater-_MET_DP170673.jpg?utm_source=commons.wikimedia.org&utm_campaign=imageinfo&utm_content=thumbnail
portrait-photographs-of-men_099_File_1_e1533117694912.jpg,Category:Portrait photographs of men,File:-ΓΡΑΨΑΣ-ΦΩΤΟ-1-e1533117694912.jpg,Thanoskw,CC BY-SA 4.0,https://commons.wikimedia.org/wiki/File%3A-%CE%93%CE%A1%CE%91%CE%A8%CE%91%CE%A3-%CE%A6%CE%A9%CE%A4%CE%9F-1-e1533117694912.jpg,https://upload.wikimedia.org/wikipedia/commons/c/cc/-%CE%93%CE%A1%CE%91%CE%A8%CE%91%CE%A3-%CE%A6%CE%A9%CE%A4%CE%9F-1-e1533117694912.jpg?utm_source=commons.wikimedia.org&utm_campaign=imageinfo&utm_content=thumbnail_unscaled
portrait-photographs-of-men_100_File_00001.jpg,Category:Portrait photographs of men,File:00001 Михайло Барабаш.JPG,"Анастасія Шестопалова, донька",CC BY-SA 3.0,https://commons.wikimedia.org/wiki/File%3A00001_%D0%9C%D0%B8%D1%85%D0%B0%D0%B9%D0%BB%D0%BE_%D0%91%D0%B0%D1%80%D0%B0%D0%B1%D0%B0%D1%88.JPG,https://thumb.wikimedia.org/wikipedia/commons/thumb/3/35/00001_%D0%9C%D0%B8%D1%85%D0%B0%D0%B9%D0%BB%D0%BE_%D0%91%D0%B0%D1%80%D0%B0%D0%B1%D0%B0%D1%88.JPG/960px-00001_%D0%9C%D0%B8%D1%85%D0%B0%D0%B9%D0%BB%D0%BE_%D0%91%D0%B0%D1%80%D0%B0%D0%B1%D0%B0%D1%88.JPG?utm_source=commons.wikimedia.org&utm_campaign=imageinfo&utm_content=thumbnail
portrait-photographs-of-men_101_File_00100lPORTRAIT_00100_BURST20191019161412311_C.jpg,Category:Portrait photographs of men,File:00100lPORTRAIT 00100 BURST20191019161412311 COVER~2.jpg,Federico tarragoni,CC BY-SA 4.0,https://commons.wikimedia.org/wiki/File%3A00100lPORTRAIT_00100_BURST20191019161412311_COVER~2.jpg,https://thumb.wikimedia.org/wikipedia/commons/thumb/0/01/00100lPORTRAIT_00100_BURST20191019161412311_COVER~2.jpg/960px-00100lPORTRAIT_00100_BURST20191019161412311_COVER~2.jpg?utm_source=commons.wikimedia.org&utm_campaign=imageinfo&utm_content=thumbnail
portrait-photographs-of-men_102_File_001285_Rhind_Neil.jpg,Category:Portrait photographs of men,File:001285 Rhind Neil.jpg,Chapman1937,CC BY-SA 4.0,https://commons.wikimedia.org/wiki/File%3A001285_Rhind_Neil.jpg,https://upload.wikimedia.org/wikipedia/commons/c/cb/001285_Rhind_Neil.jpg?utm_source=commons.wikimedia.org&utm_campaign=imageinfo&utm_content=thumbnail_unscaled
portrait-photographs-of-men_103_File_0032_IMG_0282.jpg,Category:Portrait photographs of men,File:0032 IMG 0282.jpg,Malikiwulah123,CC BY-SA 4.0,https://commons.wikimedia.org/wiki/File%3A0032_IMG_0282.jpg,https://thumb.wikimedia.org/wikipedia/commons/thumb/e/e9/0032_IMG_0282.jpg/960px-0032_IMG_0282.jpg?utm_source=commons.wikimedia.org&utm_campaign=imageinfo&utm_content=thumbnail
portrait-photographs-of-men_104_File_00995b307bce4dd232b30f08fa789470_original_450.jpg,Category:Portrait photographs of men,File:00995b307bce4dd232b30f08fa789470 original.4503248.jpg,Azamat Kadyrov,CC BY-SA 4.0,https://commons.wikimedia.org/wiki/File%3A00995b307bce4dd232b30f08fa789470_original.4503248.jpg,https://thumb.wikimedia.org/wikipedia/commons/thumb/e/e7/00995b307bce4dd232b30f08fa789470_original.4503248.jpg/960px-00995b307bce4dd232b30f08fa789470_original.4503248.jpg?utm_source=commons.wikimedia.org&utm_campaign=imageinfo&utm_content=thumbnail
portrait-photographs-of-men_105_File_01_Paulo_Roberto_Pereira_2009.jpg,Category:Portrait photographs of men,File:01 - Paulo Roberto Pereira - 2009.jpg,Joaobatistasiqueira07,CC BY-SA 4.0,https://commons.wikimedia.org/wiki/File%3A01_-_Paulo_Roberto_Pereira_-_2009.jpg,https://upload.wikimedia.org/wikipedia/commons/5/5e/01_-_Paulo_Roberto_Pereira_-_2009.jpg?utm_source=commons.wikimedia.org&utm_campaign=imageinfo&utm_content=thumbnail_unscaled
portrait-photographs-of-men_106_File_01_FEDERICO_BARDAZZI.jpg,Category:Portrait photographs of men,File:01 FEDERICO BARDAZZI.jpg,Fedebar,CC BY-SA 4.0,https://commons.wikimedia.org/wiki/File%3A01_FEDERICO_BARDAZZI.jpg,https://thumb.wikimedia.org/wikipedia/commons/thumb/4/4a/01_FEDERICO_BARDAZZI.jpg/960px-01_FEDERICO_BARDAZZI.jpg?utm_source=commons.wikimedia.org&utm_campaign=imageinfo&utm_content=thumbnail
portrait-photographs-of-men_107_File_01.jpg,Category:Portrait photographs of men,File:01 ΛΑΖΑΡΟΣ ΣΠΥΡΙΔΗΣ .jpg,SOTIRIASPYRIDOY,CC BY-SA 4.0,https://commons.wikimedia.org/wiki/File%3A01_%CE%9B%CE%91%CE%96%CE%91%CE%A1%CE%9F%CE%A3_%CE%A3%CE%A0%CE%A5%CE%A1%CE%99%CE%94%CE%97%CE%A3_.jpg,https://thumb.wikimedia.org/wikipedia/commons/thumb/1/11/01_%CE%9B%CE%91%CE%96%CE%91%CE%A1%CE%9F%CE%A3_%CE%A3%CE%A0%CE%A5%CE%A1%CE%99%CE%94%CE%97%CE%A3_.jpg/960px-01_%CE%9B%CE%91%CE%96%CE%91%CE%A1%CE%9F%CE%A3_%CE%A3%CE%A0%CE%A5%CE%A1%CE%99%CE%94%CE%97%CE%A3_.jpg?utm_source=commons.wikimedia.org&utm_campaign=imageinfo&utm_content=thumbnail
portrait-photographs-of-men_108_File_010.jpg,Category:Portrait photographs of men,File:010 На сайт.jpg,Mishustaman,CC BY-SA 4.0,https://commons.wikimedia.org/wiki/File%3A010_%D0%9D%D0%B0_%D1%81%D0%B0%D0%B9%D1%82.jpg,https://thumb.wikimedia.org/wikipedia/commons/thumb/f/f1/010_%D0%9D%D0%B0_%D1%81%D0%B0%D0%B9%D1%82.jpg/960px-010_%D0%9D%D0%B0_%D1%81%D0%B0%D0%B9%D1%82.jpg?utm_source=commons.wikimedia.org&utm_campaign=imageinfo&utm_content=thumbnail
portrait-photographs-of-men_109_File_01AR700074_Edit.jpg,Category:Portrait photographs of men,File:01AR700074-Edit.jpg,Nellacphoto,CC BY 4.0,https://commons.wikimedia.org/wiki/File%3A01AR700074-Edit.jpg,https://thumb.wikimedia.org/wikipedia/commons/thumb/b/ba/01AR700074-Edit.jpg/960px-01AR700074-Edit.jpg?utm_source=commons.wikimedia.org&utm_campaign=imageinfo&utm_content=thumbnail
portrait-photographs-of-men_110_File_01P9113971.jpg,Category:Portrait photographs of men,File:01P9113971.jpg,Cinnamon1,CC BY-SA 4.0,https://commons.wikimedia.org/wiki/File%3A01P9113971.jpg,https://thumb.wikimedia.org/wikipedia/commons/thumb/3/38/01P9113971.jpg/960px-01P9113971.jpg?utm_source=commons.wikimedia.org&utm_campaign=imageinfo&utm_content=thumbnail
portrait-photographs-of-men_111_File_02_Paulo_Roberto_Pereira_2010.jpg,Category:Portrait photographs of men,File:02 - Paulo Roberto Pereira - 2010.jpg,Joaobatistasiqueira07,CC BY-SA 4.0,https://commons.wikimedia.org/wiki/File%3A02_-_Paulo_Roberto_Pereira_-_2010.jpg,https://upload.wikimedia.org/wikipedia/commons/b/bf/02_-_Paulo_Roberto_Pereira_-_2010.jpg?utm_source=commons.wikimedia.org&utm_campaign=imageinfo&utm_content=thumbnail_unscaled
portrait-photographs-of-men_112_File_022_3_Levitt_1861036915.jpg,Category:Portrait photographs of men,File:022 3 Levitt (1861036915).jpg,Alan Light,CC BY 2.0,https://commons.wikimedia.org/wiki/File%3A022_3_Levitt_%281861036915%29.jpg,https://thumb.wikimedia.org/wikipedia/commons/thumb/a/a7/022_3_Levitt_%281861036915%29.jpg/960px-022_3_Levitt_%281861036915%29.jpg?utm_source=commons.wikimedia.org&utm_campaign=imageinfo&utm_content=thumbnail
portrait-photographs-of-men_113_File_029_2_Levitt_1861040579.jpg,Category:Portrait photographs of men,File:029 2 Levitt (1861040579).jpg,Alan Light,CC BY 2.0,https://commons.wikimedia.org/wiki/File%3A029_2_Levitt_%281861040579%29.jpg,https://thumb.wikimedia.org/wikipedia/commons/thumb/c/c9/029_2_Levitt_%281861040579%29.jpg/960px-029_2_Levitt_%281861040579%29.jpg?utm_source=commons.wikimedia.org&utm_campaign=imageinfo&utm_content=thumbnail
portrait-photographs-of-men_114_File_03_Paulo_Roberto_Pereira_2015.jpg,Category:Portrait photographs of men,File:03 - Paulo Roberto Pereira 2015.jpg,Joaobatistasiqueira07,CC BY-SA 4.0,https://commons.wikimedia.org/wiki/File%3A03_-_Paulo_Roberto_Pereira_2015.jpg,https://thumb.wikimedia.org/wikipedia/commons/thumb/0/05/03_-_Paulo_Roberto_Pereira_2015.jpg/960px-03_-_Paulo_Roberto_Pereira_2015.jpg?utm_source=commons.wikimedia.org&utm_campaign=imageinfo&utm_content=thumbnail
portrait-photographs-of-men_115_File_03_Lothar_Roe_ler_1989.jpg,Category:Portrait photographs of men,File:03 Lothar Roeßler (1989).jpg,Egonist,CC BY-SA 4.0,https://commons.wikimedia.org/wiki/File%3A03_Lothar_Roe%C3%9Fler_%281989%29.jpg,https://upload.wikimedia.org/wikipedia/commons/a/a2/03_Lothar_Roe%C3%9Fler_%281989%29.jpg?utm_source=commons.wikimedia.org&utm_campaign=imageinfo&utm_content=thumbnail_unscaled
portrait-photographs-of-men_116_File_03_StefanoCorso_191221.jpg,Category:Portrait photographs of men,File:03 StefanoCorso 191221.jpg,Rinaciamp,CC BY-SA 4.0,https://commons.wikimedia.org/wiki/File%3A03_StefanoCorso_191221.jpg,https://thumb.wikimedia.org/wikipedia/commons/thumb/9/98/03_StefanoCorso_191221.jpg/960px-03_StefanoCorso_191221.jpg?utm_source=commons.wikimedia.org&utm_campaign=imageinfo&utm_content=thumbnail
portrait-photographs-of-men_117_File_035_darrenhull_BC3C5161.jpg,Category:Portrait photographs of men,File:035-darrenhull-BC3C5161.jpg,Kristyejean,CC BY-SA 4.0,https://commons.wikimedia.org/wiki/File%3A035-darrenhull-BC3C5161.jpg,https://thumb.wikimedia.org/wikipedia/commons/thumb/3/38/035-darrenhull-BC3C5161.jpg/960px-035-darrenhull-BC3C5161.jpg?utm_source=commons.wikimedia.org&utm_campaign=imageinfo&utm_content=thumbnail
portrait-photographs-of-men_118_File_04_Paulo_Roberto_Pereira_2016.jpg,Category:Portrait photographs of men,File:04 - Paulo Roberto Pereira - 2016 -.jpg,Joaobatistasiqueira07,CC BY-SA 4.0,https://commons.wikimedia.org/wiki/File%3A04_-_Paulo_Roberto_Pereira_-_2016_-.jpg,https://thumb.wikimedia.org/wikipedia/commons/thumb/3/3b/04_-_Paulo_Roberto_Pereira_-_2016_-.jpg/960px-04_-_Paulo_Roberto_Pereira_-_2016_-.jpg?utm_source=commons.wikimedia.org&utm_campaign=imageinfo&utm_content=thumbnail
portrait-photographs-of-men_119_File_04_Paulo_Roberto_Pereira_2016.jpg,Category:Portrait photographs of men,File:04 - Paulo Roberto Pereira - 2016.jpg,Joaobatistasiqueira07,CC BY-SA 4.0,https://commons.wikimedia.org/wiki/File%3A04_-_Paulo_Roberto_Pereira_-_2016.jpg,https://thumb.wikimedia.org/wikipedia/commons/thumb/1/1d/04_-_Paulo_Roberto_Pereira_-_2016.jpg/960px-04_-_Paulo_Roberto_Pereira_-_2016.jpg?utm_source=commons.wikimedia.org&utm_campaign=imageinfo&utm_content=thumbnail
portrait-photographs-of-men_120_File_04_t.jpg,Category:Portrait photographs of men,File:04 t.jpg,Kcrazy253,CC BY-SA 3.0,https://commons.wikimedia.org/wiki/File%3A04_t.jpg,https://upload.wikimedia.org/wikipedia/commons/8/8e/04_t.jpg?utm_source=commons.wikimedia.org&utm_campaign=imageinfo&utm_content=thumbnail_unscaled
portrait-photographs-of-men_121_File_048_1_Levitt_1861876378.jpg,Category:Portrait photographs of men,File:048 1 Levitt (1861876378).jpg,Alan Light,CC BY 2.0,https://commons.wikimedia.org/wiki/File%3A048_1_Levitt_%281861876378%29.jpg,https://thumb.wikimedia.org/wikipedia/commons/thumb/a/ac/048_1_Levitt_%281861876378%29.jpg/960px-048_1_Levitt_%281861876378%29.jpg?utm_source=commons.wikimedia.org&utm_campaign=imageinfo&utm_content=thumbnail
portrait-photographs-of-men_122_File_05_Paulo_Roberto_Pereira_2017.jpg,Category:Portrait photographs of men,File:05 - Paulo Roberto Pereira - 2017.jpg,Joaobatistasiqueira07,CC BY-SA 4.0,https://commons.wikimedia.org/wiki/File%3A05_-_Paulo_Roberto_Pereira_-_2017.jpg,https://thumb.wikimedia.org/wikipedia/commons/thumb/3/3b/05_-_Paulo_Roberto_Pereira_-_2017.jpg/960px-05_-_Paulo_Roberto_Pereira_-_2017.jpg?utm_source=commons.wikimedia.org&utm_campaign=imageinfo&utm_content=thumbnail
portrait-photographs-of-men_123_File_050_3_Levitt_1861051775.jpg,Category:Portrait photographs of men,File:050 3 Levitt (1861051775).jpg,Alan Light,CC BY 2.0,https://commons.wikimedia.org/wiki/File%3A050_3_Levitt_%281861051775%29.jpg,https://thumb.wikimedia.org/wikipedia/commons/thumb/d/d5/050_3_Levitt_%281861051775%29.jpg/960px-050_3_Levitt_%281861051775%29.jpg?utm_source=commons.wikimedia.org&utm_campaign=imageinfo&utm_content=thumbnail
portrait-photographs-of-men_124_File_07_Paulo_Roberto_Pereira_2017.jpg,Category:Portrait photographs of men,File:07 - Paulo Roberto Pereira - 2017.jpg,Joaobatistasiqueira07,CC BY-SA 4.0,https://commons.wikimedia.org/wiki/File%3A07_-_Paulo_Roberto_Pereira_-_2017.jpg,https://thumb.wikimedia.org/wikipedia/commons/thumb/e/e9/07_-_Paulo_Roberto_Pereira_-_2017.jpg/960px-07_-_Paulo_Roberto_Pereira_-_2017.jpg?utm_source=commons.wikimedia.org&utm_campaign=imageinfo&utm_content=thumbnail
portrait-photographs-of-men_125_File_07_Outils_r_seaux.jpg,Category:Portrait photographs of men,File:07 Outils réseaux.jpg,Briand,CC BY-SA 3.0,https://commons.wikimedia.org/wiki/File%3A07_Outils_r%C3%A9seaux.jpg,https://thumb.wikimedia.org/wikipedia/commons/thumb/a/a9/07_Outils_r%C3%A9seaux.jpg/960px-07_Outils_r%C3%A9seaux.jpg?utm_source=commons.wikimedia.org&utm_campaign=imageinfo&utm_content=thumbnail
portrait-photographs-of-men_126_File_07.jpg,Category:Portrait photographs of men,File:07 ΛΑΖΑΡΟΣ ΣΠΥΡΙΔΗΣ.jpg,SOTIRIASPYRIDOY,CC BY-SA 4.0,https://commons.wikimedia.org/wiki/File%3A07_%CE%9B%CE%91%CE%96%CE%91%CE%A1%CE%9F%CE%A3_%CE%A3%CE%A0%CE%A5%CE%A1%CE%99%CE%94%CE%97%CE%A3.jpg,https://thumb.wikimedia.org/wikipedia/commons/thumb/8/82/07_%CE%9B%CE%91%CE%96%CE%91%CE%A1%CE%9F%CE%A3_%CE%A3%CE%A0%CE%A5%CE%A1%CE%99%CE%94%CE%97%CE%A3.jpg/960px-07_%CE%9B%CE%91%CE%96%CE%91%CE%A1%CE%9F%CE%A3_%CE%A3%CE%A0%CE%A5%CE%A1%CE%99%CE%94%CE%97%CE%A3.jpg?utm_source=commons.wikimedia.org&utm_campaign=imageinfo&utm_content=thumbnail
portrait-photographs-of-men_127_File_07_susa_cenab.jpg,Category:Portrait photographs of men,File:07-susa-cenab.jpg,Samirakanan,CC BY-SA 4.0,https://commons.wikimedia.org/wiki/File%3A07-susa-cenab.jpg,https://thumb.wikimedia.org/wikipedia/commons/thumb/e/e4/07-susa-cenab.jpg/960px-07-susa-cenab.jpg?utm_source=commons.wikimedia.org&utm_campaign=imageinfo&utm_content=thumbnail
portrait-photographs-of-men_128_File_07092022_Adrian_Mili_evi.jpg,Category:Portrait photographs of men,File:07092022 Adrian Milićević.jpg,Xplvl,CC BY-SA 4.0,https://commons.wikimedia.org/wiki/File%3A07092022_Adrian_Mili%C4%87evi%C4%87.jpg,https://thumb.wikimedia.org/wikipedia/commons/thumb/4/49/07092022_Adrian_Mili%C4%87evi%C4%87.jpg/960px-07092022_Adrian_Mili%C4%87evi%C4%87.jpg?utm_source=commons.wikimedia.org&utm_campaign=imageinfo&utm_content=thumbnail
portrait-photographs-of-men_129_File_08_Paulo_Roberto_Pereira_2018.jpg,Category:Portrait photographs of men,File:08 - Paulo Roberto Pereira - 2018.jpg,Joaobatistasiqueira07,CC BY-SA 4.0,https://commons.wikimedia.org/wiki/File%3A08_-_Paulo_Roberto_Pereira_-_2018.jpg,https://thumb.wikimedia.org/wikipedia/commons/thumb/9/9e/08_-_Paulo_Roberto_Pereira_-_2018.jpg/960px-08_-_Paulo_Roberto_Pereira_-_2018.jpg?utm_source=commons.wikimedia.org&utm_campaign=imageinfo&utm_content=thumbnail
portrait-photographs-of-men_130_File_08_St_phane_Dupont_02_2019.jpg,Category:Portrait photographs of men,File:08 Stéphane Dupont 02-2019.jpg,LucVantu,CC BY-SA 4.0,https://commons.wikimedia.org/wiki/File%3A08_St%C3%A9phane_Dupont_02-2019.jpg,https://thumb.wikimedia.org/wikipedia/commons/thumb/7/7c/08_St%C3%A9phane_Dupont_02-2019.jpg/960px-08_St%C3%A9phane_Dupont_02-2019.jpg?utm_source=commons.wikimedia.org&utm_campaign=imageinfo&utm_content=thumbnail
portrait-photographs-of-men_131_File_081007_james_a_mckinstry.jpg,Category:Portrait photographs of men,File:081007 james a mckinstry.jpg,Zeuscgp,CC BY 3.0,https://commons.wikimedia.org/wiki/File%3A081007_james_a_mckinstry.jpg,https://upload.wikimedia.org/wikipedia/commons/0/0a/081007_james_a_mckinstry.jpg?utm_source=commons.wikimedia.org&utm_campaign=imageinfo&utm_content=thumbnail_unscaled
portrait-photographs-of-men_132_File_0857_jacques_desmet_scrije_walon_dins_l_lingu.jpg,Category:Portrait photographs of men,"File:0857 jacques desmet, scrijeû walon dins l' linguadje dë sès pârints à Mélin-Djodogne..jpg",Maujeni,CC BY-SA 3.0,https://commons.wikimedia.org/wiki/File%3A0857_jacques_desmet%2C_scrije%C3%BB_walon_dins_l%27_linguadje_d%C3%AB_s%C3%A8s_p%C3%A2rints_%C3%A0_M%C3%A9lin-Djodogne..jpg,https://upload.wikimedia.org/wikipedia/commons/4/42/0857_jacques_desmet%2C_scrije%C3%BB_walon_dins_l%27_linguadje_d%C3%AB_s%C3%A8s_p%C3%A2rints_%C3%A0_M%C3%A9lin-Djodogne..jpg?utm_source=commons.wikimedia.org&utm_campaign=imageinfo&utm_content=thumbnail_unscaled
portrait-photographs-of-men_133_File_09_1325_joseph_cropped.jpg,Category:Portrait photographs of men,File:09-1325-joseph (cropped).jpg,Reagle,CC BY-SA 4.0,https://commons.wikimedia.org/wiki/File%3A09-1325-joseph_%28cropped%29.jpg,https://thumb.wikimedia.org/wikipedia/commons/thumb/9/96/09-1325-joseph_%28cropped%29.jpg/960px-09-1325-joseph_%28cropped%29.jpg?utm_source=commons.wikimedia.org&utm_campaign=imageinfo&utm_content=thumbnail
portrait-photographs-of-men_134_File_09_1325_joseph.jpg,Category:Portrait photographs of men,File:09-1325-joseph.jpg,Reagle,CC BY-SA 4.0,https://commons.wikimedia.org/wiki/File%3A09-1325-joseph.jpg,https://thumb.wikimedia.org/wikipedia/commons/thumb/4/49/09-1325-joseph.jpg/960px-09-1325-joseph.jpg?utm_source=commons.wikimedia.org&utm_campaign=imageinfo&utm_content=thumbnail
portrait-photographs-of-men_135_File_0D6A8876.jpg,Category:Portrait photographs of men,File:0D6A8876.jpg,MelisovskyA,CC BY-SA 4.0,https://commons.wikimedia.org/wiki/File%3A0D6A8876.jpg,https://thumb.wikimedia.org/wikipedia/commons/thumb/8/82/0D6A8876.jpg/960px-0D6A8876.jpg?utm_source=commons.wikimedia.org&utm_campaign=imageinfo&utm_content=thumbnail
portrait-photographs-of-men_136_File_0EDJ0107.jpg,Category:Portrait photographs of men,File:0EDJ0107.jpg,Eveance,CC BY-SA 4.0,https://commons.wikimedia.org/wiki/File%3A0EDJ0107.jpg,https://thumb.wikimedia.org/wikipedia/commons/thumb/e/e4/0EDJ0107.jpg/960px-0EDJ0107.jpg?utm_source=commons.wikimedia.org&utm_campaign=imageinfo&utm_content=thumbnail
portrait-photographs-of-men_137_File_0nMwE7tNZRQ.jpg,Category:Portrait photographs of men,File:0nMwE7tNZRQ.jpg,Виктор Старинов,CC BY-SA 4.0,https://commons.wikimedia.org/wiki/File%3A0nMwE7tNZRQ.jpg,https://thumb.wikimedia.org/wikipedia/commons/thumb/d/d1/0nMwE7tNZRQ.jpg/960px-0nMwE7tNZRQ.jpg?utm_source=commons.wikimedia.org&utm_campaign=imageinfo&utm_content=thumbnail
portrait-photographs-of-men_138_File_0P0A5594.jpg,Category:Portrait photographs of men,File:0P0A5594.jpg,Div4ynkaZipy,CC BY-SA 4.0,https://commons.wikimedia.org/wiki/File%3A0P0A5594.jpg,https://thumb.wikimedia.org/wikipedia/commons/thumb/8/83/0P0A5594.jpg/960px-0P0A5594.jpg?utm_source=commons.wikimedia.org&utm_campaign=imageinfo&utm_content=thumbnail
portrait-photographs-of-men_139_File_0x217263F5C51D505AC1BCA8A3E57527A4.jpg,Category:Portrait photographs of men,File:0x217263F5C51D505AC1BCA8A3E57527A4.jpg,john madare,CC BY-SA 4.0,https://commons.wikimedia.org/wiki/File%3A0x217263F5C51D505AC1BCA8A3E57527A4.jpg,https://upload.wikimedia.org/wikipedia/commons/7/74/0x217263F5C51D505AC1BCA8A3E57527A4.jpg?utm_source=commons.wikimedia.org&utm_campaign=imageinfo&utm_content=thumbnail_unscaled
portrait-photographs-of-men_140_File_0y0LH21_400x400.jpg,Category:Portrait photographs of men,File:0y0LH21 400x400.jpg,Erichgarciacruz,CC BY-SA 4.0,https://commons.wikimedia.org/wiki/File%3A0y0LH21_400x400.jpg,https://upload.wikimedia.org/wikipedia/commons/f/f1/0y0LH21_400x400.jpg?utm_source=commons.wikimedia.org&utm_campaign=imageinfo&utm_content=thumbnail_unscaled
portrait-photographs-of-men_141_File_1_chan_sek_keong_2012.jpg,Category:Portrait photographs of men,File:1 chan sek keong 2012.jpg,Chensiyuan,CC BY-SA 4.0,https://commons.wikimedia.org/wiki/File%3A1_chan_sek_keong_2012.jpg,https://thumb.wikimedia.org/wikipedia/commons/thumb/a/a1/1_chan_sek_keong_2012.jpg/960px-1_chan_sek_keong_2012.jpg?utm_source=commons.wikimedia.org&utm_campaign=imageinfo&utm_content=thumbnail
portrait-photographs-of-men_142_File_1_IMG_4246.jpg,Category:Portrait photographs of men,File:1 IMG 4246.jpg,Агафонов В.Т.,CC BY-SA 4.0,https://commons.wikimedia.org/wiki/File%3A1_IMG_4246.jpg,https://thumb.wikimedia.org/wikipedia/commons/thumb/0/02/1_IMG_4246.jpg/960px-1_IMG_4246.jpg?utm_source=commons.wikimedia.org&utm_campaign=imageinfo&utm_content=thumbnail
portrait-photographs-of-men_143_File_1.jpg,Category:Portrait photographs of men,File:1 سید احمد علم الهدی.jpg,Nima Najafzadeh,CC BY 4.0,https://commons.wikimedia.org/wiki/File%3A1_%D8%B3%DB%8C%D8%AF_%D8%A7%D8%AD%D9%85%D8%AF_%D8%B9%D9%84%D9%85_%D8%A7%D9%84%D9%87%D8%AF%DB%8C.jpg,https://upload.wikimedia.org/wikipedia/commons/b/b9/1_%D8%B3%DB%8C%D8%AF_%D8%A7%D8%AD%D9%85%D8%AF_%D8%B9%D9%84%D9%85_%D8%A7%D9%84%D9%87%D8%AF%DB%8C.jpg?utm_source=commons.wikimedia.org&utm_campaign=imageinfo&utm_content=thumbnail_unscaled
portrait-photographs-of-men_144_File_1_YSCho.jpg,Category:Portrait photographs of men,File:1 대표사진-YSCho.jpg,Sukcho,CC BY-SA 4.0,https://commons.wikimedia.org/wiki/File%3A1_%EB%8C%80%ED%91%9C%EC%82%AC%EC%A7%84-YSCho.jpg,https://upload.wikimedia.org/wikipedia/commons/e/e8/1_%EB%8C%80%ED%91%9C%EC%82%AC%EC%A7%84-YSCho.jpg?utm_source=commons.wikimedia.org&utm_campaign=imageinfo&utm_content=thumbnail_unscaled
portrait-photographs-of-men_145_File_1_John_Greening_high_res_photographer_Adrian.jpg,Category:Portrait photographs of men,File:1. John Greening high res (photographer Adrian Bullers).jpg,Retching Swallows,CC BY-SA 4.0,https://commons.wikimedia.org/wiki/File%3A1._John_Greening_high_res_%28photographer_Adrian_Bullers%29.jpg,https://thumb.wikimedia.org/wikipedia/commons/thumb/7/79/1._John_Greening_high_res_%28photographer_Adrian_Bullers%29.jpg/960px-1._John_Greening_high_res_%28photographer_Adrian_Bullers%29.jpg?utm_source=commons.wikimedia.org&utm_campaign=imageinfo&utm_content=thumbnail
portrait-photographs-of-men_146_File_1_Jonas_Dahl_sanger_og_sangskriver_i_bandet_S.jpg,Category:Portrait photographs of men,"File:1.Jonas Dahl, sanger og sangskriver i bandet Sonja Hald. (farve).jpg",Bertilstar,CC BY-SA 4.0,https://commons.wikimedia.org/wiki/File%3A1.Jonas_Dahl%2C_sanger_og_sangskriver_i_bandet_Sonja_Hald._%28farve%29.jpg,https://thumb.wikimedia.org/wikipedia/commons/thumb/2/25/1.Jonas_Dahl%2C_sanger_og_sangskriver_i_bandet_Sonja_Hald._%28farve%29.jpg/960px-1.Jonas_Dahl%2C_sanger_og_sangskriver_i_bandet_Sonja_Hald._%28farve%29.jpg?utm_source=commons.wikimedia.org&utm_campaign=imageinfo&utm_content=thumbnail
portrait-photographs-of-men_147_File_10803951680_IMG_5205.jpg,Category:Portrait photographs of men,File:10803951680 IMG 5205.jpg,Houtro,CC BY-SA 4.0,https://commons.wikimedia.org/wiki/File%3A10803951680_IMG_5205.jpg,https://thumb.wikimedia.org/wikipedia/commons/thumb/d/df/10803951680_IMG_5205.jpg/960px-10803951680_IMG_5205.jpg?utm_source=commons.wikimedia.org&utm_campaign=imageinfo&utm_content=thumbnail
portrait-photographs-of-men_148_File_11819_Rahmatullah_Tuhin.jpg,Category:Portrait photographs of men,File:11819 Rahmatullah Tuhin.jpg,Hasan 6914,CC BY-SA 4.0,https://commons.wikimedia.org/wiki/File%3A11819_Rahmatullah_Tuhin.jpg,https://thumb.wikimedia.org/wikipedia/commons/thumb/2/2c/11819_Rahmatullah_Tuhin.jpg/960px-11819_Rahmatullah_Tuhin.jpg?utm_source=commons.wikimedia.org&utm_campaign=imageinfo&utm_content=thumbnail
portrait-photographs-of-men_149_File_12_10x15.jpg,Category:Portrait photographs of men,File:12-10x15.jpg,Pidpilnyk,CC BY-SA 4.0,https://commons.wikimedia.org/wiki/File%3A12-10x15.jpg,https://thumb.wikimedia.org/wikipedia/commons/thumb/f/fe/12-10x15.jpg/960px-12-10x15.jpg?utm_source=commons.wikimedia.org&utm_campaign=imageinfo&utm_content=thumbnail
portrait-photographs-of-men_150_File_12_Drs_Anwar_Suprijadi_MSc.jpg,Category:Portrait photographs of men,File:12. Drs Anwar Suprijadi MSc.jpg,Kementerian Pendayagunaan Aparatur Negara Dan Reformasi Birokrasi Republik Indonesia,Public domain,https://commons.wikimedia.org/wiki/File%3A12._Drs_Anwar_Suprijadi_MSc.jpg,https://upload.wikimedia.org/wikipedia/commons/c/c8/12._Drs_Anwar_Suprijadi_MSc.jpg?utm_source=commons.wikimedia.org&utm_campaign=imageinfo&utm_content=thumbnail_unscaled
portrait-photographs-of-men_151_File_13_08_Rupli_Holzverband_0056.jpg,Category:Portrait photographs of men,File:13 08 Rupli Holzverband 0056.jpg,Holzbau Schweiz,CC BY-SA 4.0,https://commons.wikimedia.org/wiki/File%3A13_08_Rupli_Holzverband_0056.jpg,https://thumb.wikimedia.org/wikipedia/commons/thumb/5/50/13_08_Rupli_Holzverband_0056.jpg/960px-13_08_Rupli_Holzverband_0056.jpg?utm_source=commons.wikimedia.org&utm_campaign=imageinfo&utm_content=thumbnail
portrait-photographs-of-men_152_File_13_Damaro.jpg,Category:Portrait photographs of men,File:13 Damaro.jpg,Daniel Saa TOLNO,CC BY-SA 4.0,https://commons.wikimedia.org/wiki/File%3A13_Damaro.jpg,https://upload.wikimedia.org/wikipedia/commons/d/d5/13_Damaro.jpg?utm_source=commons.wikimedia.org&utm_campaign=imageinfo&utm_content=thumbnail_unscaled
portrait-photographs-of-men_153_File_13_04_16_joaonunesdeabreu.jpg,Category:Portrait photographs of men,File:13-04-16 - joaonunesdeabreu.jpg,Nunesdea,CC BY-SA 4.0,https://commons.wikimedia.org/wiki/File%3A13-04-16_-_joaonunesdeabreu.jpg,https://upload.wikimedia.org/wikipedia/commons/c/c2/13-04-16_-_joaonunesdeabreu.jpg?utm_source=commons.wikimedia.org&utm_campaign=imageinfo&utm_content=thumbnail_unscaled
portrait-photographs-of-men_154_File_1304123_peterbaxterslamdance_519832.jpg,Category:Portrait photographs of men,File:1304123 peterbaxterslamdance 519832.jpg,Born1995,CC BY-SA 4.0,https://commons.wikimedia.org/wiki/File%3A1304123_peterbaxterslamdance_519832.jpg,https://upload.wikimedia.org/wikipedia/commons/3/33/1304123_peterbaxterslamdance_519832.jpg?utm_source=commons.wikimedia.org&utm_campaign=imageinfo&utm_content=thumbnail_unscaled
portrait-photographs-of-men_155_File_130424_mbeyer_clausen_1827.jpg,Category:Portrait photographs of men,File:130424.mbeyer-clausen.1827.jpg,Todd France,CC BY-SA 4.0,https://commons.wikimedia.org/wiki/File%3A130424.mbeyer-clausen.1827.jpg,https://thumb.wikimedia.org/wikipedia/commons/thumb/2/29/130424.mbeyer-clausen.1827.jpg/960px-130424.mbeyer-clausen.1827.jpg?utm_source=commons.wikimedia.org&utm_campaign=imageinfo&utm_content=thumbnail
portrait-photographs-of-men_156_File_135349_LUONG_X_VIET_400.jpg,Category:Portrait photographs of men,File:135349-LUONG X VIET-400.gif,Kexanha,CC BY-SA 4.0,https://commons.wikimedia.org/wiki/File%3A135349-LUONG_X_VIET-400.gif,https://upload.wikimedia.org/wikipedia/commons/f/f9/135349-LUONG_X_VIET-400.gif?utm_source=commons.wikimedia.org&utm_campaign=imageinfo&utm_content=thumbnail_unscaled
portrait-photographs-of-men_157_File_135A9739.jpg,Category:Portrait photographs of men,File:135A9739.jpg,Oduver,CC BY-SA 4.0,https://commons.wikimedia.org/wiki/File%3A135A9739.jpg,https://thumb.wikimedia.org/wikipedia/commons/thumb/f/f5/135A9739.jpg/960px-135A9739.jpg?utm_source=commons.wikimedia.org&utm_campaign=imageinfo&utm_content=thumbnail
portrait-photographs-of-men_158_File_1397101510363452316298994_o9nd12045t0j3ql371e.jpg,Category:Portrait photographs of men,File:1397101510363452316298994-o9nd12045t0j3ql371e2z9l1y4muvpuj5d1nej38r0.jpg,مهرداد حسین زاده,CC BY-SA 4.0,https://commons.wikimedia.org/wiki/File%3A1397101510363452316298994-o9nd12045t0j3ql371e2z9l1y4muvpuj5d1nej38r0.jpg,https://upload.wikimedia.org/wikipedia/commons/4/43/1397101510363452316298994-o9nd12045t0j3ql371e2z9l1y4muvpuj5d1nej38r0.jpg?utm_source=commons.wikimedia.org&utm_campaign=imageinfo&utm_content=thumbnail_unscaled
portrait-photographs-of-men_159_File_140128_D_BW835_504_12191133205.jpg,Category:Portrait photographs of men,File:140128-D-BW835-504 (12191133205).jpg,OSD Deputy Secretary of Defense,Public domain,https://commons.wikimedia.org/wiki/File%3A140128-D-BW835-504_%2812191133205%29.jpg,https://thumb.wikimedia.org/wikipedia/commons/thumb/9/96/140128-D-BW835-504_%2812191133205%29.jpg/960px-140128-D-BW835-504_%2812191133205%29.jpg?utm_source=commons.wikimedia.org&utm_campaign=imageinfo&utm_content=thumbnail
portrait-photographs_160_File_A_bass_guitar_player_in_nature_Iranian_bassis.jpg,Category:Portrait photographs,"File:""A bass guitar player in nature - Iranian bassist - Performer Aydin Karbalaei- Photographer Mostafa Meraji ـ Alamut Mountains in Iran"" 03.jpg",Mostafameraji,CC BY-SA 4.0,https://commons.wikimedia.org/wiki/File%3A%22A_bass_guitar_player_in_nature_-_Iranian_bassist_-_Performer_Aydin_Karbalaei-_Photographer_Mostafa_Meraji_%D9%80_Alamut_Mountains_in_Iran%22_03.jpg,https://thumb.wikimedia.org/wikipedia/commons/thumb/4/46/%22A_bass_guitar_player_in_nature_-_Iranian_bassist_-_Performer_Aydin_Karbalaei-_Photographer_Mostafa_Meraji_%D9%80_Alamut_Mountains_in_Iran%22_03.jpg/960px-%22A_bass_guitar_player_in_nature_-_Iranian_bassist_-_Performer_Aydin_Karbalaei-_Photographer_Mostafa_Meraji_%D9%80_Alamut_Mountains_in_Iran%22_03.jpg?utm_source=commons.wikimedia.org&utm_campaign=imageinfo&utm_content=thumbnail
portrait-photographs_161_File_A_bass_guitar_player_in_nature_Iranian_bassis.jpg,Category:Portrait photographs,"File:""A bass guitar player in nature - Iranian bassist - Performer Aydin Karbalaei- Photographer Mostafa Meraji ـ Alamut Mountains in Iran"" 19.jpg",Mostafameraji,CC BY-SA 4.0,https://commons.wikimedia.org/wiki/File%3A%22A_bass_guitar_player_in_nature_-_Iranian_bassist_-_Performer_Aydin_Karbalaei-_Photographer_Mostafa_Meraji_%D9%80_Alamut_Mountains_in_Iran%22_19.jpg,https://thumb.wikimedia.org/wikipedia/commons/thumb/e/ed/%22A_bass_guitar_player_in_nature_-_Iranian_bassist_-_Performer_Aydin_Karbalaei-_Photographer_Mostafa_Meraji_%D9%80_Alamut_Mountains_in_Iran%22_19.jpg/960px-%22A_bass_guitar_player_in_nature_-_Iranian_bassist_-_Performer_Aydin_Karbalaei-_Photographer_Mostafa_Meraji_%D9%80_Alamut_Mountains_in_Iran%22_19.jpg?utm_source=commons.wikimedia.org&utm_campaign=imageinfo&utm_content=thumbnail
portrait-photographs_162_File_A_bass_guitar_player_in_nature_Iranian_bassis.jpg,Category:Portrait photographs,"File:""A bass guitar player in nature - Iranian bassist - Performer Aydin Karbalaei- Photographer Mostafa Meraji ـ Alamut Mountains in Iran"" 21.jpg",Mostafameraji,CC BY-SA 4.0,https://commons.wikimedia.org/wiki/File%3A%22A_bass_guitar_player_in_nature_-_Iranian_bassist_-_Performer_Aydin_Karbalaei-_Photographer_Mostafa_Meraji_%D9%80_Alamut_Mountains_in_Iran%22_21.jpg,https://thumb.wikimedia.org/wikipedia/commons/thumb/0/0a/%22A_bass_guitar_player_in_nature_-_Iranian_bassist_-_Performer_Aydin_Karbalaei-_Photographer_Mostafa_Meraji_%D9%80_Alamut_Mountains_in_Iran%22_21.jpg/960px-%22A_bass_guitar_player_in_nature_-_Iranian_bassist_-_Performer_Aydin_Karbalaei-_Photographer_Mostafa_Meraji_%D9%80_Alamut_Mountains_in_Iran%22_21.jpg?utm_source=commons.wikimedia.org&utm_campaign=imageinfo&utm_content=thumbnail
portrait-photographs_163_File_A_lead_electronic_guitar_player_in_the_Irania.jpg,Category:Portrait photographs,"File:""A lead electronic guitar player in the Iranian band Mortaz- Artist Amirmahdi Tavakol"" 24.jpg",Mostafameraji,CC BY-SA 4.0,https://commons.wikimedia.org/wiki/File%3A%22A_lead_electronic_guitar_player_in_the_Iranian_band_Mortaz-_Artist_Amirmahdi_Tavakol%22_24.jpg,https://thumb.wikimedia.org/wikipedia/commons/thumb/d/d6/%22A_lead_electronic_guitar_player_in_the_Iranian_band_Mortaz-_Artist_Amirmahdi_Tavakol%22_24.jpg/960px-%22A_lead_electronic_guitar_player_in_the_Iranian_band_Mortaz-_Artist_Amirmahdi_Tavakol%22_24.jpg?utm_source=commons.wikimedia.org&utm_campaign=imageinfo&utm_content=thumbnail
portrait-photographs_164_File_A_lead_electronic_guitar_player_in_the_Irania.jpg,Category:Portrait photographs,"File:""A lead electronic guitar player in the Iranian band Mortaz- Artist Amirmahdi Tavakol"" 35.jpg",Mostafameraji,CC BY-SA 4.0,https://commons.wikimedia.org/wiki/File%3A%22A_lead_electronic_guitar_player_in_the_Iranian_band_Mortaz-_Artist_Amirmahdi_Tavakol%22_35.jpg,https://thumb.wikimedia.org/wikipedia/commons/thumb/5/56/%22A_lead_electronic_guitar_player_in_the_Iranian_band_Mortaz-_Artist_Amirmahdi_Tavakol%22_35.jpg/960px-%22A_lead_electronic_guitar_player_in_the_Iranian_band_Mortaz-_Artist_Amirmahdi_Tavakol%22_35.jpg?utm_source=commons.wikimedia.org&utm_campaign=imageinfo&utm_content=thumbnail
portrait-photographs_165_File_A_young_Iranian_man_with_long_hair_01.jpg,Category:Portrait photographs,"File:""A young Iranian man with long hair"" 01.jpg",Mostafameraji,CC BY-SA 4.0,https://commons.wikimedia.org/wiki/File%3A%22A_young_Iranian_man_with_long_hair%22_01.jpg,https://thumb.wikimedia.org/wikipedia/commons/thumb/7/76/%22A_young_Iranian_man_with_long_hair%22_01.jpg/960px-%22A_young_Iranian_man_with_long_hair%22_01.jpg?utm_source=commons.wikimedia.org&utm_campaign=imageinfo&utm_content=thumbnail
portrait-photographs_166_File_Dreaming_Heidi_HK7155_10001.jpg,Category:Portrait photographs,"File:""Dreaming Heidi"" (HK7155-10001).tif",Kuvasiskot,CC BY 4.0,https://commons.wikimedia.org/wiki/File%3A%22Dreaming_Heidi%22_%28HK7155-10001%29.tif,https://thumb.wikimedia.org/wikipedia/commons/thumb/9/9e/%22Dreaming_Heidi%22_%28HK7155-10001%29.tif/lossy-page1-960px-%22Dreaming_Heidi%22_%28HK7155-10001%29.tif.jpg?utm_source=commons.wikimedia.org&utm_campaign=imageinfo&utm_content=thumbnail
portrait-photographs_167_File_Mikko_merell_HK7155_10003.jpg,Category:Portrait photographs,"File:""Mikko merellä"" (HK7155-10003).tif",Kuvasiskot,CC BY 4.0,https://commons.wikimedia.org/wiki/File%3A%22Mikko_merell%C3%A4%22_%28HK7155-10003%29.tif,https://thumb.wikimedia.org/wikipedia/commons/thumb/e/e1/%22Mikko_merell%C3%A4%22_%28HK7155-10003%29.tif/lossy-page1-960px-%22Mikko_merell%C3%A4%22_%28HK7155-10003%29.tif.jpg?utm_source=commons.wikimedia.org&utm_campaign=imageinfo&utm_content=thumbnail
portrait-photographs_168_File_Poika_aurinkoiselta_kujalta_Jukka_Marjala_196.jpg,Category:Portrait photographs,"File:""Poika aurinkoiselta kujalta"", Jukka Marjala 1967 (HK7155-325-67).tif",Kuvasiskot,CC BY 4.0,https://commons.wikimedia.org/wiki/File%3A%22Poika_aurinkoiselta_kujalta%22%2C_Jukka_Marjala_1967_%28HK7155-325-67%29.tif,https://thumb.wikimedia.org/wikipedia/commons/thumb/1/13/%22Poika_aurinkoiselta_kujalta%22%2C_Jukka_Marjala_1967_%28HK7155-325-67%29.tif/lossy-page1-960px-%22Poika_aurinkoiselta_kujalta%22%2C_Jukka_Marjala_1967_%28HK7155-325-67%29.tif.jpg?utm_source=commons.wikimedia.org&utm_campaign=imageinfo&utm_content=thumbnail
portrait-photographs_169_File_Ristituli_Crossfire_abiturientti_Christina_Ba.jpg,Category:Portrait photographs,"File:""Ristituli"", ""Crossfire"", abiturientti Christina Bade (HK7155-723-70).tif",Kuvasiskot,CC BY 4.0,https://commons.wikimedia.org/wiki/File%3A%22Ristituli%22%2C_%22Crossfire%22%2C_abiturientti_Christina_Bade_%28HK7155-723-70%29.tif,https://thumb.wikimedia.org/wikipedia/commons/thumb/1/1f/%22Ristituli%22%2C_%22Crossfire%22%2C_abiturientti_Christina_Bade_%28HK7155-723-70%29.tif/lossy-page1-960px-%22Ristituli%22%2C_%22Crossfire%22%2C_abiturientti_Christina_Bade_%28HK7155-723-70%29.tif.jpg?utm_source=commons.wikimedia.org&utm_campaign=imageinfo&utm_content=thumbnail
portrait-photographs_170_File_Silhouette_image_of_a_young_Iranian_man_07.jpg,Category:Portrait photographs,"File:""Silhouette image of a young Iranian man"" 07.jpg",Mostafameraji,CC BY-SA 4.0,https://commons.wikimedia.org/wiki/File%3A%22Silhouette_image_of_a_young_Iranian_man%22_07.jpg,https://thumb.wikimedia.org/wikipedia/commons/thumb/7/78/%22Silhouette_image_of_a_young_Iranian_man%22_07.jpg/960px-%22Silhouette_image_of_a_young_Iranian_man%22_07.jpg?utm_source=commons.wikimedia.org&utm_campaign=imageinfo&utm_content=thumbnail
portrait-photographs_171_File_The_Gobblin_Child_HK7155_10002_1.jpg,Category:Portrait photographs,"File:""The Gobblin Child"" (HK7155-10002-1).tif",Kuvasiskot,CC BY 4.0,https://commons.wikimedia.org/wiki/File%3A%22The_Gobblin_Child%22_%28HK7155-10002-1%29.tif,https://thumb.wikimedia.org/wikipedia/commons/thumb/2/2e/%22The_Gobblin_Child%22_%28HK7155-10002-1%29.tif/lossy-page1-960px-%22The_Gobblin_Child%22_%28HK7155-10002-1%29.tif.jpg?utm_source=commons.wikimedia.org&utm_campaign=imageinfo&utm_content=thumbnail
portrait-photographs_172_File_The_Gobblin_Child_HK7155_10002_2.jpg,Category:Portrait photographs,"File:""The Gobblin Child"" (HK7155-10002-2).tif",Kuvasiskot,CC BY 4.0,https://commons.wikimedia.org/wiki/File%3A%22The_Gobblin_Child%22_%28HK7155-10002-2%29.tif,https://thumb.wikimedia.org/wikipedia/commons/thumb/f/f1/%22The_Gobblin_Child%22_%28HK7155-10002-2%29.tif/lossy-page1-960px-%22The_Gobblin_Child%22_%28HK7155-10002-2%29.tif.jpg?utm_source=commons.wikimedia.org&utm_campaign=imageinfo&utm_content=thumbnail
portrait-photographs_173_File_The_son_of_Lapland_1970_HK7155_10069.jpg,Category:Portrait photographs,"File:""The son of Lapland"" 1970 (HK7155-10069).tif",Kuvasiskot,CC BY 4.0,https://commons.wikimedia.org/wiki/File%3A%22The_son_of_Lapland%22_1970_%28HK7155-10069%29.tif,https://thumb.wikimedia.org/wikipedia/commons/thumb/4/44/%22The_son_of_Lapland%22_1970_%28HK7155-10069%29.tif/lossy-page1-960px-%22The_son_of_Lapland%22_1970_%28HK7155-10069%29.tif.jpg?utm_source=commons.wikimedia.org&utm_campaign=imageinfo&utm_content=thumbnail
portrait-photographs_174_File_Touch_by_Gavin_Evans_2009.jpg,Category:Portrait photographs,"File:'Touch' by Gavin Evans, 2009.jpg",Redeytraveler,CC BY 4.0,https://commons.wikimedia.org/wiki/File%3A%27Touch%27_by_Gavin_Evans%2C_2009.jpg,https://thumb.wikimedia.org/wikipedia/commons/thumb/1/14/%27Touch%27_by_Gavin_Evans%2C_2009.jpg/960px-%27Touch%27_by_Gavin_Evans%2C_2009.jpg?utm_source=commons.wikimedia.org&utm_campaign=imageinfo&utm_content=thumbnail
portrait-photographs_175_File_A_young_electronic_guitar_player_playing_in_n.jpg,Category:Portrait photographs,File:* A young electronic guitar player playing in nature * 07.jpg,Mostafameraji,CC BY 4.0,https://commons.wikimedia.org/wiki/File%3A%2A_A_young_electronic_guitar_player_playing_in_nature_%2A_07.jpg,https://thumb.wikimedia.org/wikipedia/commons/thumb/b/bc/%2A_A_young_electronic_guitar_player_playing_in_nature_%2A_07.jpg/960px-%2A_A_young_electronic_guitar_player_playing_in_nature_%2A_07.jpg?utm_source=commons.wikimedia.org&utm_campaign=imageinfo&utm_content=thumbnail
portrait-photographs_176_File_16001000424095_Scharinska_villan_Riksantikvar.jpg,Category:Portrait photographs,File:16001000424095-Scharinska villan-Riksantikvarieämbetet.jpg,Pål-Nils Nilsson,CC BY 3.0,https://commons.wikimedia.org/wiki/File%3A16001000424095-Scharinska_villan-Riksantikvarie%C3%A4mbetet.jpg,https://upload.wikimedia.org/wikipedia/commons/3/39/16001000424095-Scharinska_villan-Riksantikvarie%C3%A4mbetet.jpg?utm_source=commons.wikimedia.org&utm_campaign=imageinfo&utm_content=thumbnail_unscaled
portrait-photographs_177_File_16001000424157_Sj_botten_Riksantikvarie_mbete.jpg,Category:Portrait photographs,File:16001000424157-Sjöbotten-Riksantikvarieämbetet.jpg,Pål-Nils Nilsson,CC BY 3.0,https://commons.wikimedia.org/wiki/File%3A16001000424157-Sj%C3%B6botten-Riksantikvarie%C3%A4mbetet.jpg,https://upload.wikimedia.org/wikipedia/commons/1/18/16001000424157-Sj%C3%B6botten-Riksantikvarie%C3%A4mbetet.jpg?utm_source=commons.wikimedia.org&utm_campaign=imageinfo&utm_content=thumbnail_unscaled
portrait-photographs_178_File_16001000424161_Scharinska_villan_Riksantikvar.jpg,Category:Portrait photographs,File:16001000424161-Scharinska villan-Riksantikvarieämbetet.jpg,Pål-Nils Nilsson,CC BY 3.0,https://commons.wikimedia.org/wiki/File%3A16001000424161-Scharinska_villan-Riksantikvarie%C3%A4mbetet.jpg,https://upload.wikimedia.org/wikipedia/commons/d/d3/16001000424161-Scharinska_villan-Riksantikvarie%C3%A4mbetet.jpg?utm_source=commons.wikimedia.org&utm_campaign=imageinfo&utm_content=thumbnail_unscaled
portrait-photographs_179_File_16001000424170_Scharinska_villan_Riksantikvar.jpg,Category:Portrait photographs,File:16001000424170-Scharinska villan-Riksantikvarieämbetet.jpg,Pål-Nils Nilsson,CC BY 3.0,https://commons.wikimedia.org/wiki/File%3A16001000424170-Scharinska_villan-Riksantikvarie%C3%A4mbetet.jpg,https://upload.wikimedia.org/wikipedia/commons/2/2b/16001000424170-Scharinska_villan-Riksantikvarie%C3%A4mbetet.jpg?utm_source=commons.wikimedia.org&utm_campaign=imageinfo&utm_content=thumbnail_unscaled
portrait-photographs_180_File_16001000424176_Scharinska_villan_Riksantikvar.jpg,Category:Portrait photographs,File:16001000424176-Scharinska villan-Riksantikvarieämbetet.jpg,Pål-Nils Nilsson,CC BY 3.0,https://commons.wikimedia.org/wiki/File%3A16001000424176-Scharinska_villan-Riksantikvarie%C3%A4mbetet.jpg,https://upload.wikimedia.org/wikipedia/commons/c/ce/16001000424176-Scharinska_villan-Riksantikvarie%C3%A4mbetet.jpg?utm_source=commons.wikimedia.org&utm_campaign=imageinfo&utm_content=thumbnail_unscaled
portrait-photographs_181_File_1765368734_Prof_Akif_Ba_rov.jpg,Category:Portrait photographs,File:1765368734.Prof Akif Bağırov.jpg,Pediatriyaaz,CC0,https://commons.wikimedia.org/wiki/File%3A1765368734.Prof_Akif_Ba%C4%9F%C4%B1rov.jpg,https://upload.wikimedia.org/wikipedia/commons/3/30/1765368734.Prof_Akif_Ba%C4%9F%C4%B1rov.jpg?utm_source=commons.wikimedia.org&utm_campaign=imageinfo&utm_content=thumbnail_unscaled
portrait-photographs_182_File_1868_1949_Gerard_Alfred_van_Nispen_03.jpg,Category:Portrait photographs,File:1868-1949 Gerard Alfred van Nispen 03.jpg,WillibrordvanNispentotPannerden,CC BY-SA 4.0,https://commons.wikimedia.org/wiki/File%3A1868-1949_Gerard_Alfred_van_Nispen_03.jpg,https://upload.wikimedia.org/wikipedia/commons/5/54/1868-1949_Gerard_Alfred_van_Nispen_03.jpg?utm_source=commons.wikimedia.org&utm_campaign=imageinfo&utm_content=thumbnail_unscaled
portrait-photographs_183_File_P_Sinner_Schw_bische_Volkstrachten_Betzingen.jpg,Category:Portrait photographs,File:P Sinner - Schwäbische Volkstrachten Betzingen. Junges Paar am Dorfbrunnen (Sammelbild CdV 1870er).jpg,Paul Sinner,Public domain,https://commons.wikimedia.org/wiki/File%3AP_Sinner_-_Schw%C3%A4bische_Volkstrachten_Betzingen._Junges_Paar_am_Dorfbrunnen_%28Sammelbild_CdV_1870er%29.jpg,https://upload.wikimedia.org/wikipedia/commons/3/3f/P_Sinner_-_Schw%C3%A4bische_Volkstrachten_Betzingen._Junges_Paar_am_Dorfbrunnen_%28Sammelbild_CdV_1870er%29.jpg?utm_source=commons.wikimedia.org&utm_campaign=imageinfo&utm_content=thumbnail_unscaled
portrait-photographs_184_File_P_Sinner_Zwei_junge_Betzingerinnen_eine_unver.jpg,Category:Portrait photographs,"File:P Sinner - Zwei junge Betzingerinnen, eine unverheiratete und eine verheiratete (CdV-Sammelbild handkoloriert).jpg",Paul Sinner,Public domain,https://commons.wikimedia.org/wiki/File%3AP_Sinner_-_Zwei_junge_Betzingerinnen%2C_eine_unverheiratete_und_eine_verheiratete_%28CdV-Sammelbild_handkoloriert%29.jpg,https://upload.wikimedia.org/wikipedia/commons/8/85/P_Sinner_-_Zwei_junge_Betzingerinnen%2C_eine_unverheiratete_und_eine_verheiratete_%28CdV-Sammelbild_handkoloriert%29.jpg?utm_source=commons.wikimedia.org&utm_campaign=imageinfo&utm_content=thumbnail_unscaled
portrait-photographs_185_File_1884_G_Andersen_Pair_Portrait_Photographs_Cou.jpg,Category:Portrait photographs,File:1884 G. Andersen Pair Portrait Photographs Couple.jpg,Bernd Schwabe in Hannover,CC BY-SA 4.0,https://commons.wikimedia.org/wiki/File%3A1884_G._Andersen_Pair_Portrait_Photographs_Couple.jpg,https://thumb.wikimedia.org/wikipedia/commons/thumb/3/3d/1884_G._Andersen_Pair_Portrait_Photographs_Couple.jpg/960px-1884_G._Andersen_Pair_Portrait_Photographs_Couple.jpg?utm_source=commons.wikimedia.org&utm_campaign=imageinfo&utm_content=thumbnail
portrait-photographs_186_File_1884_1964_Jhr_Mr_Tanne_A_E_M_van_Nispen_tot_P.jpg,Category:Portrait photographs,File:1884-1964 Jhr. Mr. 'Tanne' A.E.M. van Nispen tot Pannerden 1950b.jpg,WillibrordvanNispentotPannerden,CC BY-SA 4.0,https://commons.wikimedia.org/wiki/File%3A1884-1964_Jhr._Mr._%27Tanne%27_A.E.M._van_Nispen_tot_Pannerden_1950b.jpg,https://upload.wikimedia.org/wikipedia/commons/f/ff/1884-1964_Jhr._Mr._%27Tanne%27_A.E.M._van_Nispen_tot_Pannerden_1950b.jpg?utm_source=commons.wikimedia.org&utm_campaign=imageinfo&utm_content=thumbnail_unscaled
portrait-photographs_187_File_P_Sinner_Schw_bische_Volkstrachten_Betzingen.jpg,Category:Portrait photographs,File:P Sinner - Schwäbische Volkstrachten Betzingen. Hoscht g'moint! (Sammelbild 1880er).jpg,Paul Sinner,Public domain,https://commons.wikimedia.org/wiki/File%3AP_Sinner_-_Schw%C3%A4bische_Volkstrachten_Betzingen._Hoscht_g%27moint%21_%28Sammelbild_1880er%29.jpg,https://upload.wikimedia.org/wikipedia/commons/f/f8/P_Sinner_-_Schw%C3%A4bische_Volkstrachten_Betzingen._Hoscht_g%27moint%21_%28Sammelbild_1880er%29.jpg?utm_source=commons.wikimedia.org&utm_campaign=imageinfo&utm_content=thumbnail_unscaled
portrait-photographs_188_File_P_Sinner_Betzinger_Trachtenpaar_handkoloriert.jpg,Category:Portrait photographs,File:P Sinner - Betzinger Trachtenpaar (handkoloriert).jpg,Paul Sinner,Public domain,https://commons.wikimedia.org/wiki/File%3AP_Sinner_-_Betzinger_Trachtenpaar_%28handkoloriert%29.jpg,https://upload.wikimedia.org/wikipedia/commons/c/c2/P_Sinner_-_Betzinger_Trachtenpaar_%28handkoloriert%29.jpg?utm_source=commons.wikimedia.org&utm_campaign=imageinfo&utm_content=thumbnail_unscaled
portrait-photographs_189_File_Vier_M_dchen_in_Betzinger_Tracht_vor_Kusterdi.jpg,Category:Portrait photographs,File:Vier Mädchen in Betzinger Tracht vor Kusterdinger Kirche (AK 327 P Sinner).jpg,Paul Sinner,Public domain,https://commons.wikimedia.org/wiki/File%3AVier_M%C3%A4dchen_in_Betzinger_Tracht_vor_Kusterdinger_Kirche_%28AK_327_P_Sinner%29.jpg,https://upload.wikimedia.org/wikipedia/commons/a/ac/Vier_M%C3%A4dchen_in_Betzinger_Tracht_vor_Kusterdinger_Kirche_%28AK_327_P_Sinner%29.jpg?utm_source=commons.wikimedia.org&utm_campaign=imageinfo&utm_content=thumbnail_unscaled
portrait-photographs_190_File_1966_A_J_M_van_Nispen_tot_Pannerden.jpg,Category:Portrait photographs,File:1966 A.J.M. van Nispen tot Pannerden.jpg,Willibrord van Nispen tot Pannerden,CC BY-SA 4.0,https://commons.wikimedia.org/wiki/File%3A1966_A.J.M._van_Nispen_tot_Pannerden.jpg,https://upload.wikimedia.org/wikipedia/commons/d/dd/1966_A.J.M._van_Nispen_tot_Pannerden.jpg?utm_source=commons.wikimedia.org&utm_campaign=imageinfo&utm_content=thumbnail_unscaled
portrait-photographs_191_File_19D_3_Acervo_do_Museu_Paulista_da_USP.jpg,Category:Portrait photographs,"File:19D - 3, Acervo do Museu Paulista da USP.jpg",José Rosael/HélioNobre/Museu Paulista da USP,Public domain,https://commons.wikimedia.org/wiki/File%3A19D_-_3%2C_Acervo_do_Museu_Paulista_da_USP.jpg,https://upload.wikimedia.org/wikipedia/commons/6/63/19D_-_3%2C_Acervo_do_Museu_Paulista_da_USP.jpg?utm_source=commons.wikimedia.org&utm_campaign=imageinfo&utm_content=thumbnail_unscaled
portrait-photographs_192_File_2019.jpg,Category:Portrait photographs,File:2019 미스코리아 김단아.jpg,Internetstar1,CC BY-SA 4.0,https://commons.wikimedia.org/wiki/File%3A2019_%EB%AF%B8%EC%8A%A4%EC%BD%94%EB%A6%AC%EC%95%84_%EA%B9%80%EB%8B%A8%EC%95%84.jpg,https://upload.wikimedia.org/wikipedia/commons/9/94/2019_%EB%AF%B8%EC%8A%A4%EC%BD%94%EB%A6%AC%EC%95%84_%EA%B9%80%EB%8B%A8%EC%95%84.jpg?utm_source=commons.wikimedia.org&utm_campaign=imageinfo&utm_content=thumbnail_unscaled
portrait-photographs_193_File_2023_06_16_Portraits_17341.jpg,Category:Portrait photographs,File:2023 06 16 Portraits 17341.jpg,Geraldo Rodrigues,CC BY-SA 4.0,https://commons.wikimedia.org/wiki/File%3A2023_06_16_Portraits_17341.jpg,https://thumb.wikimedia.org/wikipedia/commons/thumb/2/2e/2023_06_16_Portraits_17341.jpg/960px-2023_06_16_Portraits_17341.jpg?utm_source=commons.wikimedia.org&utm_campaign=imageinfo&utm_content=thumbnail
portrait-photographs_194_File_2023_10_23_portret_JanRaes.jpg,Category:Portrait photographs,File:2023 10 23 portret JanRaes.jpg,Esperanto gaijin,CC BY-SA 4.0,https://commons.wikimedia.org/wiki/File%3A2023_10_23_portret_JanRaes.jpg,https://thumb.wikimedia.org/wikipedia/commons/thumb/9/97/2023_10_23_portret_JanRaes.jpg/960px-2023_10_23_portret_JanRaes.jpg?utm_source=commons.wikimedia.org&utm_campaign=imageinfo&utm_content=thumbnail
portrait-photographs_195_File_2023_03_16_Anne_Prenzler_Kulturb_ro_der_Lande.jpg,Category:Portrait photographs,File:2023-03-16 Anne Prenzler Kulturbüro der Landeshauptstadt Hannover.jpg,Bernd Schwabe in Hannover,CC BY-SA 4.0,https://commons.wikimedia.org/wiki/File%3A2023-03-16_Anne_Prenzler_Kulturb%C3%BCro_der_Landeshauptstadt_Hannover.jpg,https://thumb.wikimedia.org/wikipedia/commons/thumb/a/af/2023-03-16_Anne_Prenzler_Kulturb%C3%BCro_der_Landeshauptstadt_Hannover.jpg/960px-2023-03-16_Anne_Prenzler_Kulturb%C3%BCro_der_Landeshauptstadt_Hannover.jpg?utm_source=commons.wikimedia.org&utm_campaign=imageinfo&utm_content=thumbnail
portrait-photographs_196_File_2023_06_04_Fatima_Flore_Hamdy_a_Hanovre.jpg,Category:Portrait photographs,File:2023-06-04 Fatima Flore Hamdy a Hanovre.jpg,Bernd Schwabe in Hannover,CC BY-SA 4.0,https://commons.wikimedia.org/wiki/File%3A2023-06-04_Fatima_Flore_Hamdy_a_Hanovre.jpg,https://thumb.wikimedia.org/wikipedia/commons/thumb/d/d2/2023-06-04_Fatima_Flore_Hamdy_a_Hanovre.jpg/960px-2023-06-04_Fatima_Flore_Hamdy_a_Hanovre.jpg?utm_source=commons.wikimedia.org&utm_campaign=imageinfo&utm_content=thumbnail
portrait-photographs_197_File_2023_07_02_historians_Rainer_Hoffschild_and_R.jpg,Category:Portrait photographs,File:2023-07-02 historians Rainer Hoffschild and Robert M. Beachy (11).jpg,Bernd Schwabe in Hannover,CC BY-SA 4.0,https://commons.wikimedia.org/wiki/File%3A2023-07-02_historians_Rainer_Hoffschild_and_Robert_M._Beachy_%2811%29.jpg,https://thumb.wikimedia.org/wikipedia/commons/thumb/7/78/2023-07-02_historians_Rainer_Hoffschild_and_Robert_M._Beachy_%2811%29.jpg/960px-2023-07-02_historians_Rainer_Hoffschild_and_Robert_M._Beachy_%2811%29.jpg?utm_source=commons.wikimedia.org&utm_campaign=imageinfo&utm_content=thumbnail
portrait-photographs_198_File_2023_12_11_Stadtkind_hannovermagazin_Intervie.jpg,Category:Portrait photographs,"File:2023-12-11 Stadtkind hannovermagazin Interview im TAK, Theater am Küchengarten, Katharina Sterzer, Geschäftsführerin vom Bürgerverein Freundeskreis Hannover.jpg",Bernd Schwabe in Hannover,CC BY-SA 4.0,https://commons.wikimedia.org/wiki/File%3A2023-12-11_Stadtkind_hannovermagazin_Interview_im_TAK%2C_Theater_am_K%C3%BCchengarten%2C_Katharina_Sterzer%2C_Gesch%C3%A4ftsf%C3%BChrerin_vom_B%C3%BCrgerverein_Freundeskreis_Hannover.jpg,https://upload.wikimedia.org/wikipedia/commons/3/33/2023-12-11_Stadtkind_hannovermagazin_Interview_im_TAK%2C_Theater_am_K%C3%BCchengarten%2C_Katharina_Sterzer%2C_Gesch%C3%A4ftsf%C3%BChrerin_vom_B%C3%BCrgerverein_Freundeskreis_Hannover.jpg?utm_source=commons.wikimedia.org&utm_campaign=imageinfo&utm_content=thumbnail_unscaled
portrait-photographs_199_File_20231129B_L_ArtdeCapter_0055A_jade.jpg,Category:Portrait photographs,File:20231129B-L'ArtdeCapter-0055A jade.jpg,Oranjade0122,CC BY-SA 4.0,https://commons.wikimedia.org/wiki/File%3A20231129B-L%27ArtdeCapter-0055A_jade.jpg,https://thumb.wikimedia.org/wikipedia/commons/thumb/f/fa/20231129B-L%27ArtdeCapter-0055A_jade.jpg/960px-20231129B-L%27ArtdeCapter-0055A_jade.jpg?utm_source=commons.wikimedia.org&utm_campaign=imageinfo&utm_content=thumbnail
portrait-photographs_200_File_2024_23_Masonheimer_Barbara_Catherine_1.jpg,Category:Portrait photographs,File:2024 23 Masonheimer Barbara Catherine (1).jpg,Unknown authorUnknown author,Public domain,https://commons.wikimedia.org/wiki/File%3A2024_23_Masonheimer_Barbara_Catherine_%281%29.jpg,https://thumb.wikimedia.org/wikipedia/commons/thumb/0/09/2024_23_Masonheimer_Barbara_Catherine_%281%29.jpg/960px-2024_23_Masonheimer_Barbara_Catherine_%281%29.jpg?utm_source=commons.wikimedia.org&utm_campaign=imageinfo&utm_content=thumbnail
portrait-photographs_201_File_2024_Dorthe_Goeden_Foto_Anett_Frontzek.jpg,Category:Portrait photographs,"File:2024, Dorthe Goeden, Foto Anett Frontzek.jpg","Anett Frontzek .mw-parser-output .messagebox{margin:4px 0;width:auto;border-collapse:collapse;border:2px solid var(--border-color-progressive,#6485d1);background-color:var(--background-color-neutral-subtle,#fbfcff);color:var(--color-base,#202122);box-sizing:border-box;border-inline-start-width:8px}.mw-parser-output .messagebox.mbox-small{font-size:88%;line-height:1.25em}.mw-parser-output .mbox-warning,.mw-parser-output .mbox-speedy{border:2px solid var(--border-color-error,#b22222);background:var(--background-color-error-subtle,#ffdbdb);border-inline-start-width:8px}.mw-parser-output .mbox-serious,.mw-parser-output .mbox-delete,.mw-parser-output .mbox-stop{border:2px solid var(--border-color-error,#b22222);border-inline-start-width:8px}.mw-parser-output .mbox-issue,.mw-parser-output .mbox-content{border:2px solid #f28500;background:var(--background-color-warning-subtle,#ffe);border-inline-start-width:8px}.mw-parser-output .mbox-query,.mw-parser-output .mbox-style{border:2px solid #f4c430;background:var(--background-color-warning-subtle,#ffe);border-inline-start-width:8px}.mw-parser-output .mbox-shit{border:2px solid #960;border-inline-start-width:8px}.mw-parser-output .mbox-license{border:2px solid #88a;border-inline-start-width:initial}.mw-parser-output .mbox-legal{border:2px solid var(--border-color-notice,#666);background:var(--background-color-base,#fff);border-inline-start-width:8px}.mw-parser-output .mbox-honor{border:2px solid #ca3;background:var(--background-color-warning-subtle,#fcf4db);border-inline-start-width:8px}.mw-parser-output .mbox-growth{border:2px solid #8d4;background:var(--background-color-success-subtle,#d5fdf4);border-inline-start-width:8px}.mw-parser-output .mbox-move{border:2px solid #93c;border-inline-start-width:8px}.mw-parser-output .mbox-protection,.mw-parser-output .mbox-message{border:2px solid var(--border-color-base,#aaa);border-inline-start-width:8px}.mw-parser-output .messagebox .mbox-text{border:none;padding:0.25em 0.9em;width:100%}.mw-parser-output .messagebox .mbox-image{border:none;padding-top:2px;padding-bottom:2px;padding-inline-start:0.9em;padding-inline-end:0;text-align:center}.mw-parser-output .messagebox .mbox-imageright{border:none;padding-top:2px;padding-bottom:2px;padding-inline-start:0;padding-inline-end:0.9em;text-align:center}.mw-parser-output .messagebox .mbox-empty-cell{border:none;padding:0;width:1px}.mw-parser-output .messagebox .mbox-invalid-type{text-align:center}@media(min-width:720px){.mw-parser-output .messagebox{margin:4px 10%}.mw-parser-output .messagebox.mbox-small{clear:right;float:right;margin:4px 0 4px 1em;width:238px}}body.skin--responsive .mw-parser-output table.messagebox img{max-width:none!important}This work is free and may be used by anyone for any purpose. If you wish to use this content, you do not need to request permission as long as you follow any licensing requirements mentioned on this page. The Wikimedia Foundation has received an e-mail confirming that the copyright holder has approved publication under the terms mentioned on this page. This correspondence has been reviewed by a Volunteer Response Team (VRT) member and stored in our permission archive. The correspondence is available to trusted volunteers as ticket #2025021810009416. If you have questions about the archived correspondence, please use the VRT noticeboard. Ticket link: https://ticket.wikimedia.org/otrs/index.pl?Action=AgentTicketZoom&amp;TicketNumber=2025021810009416 Find other files from the same ticket:",CC BY-SA 4.0,https://commons.wikimedia.org/wiki/File%3A2024%2C_Dorthe_Goeden%2C_Foto_Anett_Frontzek.jpg,https://upload.wikimedia.org/wikipedia/commons/6/6a/2024%2C_Dorthe_Goeden%2C_Foto_Anett_Frontzek.jpg?utm_source=commons.wikimedia.org&utm_campaign=imageinfo&utm_content=thumbnail_unscaled
portrait-photographs_202_File_2024_02_15_Prof_Dr_Eva_Baumann_Professorin_f.jpg,Category:Portrait photographs,"File:2024-02-15 Prof. Dr. Eva Baumann, Professorin für Kommunikationswissenschaft an der Hochschule für Musik, Theater und Medien Hannover HMTMH.jpg",Bernd Schwabe in Hannover,CC BY-SA 4.0,https://commons.wikimedia.org/wiki/File%3A2024-02-15_Prof._Dr._Eva_Baumann%2C_Professorin_f%C3%BCr_Kommunikationswissenschaft_an_der_Hochschule_f%C3%BCr_Musik%2C_Theater_und_Medien_Hannover_HMTMH.jpg,https://thumb.wikimedia.org/wikipedia/commons/thumb/b/b7/2024-02-15_Prof._Dr._Eva_Baumann%2C_Professorin_f%C3%BCr_Kommunikationswissenschaft_an_der_Hochschule_f%C3%BCr_Musik%2C_Theater_und_Medien_Hannover_HMTMH.jpg/960px-2024-02-15_Prof._Dr._Eva_Baumann%2C_Professorin_f%C3%BCr_Kommunikationswissenschaft_an_der_Hochschule_f%C3%BCr_Musik%2C_Theater_und_Medien_Hannover_HMTMH.jpg?utm_source=commons.wikimedia.org&utm_campaign=imageinfo&utm_content=thumbnail
portrait-photographs_203_File_2024_03_27_Aufhof_Hannover_der_Fotograf_Fried.jpg,Category:Portrait photographs,"File:2024-03-27 Aufhof Hannover, der Fotograf Friedhelm Neubauer.jpg",Bernd Schwabe in Hannover,CC BY-SA 4.0,https://commons.wikimedia.org/wiki/File%3A2024-03-27_Aufhof_Hannover%2C_der_Fotograf_Friedhelm_Neubauer.jpg,https://thumb.wikimedia.org/wikipedia/commons/thumb/c/c9/2024-03-27_Aufhof_Hannover%2C_der_Fotograf_Friedhelm_Neubauer.jpg/960px-2024-03-27_Aufhof_Hannover%2C_der_Fotograf_Friedhelm_Neubauer.jpg?utm_source=commons.wikimedia.org&utm_campaign=imageinfo&utm_content=thumbnail
portrait-photographs_204_File_2024_09_15_Kurt_Waag_Doppel_Portrait_Wandbild.jpg,Category:Portrait photographs,File:2024-09-15 Kurt Waag Doppel-Portrait Wandbild am Streifenplatz 2.jpg,Bernd Schwabe in Hannover,CC BY-SA 4.0,https://commons.wikimedia.org/wiki/File%3A2024-09-15_Kurt_Waag_Doppel-Portrait_Wandbild_am_Streifenplatz_2.jpg,https://thumb.wikimedia.org/wikipedia/commons/thumb/0/0e/2024-09-15_Kurt_Waag_Doppel-Portrait_Wandbild_am_Streifenplatz_2.jpg/960px-2024-09-15_Kurt_Waag_Doppel-Portrait_Wandbild_am_Streifenplatz_2.jpg?utm_source=commons.wikimedia.org&utm_campaign=imageinfo&utm_content=thumbnail
portrait-photographs_205_File_2024_09_15_Kurt_Waag_Doppel_Portrait_Wandbild.jpg,Category:Portrait photographs,File:2024-09-15 Kurt Waag Doppel-Portrait Wandbild am Streifenplatz 3.jpg,Bernd Schwabe in Hannover,CC BY-SA 4.0,https://commons.wikimedia.org/wiki/File%3A2024-09-15_Kurt_Waag_Doppel-Portrait_Wandbild_am_Streifenplatz_3.jpg,https://thumb.wikimedia.org/wikipedia/commons/thumb/4/4c/2024-09-15_Kurt_Waag_Doppel-Portrait_Wandbild_am_Streifenplatz_3.jpg/960px-2024-09-15_Kurt_Waag_Doppel-Portrait_Wandbild_am_Streifenplatz_3.jpg?utm_source=commons.wikimedia.org&utm_campaign=imageinfo&utm_content=thumbnail
portrait-photographs_206_File_2024_09_15_Kurt_Waag_Doppel_Portrait_Wandbild.jpg,Category:Portrait photographs,File:2024-09-15 Kurt Waag Doppel-Portrait Wandbild am Streifenplatz.jpg,Bernd Schwabe in Hannover,CC BY-SA 4.0,https://commons.wikimedia.org/wiki/File%3A2024-09-15_Kurt_Waag_Doppel-Portrait_Wandbild_am_Streifenplatz.jpg,https://thumb.wikimedia.org/wikipedia/commons/thumb/8/81/2024-09-15_Kurt_Waag_Doppel-Portrait_Wandbild_am_Streifenplatz.jpg/960px-2024-09-15_Kurt_Waag_Doppel-Portrait_Wandbild_am_Streifenplatz.jpg?utm_source=commons.wikimedia.org&utm_campaign=imageinfo&utm_content=thumbnail
portrait-photographs_207_File_20240304_Rusticus_Mono_Fixed.jpg,Category:Portrait photographs,File:20240304 - Rusticus Mono Fixed.png,Unknown authorUnknown author,CC0,https://commons.wikimedia.org/wiki/File%3A20240304_-_Rusticus_Mono_Fixed.png,https://thumb.wikimedia.org/wikipedia/commons/thumb/c/c0/20240304_-_Rusticus_Mono_Fixed.png/960px-20240304_-_Rusticus_Mono_Fixed.png?utm_source=commons.wikimedia.org&utm_campaign=imageinfo&utm_content=thumbnail
portrait-photographs_208_File_20240516_175054paris8e9rDeMiromesnilCafeBeauv.jpg,Category:Portrait photographs,File:20240516-175054paris8e9rDeMiromesnilCafeBeauvauPhilippePongeA.jpg,Lucadeparis,CC BY-SA 4.0,https://commons.wikimedia.org/wiki/File%3A20240516-175054paris8e9rDeMiromesnilCafeBeauvauPhilippePongeA.jpg,https://upload.wikimedia.org/wikipedia/commons/8/8e/20240516-175054paris8e9rDeMiromesnilCafeBeauvauPhilippePongeA.jpg?utm_source=commons.wikimedia.org&utm_campaign=imageinfo&utm_content=thumbnail_unscaled
portrait-photographs_209_File_20241110_120238_c.jpg,Category:Portrait photographs,File:20241110 120238-c.jpg,Fab-5000,CC BY 4.0,https://commons.wikimedia.org/wiki/File%3A20241110_120238-c.jpg,https://thumb.wikimedia.org/wikipedia/commons/thumb/2/21/20241110_120238-c.jpg/960px-20241110_120238-c.jpg?utm_source=commons.wikimedia.org&utm_campaign=imageinfo&utm_content=thumbnail
portrait-photographs_210_File_22_cs_01_1.jpg,Category:Portrait photographs,File:22 cs 01(1).jpg,Lorenzo baroncini,CC BY-SA 4.0,https://commons.wikimedia.org/wiki/File%3A22_cs_01%281%29.jpg,https://upload.wikimedia.org/wikipedia/commons/9/95/22_cs_01%281%29.jpg?utm_source=commons.wikimedia.org&utm_campaign=imageinfo&utm_content=thumbnail_unscaled
portrait-photographs_211_File_240215_bb.jpg,Category:Portrait photographs,File:240215-bb.jpg,JeanNoFinHan,CC BY-SA 4.0,https://commons.wikimedia.org/wiki/File%3A240215-bb.jpg,https://thumb.wikimedia.org/wikipedia/commons/thumb/a/aa/240215-bb.jpg/960px-240215-bb.jpg?utm_source=commons.wikimedia.org&utm_campaign=imageinfo&utm_content=thumbnail
portrait-photographs_212_File_240709_PMG_Wilkipedia4.jpg,Category:Portrait photographs,File:240709-PMG-Wilkipedia4.jpg,Redouancgh,CC0,https://commons.wikimedia.org/wiki/File%3A240709-PMG-Wilkipedia4.jpg,https://thumb.wikimedia.org/wikipedia/commons/thumb/7/71/240709-PMG-Wilkipedia4.jpg/960px-240709-PMG-Wilkipedia4.jpg?utm_source=commons.wikimedia.org&utm_campaign=imageinfo&utm_content=thumbnail
portrait-photographs_213_File_2505A_MG_7725.jpg,Category:Portrait photographs,File:2505A MG 7725.jpg,autpix,CC0,https://commons.wikimedia.org/wiki/File%3A2505A_MG_7725.jpg,https://thumb.wikimedia.org/wikipedia/commons/thumb/3/38/2505A_MG_7725.jpg/960px-2505A_MG_7725.jpg?utm_source=commons.wikimedia.org&utm_campaign=imageinfo&utm_content=thumbnail
portrait-photographs_214_File_28_11_23_Retratos_Mapeando_y_preservando_5337.jpg,Category:Portrait photographs,File:28.11.23.Retratos Mapeando y preservando - 53378407521.jpg,LABNL Lab Cultural Ciudadano,CC BY-SA 2.0,https://commons.wikimedia.org/wiki/File%3A28.11.23.Retratos_Mapeando_y_preservando_-_53378407521.jpg,https://thumb.wikimedia.org/wikipedia/commons/thumb/6/66/28.11.23.Retratos_Mapeando_y_preservando_-_53378407521.jpg/960px-28.11.23.Retratos_Mapeando_y_preservando_-_53378407521.jpg?utm_source=commons.wikimedia.org&utm_campaign=imageinfo&utm_content=thumbnail
portrait-photographs_215_File_28_11_23_Retratos_Mapeando_y_preservando_5337.jpg,Category:Portrait photographs,File:28.11.23.Retratos Mapeando y preservando - 53378407571.jpg,LABNL Lab Cultural Ciudadano,CC BY-SA 2.0,https://commons.wikimedia.org/wiki/File%3A28.11.23.Retratos_Mapeando_y_preservando_-_53378407571.jpg,https://thumb.wikimedia.org/wikipedia/commons/thumb/2/26/28.11.23.Retratos_Mapeando_y_preservando_-_53378407571.jpg/960px-28.11.23.Retratos_Mapeando_y_preservando_-_53378407571.jpg?utm_source=commons.wikimedia.org&utm_campaign=imageinfo&utm_content=thumbnail
portrait-photographs_216_File_28_11_23_Retratos_Mapeando_y_preservando_5337.jpg,Category:Portrait photographs,File:28.11.23.Retratos Mapeando y preservando - 53378581798.jpg,LABNL Lab Cultural Ciudadano,CC BY-SA 2.0,https://commons.wikimedia.org/wiki/File%3A28.11.23.Retratos_Mapeando_y_preservando_-_53378581798.jpg,https://thumb.wikimedia.org/wikipedia/commons/thumb/7/75/28.11.23.Retratos_Mapeando_y_preservando_-_53378581798.jpg/960px-28.11.23.Retratos_Mapeando_y_preservando_-_53378581798.jpg?utm_source=commons.wikimedia.org&utm_campaign=imageinfo&utm_content=thumbnail
portrait-photographs_217_File_28_11_23_Retratos_Mapeando_y_preservando_5337.jpg,Category:Portrait photographs,File:28.11.23.Retratos Mapeando y preservando - 53378853340.jpg,LABNL Lab Cultural Ciudadano,CC BY-SA 2.0,https://commons.wikimedia.org/wiki/File%3A28.11.23.Retratos_Mapeando_y_preservando_-_53378853340.jpg,https://thumb.wikimedia.org/wikipedia/commons/thumb/a/aa/28.11.23.Retratos_Mapeando_y_preservando_-_53378853340.jpg/960px-28.11.23.Retratos_Mapeando_y_preservando_-_53378853340.jpg?utm_source=commons.wikimedia.org&utm_campaign=imageinfo&utm_content=thumbnail
portrait-photographs_218_File_28_11_23_Retratos_Mapeando_y_preservando.jpg,Category:Portrait photographs,File:28.11.23.Retratos Mapeando y preservando.jpg,LABNL Lab Cultural Ciudadano,CC BY-SA 2.0,https://commons.wikimedia.org/wiki/File%3A28.11.23.Retratos_Mapeando_y_preservando.jpg,https://thumb.wikimedia.org/wikipedia/commons/thumb/4/4d/28.11.23.Retratos_Mapeando_y_preservando.jpg/960px-28.11.23.Retratos_Mapeando_y_preservando.jpg?utm_source=commons.wikimedia.org&utm_campaign=imageinfo&utm_content=thumbnail
portrait-photographs_219_File_36438_3780_HG.jpg,Category:Portrait photographs,File:36438-3780 HG.jpg,Patrycja Witek,CC BY-SA 4.0,https://commons.wikimedia.org/wiki/File%3A36438-3780_HG.jpg,https://thumb.wikimedia.org/wikipedia/commons/thumb/3/3d/36438-3780_HG.jpg/960px-36438-3780_HG.jpg?utm_source=commons.wikimedia.org&utm_campaign=imageinfo&utm_content=thumbnail
portrait-photographs_220_File_4_Copy_IMG_8203.jpg,Category:Portrait photographs,File:4 Copy IMG 8203.jpg,Codeineandpain,CC BY-SA 4.0,https://commons.wikimedia.org/wiki/File%3A4_Copy_IMG_8203.jpg,https://thumb.wikimedia.org/wikipedia/commons/thumb/d/dd/4_Copy_IMG_8203.jpg/960px-4_Copy_IMG_8203.jpg?utm_source=commons.wikimedia.org&utm_campaign=imageinfo&utm_content=thumbnail
portrait-photographs_221_File_408678_ryn_7.jpg,Category:Portrait photographs,File:408678 ryn (7).jpg,Banten KMS,CC BY-SA 4.0,https://commons.wikimedia.org/wiki/File%3A408678_ryn_%287%29.jpg,https://thumb.wikimedia.org/wikipedia/commons/thumb/d/d5/408678_ryn_%287%29.jpg/960px-408678_ryn_%287%29.jpg?utm_source=commons.wikimedia.org&utm_campaign=imageinfo&utm_content=thumbnail
portrait-photographs_222_File_40A8520.jpg,Category:Portrait photographs,File:40A8520.jpg,Abdulqodir Mahmud,CC BY-SA 4.0,https://commons.wikimedia.org/wiki/File%3A40A8520.jpg,https://thumb.wikimedia.org/wikipedia/commons/thumb/2/25/40A8520.jpg/960px-40A8520.jpg?utm_source=commons.wikimedia.org&utm_campaign=imageinfo&utm_content=thumbnail
portrait-photographs_223_File_444th_Cdo_Bn_Deputy_Commander_Hidayatullah_Az.jpg,Category:Portrait photographs,File:444th Cdo Bn Deputy Commander Hidayatullah Aziz.jpg,General Nabi Azimi,Public domain,https://commons.wikimedia.org/wiki/File%3A444th_Cdo_Bn_Deputy_Commander_Hidayatullah_Aziz.jpg,https://upload.wikimedia.org/wikipedia/commons/1/11/444th_Cdo_Bn_Deputy_Commander_Hidayatullah_Aziz.jpg?utm_source=commons.wikimedia.org&utm_campaign=imageinfo&utm_content=thumbnail_unscaled
portrait-photographs_224_File_4516579721_Flickr_Favi_Santos.jpg,Category:Portrait photographs,File:4516579721 - Flickr - Favi Santos.jpg,Favi Santos from Austin Texas,CC BY 2.0,https://commons.wikimedia.org/wiki/File%3A4516579721_-_Flickr_-_Favi_Santos.jpg,https://thumb.wikimedia.org/wikipedia/commons/thumb/9/9e/4516579721_-_Flickr_-_Favi_Santos.jpg/960px-4516579721_-_Flickr_-_Favi_Santos.jpg?utm_source=commons.wikimedia.org&utm_campaign=imageinfo&utm_content=thumbnail
portrait-photographs_225_File_500px_photo_47689444.jpg,Category:Portrait photographs,File:500px photo (47689444).jpeg,Mahdi Al Habdan,CC BY-SA 3.0,https://commons.wikimedia.org/wiki/File%3A500px_photo_%2847689444%29.jpeg,https://thumb.wikimedia.org/wikipedia/commons/thumb/b/ba/500px_photo_%2847689444%29.jpeg/960px-500px_photo_%2847689444%29.jpeg?utm_source=commons.wikimedia.org&utm_campaign=imageinfo&utm_content=thumbnail
portrait-photographs_226_File_500px_photo_69508697.jpg,Category:Portrait photographs,File:500px photo (69508697).jpeg,Bellartnella Nellabernardi,CC BY 3.0,https://commons.wikimedia.org/wiki/File%3A500px_photo_%2869508697%29.jpeg,https://thumb.wikimedia.org/wikipedia/commons/thumb/9/9d/500px_photo_%2869508697%29.jpeg/960px-500px_photo_%2869508697%29.jpeg?utm_source=commons.wikimedia.org&utm_campaign=imageinfo&utm_content=thumbnail
portrait-photographs_227_File_69A8779.jpg,Category:Portrait photographs,File:69A8779.jpg,Fannypaluchon,CC BY-SA 4.0,https://commons.wikimedia.org/wiki/File%3A69A8779.jpg,https://thumb.wikimedia.org/wikipedia/commons/thumb/f/f3/69A8779.jpg/960px-69A8779.jpg?utm_source=commons.wikimedia.org&utm_campaign=imageinfo&utm_content=thumbnail
portrait-photographs_228_File_9838_R_Benjamin_Godard_1880_161449.jpg,Category:Portrait photographs,File:9838 R Benjamin Godard 1880. 161449.jpg,Morton1905,CC BY-SA 4.0,https://commons.wikimedia.org/wiki/File%3A9838_R_Benjamin_Godard_1880._161449.jpg,https://thumb.wikimedia.org/wikipedia/commons/thumb/8/8c/9838_R_Benjamin_Godard_1880._161449.jpg/960px-9838_R_Benjamin_Godard_1880._161449.jpg?utm_source=commons.wikimedia.org&utm_campaign=imageinfo&utm_content=thumbnail
portrait-photographs_229_File_A_Burmese_Girl_Watts_and_Skeen_Burma_Albumen.jpg,Category:Portrait photographs,"File:A Burmese Girl Watts and Skeen, Burma Albumen print 1890.jpg","A Burmese Girl Watts and Skeen, Burma Albumen print 1890",Public domain,https://commons.wikimedia.org/wiki/File%3AA_Burmese_Girl_Watts_and_Skeen%2C_Burma_Albumen_print_1890.jpg,https://thumb.wikimedia.org/wikipedia/commons/thumb/7/73/A_Burmese_Girl_Watts_and_Skeen%2C_Burma_Albumen_print_1890.jpg/960px-A_Burmese_Girl_Watts_and_Skeen%2C_Burma_Albumen_print_1890.jpg?utm_source=commons.wikimedia.org&utm_campaign=imageinfo&utm_content=thumbnail
portrait-photographs_230_File_A_child_with_stumps_for_its_limbs_being_Wellc.jpg,Category:Portrait photographs,"File:A child with stumps for its limbs, being Wellcome V0007410.jpg",,CC BY 4.0,https://commons.wikimedia.org/wiki/File%3AA_child_with_stumps_for_its_limbs%2C_being_Wellcome_V0007410.jpg,https://upload.wikimedia.org/wikipedia/commons/f/f6/A_child_with_stumps_for_its_limbs%2C_being_Wellcome_V0007410.jpg?utm_source=commons.wikimedia.org&utm_campaign=imageinfo&utm_content=thumbnail_unscaled
portrait-photographs_231_File_A_face_painted_with_som_elight.jpg,Category:Portrait photographs,File:A face painted with som elight.jpg,Emonjnu,CC BY-SA 4.0,https://commons.wikimedia.org/wiki/File%3AA_face_painted_with_som_elight.jpg,https://thumb.wikimedia.org/wikipedia/commons/thumb/9/95/A_face_painted_with_som_elight.jpg/960px-A_face_painted_with_som_elight.jpg?utm_source=commons.wikimedia.org&utm_campaign=imageinfo&utm_content=thumbnail
portrait-photographs_232_File_A_G_safford.jpg,Category:Portrait photographs,File:A G safford.jpg,Scissormove,CC BY-SA 4.0,https://commons.wikimedia.org/wiki/File%3AA_G_safford.jpg,https://thumb.wikimedia.org/wikipedia/commons/thumb/d/d6/A_G_safford.jpg/960px-A_G_safford.jpg?utm_source=commons.wikimedia.org&utm_campaign=imageinfo&utm_content=thumbnail
portrait-photographs_233_File_A_Hafeez.jpg,Category:Portrait photographs,File:A Hafeez.jpg,Tisbutajourney,CC BY-SA 4.0,https://commons.wikimedia.org/wiki/File%3AA_Hafeez.jpg,https://upload.wikimedia.org/wikipedia/commons/6/64/A_Hafeez.jpg?utm_source=commons.wikimedia.org&utm_campaign=imageinfo&utm_content=thumbnail_unscaled
portrait-photographs_234_File_A_happy_artist_cropped.jpg,Category:Portrait photographs,File:A happy artist (cropped).jpg,Rup Chowdhury,CC BY-SA 4.0,https://commons.wikimedia.org/wiki/File%3AA_happy_artist_%28cropped%29.jpg,https://thumb.wikimedia.org/wikipedia/commons/thumb/9/9e/A_happy_artist_%28cropped%29.jpg/960px-A_happy_artist_%28cropped%29.jpg?utm_source=commons.wikimedia.org&utm_campaign=imageinfo&utm_content=thumbnail
portrait-photographs_235_File_A_Krobo_woman.jpg,Category:Portrait photographs,File:A Krobo woman.jpg,Amamr3,CC BY-SA 4.0,https://commons.wikimedia.org/wiki/File%3AA_Krobo_woman.jpg,https://upload.wikimedia.org/wikipedia/commons/1/19/A_Krobo_woman.jpg?utm_source=commons.wikimedia.org&utm_campaign=imageinfo&utm_content=thumbnail_unscaled
portrait-photographs_236_File_A_Kuki_boy_in_traditional_attire.jpg,Category:Portrait photographs,File:A Kuki boy in traditional attire.jpg,JyotiPN,CC BY-SA 4.0,https://commons.wikimedia.org/wiki/File%3AA_Kuki_boy_in_traditional_attire.jpg,https://thumb.wikimedia.org/wikipedia/commons/thumb/8/88/A_Kuki_boy_in_traditional_attire.jpg/960px-A_Kuki_boy_in_traditional_attire.jpg?utm_source=commons.wikimedia.org&utm_campaign=imageinfo&utm_content=thumbnail
portrait-photographs_237_File_A_portrait_of_Tekno.jpg,Category:Portrait photographs,File:A portrait of Tekno.jpg,Jeremy Visuals,CC BY-SA 4.0,https://commons.wikimedia.org/wiki/File%3AA_portrait_of_Tekno.jpg,https://upload.wikimedia.org/wikipedia/commons/a/aa/A_portrait_of_Tekno.jpg?utm_source=commons.wikimedia.org&utm_campaign=imageinfo&utm_content=thumbnail_unscaled
portrait-photographs_238_File_A_portrait_photo_of_Green_Wilfred_Somoni_outd.jpg,Category:Portrait photographs,File:A portrait photo of Green Wilfred Somoni outdoors.jpg,Green Wilfred Somoni,CC BY-SA 4.0,https://commons.wikimedia.org/wiki/File%3AA_portrait_photo_of_Green_Wilfred_Somoni_outdoors.jpg,https://thumb.wikimedia.org/wikipedia/commons/thumb/5/5c/A_portrait_photo_of_Green_Wilfred_Somoni_outdoors.jpg/960px-A_portrait_photo_of_Green_Wilfred_Somoni_outdoors.jpg?utm_source=commons.wikimedia.org&utm_campaign=imageinfo&utm_content=thumbnail
portrait-photographs_239_File_A_portrait_photograph_of_William_Parkyn_Montr.jpg,Category:Portrait photographs,"File:A portrait photograph of William Parkyn, Montreal, QC, 1865.png","A portrait photograph of William Parkyn, Montreal, QC, 1865",Public domain,https://commons.wikimedia.org/wiki/File%3AA_portrait_photograph_of_William_Parkyn%2C_Montreal%2C_QC%2C_1865.png,https://upload.wikimedia.org/wikipedia/commons/e/ee/A_portrait_photograph_of_William_Parkyn%2C_Montreal%2C_QC%2C_1865.png?utm_source=commons.wikimedia.org&utm_campaign=imageinfo&utm_content=thumbnail_unscaled
selfies_240_File_Commons_app_tutorial_page_3.jpg,Category:Selfies,File:Commons app tutorial page 3.png,Misaochan,CC BY-SA 4.0,https://commons.wikimedia.org/wiki/File%3ACommons_app_tutorial_page_3.png,https://upload.wikimedia.org/wikipedia/commons/1/13/Commons_app_tutorial_page_3.png?utm_source=commons.wikimedia.org&utm_campaign=imageinfo&utm_content=thumbnail_unscaled
selfies_241_File_VONTRIHY_01.jpg,Category:Selfies,"File:""VONTRIHY "" 01.jpg",Adansonia rayanne2,CC0,https://commons.wikimedia.org/wiki/File%3A%22VONTRIHY_%22_01.jpg,https://upload.wikimedia.org/wikipedia/commons/6/69/%22VONTRIHY_%22_01.jpg?utm_source=commons.wikimedia.org&utm_campaign=imageinfo&utm_content=thumbnail_unscaled
selfies_242_File_i_i_5211216475.jpg,Category:Selfies,File:-i---i- (5211216475).jpg,Logan Campbell,CC BY-SA 2.0,https://commons.wikimedia.org/wiki/File%3A-i---i-_%285211216475%29.jpg,https://thumb.wikimedia.org/wikipedia/commons/thumb/6/66/-i---i-_%285211216475%29.jpg/960px--i---i-_%285211216475%29.jpg?utm_source=commons.wikimedia.org&utm_campaign=imageinfo&utm_content=thumbnail
selfies_243_File_selfie_15076638504.jpg,Category:Selfies,File:-selfie (15076638504).jpg,"Hubert Figuière from Montréal, Canada",CC BY-SA 2.0,https://commons.wikimedia.org/wiki/File%3A-selfie_%2815076638504%29.jpg,https://thumb.wikimedia.org/wikipedia/commons/thumb/5/55/-selfie_%2815076638504%29.jpg/960px--selfie_%2815076638504%29.jpg?utm_source=commons.wikimedia.org&utm_campaign=imageinfo&utm_content=thumbnail
selfies_244_File_06_18_2022_Mermaid_Parade_the_end_selfie.jpg,Category:Selfies,File:06 18 2022 Mermaid Parade the end selfie.jpg,wil540,CC BY-SA 4.0,https://commons.wikimedia.org/wiki/File%3A06_18_2022_Mermaid_Parade_the_end_selfie.jpg,https://thumb.wikimedia.org/wikipedia/commons/thumb/f/f9/06_18_2022_Mermaid_Parade_the_end_selfie.jpg/960px-06_18_2022_Mermaid_Parade_the_end_selfie.jpg?utm_source=commons.wikimedia.org&utm_campaign=imageinfo&utm_content=thumbnail
selfies_245_File_092525_Keke_toimikunnan_kokous_VNK_32_5481112.jpg,Category:Selfies,File:092525 Keke toimikunnan kokous VNK-32 (54811129869).jpg,FinnishGovernment,CC BY 4.0,https://commons.wikimedia.org/wiki/File%3A092525_Keke_toimikunnan_kokous_VNK-32_%2854811129869%29.jpg,https://thumb.wikimedia.org/wikipedia/commons/thumb/2/2c/092525_Keke_toimikunnan_kokous_VNK-32_%2854811129869%29.jpg/960px-092525_Keke_toimikunnan_kokous_VNK-32_%2854811129869%29.jpg?utm_source=commons.wikimedia.org&utm_campaign=imageinfo&utm_content=thumbnail
selfies_246_File_1876_Anton_von_Werner_La_Festa_Palais_Friedri.jpg,Category:Selfies,"File:1876 Anton von Werner ""La Festa"" Palais Friedrichstraße Wiesbaden.jpg",Bernd Schwabe in Hannover,CC BY-SA 4.0,https://commons.wikimedia.org/wiki/File%3A1876_Anton_von_Werner_%22La_Festa%22_Palais_Friedrichstra%C3%9Fe_Wiesbaden.jpg,https://thumb.wikimedia.org/wikipedia/commons/thumb/1/17/1876_Anton_von_Werner_%22La_Festa%22_Palais_Friedrichstra%C3%9Fe_Wiesbaden.jpg/960px-1876_Anton_von_Werner_%22La_Festa%22_Palais_Friedrichstra%C3%9Fe_Wiesbaden.jpg?utm_source=commons.wikimedia.org&utm_campaign=imageinfo&utm_content=thumbnail
selfies_247_File_2_Lt_Marsh_Miss_America_at_Daytona_500_824523.jpg,Category:Selfies,File:2 Lt Marsh (Miss America) at Daytona 500 8245232.jpg,Miriam Thurber,Public domain,https://commons.wikimedia.org/wiki/File%3A2_Lt_Marsh_%28Miss_America%29_at_Daytona_500_8245232.jpg,https://thumb.wikimedia.org/wikipedia/commons/thumb/6/6e/2_Lt_Marsh_%28Miss_America%29_at_Daytona_500_8245232.jpg/960px-2_Lt_Marsh_%28Miss_America%29_at_Daytona_500_8245232.jpg?utm_source=commons.wikimedia.org&utm_campaign=imageinfo&utm_content=thumbnail
selfies_248_File_2011.jpg,Category:Selfies,File:2011조한준.jpg,Han-Jun Cho,CC BY-SA 4.0,https://commons.wikimedia.org/wiki/File%3A2011%EC%A1%B0%ED%95%9C%EC%A4%80.jpg,https://upload.wikimedia.org/wikipedia/commons/d/db/2011%EC%A1%B0%ED%95%9C%EC%A4%80.jpg?utm_source=commons.wikimedia.org&utm_campaign=imageinfo&utm_content=thumbnail_unscaled
selfies_249_File_2017_Otto_Lagerfett.jpg,Category:Selfies,File:2017 Otto Lagerfett.jpg,Otto Lagerfett,CC BY-SA 4.0,https://commons.wikimedia.org/wiki/File%3A2017_Otto_Lagerfett.jpg,https://thumb.wikimedia.org/wikipedia/commons/thumb/e/ec/2017_Otto_Lagerfett.jpg/960px-2017_Otto_Lagerfett.jpg?utm_source=commons.wikimedia.org&utm_campaign=imageinfo&utm_content=thumbnail
selfies_250_File_2019_12_15_Annibale_Covini_Gerolamo_dida_001.jpg,Category:Selfies,File:2019 12 15 Annibale Covini Gerolamo dida 001 re 950.jpg,Annibale covini gerolamo,CC BY-SA 4.0,https://commons.wikimedia.org/wiki/File%3A2019_12_15_Annibale_Covini_Gerolamo_dida_001_re_950.jpg,https://thumb.wikimedia.org/wikipedia/commons/thumb/7/7d/2019_12_15_Annibale_Covini_Gerolamo_dida_001_re_950.jpg/960px-2019_12_15_Annibale_Covini_Gerolamo_dida_001_re_950.jpg?utm_source=commons.wikimedia.org&utm_campaign=imageinfo&utm_content=thumbnail
selfies_251_File_2020_hayri_ESMER.jpg,Category:Selfies,File:2020.hayri ESMER.jpg,Hayriesmer,CC BY-SA 4.0,https://commons.wikimedia.org/wiki/File%3A2020.hayri_ESMER.jpg,https://thumb.wikimedia.org/wikipedia/commons/thumb/0/07/2020.hayri_ESMER.jpg/960px-2020.hayri_ESMER.jpg?utm_source=commons.wikimedia.org&utm_campaign=imageinfo&utm_content=thumbnail
selfies_252_File_2021_10_05_Men_o_Honrosa_finalista_do_The_Voi.jpg,Category:Selfies,"File:2021-10-05 Menção Honrosa à finalista do The Voice Kids, Maria Victória 09.jpg",Assembleia Legislativa do Paraná (ALEP),Public domain,https://commons.wikimedia.org/wiki/File%3A2021-10-05_Men%C3%A7%C3%A3o_Honrosa_%C3%A0_finalista_do_The_Voice_Kids%2C_Maria_Vict%C3%B3ria_09.jpg,https://thumb.wikimedia.org/wikipedia/commons/thumb/3/3e/2021-10-05_Men%C3%A7%C3%A3o_Honrosa_%C3%A0_finalista_do_The_Voice_Kids%2C_Maria_Vict%C3%B3ria_09.jpg/960px-2021-10-05_Men%C3%A7%C3%A3o_Honrosa_%C3%A0_finalista_do_The_Voice_Kids%2C_Maria_Vict%C3%B3ria_09.jpg?utm_source=commons.wikimedia.org&utm_campaign=imageinfo&utm_content=thumbnail
selfies_253_File_2022_Attendees_HM3_3398_52471587852.jpg,Category:Selfies,File:2022 - Attendees HM3 3398 (52471587852).jpg,Web Summit,CC BY 2.0,https://commons.wikimedia.org/wiki/File%3A2022_-_Attendees_HM3_3398_%2852471587852%29.jpg,https://thumb.wikimedia.org/wikipedia/commons/thumb/5/51/2022_-_Attendees_HM3_3398_%2852471587852%29.jpg/960px-2022_-_Attendees_HM3_3398_%2852471587852%29.jpg?utm_source=commons.wikimedia.org&utm_campaign=imageinfo&utm_content=thumbnail
selfies_254_File_2022_Influence_at_Palacio_do_Grilo_RC0_9502_5.jpg,Category:Selfies,File:2022 - Influence at Palacio do Grilo RC0 9502 (52473246294).jpg,Web Summit,CC BY 2.0,https://commons.wikimedia.org/wiki/File%3A2022_-_Influence_at_Palacio_do_Grilo_RC0_9502_%2852473246294%29.jpg,https://thumb.wikimedia.org/wikipedia/commons/thumb/1/1c/2022_-_Influence_at_Palacio_do_Grilo_RC0_9502_%2852473246294%29.jpg/960px-2022_-_Influence_at_Palacio_do_Grilo_RC0_9502_%2852473246294%29.jpg?utm_source=commons.wikimedia.org&utm_campaign=imageinfo&utm_content=thumbnail
selfies_255_File_2022_Night_Summit_Hub_Criativo_do_Beato_EN6_7.jpg,Category:Selfies,File:2022 - Night Summit @ Hub Criativo do Beato EN6 7977 (52471319817).jpg,Web Summit,CC BY 2.0,https://commons.wikimedia.org/wiki/File%3A2022_-_Night_Summit_%40_Hub_Criativo_do_Beato_EN6_7977_%2852471319817%29.jpg,https://thumb.wikimedia.org/wikipedia/commons/thumb/7/77/2022_-_Night_Summit_%40_Hub_Criativo_do_Beato_EN6_7977_%2852471319817%29.jpg/960px-2022_-_Night_Summit_%40_Hub_Criativo_do_Beato_EN6_7977_%2852471319817%29.jpg?utm_source=commons.wikimedia.org&utm_campaign=imageinfo&utm_content=thumbnail
selfies_256_File_2022_Night_Summit_Hub_Criativo_do_Beato_EN6_8.jpg,Category:Selfies,File:2022 - Night Summit @ Hub Criativo do Beato EN6 8611 (52472070114).jpg,Web Summit,CC BY 2.0,https://commons.wikimedia.org/wiki/File%3A2022_-_Night_Summit_%40_Hub_Criativo_do_Beato_EN6_8611_%2852472070114%29.jpg,https://thumb.wikimedia.org/wikipedia/commons/thumb/6/6c/2022_-_Night_Summit_%40_Hub_Criativo_do_Beato_EN6_8611_%2852472070114%29.jpg/960px-2022_-_Night_Summit_%40_Hub_Criativo_do_Beato_EN6_8611_%2852472070114%29.jpg?utm_source=commons.wikimedia.org&utm_campaign=imageinfo&utm_content=thumbnail
selfies_257_File_2023_Attendees_ENZ_1686_53330202724.jpg,Category:Selfies,File:2023 - Attendees ENZ 1686 (53330202724).jpg,Web Summit,CC BY 2.0,https://commons.wikimedia.org/wiki/File%3A2023_-_Attendees_ENZ_1686_%2853330202724%29.jpg,https://thumb.wikimedia.org/wikipedia/commons/thumb/2/27/2023_-_Attendees_ENZ_1686_%2853330202724%29.jpg/960px-2023_-_Attendees_ENZ_1686_%2853330202724%29.jpg?utm_source=commons.wikimedia.org&utm_campaign=imageinfo&utm_content=thumbnail
selfies_258_File_2023_Attendees_EZ2_5025_2_53329935438.jpg,Category:Selfies,File:2023 - Attendees EZ2 5025 2 (53329935438).jpg,Web Summit,CC BY 2.0,https://commons.wikimedia.org/wiki/File%3A2023_-_Attendees_EZ2_5025_2_%2853329935438%29.jpg,https://thumb.wikimedia.org/wikipedia/commons/thumb/b/b2/2023_-_Attendees_EZ2_5025_2_%2853329935438%29.jpg/960px-2023_-_Attendees_EZ2_5025_2_%2853329935438%29.jpg?utm_source=commons.wikimedia.org&utm_campaign=imageinfo&utm_content=thumbnail
selfies_259_File_2023_Registration_RCZ_9300_53329939394.jpg,Category:Selfies,File:2023 - Registration RCZ 9300 (53329939394).jpg,Web Summit,CC BY 2.0,https://commons.wikimedia.org/wiki/File%3A2023_-_Registration_RCZ_9300_%2853329939394%29.jpg,https://thumb.wikimedia.org/wikipedia/commons/thumb/7/7c/2023_-_Registration_RCZ_9300_%2853329939394%29.jpg/960px-2023_-_Registration_RCZ_9300_%2853329939394%29.jpg?utm_source=commons.wikimedia.org&utm_campaign=imageinfo&utm_content=thumbnail
selfies_260_File_2023_Registration_RCZ_9329_53329938939.jpg,Category:Selfies,File:2023 - Registration RCZ 9329 (53329938939).jpg,Web Summit,CC BY 2.0,https://commons.wikimedia.org/wiki/File%3A2023_-_Registration_RCZ_9329_%2853329938939%29.jpg,https://thumb.wikimedia.org/wikipedia/commons/thumb/6/6f/2023_-_Registration_RCZ_9329_%2853329938939%29.jpg/960px-2023_-_Registration_RCZ_9329_%2853329938939%29.jpg?utm_source=commons.wikimedia.org&utm_campaign=imageinfo&utm_content=thumbnail
selfies_261_File_2023_Night_Summit_Pavilhao_Carlos_Lopes_EZ2_9.jpg,Category:Selfies,File:2023 Night Summit @ Pavilhao Carlos Lopes EZ2 9211 (53335635814).jpg,Web Summit,CC BY 2.0,https://commons.wikimedia.org/wiki/File%3A2023_Night_Summit_%40_Pavilhao_Carlos_Lopes_EZ2_9211_%2853335635814%29.jpg,https://thumb.wikimedia.org/wikipedia/commons/thumb/3/3c/2023_Night_Summit_%40_Pavilhao_Carlos_Lopes_EZ2_9211_%2853335635814%29.jpg/960px-2023_Night_Summit_%40_Pavilhao_Carlos_Lopes_EZ2_9211_%2853335635814%29.jpg?utm_source=commons.wikimedia.org&utm_campaign=imageinfo&utm_content=thumbnail
selfies_262_File_2023_Night_Summit_Pavilhao_Carlos_Lopes_EZ2_9.jpg,Category:Selfies,File:2023 Night Summit @ Pavilhao Carlos Lopes EZ2 9324 (53335533693).jpg,Web Summit,CC BY 2.0,https://commons.wikimedia.org/wiki/File%3A2023_Night_Summit_%40_Pavilhao_Carlos_Lopes_EZ2_9324_%2853335533693%29.jpg,https://thumb.wikimedia.org/wikipedia/commons/thumb/2/21/2023_Night_Summit_%40_Pavilhao_Carlos_Lopes_EZ2_9324_%2853335533693%29.jpg/960px-2023_Night_Summit_%40_Pavilhao_Carlos_Lopes_EZ2_9324_%2853335533693%29.jpg?utm_source=commons.wikimedia.org&utm_campaign=imageinfo&utm_content=thumbnail
selfies_263_File_2023_Night_Summit_Hub_Creativo_do_Beato_EZ2_5.jpg,Category:Selfies,File:2023 Night Summit @Hub Creativo do Beato EZ2 5656 (53330342457).jpg,Web Summit,CC BY 2.0,https://commons.wikimedia.org/wiki/File%3A2023_Night_Summit_%40Hub_Creativo_do_Beato_EZ2_5656_%2853330342457%29.jpg,https://thumb.wikimedia.org/wikipedia/commons/thumb/2/24/2023_Night_Summit_%40Hub_Creativo_do_Beato_EZ2_5656_%2853330342457%29.jpg/960px-2023_Night_Summit_%40Hub_Creativo_do_Beato_EZ2_5656_%2853330342457%29.jpg?utm_source=commons.wikimedia.org&utm_campaign=imageinfo&utm_content=thumbnail
selfies_264_File_2023_Night_Summit_Hub_Creativo_do_Beato_EZ2_6.jpg,Category:Selfies,File:2023 Night Summit @Hub Creativo do Beato EZ2 6156 (53331435818).jpg,Web Summit,CC BY 2.0,https://commons.wikimedia.org/wiki/File%3A2023_Night_Summit_%40Hub_Creativo_do_Beato_EZ2_6156_%2853331435818%29.jpg,https://thumb.wikimedia.org/wikipedia/commons/thumb/a/ab/2023_Night_Summit_%40Hub_Creativo_do_Beato_EZ2_6156_%2853331435818%29.jpg/960px-2023_Night_Summit_%40Hub_Creativo_do_Beato_EZ2_6156_%2853331435818%29.jpg?utm_source=commons.wikimedia.org&utm_campaign=imageinfo&utm_content=thumbnail
selfies_265_File_2025_11_JB.jpg,Category:Selfies,File:2025 11 JB.jpg,Octavosaurus,CC BY-SA 4.0,https://commons.wikimedia.org/wiki/File%3A2025_11_JB.jpg,https://thumb.wikimedia.org/wikipedia/commons/thumb/0/04/2025_11_JB.jpg/960px-2025_11_JB.jpg?utm_source=commons.wikimedia.org&utm_campaign=imageinfo&utm_content=thumbnail
selfies_266_File_2026_05_23_Christopher_Street_Day_CSD_Hannove.jpg,Category:Selfies,File:2026-05-23 Christopher Street Day CSD Hannover 2026 (29654).jpg,Bernd Schwabe,CC BY-SA 3.0,https://commons.wikimedia.org/wiki/File%3A2026-05-23_Christopher_Street_Day_CSD_Hannover_2026_%2829654%29.jpg,https://thumb.wikimedia.org/wikipedia/commons/thumb/d/d2/2026-05-23_Christopher_Street_Day_CSD_Hannover_2026_%2829654%29.jpg/960px-2026-05-23_Christopher_Street_Day_CSD_Hannover_2026_%2829654%29.jpg?utm_source=commons.wikimedia.org&utm_campaign=imageinfo&utm_content=thumbnail
selfies_267_File_2026_05_23_Christopher_Street_Day_CSD_Hannove.jpg,Category:Selfies,File:2026-05-23 Christopher Street Day CSD Hannover 2026 (91206).jpg,Bernd Schwabe,CC BY-SA 3.0,https://commons.wikimedia.org/wiki/File%3A2026-05-23_Christopher_Street_Day_CSD_Hannover_2026_%2891206%29.jpg,https://thumb.wikimedia.org/wikipedia/commons/thumb/c/ca/2026-05-23_Christopher_Street_Day_CSD_Hannover_2026_%2891206%29.jpg/960px-2026-05-23_Christopher_Street_Day_CSD_Hannover_2026_%2891206%29.jpg?utm_source=commons.wikimedia.org&utm_campaign=imageinfo&utm_content=thumbnail
selfies_268_File_2nd_Meeting_of_PTU_Nankana_Sahib_and_Ageega.jpg,Category:Selfies,File:2nd Meeting of PTU Nankana Sahib and Ageega.jpg,Nazdaariyantv,CC BY-SA 4.0,https://commons.wikimedia.org/wiki/File%3A2nd_Meeting_of_PTU_Nankana_Sahib_and_Ageega.jpg,https://thumb.wikimedia.org/wikipedia/commons/thumb/a/ad/2nd_Meeting_of_PTU_Nankana_Sahib_and_Ageega.jpg/960px-2nd_Meeting_of_PTU_Nankana_Sahib_and_Ageega.jpg?utm_source=commons.wikimedia.org&utm_campaign=imageinfo&utm_content=thumbnail
selfies_269_File_941114_Safa_Asaluyeh_Phase19_IMG_8214.jpg,Category:Selfies,File:941114-Safa-Asaluyeh-Phase19-IMG 8214.jpg,Safa.daneshvar,CC BY-SA 4.0,https://commons.wikimedia.org/wiki/File%3A941114-Safa-Asaluyeh-Phase19-IMG_8214.jpg,https://thumb.wikimedia.org/wikipedia/commons/thumb/b/b1/941114-Safa-Asaluyeh-Phase19-IMG_8214.jpg/960px-941114-Safa-Asaluyeh-Phase19-IMG_8214.jpg?utm_source=commons.wikimedia.org&utm_campaign=imageinfo&utm_content=thumbnail
selfies_270_File_A_joyful_couple_sits_comfortably_in_a_car_lau.jpg,Category:Selfies,"File:A joyful couple sits comfortably in a car, laughing together while taking selfies.jpg",Shixart1985,CC BY 2.0,https://commons.wikimedia.org/wiki/File%3AA_joyful_couple_sits_comfortably_in_a_car%2C_laughing_together_while_taking_selfies.jpg,https://thumb.wikimedia.org/wikipedia/commons/thumb/5/59/A_joyful_couple_sits_comfortably_in_a_car%2C_laughing_together_while_taking_selfies.jpg/960px-A_joyful_couple_sits_comfortably_in_a_car%2C_laughing_together_while_taking_selfies.jpg?utm_source=commons.wikimedia.org&utm_campaign=imageinfo&utm_content=thumbnail
selfies_271_File_A_lady_at_front_day.jpg,Category:Selfies,File:A lady at front day.jpg,Ilya Discuss,CC BY 4.0,https://commons.wikimedia.org/wiki/File%3AA_lady_at_front_day.jpg,https://upload.wikimedia.org/wikipedia/commons/7/79/A_lady_at_front_day.jpg?utm_source=commons.wikimedia.org&utm_campaign=imageinfo&utm_content=thumbnail_unscaled
selfies_272_File_A_man_and_woman_enjoy_a_sunny_day_at_a_cafe_t.jpg,Category:Selfies,"File:A man and woman enjoy a sunny day at a cafe, taking a selfie together.jpg",Shixart1985,CC BY 2.0,https://commons.wikimedia.org/wiki/File%3AA_man_and_woman_enjoy_a_sunny_day_at_a_cafe%2C_taking_a_selfie_together.jpg,https://thumb.wikimedia.org/wikipedia/commons/thumb/3/3b/A_man_and_woman_enjoy_a_sunny_day_at_a_cafe%2C_taking_a_selfie_together.jpg/960px-A_man_and_woman_enjoy_a_sunny_day_at_a_cafe%2C_taking_a_selfie_together.jpg?utm_source=commons.wikimedia.org&utm_campaign=imageinfo&utm_content=thumbnail
selfies_273_File_A_photographer_appears_to_be_photographing_hi.jpg,Category:Selfies,"File:A photographer appears to be photographing himself in a photographic studio) - Wheeler, Berlin, Wis LCCN2004681684.jpg","Miscellaneous Items in High Demand, PPOC, Library of Congress",Public domain,https://commons.wikimedia.org/wiki/File%3AA_photographer_appears_to_be_photographing_himself_in_a_photographic_studio%29_-_Wheeler%2C_Berlin%2C_Wis_LCCN2004681684.jpg,https://thumb.wikimedia.org/wikipedia/commons/thumb/a/a5/A_photographer_appears_to_be_photographing_himself_in_a_photographic_studio%29_-_Wheeler%2C_Berlin%2C_Wis_LCCN2004681684.jpg/960px-A_photographer_appears_to_be_photographing_himself_in_a_photographic_studio%29_-_Wheeler%2C_Berlin%2C_Wis_LCCN2004681684.jpg?utm_source=commons.wikimedia.org&utm_campaign=imageinfo&utm_content=thumbnail
selfies_274_File_A_selfie_image_of_Nonny_Ntlahla_User_actveso.jpg,Category:Selfies,File:A selfie image of Nonny Ntlahla User actveso.jpg,Actveso,CC BY-SA 4.0,https://commons.wikimedia.org/wiki/File%3AA_selfie_image_of_Nonny_Ntlahla_User_actveso.jpg,https://upload.wikimedia.org/wikipedia/commons/c/cb/A_selfie_image_of_Nonny_Ntlahla_User_actveso.jpg?utm_source=commons.wikimedia.org&utm_campaign=imageinfo&utm_content=thumbnail_unscaled
selfies_275_File_A_selfie_taken_by_a_man_using_an_I_love_Wikip.jpg,Category:Selfies,"File:A selfie taken by a man using an ""I love Wikipedia"" filter.jpg",إيان,CC BY-SA 4.0,https://commons.wikimedia.org/wiki/File%3AA_selfie_taken_by_a_man_using_an_%22I_love_Wikipedia%22_filter.jpg,https://thumb.wikimedia.org/wikipedia/commons/thumb/8/8e/A_selfie_taken_by_a_man_using_an_%22I_love_Wikipedia%22_filter.jpg/960px-A_selfie_taken_by_a_man_using_an_%22I_love_Wikipedia%22_filter.jpg?utm_source=commons.wikimedia.org&utm_campaign=imageinfo&utm_content=thumbnail
selfies_276_File_A_sissy_cross_dresser_in_feminine_office_wear.jpg,Category:Selfies,File:A sissy cross dresser in feminine office wear.png,Chinaukgirl,CC BY-SA 3.0,https://commons.wikimedia.org/wiki/File%3AA_sissy_cross_dresser_in_feminine_office_wear.png,https://upload.wikimedia.org/wikipedia/commons/3/36/A_sissy_cross_dresser_in_feminine_office_wear.png?utm_source=commons.wikimedia.org&utm_campaign=imageinfo&utm_content=thumbnail_unscaled
selfies_277_File_A_woman_poses_for_a_selfie.jpg,Category:Selfies,File:A woman poses for a selfie.jpg,Shixart1985,CC BY 2.0,https://commons.wikimedia.org/wiki/File%3AA_woman_poses_for_a_selfie.jpg,https://thumb.wikimedia.org/wikipedia/commons/thumb/b/be/A_woman_poses_for_a_selfie.jpg/960px-A_woman_poses_for_a_selfie.jpg?utm_source=commons.wikimedia.org&utm_campaign=imageinfo&utm_content=thumbnail
selfies_278_File_Aaronlongcropbw.jpg,Category:Selfies,File:Aaronlongcropbw.jpg,Aaron Long,CC0,https://commons.wikimedia.org/wiki/File%3AAaronlongcropbw.jpg,https://upload.wikimedia.org/wikipedia/commons/e/e2/Aaronlongcropbw.jpg?utm_source=commons.wikimedia.org&utm_campaign=imageinfo&utm_content=thumbnail_unscaled
selfies_279_File_Adele_Raemer_self_portrait.jpg,Category:Selfies,File:Adele Raemer self-portrait.jpg,Zioness on the Border,CC BY-SA 4.0,https://commons.wikimedia.org/wiki/File%3AAdele_Raemer_self-portrait.jpg,https://thumb.wikimedia.org/wikipedia/commons/thumb/8/84/Adele_Raemer_self-portrait.jpg/960px-Adele_Raemer_self-portrait.jpg?utm_source=commons.wikimedia.org&utm_campaign=imageinfo&utm_content=thumbnail
selfies_280_File_Ahsan_Mahim_in_Dhanmondi_in_2024.jpg,Category:Selfies,File:Ahsan Mahim in Dhanmondi in 2024.jpg,Ahsan Mahim Ʒaaz,CC0,https://commons.wikimedia.org/wiki/File%3AAhsan_Mahim_in_Dhanmondi_in_2024.jpg,https://thumb.wikimedia.org/wikipedia/commons/thumb/8/82/Ahsan_Mahim_in_Dhanmondi_in_2024.jpg/960px-Ahsan_Mahim_in_Dhanmondi_in_2024.jpg?utm_source=commons.wikimedia.org&utm_campaign=imageinfo&utm_content=thumbnail
selfies_281_File_Ajrocket1_u_prstence_nedokon_en_tlakov_n_doby.jpg,Category:Selfies,File:Ajrocket1 u prstence nedokončené tlakové nádoby reaktoru VVER-1000 V320.jpg,Ajrocket1,CC BY-SA 4.0,https://commons.wikimedia.org/wiki/File%3AAjrocket1_u_prstence_nedokon%C4%8Den%C3%A9_tlakov%C3%A9_n%C3%A1doby_reaktoru_VVER-1000_V320.jpg,https://thumb.wikimedia.org/wikipedia/commons/thumb/8/83/Ajrocket1_u_prstence_nedokon%C4%8Den%C3%A9_tlakov%C3%A9_n%C3%A1doby_reaktoru_VVER-1000_V320.jpg/960px-Ajrocket1_u_prstence_nedokon%C4%8Den%C3%A9_tlakov%C3%A9_n%C3%A1doby_reaktoru_VVER-1000_V320.jpg?utm_source=commons.wikimedia.org&utm_campaign=imageinfo&utm_content=thumbnail
selfies_282_File_Ala_de_Ventura_Medina.jpg,Category:Selfies,File:Alaíde Ventura Medina.jpg,Amiguiz,CC BY-SA 4.0,https://commons.wikimedia.org/wiki/File%3AAla%C3%ADde_Ventura_Medina.jpg,https://upload.wikimedia.org/wikipedia/commons/f/fa/Ala%C3%ADde_Ventura_Medina.jpg?utm_source=commons.wikimedia.org&utm_campaign=imageinfo&utm_content=thumbnail_unscaled
selfies_283_File_Alberto_Magatti.jpg,Category:Selfies,File:Alberto Magatti.jpg,Albertomagatti,CC BY-SA 4.0,https://commons.wikimedia.org/wiki/File%3AAlberto_Magatti.jpg,https://thumb.wikimedia.org/wikipedia/commons/thumb/a/ab/Alberto_Magatti.jpg/960px-Alberto_Magatti.jpg?utm_source=commons.wikimedia.org&utm_campaign=imageinfo&utm_content=thumbnail
selfies_284_File_Aleksandar_Obradovic_1986.jpg,Category:Selfies,File:Aleksandar Obradovic 1986.jpg,Morpheus86SO,CC BY-SA 4.0,https://commons.wikimedia.org/wiki/File%3AAleksandar_Obradovic_1986.jpg,https://thumb.wikimedia.org/wikipedia/commons/thumb/9/94/Aleksandar_Obradovic_1986.jpg/960px-Aleksandar_Obradovic_1986.jpg?utm_source=commons.wikimedia.org&utm_campaign=imageinfo&utm_content=thumbnail
selfies_285_File_Alexander_Hilsenbeck_Filho.jpg,Category:Selfies,File:Alexander Hilsenbeck Filho.jpg,AHilsenbeck (WMB),CC BY-SA 4.0,https://commons.wikimedia.org/wiki/File%3AAlexander_Hilsenbeck_Filho.jpg,https://thumb.wikimedia.org/wikipedia/commons/thumb/5/5d/Alexander_Hilsenbeck_Filho.jpg/960px-Alexander_Hilsenbeck_Filho.jpg?utm_source=commons.wikimedia.org&utm_campaign=imageinfo&utm_content=thumbnail
selfies_286_File_Amir_Parvin_Hosseini_2023.jpg,Category:Selfies,File:Amir Parvin Hosseini 2023.jpg,Amir Parvin Hosseini,CC BY 4.0,https://commons.wikimedia.org/wiki/File%3AAmir_Parvin_Hosseini_2023.jpg,https://thumb.wikimedia.org/wikipedia/commons/thumb/9/9a/Amir_Parvin_Hosseini_2023.jpg/960px-Amir_Parvin_Hosseini_2023.jpg?utm_source=commons.wikimedia.org&utm_campaign=imageinfo&utm_content=thumbnail
selfies_287_File_Amy_Dryansky_Headshot_1_2.jpg,Category:Selfies,File:Amy Dryansky Headshot 1 (2).jpg,AmyDry,CC BY-SA 4.0,https://commons.wikimedia.org/wiki/File%3AAmy_Dryansky_Headshot_1_%282%29.jpg,https://thumb.wikimedia.org/wikipedia/commons/thumb/8/81/Amy_Dryansky_Headshot_1_%282%29.jpg/960px-Amy_Dryansky_Headshot_1_%282%29.jpg?utm_source=commons.wikimedia.org&utm_campaign=imageinfo&utm_content=thumbnail
selfies_288_File_An_image_of_me.jpg,Category:Selfies,File:An image of me.jpg,Siniom,CC BY-SA 4.0,https://commons.wikimedia.org/wiki/File%3AAn_image_of_me.jpg,https://thumb.wikimedia.org/wikipedia/commons/thumb/0/0f/An_image_of_me.jpg/960px-An_image_of_me.jpg?utm_source=commons.wikimedia.org&utm_campaign=imageinfo&utm_content=thumbnail
selfies_289_File_Ana_Hissa.jpg,Category:Selfies,File:Ana Hissa.jpg,Carlos Tecles,CC BY-SA 4.0,https://commons.wikimedia.org/wiki/File%3AAna_Hissa.jpg,https://upload.wikimedia.org/wikipedia/commons/a/a9/Ana_Hissa.jpg?utm_source=commons.wikimedia.org&utm_campaign=imageinfo&utm_content=thumbnail_unscaled
selfies_290_File_Andreas_Hase_in_B_ume_f_r_die_Seele.jpg,Category:Selfies,File:Andreas Hase in Bäume für die Seele.jpg,Andreas Hase,CC BY-SA 4.0,https://commons.wikimedia.org/wiki/File%3AAndreas_Hase_in_B%C3%A4ume_f%C3%BCr_die_Seele.jpg,https://thumb.wikimedia.org/wikipedia/commons/thumb/6/6f/Andreas_Hase_in_B%C3%A4ume_f%C3%BCr_die_Seele.jpg/960px-Andreas_Hase_in_B%C3%A4ume_f%C3%BCr_die_Seele.jpg?utm_source=commons.wikimedia.org&utm_campaign=imageinfo&utm_content=thumbnail
selfies_291_File_Andrew_Saied.jpg,Category:Selfies,File:Andrew Saied.jpg,Andrew Saied,CC BY-SA 4.0,https://commons.wikimedia.org/wiki/File%3AAndrew_Saied.jpg,https://thumb.wikimedia.org/wikipedia/commons/thumb/7/7e/Andrew_Saied.jpg/960px-Andrew_Saied.jpg?utm_source=commons.wikimedia.org&utm_campaign=imageinfo&utm_content=thumbnail
selfies_292_File_Andrew_At_KAPX_WFO.jpg,Category:Selfies,File:Andrew-At-KAPX-WFO.jpg,Andrew The Weather Guy,CC BY-SA 4.0,https://commons.wikimedia.org/wiki/File%3AAndrew-At-KAPX-WFO.jpg,https://thumb.wikimedia.org/wikipedia/commons/thumb/a/a6/Andrew-At-KAPX-WFO.jpg/960px-Andrew-At-KAPX-WFO.jpg?utm_source=commons.wikimedia.org&utm_campaign=imageinfo&utm_content=thumbnail
selfies_293_File_Andrew_infont_of_KAPX_WSR88D.jpg,Category:Selfies,File:Andrew-infont-of-KAPX-WSR88D.jpg,Andrew The Weather Guy,CC BY-SA 4.0,https://commons.wikimedia.org/wiki/File%3AAndrew-infont-of-KAPX-WSR88D.jpg,https://thumb.wikimedia.org/wikipedia/commons/thumb/1/1c/Andrew-infont-of-KAPX-WSR88D.jpg/960px-Andrew-infont-of-KAPX-WSR88D.jpg?utm_source=commons.wikimedia.org&utm_campaign=imageinfo&utm_content=thumbnail
selfies_294_File_Andrzej_Ballo.jpg,Category:Selfies,File:Andrzej Ballo.jpg,Andrzej Ballo,CC BY-SA 3.0,https://commons.wikimedia.org/wiki/File%3AAndrzej_Ballo.jpg,https://upload.wikimedia.org/wikipedia/commons/e/ea/Andrzej_Ballo.jpg?utm_source=commons.wikimedia.org&utm_campaign=imageinfo&utm_content=thumbnail_unscaled
selfies_295_File_Animal_Shapes_Mask.jpg,Category:Selfies,File:Animal Shapes Mask.jpg,Gaurav Dhwaj Khadka,CC BY-SA 4.0,https://commons.wikimedia.org/wiki/File%3AAnimal_Shapes_Mask.jpg,https://thumb.wikimedia.org/wikipedia/commons/thumb/b/bb/Animal_Shapes_Mask.jpg/960px-Animal_Shapes_Mask.jpg?utm_source=commons.wikimedia.org&utm_campaign=imageinfo&utm_content=thumbnail
selfies_296_File_Anton_Hard_photographer_in_St_Petersburg_Russ.jpg,Category:Selfies,File:Anton Hard (photographer) in St Petersburg Russia.jpg,Antonhard,CC BY-SA 4.0,https://commons.wikimedia.org/wiki/File%3AAnton_Hard_%28photographer%29_in_St_Petersburg_Russia.jpg,https://upload.wikimedia.org/wikipedia/commons/1/17/Anton_Hard_%28photographer%29_in_St_Petersburg_Russia.jpg?utm_source=commons.wikimedia.org&utm_campaign=imageinfo&utm_content=thumbnail_unscaled
selfies_297_File_Antonio_Fernandes_Copia.jpg,Category:Selfies,File:Antonio Fernandes - Copia.jpg,Antonio.Fernandes.73,CC BY-SA 4.0,https://commons.wikimedia.org/wiki/File%3AAntonio_Fernandes_-_Copia.jpg,https://thumb.wikimedia.org/wikipedia/commons/thumb/a/aa/Antonio_Fernandes_-_Copia.jpg/960px-Antonio_Fernandes_-_Copia.jpg?utm_source=commons.wikimedia.org&utm_campaign=imageinfo&utm_content=thumbnail
selfies_298_File_Antti_Korhonen_2020.jpg,Category:Selfies,File:Antti Korhonen 2020.jpg,Pipimoni,CC BY-SA 4.0,https://commons.wikimedia.org/wiki/File%3AAntti_Korhonen_2020.jpg,https://thumb.wikimedia.org/wikipedia/commons/thumb/b/b9/Antti_Korhonen_2020.jpg/960px-Antti_Korhonen_2020.jpg?utm_source=commons.wikimedia.org&utm_campaign=imageinfo&utm_content=thumbnail
selfies_299_File_Anza_Borrego_Desert_State_Park_Borrego_Spring.jpg,Category:Selfies,"File:Anza-Borrego Desert State Park, Borrego Springs, United States (Unsplash pAs4IM6OGWI).jpg",Joe Gardner josephgardnerphotography,CC0,https://commons.wikimedia.org/wiki/File%3AAnza-Borrego_Desert_State_Park%2C_Borrego_Springs%2C_United_States_%28Unsplash_pAs4IM6OGWI%29.jpg,https://thumb.wikimedia.org/wikipedia/commons/thumb/3/38/Anza-Borrego_Desert_State_Park%2C_Borrego_Springs%2C_United_States_%28Unsplash_pAs4IM6OGWI%29.jpg/960px-Anza-Borrego_Desert_State_Park%2C_Borrego_Springs%2C_United_States_%28Unsplash_pAs4IM6OGWI%29.jpg?utm_source=commons.wikimedia.org&utm_campaign=imageinfo&utm_content=thumbnail
selfies_300_File_Apurva_kher.jpg,Category:Selfies,File:Apurva kher.jpg,Apurva09,CC BY-SA 4.0,https://commons.wikimedia.org/wiki/File%3AApurva_kher.jpg,https://thumb.wikimedia.org/wikipedia/commons/thumb/5/5e/Apurva_kher.jpg/960px-Apurva_kher.jpg?utm_source=commons.wikimedia.org&utm_campaign=imageinfo&utm_content=thumbnail
selfies_301_File_Aristidek5maya_at_Wikimania_2023.jpg,Category:Selfies,File:Aristidek5maya at Wikimania 2023.jpg,Aristidek5maya,CC BY-SA 4.0,https://commons.wikimedia.org/wiki/File%3AAristidek5maya_at_Wikimania_2023.jpg,https://thumb.wikimedia.org/wikipedia/commons/thumb/3/3f/Aristidek5maya_at_Wikimania_2023.jpg/960px-Aristidek5maya_at_Wikimania_2023.jpg?utm_source=commons.wikimedia.org&utm_campaign=imageinfo&utm_content=thumbnail
selfies_302_File_Arlo_the_Dinosaur.jpg,Category:Selfies,File:Arlo the Dinosaur .jpg,Arstew0123,CC BY-SA 4.0,https://commons.wikimedia.org/wiki/File%3AArlo_the_Dinosaur_.jpg,https://thumb.wikimedia.org/wikipedia/commons/thumb/1/17/Arlo_the_Dinosaur_.jpg/960px-Arlo_the_Dinosaur_.jpg?utm_source=commons.wikimedia.org&utm_campaign=imageinfo&utm_content=thumbnail
selfies_303_File_Armando_Olivo_Mart_n_del_Campo_Fot_grafo_Mexi.jpg,Category:Selfies,File:Armando Olivo Martín del Campo Fotógrafo Mexicano.jpg,Armando Olivo Martín del Campo,CC BY-SA 4.0,https://commons.wikimedia.org/wiki/File%3AArmando_Olivo_Mart%C3%ADn_del_Campo_Fot%C3%B3grafo_Mexicano.jpg,https://thumb.wikimedia.org/wikipedia/commons/thumb/6/6b/Armando_Olivo_Mart%C3%ADn_del_Campo_Fot%C3%B3grafo_Mexicano.jpg/960px-Armando_Olivo_Mart%C3%ADn_del_Campo_Fot%C3%B3grafo_Mexicano.jpg?utm_source=commons.wikimedia.org&utm_campaign=imageinfo&utm_content=thumbnail
selfies_304_File_Art_Director_M_Prabakaran_2.jpg,Category:Selfies,File:Art Director M.Prabakaran 2.jpg,Artdirectorprabakaran,CC BY-SA 4.0,https://commons.wikimedia.org/wiki/File%3AArt_Director_M.Prabakaran_2.jpg,https://thumb.wikimedia.org/wikipedia/commons/thumb/f/fa/Art_Director_M.Prabakaran_2.jpg/960px-Art_Director_M.Prabakaran_2.jpg?utm_source=commons.wikimedia.org&utm_campaign=imageinfo&utm_content=thumbnail
selfies_305_File_Arthur_Markaryan.jpg,Category:Selfies,File:Arthur Markaryan.jpg,Arthur Markaryan,CC BY-SA 4.0,https://commons.wikimedia.org/wiki/File%3AArthur_Markaryan.jpg,https://thumb.wikimedia.org/wikipedia/commons/thumb/d/d3/Arthur_Markaryan.jpg/960px-Arthur_Markaryan.jpg?utm_source=commons.wikimedia.org&utm_campaign=imageinfo&utm_content=thumbnail
selfies_306_File_Artista_peruana.jpg,Category:Selfies,File:Artista peruana.jpg,Javier Fabrizzio Rojas Ayala,CC BY-SA 4.0,https://commons.wikimedia.org/wiki/File%3AArtista_peruana.jpg,https://thumb.wikimedia.org/wikipedia/commons/thumb/5/5c/Artista_peruana.jpg/960px-Artista_peruana.jpg?utm_source=commons.wikimedia.org&utm_campaign=imageinfo&utm_content=thumbnail
selfies_307_File_Ashu_pic.jpg,Category:Selfies,File:Ashu pic.jpg,ASHWINI V ASHU,CC BY-SA 4.0,https://commons.wikimedia.org/wiki/File%3AAshu_pic.jpg,https://upload.wikimedia.org/wikipedia/commons/2/28/Ashu_pic.jpg?utm_source=commons.wikimedia.org&utm_campaign=imageinfo&utm_content=thumbnail_unscaled
selfies_308_File_At_The_Beach_16_July_11_5942284443.jpg,Category:Selfies,File:At The Beach 16 July '11 (5942284443).jpg,"Tom Reynolds from Melbourne, Australia",CC BY 2.0,https://commons.wikimedia.org/wiki/File%3AAt_The_Beach_16_July_%2711_%285942284443%29.jpg,https://thumb.wikimedia.org/wikipedia/commons/thumb/1/12/At_The_Beach_16_July_%2711_%285942284443%29.jpg/960px-At_The_Beach_16_July_%2711_%285942284443%29.jpg?utm_source=commons.wikimedia.org&utm_campaign=imageinfo&utm_content=thumbnail
selfies_309_File_Attractive_young_couple_taking_selfie_portrai.jpg,Category:Selfies,File:Attractive young couple taking selfie portrait with smart mobile on the bed.jpg,Shixart1985,CC BY 2.0,https://commons.wikimedia.org/wiki/File%3AAttractive_young_couple_taking_selfie_portrait_with_smart_mobile_on_the_bed.jpg,https://thumb.wikimedia.org/wikipedia/commons/thumb/7/7e/Attractive_young_couple_taking_selfie_portrait_with_smart_mobile_on_the_bed.jpg/960px-Attractive_young_couple_taking_selfie_portrait_with_smart_mobile_on_the_bed.jpg?utm_source=commons.wikimedia.org&utm_campaign=imageinfo&utm_content=thumbnail
selfies_310_File_Au_palais_des_congr_s_de_Lom.jpg,Category:Selfies,File:Au palais des congrès de Lomé.jpg,Lome2023,CC BY-SA 4.0,https://commons.wikimedia.org/wiki/File%3AAu_palais_des_congr%C3%A8s_de_Lom%C3%A9.jpg,https://thumb.wikimedia.org/wikipedia/commons/thumb/6/63/Au_palais_des_congr%C3%A8s_de_Lom%C3%A9.jpg/960px-Au_palais_des_congr%C3%A8s_de_Lom%C3%A9.jpg?utm_source=commons.wikimedia.org&utm_campaign=imageinfo&utm_content=thumbnail
selfies_311_File_Autoportrait_aux_lunettes_solaires2.jpg,Category:Selfies,File:Autoportrait aux lunettes solaires2.jpg,Bachelot Pierre J-P,CC BY-SA 3.0,https://commons.wikimedia.org/wiki/File%3AAutoportrait_aux_lunettes_solaires2.jpg,https://thumb.wikimedia.org/wikipedia/commons/thumb/a/ac/Autoportrait_aux_lunettes_solaires2.jpg/960px-Autoportrait_aux_lunettes_solaires2.jpg?utm_source=commons.wikimedia.org&utm_campaign=imageinfo&utm_content=thumbnail
selfies_312_File_Autoportrait_Dan_Tanson_10_2024.jpg,Category:Selfies,File:Autoportrait Dan Tanson 10 2024.jpg,Dan Tanson,CC BY-SA 4.0,https://commons.wikimedia.org/wiki/File%3AAutoportrait_Dan_Tanson_10_2024.jpg,https://thumb.wikimedia.org/wikipedia/commons/thumb/6/67/Autoportrait_Dan_Tanson_10_2024.jpg/960px-Autoportrait_Dan_Tanson_10_2024.jpg?utm_source=commons.wikimedia.org&utm_campaign=imageinfo&utm_content=thumbnail
selfies_313_File_Autoportrait_Dan_Tanson_Mee_2023.jpg,Category:Selfies,File:Autoportrait Dan Tanson Mee 2023.jpg,Dan Tanson,CC BY-SA 4.0,https://commons.wikimedia.org/wiki/File%3AAutoportrait_Dan_Tanson_Mee_2023.jpg,https://thumb.wikimedia.org/wikipedia/commons/thumb/1/18/Autoportrait_Dan_Tanson_Mee_2023.jpg/960px-Autoportrait_Dan_Tanson_Mee_2023.jpg?utm_source=commons.wikimedia.org&utm_campaign=imageinfo&utm_content=thumbnail
selfies_314_File_Autoportrait_Dan_Tanson_october_2024.jpg,Category:Selfies,File:Autoportrait Dan Tanson october 2024.jpg,Dan Tanson,CC BY-SA 4.0,https://commons.wikimedia.org/wiki/File%3AAutoportrait_Dan_Tanson_october_2024.jpg,https://thumb.wikimedia.org/wikipedia/commons/thumb/c/c2/Autoportrait_Dan_Tanson_october_2024.jpg/960px-Autoportrait_Dan_Tanson_october_2024.jpg?utm_source=commons.wikimedia.org&utm_campaign=imageinfo&utm_content=thumbnail
selfies_315_File_Autoportrait_de_Bertrand_Calenge.jpg,Category:Selfies,File:Autoportrait de Bertrand Calenge.jpg,Bertrand Calenge,CC BY 2.0,https://commons.wikimedia.org/wiki/File%3AAutoportrait_de_Bertrand_Calenge.jpg,https://upload.wikimedia.org/wikipedia/commons/b/b5/Autoportrait_de_Bertrand_Calenge.jpg?utm_source=commons.wikimedia.org&utm_campaign=imageinfo&utm_content=thumbnail_unscaled
selfies_316_File_Autorretrato_de_Gilberto_Perin_Selfie.jpg,Category:Selfies,File:Autorretrato de Gilberto Perin (Selfie).jpg,Gilberto Perin,CC BY-SA 2.0,https://commons.wikimedia.org/wiki/File%3AAutorretrato_de_Gilberto_Perin_%28Selfie%29.jpg,https://thumb.wikimedia.org/wikipedia/commons/thumb/7/78/Autorretrato_de_Gilberto_Perin_%28Selfie%29.jpg/960px-Autorretrato_de_Gilberto_Perin_%28Selfie%29.jpg?utm_source=commons.wikimedia.org&utm_campaign=imageinfo&utm_content=thumbnail
selfies_317_File_Avdhesh_Kushwaha_On_Parle_TVC.jpg,Category:Selfies,File:Avdhesh Kushwaha On Parle TVC.jpg,Therajeshjoshi,CC BY-SA 4.0,https://commons.wikimedia.org/wiki/File%3AAvdhesh_Kushwaha_On_Parle_TVC.jpg,https://upload.wikimedia.org/wikipedia/commons/3/30/Avdhesh_Kushwaha_On_Parle_TVC.jpg?utm_source=commons.wikimedia.org&utm_campaign=imageinfo&utm_content=thumbnail_unscaled
selfies_318_File_Aviel_Basil_1.jpg,Category:Selfies,File:Aviel Basil 1.jpg,אביאל בסיל,CC0,https://commons.wikimedia.org/wiki/File%3AAviel_Basil_1.jpg,https://upload.wikimedia.org/wikipedia/commons/b/be/Aviel_Basil_1.jpg?utm_source=commons.wikimedia.org&utm_campaign=imageinfo&utm_content=thumbnail_unscaled
selfies_319_File_Ayshamar.jpg,Category:Selfies,File:Ayshamar.jpg,ResearchGuru.28,CC BY-SA 4.0,https://commons.wikimedia.org/wiki/File%3AAyshamar.jpg,https://thumb.wikimedia.org/wikipedia/commons/thumb/0/05/Ayshamar.jpg/960px-Ayshamar.jpg?utm_source=commons.wikimedia.org&utm_campaign=imageinfo&utm_content=thumbnail
passport-photographs_320_File_1935_passport_photos.jpg,Category:Passport photographs,File:1935 passport photos.jpg,Robert Scott Kellner,CC BY-SA 3.0,https://commons.wikimedia.org/wiki/File%3A1935_passport_photos.jpg,https://upload.wikimedia.org/wikipedia/commons/4/4b/1935_passport_photos.jpg?utm_source=commons.wikimedia.org&utm_campaign=imageinfo&utm_content=thumbnail_unscaled
passport-photographs_321_File_Abdul_Rahim_al_Rahmani.jpg,Category:Passport photographs,File:Abdul Rahim al-Rahmani.jpg,Dawood al-Rahmani,Public domain,https://commons.wikimedia.org/wiki/File%3AAbdul_Rahim_al-Rahmani.jpg,https://upload.wikimedia.org/wikipedia/commons/5/57/Abdul_Rahim_al-Rahmani.jpg?utm_source=commons.wikimedia.org&utm_campaign=imageinfo&utm_content=thumbnail_unscaled
passport-photographs_322_File_ADAREA_Fransema_pasfoto.jpg,Category:Passport photographs,File:ADAREA Fransema pasfoto.jpg,Unknown authorUnknown author,Public domain,https://commons.wikimedia.org/wiki/File%3AADAREA_Fransema_pasfoto.jpg,https://thumb.wikimedia.org/wikipedia/commons/thumb/c/c8/ADAREA_Fransema_pasfoto.jpg/960px-ADAREA_Fransema_pasfoto.jpg?utm_source=commons.wikimedia.org&utm_campaign=imageinfo&utm_content=thumbnail
passport-photographs_323_File_AEG_V_Mallet_30_04_1919_Ab124.jpg,Category:Passport photographs,File:AEG V Mallet 30-04-1919 Ab124.png,Archives d'Etat de Genève,CC BY-SA 4.0,https://commons.wikimedia.org/wiki/File%3AAEG_V_Mallet_30-04-1919_Ab124.png,https://thumb.wikimedia.org/wikipedia/commons/thumb/c/c8/AEG_V_Mallet_30-04-1919_Ab124.png/960px-AEG_V_Mallet_30-04-1919_Ab124.png?utm_source=commons.wikimedia.org&utm_campaign=imageinfo&utm_content=thumbnail
passport-photographs_324_File_Aem_bob_duynstee_1407713148.jpg,Category:Passport photographs,File:Aem-bob-duynstee-1407713148.jpg,Theo J.F. Schalke,CC BY 3.0,https://commons.wikimedia.org/wiki/File%3AAem-bob-duynstee-1407713148.jpg,https://upload.wikimedia.org/wikipedia/commons/3/3a/Aem-bob-duynstee-1407713148.jpg?utm_source=commons.wikimedia.org&utm_campaign=imageinfo&utm_content=thumbnail_unscaled
passport-photographs_325_File_Alois_Vladislav_Vran_1851_1907_portrait.jpg,Category:Passport photographs,File:Alois Vladislav Vraný (1851-1907) portrait.jpg,Unknown authorUnknown author,Public domain,https://commons.wikimedia.org/wiki/File%3AAlois_Vladislav_Vran%C3%BD_%281851-1907%29_portrait.jpg,https://upload.wikimedia.org/wikipedia/commons/5/51/Alois_Vladislav_Vran%C3%BD_%281851-1907%29_portrait.jpg?utm_source=commons.wikimedia.org&utm_campaign=imageinfo&utm_content=thumbnail_unscaled
passport-photographs_326_File_Alois_Vladislav_Vran.jpg,Category:Passport photographs,File:Alois Vladislav Vraný.jpeg,Unknown authorUnknown author,Public domain,https://commons.wikimedia.org/wiki/File%3AAlois_Vladislav_Vran%C3%BD.jpeg,https://thumb.wikimedia.org/wikipedia/commons/thumb/0/0d/Alois_Vladislav_Vran%C3%BD.jpeg/960px-Alois_Vladislav_Vran%C3%BD.jpeg?utm_source=commons.wikimedia.org&utm_campaign=imageinfo&utm_content=thumbnail
passport-photographs_327_File_Alpo_Sailo_1920.jpg,Category:Passport photographs,File:Alpo Sailo 1920.jpg,Unknown authorUnknown author,CC BY 4.0,https://commons.wikimedia.org/wiki/File%3AAlpo_Sailo_1920.jpg,https://thumb.wikimedia.org/wikipedia/commons/thumb/c/c2/Alpo_Sailo_1920.jpg/960px-Alpo_Sailo_1920.jpg?utm_source=commons.wikimedia.org&utm_campaign=imageinfo&utm_content=thumbnail
passport-photographs_328_File_Amir_Chand_Bombwal_Passport.jpg,Category:Passport photographs,File:Amir Chand Bombwal Passport.jpg,Own work,Public domain,https://commons.wikimedia.org/wiki/File%3AAmir_Chand_Bombwal_Passport.jpg,https://upload.wikimedia.org/wikipedia/commons/d/db/Amir_Chand_Bombwal_Passport.jpg?utm_source=commons.wikimedia.org&utm_campaign=imageinfo&utm_content=thumbnail_unscaled
passport-photographs_329_File_Andre_Simone_Otto_Katz_cropped.jpg,Category:Passport photographs,File:Andre Simone - Otto Katz (cropped).jpg,Britské úřady,Public domain,https://commons.wikimedia.org/wiki/File%3AAndre_Simone_-_Otto_Katz_%28cropped%29.jpg,https://upload.wikimedia.org/wikipedia/commons/b/bf/Andre_Simone_-_Otto_Katz_%28cropped%29.jpg?utm_source=commons.wikimedia.org&utm_campaign=imageinfo&utm_content=thumbnail_unscaled
passport-photographs_330_File_Anita_Stewart_in_her_1924_passport_applicatio.jpg,Category:Passport photographs,File:Anita Stewart in her 1924 passport application.jpg,US State Department,Public domain,https://commons.wikimedia.org/wiki/File%3AAnita_Stewart_in_her_1924_passport_application.jpg,https://upload.wikimedia.org/wikipedia/commons/7/71/Anita_Stewart_in_her_1924_passport_application.jpg?utm_source=commons.wikimedia.org&utm_campaign=imageinfo&utm_content=thumbnail_unscaled
passport-photographs_331_File_Anna_bergmannova_portrait_1936_x.jpg,Category:Passport photographs,File:Anna-bergmannova-portrait-1936-x.jpg,author unknown,Public domain,https://commons.wikimedia.org/wiki/File%3AAnna-bergmannova-portrait-1936-x.jpg,https://upload.wikimedia.org/wikipedia/commons/f/fd/Anna-bergmannova-portrait-1936-x.jpg?utm_source=commons.wikimedia.org&utm_campaign=imageinfo&utm_content=thumbnail_unscaled
passport-photographs_332_File_Anthonie_ernst_marie_duijnstee_1407713489.jpg,Category:Passport photographs,File:Anthonie-ernst-marie-duijnstee-1407713489.jpg,Theo J.F. Schalke,CC BY 3.0,https://commons.wikimedia.org/wiki/File%3AAnthonie-ernst-marie-duijnstee-1407713489.jpg,https://thumb.wikimedia.org/wikipedia/commons/thumb/2/2f/Anthonie-ernst-marie-duijnstee-1407713489.jpg/960px-Anthonie-ernst-marie-duijnstee-1407713489.jpg?utm_source=commons.wikimedia.org&utm_campaign=imageinfo&utm_content=thumbnail
passport-photographs_333_File_Anthony_D_Bajada_Passport_Photo.jpg,Category:Passport photographs,File:Anthony D. Bajada - Passport Photo.jpg,U.S. Government,Public domain,https://commons.wikimedia.org/wiki/File%3AAnthony_D._Bajada_-_Passport_Photo.jpg,https://upload.wikimedia.org/wikipedia/commons/f/fc/Anthony_D._Bajada_-_Passport_Photo.jpg?utm_source=commons.wikimedia.org&utm_campaign=imageinfo&utm_content=thumbnail_unscaled
passport-photographs_334_File_Antoine_Fran_ois_Philippe_de_Perier_1894_1933.jpg,Category:Passport photographs,File:Antoine François Philippe de Perier (1894-1933) in 1921.jpg,AnonymousUnknown author,Public domain,https://commons.wikimedia.org/wiki/File%3AAntoine_Fran%C3%A7ois_Philippe_de_Perier_%281894-1933%29_in_1921.jpg,https://upload.wikimedia.org/wikipedia/commons/5/57/Antoine_Fran%C3%A7ois_Philippe_de_Perier_%281894-1933%29_in_1921.jpg?utm_source=commons.wikimedia.org&utm_campaign=imageinfo&utm_content=thumbnail_unscaled
passport-photographs_335_File_ArtisWolkers1951.jpg,Category:Passport photographs,File:ArtisWolkers1951.jpg,unknown author (passport photograph),Public domain,https://commons.wikimedia.org/wiki/File%3AArtisWolkers1951.jpg,https://thumb.wikimedia.org/wikipedia/commons/thumb/9/92/ArtisWolkers1951.jpg/960px-ArtisWolkers1951.jpg?utm_source=commons.wikimedia.org&utm_campaign=imageinfo&utm_content=thumbnail
passport-photographs_336_File_Basile_Morin_photo_ID_around_1982.jpg,Category:Passport photographs,File:Basile Morin photo ID around 1982.jpg,Basile Morin,CC BY-SA 4.0,https://commons.wikimedia.org/wiki/File%3ABasile_Morin_photo_ID_around_1982.jpg,https://thumb.wikimedia.org/wikipedia/commons/thumb/e/e2/Basile_Morin_photo_ID_around_1982.jpg/960px-Basile_Morin_photo_ID_around_1982.jpg?utm_source=commons.wikimedia.org&utm_campaign=imageinfo&utm_content=thumbnail
passport-photographs_337_File_Ben_hur_lampman_1922.jpg,Category:Passport photographs,File:Ben hur lampman 1922.jpg,,Public domain,https://commons.wikimedia.org/wiki/File%3ABen_hur_lampman_1922.jpg,https://upload.wikimedia.org/wikipedia/commons/b/b2/Ben_hur_lampman_1922.jpg?utm_source=commons.wikimedia.org&utm_campaign=imageinfo&utm_content=thumbnail_unscaled
passport-photographs_338_File_Berthold_Schwarz_passport_photograph.jpg,Category:Passport photographs,File:Berthold Schwarz passport photograph.jpg,AnonymousUnknown author,Public domain,https://commons.wikimedia.org/wiki/File%3ABerthold_Schwarz_passport_photograph.jpg,https://upload.wikimedia.org/wikipedia/commons/0/07/Berthold_Schwarz_passport_photograph.jpg?utm_source=commons.wikimedia.org&utm_campaign=imageinfo&utm_content=thumbnail_unscaled
passport-photographs_339_File_Berton_Braley_1923.jpg,Category:Passport photographs,File:Berton Braley 1923.jpg,U.S. Govt. The original uploader was Brian0918 at English Wikipedia.,Public domain,https://commons.wikimedia.org/wiki/File%3ABerton_Braley_1923.jpg,https://upload.wikimedia.org/wikipedia/commons/f/f3/Berton_Braley_1923.jpg?utm_source=commons.wikimedia.org&utm_campaign=imageinfo&utm_content=thumbnail_unscaled
passport-photographs_340_File_Bhabananda_Deka_Delhi_Passport.jpg,Category:Passport photographs,File:Bhabananda Deka Delhi Passport.jpg,AssamHeritage,CC BY-SA 4.0,https://commons.wikimedia.org/wiki/File%3ABhabananda_Deka_Delhi_Passport.jpg,https://upload.wikimedia.org/wikipedia/commons/1/10/Bhabananda_Deka_Delhi_Passport.jpg?utm_source=commons.wikimedia.org&utm_campaign=imageinfo&utm_content=thumbnail_unscaled
passport-photographs_341_File_Bill_Harris_passport_1922.jpg,Category:Passport photographs,File:Bill Harris passport 1922.jpg,Unknown authorUnknown author,Public domain,https://commons.wikimedia.org/wiki/File%3ABill_Harris_passport_1922.jpg,https://upload.wikimedia.org/wikipedia/commons/0/0d/Bill_Harris_passport_1922.jpg?utm_source=commons.wikimedia.org&utm_campaign=imageinfo&utm_content=thumbnail_unscaled
passport-photographs_342_File_Boris_Vian_WIKI_retouched.jpg,Category:Passport photographs,File:Boris Vian - WIKI retouched.jpg,"File:Boris Vian - WIKI.jpg: Photomaton Archives Cohérie Boris Vian"" (propriétaire du cliché) derivative work: TeKaBe",CC BY-SA 3.0,https://commons.wikimedia.org/wiki/File%3ABoris_Vian_-_WIKI_retouched.jpg,https://upload.wikimedia.org/wikipedia/commons/2/22/Boris_Vian_-_WIKI_retouched.jpg?utm_source=commons.wikimedia.org&utm_campaign=imageinfo&utm_content=thumbnail_unscaled
passport-photographs_343_File_Boris_Vian_WIKI.jpg,Category:Passport photographs,File:Boris Vian - WIKI.jpg,"Photomaton Archives Cohérie Boris Vian"" (propriétaire du cliché)",CC BY-SA 3.0,https://commons.wikimedia.org/wiki/File%3ABoris_Vian_-_WIKI.jpg,https://upload.wikimedia.org/wikipedia/commons/a/a3/Boris_Vian_-_WIKI.jpg?utm_source=commons.wikimedia.org&utm_campaign=imageinfo&utm_content=thumbnail_unscaled
passport-photographs_344_File_BoyThomann.jpg,Category:Passport photographs,File:BoyThomann.jpg,Achternichtje,CC BY-SA 4.0,https://commons.wikimedia.org/wiki/File%3ABoyThomann.jpg,https://upload.wikimedia.org/wikipedia/commons/7/72/BoyThomann.jpg?utm_source=commons.wikimedia.org&utm_campaign=imageinfo&utm_content=thumbnail_unscaled
passport-photographs_345_File_Bo_ena_Chodynicka.jpg,Category:Passport photographs,File:Bożena Chodynicka.jpg,"Originally published in Poland before 04-02-1994 (""public domain"")",CC BY-SA 4.0,https://commons.wikimedia.org/wiki/File%3ABo%C5%BCena_Chodynicka.jpg,https://thumb.wikimedia.org/wikipedia/commons/thumb/e/ef/Bo%C5%BCena_Chodynicka.jpg/960px-Bo%C5%BCena_Chodynicka.jpg?utm_source=commons.wikimedia.org&utm_campaign=imageinfo&utm_content=thumbnail
passport-photographs_346_File_Bruno_Tuukkanen.jpg,Category:Passport photographs,File:Bruno-Tuukkanen.jpg,AnonymousUnknown author,Public domain,https://commons.wikimedia.org/wiki/File%3ABruno-Tuukkanen.jpg,https://thumb.wikimedia.org/wikipedia/commons/thumb/3/3f/Bruno-Tuukkanen.jpg/960px-Bruno-Tuukkanen.jpg?utm_source=commons.wikimedia.org&utm_campaign=imageinfo&utm_content=thumbnail
passport-photographs_347_File_Carlos_the_Jackal_fake_Peruvian_passport_phot.jpg,Category:Passport photographs,"File:Carlos the Jackal (fake Peruvian passport photo - ""Carlos Andres Martinez Torres"").jpg",AnonymousUnknown author,Public domain,https://commons.wikimedia.org/wiki/File%3ACarlos_the_Jackal_%28fake_Peruvian_passport_photo_-_%22Carlos_Andres_Martinez_Torres%22%29.jpg,https://thumb.wikimedia.org/wikipedia/commons/thumb/e/ef/Carlos_the_Jackal_%28fake_Peruvian_passport_photo_-_%22Carlos_Andres_Martinez_Torres%22%29.jpg/960px-Carlos_the_Jackal_%28fake_Peruvian_passport_photo_-_%22Carlos_Andres_Martinez_Torres%22%29.jpg?utm_source=commons.wikimedia.org&utm_campaign=imageinfo&utm_content=thumbnail
passport-photographs_348_File_Charlie_Blackwell.jpg,Category:Passport photographs,File:Charlie Blackwell.jpg,Unknown authorUnknown author,Public domain,https://commons.wikimedia.org/wiki/File%3ACharlie_Blackwell.jpg,https://upload.wikimedia.org/wikipedia/commons/e/ec/Charlie_Blackwell.jpg?utm_source=commons.wikimedia.org&utm_campaign=imageinfo&utm_content=thumbnail_unscaled
passport-photographs_349_File_Cindy_Cayanan.jpg,Category:Passport photographs,File:Cindy Cayanan.png,Immigration photo obtained by the Drug Enforcement Agency,Public domain,https://commons.wikimedia.org/wiki/File%3ACindy_Cayanan.png,https://upload.wikimedia.org/wikipedia/commons/7/72/Cindy_Cayanan.png?utm_source=commons.wikimedia.org&utm_campaign=imageinfo&utm_content=thumbnail_unscaled
passport-photographs_350_File_COLLECTIE_TROPENMUSEUM_Japans_Indonesische_id.jpg,Category:Passport photographs,File:COLLECTIE TROPENMUSEUM Japans Indonesische identiteitskaart op naam van J.M. Durand- Leeuwenburgh TMnr 5615-9.jpg,Tropenmuseum,CC BY-SA 3.0,https://commons.wikimedia.org/wiki/File%3ACOLLECTIE_TROPENMUSEUM_Japans_Indonesische_identiteitskaart_op_naam_van_J.M._Durand-_Leeuwenburgh_TMnr_5615-9.jpg,https://upload.wikimedia.org/wikipedia/commons/9/9f/COLLECTIE_TROPENMUSEUM_Japans_Indonesische_identiteitskaart_op_naam_van_J.M._Durand-_Leeuwenburgh_TMnr_5615-9.jpg?utm_source=commons.wikimedia.org&utm_campaign=imageinfo&utm_content=thumbnail_unscaled
passport-photographs_351_File_Daniel_goulooze_1416498740.jpg,Category:Passport photographs,File:Daniel-goulooze-1416498740.jpg,Hans Goulooze (gedigitaliseerd door),CC BY 3.0,https://commons.wikimedia.org/wiki/File%3ADaniel-goulooze-1416498740.jpg,https://thumb.wikimedia.org/wikipedia/commons/thumb/b/bc/Daniel-goulooze-1416498740.jpg/960px-Daniel-goulooze-1416498740.jpg?utm_source=commons.wikimedia.org&utm_campaign=imageinfo&utm_content=thumbnail
passport-photographs_352_File_Dicksonnsofor.jpg,Category:Passport photographs,File:Dicksonnsofor.jpg,ThePipistrello,CC BY-SA 4.0,https://commons.wikimedia.org/wiki/File%3ADicksonnsofor.jpg,https://upload.wikimedia.org/wikipedia/commons/e/e6/Dicksonnsofor.jpg?utm_source=commons.wikimedia.org&utm_campaign=imageinfo&utm_content=thumbnail_unscaled
passport-photographs_353_File_Dora_Ida_Wolff_or_A_K_A_Casatorita_Mariee_Gol.jpg,Category:Passport photographs,"File:Dora Ida Wolff - or - (A. K. A.) Casatorita Mariee Gold in Romanian passport with a Berlin Consul General of Romania stamp and ""Judet"" stamp detail, from- 1940 passport annotation signed by Constantin Karadja, Berlin (cropped).jpg",Huddyhuddy,CC BY-SA 4.0,https://commons.wikimedia.org/wiki/File%3ADora_Ida_Wolff_-_or_-_%28A._K._A.%29_Casatorita_Mariee_Gold_in_Romanian_passport_with_a_Berlin_Consul_General_of_Romania_stamp_and_%22Judet%22_stamp_detail%2C_from-_1940_passport_annotation_signed_by_Constantin_Karadja%2C_Berlin_%28cropped%29.jpg,https://upload.wikimedia.org/wikipedia/commons/9/96/Dora_Ida_Wolff_-_or_-_%28A._K._A.%29_Casatorita_Mariee_Gold_in_Romanian_passport_with_a_Berlin_Consul_General_of_Romania_stamp_and_%22Judet%22_stamp_detail%2C_from-_1940_passport_annotation_signed_by_Constantin_Karadja%2C_Berlin_%28cropped%29.jpg?utm_source=commons.wikimedia.org&utm_campaign=imageinfo&utm_content=thumbnail_unscaled
passport-photographs_354_File_DouweKalma1922.jpg,Category:Passport photographs,File:DouweKalma1922.jpg,passport photograph by unknown photographer,Public domain,https://commons.wikimedia.org/wiki/File%3ADouweKalma1922.jpg,https://upload.wikimedia.org/wikipedia/commons/d/de/DouweKalma1922.jpg?utm_source=commons.wikimedia.org&utm_campaign=imageinfo&utm_content=thumbnail_unscaled
passport-photographs_355_File_Drie_pasfotos_centraal_magazijn_Bestanddeelnr.jpg,Category:Passport photographs,"File:Drie pasfotos centraal magazijn, Bestanddeelnr 906-0938.jpg",Herbert Behrens / Anefo,CC0,https://commons.wikimedia.org/wiki/File%3ADrie_pasfotos_centraal_magazijn%2C_Bestanddeelnr_906-0938.jpg,https://thumb.wikimedia.org/wikipedia/commons/thumb/2/27/Drie_pasfotos_centraal_magazijn%2C_Bestanddeelnr_906-0938.jpg/960px-Drie_pasfotos_centraal_magazijn%2C_Bestanddeelnr_906-0938.jpg?utm_source=commons.wikimedia.org&utm_campaign=imageinfo&utm_content=thumbnail
passport-photographs_356_File_DusanPopovic1917.jpg,Category:Passport photographs,File:DusanPopovic1917.tif,Unknown authorUnknown author,Public domain,https://commons.wikimedia.org/wiki/File%3ADusanPopovic1917.tif,https://thumb.wikimedia.org/wikipedia/commons/thumb/5/52/DusanPopovic1917.tif/lossless-page1-960px-DusanPopovic1917.tif.png?utm_source=commons.wikimedia.org&utm_campaign=imageinfo&utm_content=thumbnail
passport-photographs_357_File_Edouard_Boubat_1943.jpg,Category:Passport photographs,File:Edouard Boubat 1943.jpg,Unknown (French ID/passport photo),Public domain,https://commons.wikimedia.org/wiki/File%3AEdouard_Boubat_1943.jpg,https://upload.wikimedia.org/wikipedia/commons/3/30/Edouard_Boubat_1943.jpg?utm_source=commons.wikimedia.org&utm_campaign=imageinfo&utm_content=thumbnail_unscaled
passport-photographs_358_File_Een_pasfoto_centraal_magazijn_Bestanddeelnr_9.jpg,Category:Passport photographs,"File:Een pasfoto centraal magazijn, Bestanddeelnr 906-0940.jpg",Herbert Behrens / Anefo,CC0,https://commons.wikimedia.org/wiki/File%3AEen_pasfoto_centraal_magazijn%2C_Bestanddeelnr_906-0940.jpg,https://thumb.wikimedia.org/wikipedia/commons/thumb/f/f3/Een_pasfoto_centraal_magazijn%2C_Bestanddeelnr_906-0940.jpg/960px-Een_pasfoto_centraal_magazijn%2C_Bestanddeelnr_906-0940.jpg?utm_source=commons.wikimedia.org&utm_campaign=imageinfo&utm_content=thumbnail
passport-photographs_359_File_Een_pasfoto_centraal_magazijn_Bestanddeelnr_9.jpg,Category:Passport photographs,"File:Een pasfoto centraal magazijn, Bestanddeelnr 906-1057.jpg",Herbert Behrens / Anefo,CC0,https://commons.wikimedia.org/wiki/File%3AEen_pasfoto_centraal_magazijn%2C_Bestanddeelnr_906-1057.jpg,https://thumb.wikimedia.org/wikipedia/commons/thumb/a/ab/Een_pasfoto_centraal_magazijn%2C_Bestanddeelnr_906-1057.jpg/960px-Een_pasfoto_centraal_magazijn%2C_Bestanddeelnr_906-1057.jpg?utm_source=commons.wikimedia.org&utm_campaign=imageinfo&utm_content=thumbnail
passport-photographs_360_File_Een_pasfoto_centraal_magazijn_Bestanddeelnr_9.jpg,Category:Passport photographs,"File:Een pasfoto centraal magazijn, Bestanddeelnr 906-1129.jpg",Herbert Behrens / Anefo,CC0,https://commons.wikimedia.org/wiki/File%3AEen_pasfoto_centraal_magazijn%2C_Bestanddeelnr_906-1129.jpg,https://thumb.wikimedia.org/wikipedia/commons/thumb/b/bd/Een_pasfoto_centraal_magazijn%2C_Bestanddeelnr_906-1129.jpg/960px-Een_pasfoto_centraal_magazijn%2C_Bestanddeelnr_906-1129.jpg?utm_source=commons.wikimedia.org&utm_campaign=imageinfo&utm_content=thumbnail
passport-photographs_361_File_Eino_Tikkanen.jpg,Category:Passport photographs,File:Eino-Tikkanen.jpg,AnonymousUnknown author,Public domain,https://commons.wikimedia.org/wiki/File%3AEino-Tikkanen.jpg,https://thumb.wikimedia.org/wikipedia/commons/thumb/c/ce/Eino-Tikkanen.jpg/960px-Eino-Tikkanen.jpg?utm_source=commons.wikimedia.org&utm_campaign=imageinfo&utm_content=thumbnail
passport-photographs_362_File_ElisabethWery.jpg,Category:Passport photographs,File:ElisabethWery.jpg,passport photograph,Public domain,https://commons.wikimedia.org/wiki/File%3AElisabethWery.jpg,https://upload.wikimedia.org/wikipedia/commons/b/be/ElisabethWery.jpg?utm_source=commons.wikimedia.org&utm_campaign=imageinfo&utm_content=thumbnail_unscaled
passport-photographs_363_File_Elli_domke_Pasfoto.jpg,Category:Passport photographs,File:Elli domke Pasfoto.jpg,Unknown authorUnknown author,Public domain,https://commons.wikimedia.org/wiki/File%3AElli_domke_Pasfoto.jpg,https://upload.wikimedia.org/wikipedia/commons/d/df/Elli_domke_Pasfoto.jpg?utm_source=commons.wikimedia.org&utm_campaign=imageinfo&utm_content=thumbnail_unscaled
passport-photographs_364_File_Elli_Domke_Passfoto.jpg,Category:Passport photographs,File:Elli Domke Passfoto.jpg,Unknown authorUnknown author,Public domain,https://commons.wikimedia.org/wiki/File%3AElli_Domke_Passfoto.jpg,https://upload.wikimedia.org/wikipedia/commons/3/34/Elli_Domke_Passfoto.jpg?utm_source=commons.wikimedia.org&utm_campaign=imageinfo&utm_content=thumbnail_unscaled
passport-photographs_365_File_Emanuele_small.jpg,Category:Passport photographs,File:Emanuele small.jpg,Emanuele Dalla Torre,CC BY-SA 4.0,https://commons.wikimedia.org/wiki/File%3AEmanuele_small.jpg,https://upload.wikimedia.org/wikipedia/commons/9/9f/Emanuele_small.jpg?utm_source=commons.wikimedia.org&utm_campaign=imageinfo&utm_content=thumbnail_unscaled
passport-photographs_366_File_EmQuerido.jpg,Category:Passport photographs,File:EmQuerido.jpg,unknown photographer (passport photograph),CC0,https://commons.wikimedia.org/wiki/File%3AEmQuerido.jpg,https://upload.wikimedia.org/wikipedia/commons/2/23/EmQuerido.jpg?utm_source=commons.wikimedia.org&utm_campaign=imageinfo&utm_content=thumbnail_unscaled
passport-photographs_367_File_Ernest_Hemingway_1923_passport_photo_1.jpg,Category:Passport photographs,File:Ernest Hemingway 1923 passport photo (1).gif,U.S. National Archives,Public domain,https://commons.wikimedia.org/wiki/File%3AErnest_Hemingway_1923_passport_photo_%281%29.gif,https://upload.wikimedia.org/wikipedia/commons/f/fb/Ernest_Hemingway_1923_passport_photo_%281%29.gif?utm_source=commons.wikimedia.org&utm_campaign=imageinfo&utm_content=thumbnail_unscaled
passport-photographs_368_File_Ernest_Hemingway_1923_passport_photo_square.jpg,Category:Passport photographs,File:Ernest Hemingway 1923 passport photo (square).jpg,Unknown authorUnknown author,Public domain,https://commons.wikimedia.org/wiki/File%3AErnest_Hemingway_1923_passport_photo_%28square%29.jpg,https://thumb.wikimedia.org/wikipedia/commons/thumb/9/97/Ernest_Hemingway_1923_passport_photo_%28square%29.jpg/960px-Ernest_Hemingway_1923_passport_photo_%28square%29.jpg?utm_source=commons.wikimedia.org&utm_campaign=imageinfo&utm_content=thumbnail
passport-photographs_369_File_Ernest_Hemingway_1923_passport_photo.jpg,Category:Passport photographs,File:Ernest Hemingway 1923 passport photo.jpg,Unknown authorUnknown author. United States Government Printing Office.,Public domain,https://commons.wikimedia.org/wiki/File%3AErnest_Hemingway_1923_passport_photo.jpg,https://upload.wikimedia.org/wikipedia/commons/b/bb/Ernest_Hemingway_1923_passport_photo.jpg?utm_source=commons.wikimedia.org&utm_campaign=imageinfo&utm_content=thumbnail_unscaled
passport-photographs_370_File_Ernest_Hemingway_passport_photo_40_1548M.jpg,Category:Passport photographs,File:Ernest Hemingway passport photo 40-1548M.jpg,Unknown authorUnknown author,Public domain,https://commons.wikimedia.org/wiki/File%3AErnest_Hemingway_passport_photo_40-1548M.jpg,https://thumb.wikimedia.org/wikipedia/commons/thumb/6/6c/Ernest_Hemingway_passport_photo_40-1548M.jpg/960px-Ernest_Hemingway_passport_photo_40-1548M.jpg?utm_source=commons.wikimedia.org&utm_campaign=imageinfo&utm_content=thumbnail
passport-photographs_371_File_Ernest_Hemingway_passport_photo_40_1548M.jpg,Category:Passport photographs,File:Ernest Hemingway passport photo 40-1548M.tif,Unknown authorUnknown author,Public domain,https://commons.wikimedia.org/wiki/File%3AErnest_Hemingway_passport_photo_40-1548M.tif,https://thumb.wikimedia.org/wikipedia/commons/thumb/6/63/Ernest_Hemingway_passport_photo_40-1548M.tif/lossy-page1-960px-Ernest_Hemingway_passport_photo_40-1548M.tif.jpg?utm_source=commons.wikimedia.org&utm_campaign=imageinfo&utm_content=thumbnail
passport-photographs_372_File_F_Scott_and_Zelda_Fitzgerald_Passport_Book_Pa.jpg,Category:Passport photographs,File:F. Scott and Zelda Fitzgerald Passport Book Page 4 Retouched.jpg,United States Government Printing Office,Public domain,https://commons.wikimedia.org/wiki/File%3AF._Scott_and_Zelda_Fitzgerald_Passport_Book_Page_4_Retouched.jpg,https://upload.wikimedia.org/wikipedia/commons/1/16/F._Scott_and_Zelda_Fitzgerald_Passport_Book_Page_4_Retouched.jpg?utm_source=commons.wikimedia.org&utm_campaign=imageinfo&utm_content=thumbnail_unscaled
passport-photographs_373_File_F_Scott_and_Zelda_Fitzgerald_Passport_Book_Pa.jpg,Category:Passport photographs,File:F. Scott and Zelda Fitzgerald Passport Book Pages 4 and 5 Retouched.jpg,United States Government Printing Office,Public domain,https://commons.wikimedia.org/wiki/File%3AF._Scott_and_Zelda_Fitzgerald_Passport_Book_Pages_4_and_5_Retouched.jpg,https://thumb.wikimedia.org/wikipedia/commons/thumb/a/ad/F._Scott_and_Zelda_Fitzgerald_Passport_Book_Pages_4_and_5_Retouched.jpg/960px-F._Scott_and_Zelda_Fitzgerald_Passport_Book_Pages_4_and_5_Retouched.jpg?utm_source=commons.wikimedia.org&utm_campaign=imageinfo&utm_content=thumbnail
passport-photographs_374_File_FeliceJareckyLouria1924.jpg,Category:Passport photographs,File:FeliceJareckyLouria1924.png,No photographer credited,Public domain,https://commons.wikimedia.org/wiki/File%3AFeliceJareckyLouria1924.png,https://upload.wikimedia.org/wikipedia/commons/b/b8/FeliceJareckyLouria1924.png?utm_source=commons.wikimedia.org&utm_campaign=imageinfo&utm_content=thumbnail_unscaled
passport-photographs_375_File_Foto_referencial.jpg,Category:Passport photographs,File:Foto referencial.jpg,FUNDANIS2023,CC BY-SA 4.0,https://commons.wikimedia.org/wiki/File%3AFoto_referencial.jpg,https://thumb.wikimedia.org/wikipedia/commons/thumb/2/20/Foto_referencial.jpg/960px-Foto_referencial.jpg?utm_source=commons.wikimedia.org&utm_campaign=imageinfo&utm_content=thumbnail
passport-photographs_376_File_Fotothek_df_roe_neg_0006369_001_Portr_tfoto_e.jpg,Category:Passport photographs,File:Fotothek df roe-neg 0006369 001 Porträtfoto eines Mannes.jpg,Roger Rössing / Renate Rössing,CC BY-SA 3.0 de,https://commons.wikimedia.org/wiki/File%3AFotothek_df_roe-neg_0006369_001_Portr%C3%A4tfoto_eines_Mannes.jpg,https://upload.wikimedia.org/wikipedia/commons/f/fa/Fotothek_df_roe-neg_0006369_001_Portr%C3%A4tfoto_eines_Mannes.jpg?utm_source=commons.wikimedia.org&utm_campaign=imageinfo&utm_content=thumbnail_unscaled
passport-photographs_377_File_Frannti_ek_Zelenka_1939.jpg,Category:Passport photographs,File:Franntišek Zelenka 1939.jpg,AnonymousUnknown author,Public domain,https://commons.wikimedia.org/wiki/File%3AFrannti%C5%A1ek_Zelenka_1939.jpg,https://upload.wikimedia.org/wikipedia/commons/5/5f/Frannti%C5%A1ek_Zelenka_1939.jpg?utm_source=commons.wikimedia.org&utm_campaign=imageinfo&utm_content=thumbnail_unscaled
passport-photographs_378_File_Frans_Brouer.jpg,Category:Passport photographs,File:Frans Brouer.jpg,Unknown authorUnknown author,CC BY-SA 4.0,https://commons.wikimedia.org/wiki/File%3AFrans_Brouer.jpg,https://thumb.wikimedia.org/wikipedia/commons/thumb/2/26/Frans_Brouer.jpg/960px-Frans_Brouer.jpg?utm_source=commons.wikimedia.org&utm_campaign=imageinfo&utm_content=thumbnail
passport-photographs_379_File_FSDunn_1918.jpg,Category:Passport photographs,File:FSDunn-1918.jpg,"Unknown. Probably a commercial photographer in Eugene, Oregon",Public domain,https://commons.wikimedia.org/wiki/File%3AFSDunn-1918.jpg,https://upload.wikimedia.org/wikipedia/commons/c/cd/FSDunn-1918.jpg?utm_source=commons.wikimedia.org&utm_campaign=imageinfo&utm_content=thumbnail_unscaled
passport-photographs_380_File_FVMoss1.jpg,Category:Passport photographs,File:FVMoss1.jpg,Mozasaur at Wikipedia,Public domain,https://commons.wikimedia.org/wiki/File%3AFVMoss1.jpg,https://upload.wikimedia.org/wikipedia/commons/9/9c/FVMoss1.jpg?utm_source=commons.wikimedia.org&utm_campaign=imageinfo&utm_content=thumbnail_unscaled
passport-photographs_381_File_FWK_1928_portrait_sailor_300dpi.jpg,Category:Passport photographs,File:FWK 1928 portrait -sailor 300dpi.jpg,,CC BY-SA 3.0,https://commons.wikimedia.org/wiki/File%3AFWK_1928_portrait_-sailor_300dpi.jpg,https://upload.wikimedia.org/wikipedia/commons/8/8c/FWK_1928_portrait_-sailor_300dpi.jpg?utm_source=commons.wikimedia.org&utm_campaign=imageinfo&utm_content=thumbnail_unscaled
passport-photographs_382_File_George_Saidah_Rio_de_Janeiro_Expedientes_de_e.jpg,Category:Passport photographs,File:George Saidah - Rio de Janeiro. Expedientes de extranjeros 1943–1953.png,n/d,Public domain,https://commons.wikimedia.org/wiki/File%3AGeorge_Saidah_-_Rio_de_Janeiro._Expedientes_de_extranjeros_1943%E2%80%931953.png,https://upload.wikimedia.org/wikipedia/commons/3/3c/George_Saidah_-_Rio_de_Janeiro._Expedientes_de_extranjeros_1943%E2%80%931953.png?utm_source=commons.wikimedia.org&utm_campaign=imageinfo&utm_content=thumbnail_unscaled
passport-photographs_383_File_George_Saidah_Rio_de_Janeiro_Expedientes_de_e.jpg,Category:Passport photographs,File:George Saidah - Rio de Janeiro. Expedientes de extranjeros 1945–1961.png,n/d,Public domain,https://commons.wikimedia.org/wiki/File%3AGeorge_Saidah_-_Rio_de_Janeiro._Expedientes_de_extranjeros_1945%E2%80%931961.png,https://upload.wikimedia.org/wikipedia/commons/8/81/George_Saidah_-_Rio_de_Janeiro._Expedientes_de_extranjeros_1945%E2%80%931961.png?utm_source=commons.wikimedia.org&utm_campaign=imageinfo&utm_content=thumbnail_unscaled
passport-photographs_384_File_Gijs_Vermeulen.jpg,Category:Passport photographs,File:Gijs Vermeulen.jpg,Dagoos at Dutch Wikipedia,CC BY-SA 3.0,https://commons.wikimedia.org/wiki/File%3AGijs_Vermeulen.jpg,https://upload.wikimedia.org/wikipedia/commons/7/75/Gijs_Vermeulen.jpg?utm_source=commons.wikimedia.org&utm_campaign=imageinfo&utm_content=thumbnail_unscaled
passport-photographs_385_File_Grete_Mosheim_s_1936_Hungarian_passport_photo.jpg,Category:Passport photographs,File:Grete Mosheim's 1936 Hungarian passport photo.jpg,Edwardx,Public domain,https://commons.wikimedia.org/wiki/File%3AGrete_Mosheim%27s_1936_Hungarian_passport_photo.jpg,https://thumb.wikimedia.org/wikipedia/commons/thumb/1/1a/Grete_Mosheim%27s_1936_Hungarian_passport_photo.jpg/960px-Grete_Mosheim%27s_1936_Hungarian_passport_photo.jpg?utm_source=commons.wikimedia.org&utm_campaign=imageinfo&utm_content=thumbnail
passport-photographs_386_File_Grete_Zimmer_1939_Passport_photograph_cropped.jpg,Category:Passport photographs,File:Grete Zimmer 1939 Passport photograph (cropped).jpg,Joshuamichaelfriedman,CC BY-SA 4.0,https://commons.wikimedia.org/wiki/File%3AGrete_Zimmer_1939_Passport_photograph_%28cropped%29.jpg,https://upload.wikimedia.org/wikipedia/commons/8/89/Grete_Zimmer_1939_Passport_photograph_%28cropped%29.jpg?utm_source=commons.wikimedia.org&utm_campaign=imageinfo&utm_content=thumbnail_unscaled
passport-photographs_387_File_Hanna_Du_e_skaja_passport_photo_1921.jpg,Category:Passport photographs,File:Hanna Dušeŭskaja passport photo (1921).jpg,Unknown authorUnknown author,Public domain,https://commons.wikimedia.org/wiki/File%3AHanna_Du%C5%A1e%C5%ADskaja_passport_photo_%281921%29.jpg,https://upload.wikimedia.org/wikipedia/commons/7/7a/Hanna_Du%C5%A1e%C5%ADskaja_passport_photo_%281921%29.jpg?utm_source=commons.wikimedia.org&utm_campaign=imageinfo&utm_content=thumbnail_unscaled
passport-photographs_388_File_HannieSchaft1944.jpg,Category:Passport photographs,File:HannieSchaft1944.jpg,unknown photographer (passport photograph),Public domain,https://commons.wikimedia.org/wiki/File%3AHannieSchaft1944.jpg,https://thumb.wikimedia.org/wikipedia/commons/thumb/d/d0/HannieSchaft1944.jpg/960px-HannieSchaft1944.jpg?utm_source=commons.wikimedia.org&utm_campaign=imageinfo&utm_content=thumbnail
passport-photographs_389_File_Heinrich_Westphal_Passfoto_aus_1938.jpg,Category:Passport photographs,File:Heinrich Westphal Passfoto aus 1938.jpg,Bestphal,CC BY 3.0,https://commons.wikimedia.org/wiki/File%3AHeinrich_Westphal_Passfoto_aus_1938.jpg,https://upload.wikimedia.org/wikipedia/commons/b/b9/Heinrich_Westphal_Passfoto_aus_1938.jpg?utm_source=commons.wikimedia.org&utm_campaign=imageinfo&utm_content=thumbnail_unscaled
passport-photographs_390_File_Henri_Pinault_1945_passport_photo.jpg,Category:Passport photographs,File:Henri Pinault 1945 passport photo.jpg,Davestraub@yahoo.com,CC BY-SA 3.0,https://commons.wikimedia.org/wiki/File%3AHenri_Pinault_1945_passport_photo.jpg,https://thumb.wikimedia.org/wikipedia/commons/thumb/7/7c/Henri_Pinault_1945_passport_photo.jpg/960px-Henri_Pinault_1945_passport_photo.jpg?utm_source=commons.wikimedia.org&utm_campaign=imageinfo&utm_content=thumbnail
passport-photographs_391_File_Henri_Vos_pasfoto.jpg,Category:Passport photographs,File:Henri Vos pasfoto.jpg,(onbekend,CC0,https://commons.wikimedia.org/wiki/File%3AHenri_Vos_pasfoto.jpg,https://upload.wikimedia.org/wikipedia/commons/1/1d/Henri_Vos_pasfoto.jpg?utm_source=commons.wikimedia.org&utm_campaign=imageinfo&utm_content=thumbnail_unscaled
passport-photographs_392_File_Henry_M_Polhemus.jpg,Category:Passport photographs,File:Henry M. Polhemus.jpg,Verve62,CC BY 3.0,https://commons.wikimedia.org/wiki/File%3AHenry_M._Polhemus.jpg,https://upload.wikimedia.org/wikipedia/commons/4/49/Henry_M._Polhemus.jpg?utm_source=commons.wikimedia.org&utm_campaign=imageinfo&utm_content=thumbnail_unscaled
passport-photographs_393_File_HK_Central_The_Henderson_roof_top_lobby_Dr_Le.jpg,Category:Passport photographs,File:HK Central The Henderson roof top lobby 李兆基博士 紀念展 Dr. Lee Shau-Kee Memorial Exhibition 寶昌銀號 goldsmith 交收員 李基 employee 工作証 staff card and passport photo May 2025 R12S.jpg,Suwm HorC POONZ,CC0,https://commons.wikimedia.org/wiki/File%3AHK_Central_The_Henderson_roof_top_lobby_%E6%9D%8E%E5%85%86%E5%9F%BA%E5%8D%9A%E5%A3%AB_%E7%B4%80%E5%BF%B5%E5%B1%95_Dr._Lee_Shau-Kee_Memorial_Exhibition_%E5%AF%B6%E6%98%8C%E9%8A%80%E8%99%9F_goldsmith_%E4%BA%A4%E6%94%B6%E5%93%A1_%E6%9D%8E%E5%9F%BA_employee_%E5%B7%A5%E4%BD%9C%E8%A8%BC_staff_card_and_passport_photo_May_2025_R12S.jpg,https://thumb.wikimedia.org/wikipedia/commons/thumb/0/0b/HK_Central_The_Henderson_roof_top_lobby_%E6%9D%8E%E5%85%86%E5%9F%BA%E5%8D%9A%E5%A3%AB_%E7%B4%80%E5%BF%B5%E5%B1%95_Dr._Lee_Shau-Kee_Memorial_Exhibition_%E5%AF%B6%E6%98%8C%E9%8A%80%E8%99%9F_goldsmith_%E4%BA%A4%E6%94%B6%E5%93%A1_%E6%9D%8E%E5%9F%BA_employee_%E5%B7%A5%E4%BD%9C%E8%A8%BC_staff_card_and_passport_photo_May_2025_R12S.jpg/960px-thumbnail.jpg?utm_source=commons.wikimedia.org&utm_campaign=imageinfo&utm_content=thumbnail
passport-photographs_394_File_Hubert_Donat_Alfred_Agache.jpg,Category:Passport photographs,File:Hubert Donat Alfred Agache.png,Consul General of Brazil,Public domain,https://commons.wikimedia.org/wiki/File%3AHubert_Donat_Alfred_Agache.png,https://upload.wikimedia.org/wikipedia/commons/f/ff/Hubert_Donat_Alfred_Agache.png?utm_source=commons.wikimedia.org&utm_campaign=imageinfo&utm_content=thumbnail_unscaled
passport-photographs_395_File_Ida_Alexander_Gibbs_Hunt_U_S_Passport_Applica.jpg,Category:Passport photographs,"File:Ida Alexander Gibbs Hunt U.S. Passport Application Photo, 1918.jpg",United States Government.,Public domain,https://commons.wikimedia.org/wiki/File%3AIda_Alexander_Gibbs_Hunt_U.S._Passport_Application_Photo%2C_1918.jpg,https://upload.wikimedia.org/wikipedia/commons/1/1b/Ida_Alexander_Gibbs_Hunt_U.S._Passport_Application_Photo%2C_1918.jpg?utm_source=commons.wikimedia.org&utm_campaign=imageinfo&utm_content=thumbnail_unscaled
passport-photographs_396_File_Ilka_Deutschov_Ilka_Deutsch_1933_06_13.jpg,Category:Passport photographs,File:Ilka Deutschová Ilka Deutsch 1933-06-13.jpg,"author unknown, digitized by the {{en:Terezín Initiative}}",Public domain,https://commons.wikimedia.org/wiki/File%3AIlka_Deutschov%C3%A1_Ilka_Deutsch_1933-06-13.jpg,https://upload.wikimedia.org/wikipedia/commons/f/f5/Ilka_Deutschov%C3%A1_Ilka_Deutsch_1933-06-13.jpg?utm_source=commons.wikimedia.org&utm_campaign=imageinfo&utm_content=thumbnail_unscaled
passport-photographs_397_File_Ilka_Deutschov_Ilka_Deutsch_Passport_Photo_19.jpg,Category:Passport photographs,File:Ilka Deutschová Ilka Deutsch Passport Photo 1941-07-04.jpg,"author unknown, digitized by the {{en:Terezín Initiative}}",Public domain,https://commons.wikimedia.org/wiki/File%3AIlka_Deutschov%C3%A1_Ilka_Deutsch_Passport_Photo_1941-07-04.jpg,https://upload.wikimedia.org/wikipedia/commons/4/46/Ilka_Deutschov%C3%A1_Ilka_Deutsch_Passport_Photo_1941-07-04.jpg?utm_source=commons.wikimedia.org&utm_campaign=imageinfo&utm_content=thumbnail_unscaled
passport-photographs_398_File_Ioan_bilde_visitkort.jpg,Category:Passport photographs,File:Ioan-bilde-visitkort.jpg,Ioanelu,CC0,https://commons.wikimedia.org/wiki/File%3AIoan-bilde-visitkort.jpg,https://upload.wikimedia.org/wikipedia/commons/f/fe/Ioan-bilde-visitkort.jpg?utm_source=commons.wikimedia.org&utm_campaign=imageinfo&utm_content=thumbnail_unscaled
passport-photographs_399_File_Irma_Paula_Frieda_Loebenstein.jpg,Category:Passport photographs,File:Irma Paula (Frieda) Loebenstein.jpg,Unknown authorUnknown author,Public domain,https://commons.wikimedia.org/wiki/File%3AIrma_Paula_%28Frieda%29_Loebenstein.jpg,https://upload.wikimedia.org/wikipedia/commons/d/d6/Irma_Paula_%28Frieda%29_Loebenstein.jpg?utm_source=commons.wikimedia.org&utm_campaign=imageinfo&utm_content=thumbnail_unscaled
portrait-photographs-of-children_400_File_10029_9986_01_Acervo_do_Museu_Paulista_da_USP.jpg,Category:Portrait photographs of children,"File:10029 (9986) - 01, Acervo do Museu Paulista da USP.jpg",José Rosael/HélioNobre/Museu Paulista da USP,Public domain,https://commons.wikimedia.org/wiki/File%3A10029_%289986%29_-_01%2C_Acervo_do_Museu_Paulista_da_USP.jpg,https://upload.wikimedia.org/wikipedia/commons/6/67/10029_%289986%29_-_01%2C_Acervo_do_Museu_Paulista_da_USP.jpg?utm_source=commons.wikimedia.org&utm_campaign=imageinfo&utm_content=thumbnail_unscaled
portrait-photographs-of-children_401_File_10033_01_Acervo_do_Museu_Paulista_da_USP.jpg,Category:Portrait photographs of children,"File:10033 - 01, Acervo do Museu Paulista da USP.jpg",José Rosael/HélioNobre/Museu Paulista da USP,Public domain,https://commons.wikimedia.org/wiki/File%3A10033_-_01%2C_Acervo_do_Museu_Paulista_da_USP.jpg,https://upload.wikimedia.org/wikipedia/commons/b/bc/10033_-_01%2C_Acervo_do_Museu_Paulista_da_USP.jpg?utm_source=commons.wikimedia.org&utm_campaign=imageinfo&utm_content=thumbnail_unscaled
portrait-photographs-of-children_402_File_10184_01_Acervo_do_Museu_Paulista_da_USP.jpg,Category:Portrait photographs of children,"File:10184 - 01, Acervo do Museu Paulista da USP.jpg",José Rosael/HélioNobre/Museu Paulista da USP,Public domain,https://commons.wikimedia.org/wiki/File%3A10184_-_01%2C_Acervo_do_Museu_Paulista_da_USP.jpg,https://upload.wikimedia.org/wikipedia/commons/d/dc/10184_-_01%2C_Acervo_do_Museu_Paulista_da_USP.jpg?utm_source=commons.wikimedia.org&utm_campaign=imageinfo&utm_content=thumbnail_unscaled
portrait-photographs-of-children_403_File_10202_01_Acervo_do_Museu_Paulista_da_USP.jpg,Category:Portrait photographs of children,"File:10202 - 01, Acervo do Museu Paulista da USP.jpg",José Rosael/HélioNobre/Museu Paulista da USP,Public domain,https://commons.wikimedia.org/wiki/File%3A10202_-_01%2C_Acervo_do_Museu_Paulista_da_USP.jpg,https://upload.wikimedia.org/wikipedia/commons/5/5c/10202_-_01%2C_Acervo_do_Museu_Paulista_da_USP.jpg?utm_source=commons.wikimedia.org&utm_campaign=imageinfo&utm_content=thumbnail_unscaled
portrait-photographs-of-children_404_File_10313_01_Acervo_do_Museu_Paulista_da_USP.jpg,Category:Portrait photographs of children,"File:10313 - 01, Acervo do Museu Paulista da USP.jpg",José Rosael/HélioNobre/Museu Paulista da USP,Public domain,https://commons.wikimedia.org/wiki/File%3A10313_-_01%2C_Acervo_do_Museu_Paulista_da_USP.jpg,https://upload.wikimedia.org/wikipedia/commons/a/a9/10313_-_01%2C_Acervo_do_Museu_Paulista_da_USP.jpg?utm_source=commons.wikimedia.org&utm_campaign=imageinfo&utm_content=thumbnail_unscaled
portrait-photographs-of-children_405_File_108D_1_Acervo_do_Museu_Paulista_da_USP.jpg,Category:Portrait photographs of children,"File:108D - 1, Acervo do Museu Paulista da USP.jpg",José Rosael/HélioNobre/Museu Paulista da USP,Public domain,https://commons.wikimedia.org/wiki/File%3A108D_-_1%2C_Acervo_do_Museu_Paulista_da_USP.jpg,https://upload.wikimedia.org/wikipedia/commons/7/7e/108D_-_1%2C_Acervo_do_Museu_Paulista_da_USP.jpg?utm_source=commons.wikimedia.org&utm_campaign=imageinfo&utm_content=thumbnail_unscaled
portrait-photographs-of-children_406_File_123D_2_Acervo_do_Museu_Paulista_da_USP.jpg,Category:Portrait photographs of children,"File:123D - 2, Acervo do Museu Paulista da USP.jpg",José Rosael/HélioNobre/Museu Paulista da USP,Public domain,https://commons.wikimedia.org/wiki/File%3A123D_-_2%2C_Acervo_do_Museu_Paulista_da_USP.jpg,https://upload.wikimedia.org/wikipedia/commons/4/49/123D_-_2%2C_Acervo_do_Museu_Paulista_da_USP.jpg?utm_source=commons.wikimedia.org&utm_campaign=imageinfo&utm_content=thumbnail_unscaled
portrait-photographs-of-children_407_File_1274D_01_Acervo_do_Museu_Paulista_da_USP.jpg,Category:Portrait photographs of children,"File:1274D - 01, Acervo do Museu Paulista da USP.jpg",José Rosael/HélioNobre/Museu Paulista da USP,Public domain,https://commons.wikimedia.org/wiki/File%3A1274D_-_01%2C_Acervo_do_Museu_Paulista_da_USP.jpg,https://upload.wikimedia.org/wikipedia/commons/d/d4/1274D_-_01%2C_Acervo_do_Museu_Paulista_da_USP.jpg?utm_source=commons.wikimedia.org&utm_campaign=imageinfo&utm_content=thumbnail_unscaled
portrait-photographs-of-children_408_File_1329D_01_Acervo_do_Museu_Paulista_da_USP.jpg,Category:Portrait photographs of children,"File:1329D - 01, Acervo do Museu Paulista da USP.jpg",José Rosael/HélioNobre/Museu Paulista da USP,Public domain,https://commons.wikimedia.org/wiki/File%3A1329D_-_01%2C_Acervo_do_Museu_Paulista_da_USP.jpg,https://upload.wikimedia.org/wikipedia/commons/9/94/1329D_-_01%2C_Acervo_do_Museu_Paulista_da_USP.jpg?utm_source=commons.wikimedia.org&utm_campaign=imageinfo&utm_content=thumbnail_unscaled
portrait-photographs-of-children_409_File_138D_2_Acervo_do_Museu_Paulista_da_USP.jpg,Category:Portrait photographs of children,"File:138D - 2, Acervo do Museu Paulista da USP.jpg",José Rosael/HélioNobre/Museu Paulista da USP,Public domain,https://commons.wikimedia.org/wiki/File%3A138D_-_2%2C_Acervo_do_Museu_Paulista_da_USP.jpg,https://upload.wikimedia.org/wikipedia/commons/d/d6/138D_-_2%2C_Acervo_do_Museu_Paulista_da_USP.jpg?utm_source=commons.wikimedia.org&utm_campaign=imageinfo&utm_content=thumbnail_unscaled
portrait-photographs-of-children_410_File_1460D_01_Acervo_do_Museu_Paulista_da_USP.jpg,Category:Portrait photographs of children,"File:1460D - 01, Acervo do Museu Paulista da USP.jpg",José Rosael/HélioNobre/Museu Paulista da USP,Public domain,https://commons.wikimedia.org/wiki/File%3A1460D_-_01%2C_Acervo_do_Museu_Paulista_da_USP.jpg,https://upload.wikimedia.org/wikipedia/commons/5/57/1460D_-_01%2C_Acervo_do_Museu_Paulista_da_USP.jpg?utm_source=commons.wikimedia.org&utm_campaign=imageinfo&utm_content=thumbnail_unscaled
portrait-photographs-of-children_411_File_173D_01_Acervo_do_Museu_Paulista_da_USP.jpg,Category:Portrait photographs of children,"File:173D - 01, Acervo do Museu Paulista da USP.jpg",José Rosael/HélioNobre/Museu Paulista da USP,Public domain,https://commons.wikimedia.org/wiki/File%3A173D_-_01%2C_Acervo_do_Museu_Paulista_da_USP.jpg,https://upload.wikimedia.org/wikipedia/commons/1/1b/173D_-_01%2C_Acervo_do_Museu_Paulista_da_USP.jpg?utm_source=commons.wikimedia.org&utm_campaign=imageinfo&utm_content=thumbnail_unscaled
portrait-photographs-of-children_412_File_182D_1_Acervo_do_Museu_Paulista_da_USP.jpg,Category:Portrait photographs of children,"File:182D - 1, Acervo do Museu Paulista da USP.jpg",José Rosael/HélioNobre/Museu Paulista da USP,Public domain,https://commons.wikimedia.org/wiki/File%3A182D_-_1%2C_Acervo_do_Museu_Paulista_da_USP.jpg,https://upload.wikimedia.org/wikipedia/commons/1/11/182D_-_1%2C_Acervo_do_Museu_Paulista_da_USP.jpg?utm_source=commons.wikimedia.org&utm_campaign=imageinfo&utm_content=thumbnail_unscaled
portrait-photographs-of-children_413_File_1862D_01_Acervo_do_Museu_Paulista_da_USP.jpg,Category:Portrait photographs of children,"File:1862D - 01, Acervo do Museu Paulista da USP.jpg",José Rosael/HélioNobre/Museu Paulista da USP,Public domain,https://commons.wikimedia.org/wiki/File%3A1862D_-_01%2C_Acervo_do_Museu_Paulista_da_USP.jpg,https://upload.wikimedia.org/wikipedia/commons/d/d3/1862D_-_01%2C_Acervo_do_Museu_Paulista_da_USP.jpg?utm_source=commons.wikimedia.org&utm_campaign=imageinfo&utm_content=thumbnail_unscaled
portrait-photographs-of-children_414_File_Two_Little_Braves_Sac_and_Fox.jpg,Category:Portrait photographs of children,File:Two Little Braves (Sac and Fox).jpg,BPL,CC BY 2.0,https://commons.wikimedia.org/wiki/File%3ATwo_Little_Braves_%28Sac_and_Fox%29.jpg,https://thumb.wikimedia.org/wikipedia/commons/thumb/6/6e/Two_Little_Braves_%28Sac_and_Fox%29.jpg/960px-Two_Little_Braves_%28Sac_and_Fox%29.jpg?utm_source=commons.wikimedia.org&utm_campaign=imageinfo&utm_content=thumbnail
portrait-photographs-of-children_415_File_Portrait_Fortepan_957.jpg,Category:Portrait photographs of children,File:Portrait Fortepan 957.jpg,FOTO:Fortepan — ID 957: Adományozó/Donor: Fortepan. archive copy at the Wayback Machine,CC BY-SA 3.0,https://commons.wikimedia.org/wiki/File%3APortrait_Fortepan_957.jpg,https://thumb.wikimedia.org/wikipedia/commons/thumb/0/06/Portrait_Fortepan_957.jpg/960px-Portrait_Fortepan_957.jpg?utm_source=commons.wikimedia.org&utm_campaign=imageinfo&utm_content=thumbnail
portrait-photographs-of-children_416_File_1988D_01_Acervo_do_Museu_Paulista_da_USP.jpg,Category:Portrait photographs of children,"File:1988D - 01, Acervo do Museu Paulista da USP.jpg",José Rosael/HélioNobre/Museu Paulista da USP,Public domain,https://commons.wikimedia.org/wiki/File%3A1988D_-_01%2C_Acervo_do_Museu_Paulista_da_USP.jpg,https://upload.wikimedia.org/wikipedia/commons/d/dd/1988D_-_01%2C_Acervo_do_Museu_Paulista_da_USP.jpg?utm_source=commons.wikimedia.org&utm_campaign=imageinfo&utm_content=thumbnail_unscaled
portrait-photographs-of-children_417_File_2012_04_Pilszcz_29.jpg,Category:Portrait photographs of children,File:2012-04 Pilszcz 29.jpg,Ralf Lotys (Sicherlich),CC BY 3.0,https://commons.wikimedia.org/wiki/File%3A2012-04_Pilszcz_29.jpg,https://thumb.wikimedia.org/wikipedia/commons/thumb/2/2f/2012-04_Pilszcz_29.jpg/960px-2012-04_Pilszcz_29.jpg?utm_source=commons.wikimedia.org&utm_campaign=imageinfo&utm_content=thumbnail
portrait-photographs-of-children_418_File_2071D_01_Acervo_do_Museu_Paulista_da_USP.jpg,Category:Portrait photographs of children,"File:2071D - 01, Acervo do Museu Paulista da USP.jpg",José Rosael/HélioNobre/Museu Paulista da USP,Public domain,https://commons.wikimedia.org/wiki/File%3A2071D_-_01%2C_Acervo_do_Museu_Paulista_da_USP.jpg,https://upload.wikimedia.org/wikipedia/commons/a/ad/2071D_-_01%2C_Acervo_do_Museu_Paulista_da_USP.jpg?utm_source=commons.wikimedia.org&utm_campaign=imageinfo&utm_content=thumbnail_unscaled
portrait-photographs-of-children_419_File_2073D_01_Acervo_do_Museu_Paulista_da_USP.jpg,Category:Portrait photographs of children,"File:2073D - 01, Acervo do Museu Paulista da USP.jpg",José Rosael/HélioNobre/Museu Paulista da USP,Public domain,https://commons.wikimedia.org/wiki/File%3A2073D_-_01%2C_Acervo_do_Museu_Paulista_da_USP.jpg,https://upload.wikimedia.org/wikipedia/commons/8/8e/2073D_-_01%2C_Acervo_do_Museu_Paulista_da_USP.jpg?utm_source=commons.wikimedia.org&utm_campaign=imageinfo&utm_content=thumbnail_unscaled
portrait-photographs-of-children_420_File_2120D_01_Acervo_do_Museu_Paulista_da_USP.jpg,Category:Portrait photographs of children,"File:2120D - 01, Acervo do Museu Paulista da USP.jpg",José Rosael/HélioNobre/Museu Paulista da USP,Public domain,https://commons.wikimedia.org/wiki/File%3A2120D_-_01%2C_Acervo_do_Museu_Paulista_da_USP.jpg,https://upload.wikimedia.org/wikipedia/commons/8/89/2120D_-_01%2C_Acervo_do_Museu_Paulista_da_USP.jpg?utm_source=commons.wikimedia.org&utm_campaign=imageinfo&utm_content=thumbnail_unscaled
portrait-photographs-of-children_421_File_2122D_01_Acervo_do_Museu_Paulista_da_USP.jpg,Category:Portrait photographs of children,"File:2122D - 01, Acervo do Museu Paulista da USP.jpg",José Rosael/HélioNobre/Museu Paulista da USP,Public domain,https://commons.wikimedia.org/wiki/File%3A2122D_-_01%2C_Acervo_do_Museu_Paulista_da_USP.jpg,https://upload.wikimedia.org/wikipedia/commons/5/55/2122D_-_01%2C_Acervo_do_Museu_Paulista_da_USP.jpg?utm_source=commons.wikimedia.org&utm_campaign=imageinfo&utm_content=thumbnail_unscaled
portrait-photographs-of-children_422_File_223D_1_Acervo_do_Museu_Paulista_da_USP.jpg,Category:Portrait photographs of children,"File:223D - 1, Acervo do Museu Paulista da USP.jpg",José Rosael/HélioNobre/Museu Paulista da USP,Public domain,https://commons.wikimedia.org/wiki/File%3A223D_-_1%2C_Acervo_do_Museu_Paulista_da_USP.jpg,https://upload.wikimedia.org/wikipedia/commons/b/b8/223D_-_1%2C_Acervo_do_Museu_Paulista_da_USP.jpg?utm_source=commons.wikimedia.org&utm_campaign=imageinfo&utm_content=thumbnail_unscaled
portrait-photographs-of-children_423_File_2282D_01_Acervo_do_Museu_Paulista_da_USP.jpg,Category:Portrait photographs of children,"File:2282D - 01, Acervo do Museu Paulista da USP.jpg",José Rosael/HélioNobre/Museu Paulista da USP,Public domain,https://commons.wikimedia.org/wiki/File%3A2282D_-_01%2C_Acervo_do_Museu_Paulista_da_USP.jpg,https://upload.wikimedia.org/wikipedia/commons/3/30/2282D_-_01%2C_Acervo_do_Museu_Paulista_da_USP.jpg?utm_source=commons.wikimedia.org&utm_campaign=imageinfo&utm_content=thumbnail_unscaled
portrait-photographs-of-children_424_File_2313D_01_Acervo_do_Museu_Paulista_da_USP.jpg,Category:Portrait photographs of children,"File:2313D - 01, Acervo do Museu Paulista da USP.jpg",José Rosael/HélioNobre/Museu Paulista da USP,Public domain,https://commons.wikimedia.org/wiki/File%3A2313D_-_01%2C_Acervo_do_Museu_Paulista_da_USP.jpg,https://upload.wikimedia.org/wikipedia/commons/1/11/2313D_-_01%2C_Acervo_do_Museu_Paulista_da_USP.jpg?utm_source=commons.wikimedia.org&utm_campaign=imageinfo&utm_content=thumbnail_unscaled
portrait-photographs-of-children_425_File_2513D_01_Acervo_do_Museu_Paulista_da_USP.jpg,Category:Portrait photographs of children,"File:2513D - 01, Acervo do Museu Paulista da USP.jpg",José Rosael/HélioNobre/Museu Paulista da USP,Public domain,https://commons.wikimedia.org/wiki/File%3A2513D_-_01%2C_Acervo_do_Museu_Paulista_da_USP.jpg,https://upload.wikimedia.org/wikipedia/commons/f/fd/2513D_-_01%2C_Acervo_do_Museu_Paulista_da_USP.jpg?utm_source=commons.wikimedia.org&utm_campaign=imageinfo&utm_content=thumbnail_unscaled
portrait-photographs-of-children_426_File_2572D_01_Acervo_do_Museu_Paulista_da_USP.jpg,Category:Portrait photographs of children,"File:2572D - 01, Acervo do Museu Paulista da USP.jpg",José Rosael/HélioNobre/Museu Paulista da USP,Public domain,https://commons.wikimedia.org/wiki/File%3A2572D_-_01%2C_Acervo_do_Museu_Paulista_da_USP.jpg,https://upload.wikimedia.org/wikipedia/commons/1/1b/2572D_-_01%2C_Acervo_do_Museu_Paulista_da_USP.jpg?utm_source=commons.wikimedia.org&utm_campaign=imageinfo&utm_content=thumbnail_unscaled
portrait-photographs-of-children_427_File_2573D_01_Acervo_do_Museu_Paulista_da_USP.jpg,Category:Portrait photographs of children,"File:2573D - 01, Acervo do Museu Paulista da USP.jpg",José Rosael/HélioNobre/Museu Paulista da USP,Public domain,https://commons.wikimedia.org/wiki/File%3A2573D_-_01%2C_Acervo_do_Museu_Paulista_da_USP.jpg,https://upload.wikimedia.org/wikipedia/commons/f/fe/2573D_-_01%2C_Acervo_do_Museu_Paulista_da_USP.jpg?utm_source=commons.wikimedia.org&utm_campaign=imageinfo&utm_content=thumbnail_unscaled
portrait-photographs-of-children_428_File_2633D_01_Acervo_do_Museu_Paulista_da_USP.jpg,Category:Portrait photographs of children,"File:2633D - 01, Acervo do Museu Paulista da USP.jpg",José Rosael/HélioNobre/Museu Paulista da USP,Public domain,https://commons.wikimedia.org/wiki/File%3A2633D_-_01%2C_Acervo_do_Museu_Paulista_da_USP.jpg,https://upload.wikimedia.org/wikipedia/commons/f/f8/2633D_-_01%2C_Acervo_do_Museu_Paulista_da_USP.jpg?utm_source=commons.wikimedia.org&utm_campaign=imageinfo&utm_content=thumbnail_unscaled
portrait-photographs-of-children_429_File_2699D_01_Acervo_do_Museu_Paulista_da_USP.jpg,Category:Portrait photographs of children,"File:2699D - 01, Acervo do Museu Paulista da USP.jpg",José Rosael/HélioNobre/Museu Paulista da USP,Public domain,https://commons.wikimedia.org/wiki/File%3A2699D_-_01%2C_Acervo_do_Museu_Paulista_da_USP.jpg,https://upload.wikimedia.org/wikipedia/commons/b/bd/2699D_-_01%2C_Acervo_do_Museu_Paulista_da_USP.jpg?utm_source=commons.wikimedia.org&utm_campaign=imageinfo&utm_content=thumbnail_unscaled
portrait-photographs-of-children_430_File_283D_01_Acervo_do_Museu_Paulista_da_USP.jpg,Category:Portrait photographs of children,"File:283D - 01, Acervo do Museu Paulista da USP.jpg",José Rosael/HélioNobre/Museu Paulista da USP,Public domain,https://commons.wikimedia.org/wiki/File%3A283D_-_01%2C_Acervo_do_Museu_Paulista_da_USP.jpg,https://upload.wikimedia.org/wikipedia/commons/b/ba/283D_-_01%2C_Acervo_do_Museu_Paulista_da_USP.jpg?utm_source=commons.wikimedia.org&utm_campaign=imageinfo&utm_content=thumbnail_unscaled
portrait-photographs-of-children_431_File_287D_01_Acervo_do_Museu_Paulista_da_USP.jpg,Category:Portrait photographs of children,"File:287D - 01, Acervo do Museu Paulista da USP.jpg",José Rosael/HélioNobre/Museu Paulista da USP,Public domain,https://commons.wikimedia.org/wiki/File%3A287D_-_01%2C_Acervo_do_Museu_Paulista_da_USP.jpg,https://upload.wikimedia.org/wikipedia/commons/9/9a/287D_-_01%2C_Acervo_do_Museu_Paulista_da_USP.jpg?utm_source=commons.wikimedia.org&utm_campaign=imageinfo&utm_content=thumbnail_unscaled
portrait-photographs-of-children_432_File_2953D_01_Acervo_do_Museu_Paulista_da_USP.jpg,Category:Portrait photographs of children,"File:2953D - 01, Acervo do Museu Paulista da USP.jpg",José Rosael/HélioNobre/Museu Paulista da USP,Public domain,https://commons.wikimedia.org/wiki/File%3A2953D_-_01%2C_Acervo_do_Museu_Paulista_da_USP.jpg,https://upload.wikimedia.org/wikipedia/commons/1/14/2953D_-_01%2C_Acervo_do_Museu_Paulista_da_USP.jpg?utm_source=commons.wikimedia.org&utm_campaign=imageinfo&utm_content=thumbnail_unscaled
portrait-photographs-of-children_433_File_2957D_01_Acervo_do_Museu_Paulista_da_USP.jpg,Category:Portrait photographs of children,"File:2957D - 01, Acervo do Museu Paulista da USP.jpg",José Rosael/HélioNobre/Museu Paulista da USP,Public domain,https://commons.wikimedia.org/wiki/File%3A2957D_-_01%2C_Acervo_do_Museu_Paulista_da_USP.jpg,https://upload.wikimedia.org/wikipedia/commons/7/72/2957D_-_01%2C_Acervo_do_Museu_Paulista_da_USP.jpg?utm_source=commons.wikimedia.org&utm_campaign=imageinfo&utm_content=thumbnail_unscaled
portrait-photographs-of-children_434_File_3044D_01_Acervo_do_Museu_Paulista_da_USP.jpg,Category:Portrait photographs of children,"File:3044D - 01, Acervo do Museu Paulista da USP.jpg",José Rosael/HélioNobre/Museu Paulista da USP,Public domain,https://commons.wikimedia.org/wiki/File%3A3044D_-_01%2C_Acervo_do_Museu_Paulista_da_USP.jpg,https://upload.wikimedia.org/wikipedia/commons/3/3a/3044D_-_01%2C_Acervo_do_Museu_Paulista_da_USP.jpg?utm_source=commons.wikimedia.org&utm_campaign=imageinfo&utm_content=thumbnail_unscaled
portrait-photographs-of-children_435_File_3045D_01_Acervo_do_Museu_Paulista_da_USP.jpg,Category:Portrait photographs of children,"File:3045D - 01, Acervo do Museu Paulista da USP.jpg",José Rosael/HélioNobre/Museu Paulista da USP,Public domain,https://commons.wikimedia.org/wiki/File%3A3045D_-_01%2C_Acervo_do_Museu_Paulista_da_USP.jpg,https://upload.wikimedia.org/wikipedia/commons/5/50/3045D_-_01%2C_Acervo_do_Museu_Paulista_da_USP.jpg?utm_source=commons.wikimedia.org&utm_campaign=imageinfo&utm_content=thumbnail_unscaled
portrait-photographs-of-children_436_File_3054D_01_Acervo_do_Museu_Paulista_da_USP.jpg,Category:Portrait photographs of children,"File:3054D - 01, Acervo do Museu Paulista da USP.jpg",José Rosael/HélioNobre/Museu Paulista da USP,Public domain,https://commons.wikimedia.org/wiki/File%3A3054D_-_01%2C_Acervo_do_Museu_Paulista_da_USP.jpg,https://upload.wikimedia.org/wikipedia/commons/c/cf/3054D_-_01%2C_Acervo_do_Museu_Paulista_da_USP.jpg?utm_source=commons.wikimedia.org&utm_campaign=imageinfo&utm_content=thumbnail_unscaled
portrait-photographs-of-children_437_File_3055D_01_Acervo_do_Museu_Paulista_da_USP.jpg,Category:Portrait photographs of children,"File:3055D - 01, Acervo do Museu Paulista da USP.jpg",José Rosael/HélioNobre/Museu Paulista da USP,Public domain,https://commons.wikimedia.org/wiki/File%3A3055D_-_01%2C_Acervo_do_Museu_Paulista_da_USP.jpg,https://upload.wikimedia.org/wikipedia/commons/4/4c/3055D_-_01%2C_Acervo_do_Museu_Paulista_da_USP.jpg?utm_source=commons.wikimedia.org&utm_campaign=imageinfo&utm_content=thumbnail_unscaled
portrait-photographs-of-children_438_File_3160D_1_Acervo_do_Museu_Paulista_da_USP.jpg,Category:Portrait photographs of children,"File:3160D - 1, Acervo do Museu Paulista da USP.jpg",José Rosael/HélioNobre/Museu Paulista da USP,Public domain,https://commons.wikimedia.org/wiki/File%3A3160D_-_1%2C_Acervo_do_Museu_Paulista_da_USP.jpg,https://upload.wikimedia.org/wikipedia/commons/a/a8/3160D_-_1%2C_Acervo_do_Museu_Paulista_da_USP.jpg?utm_source=commons.wikimedia.org&utm_campaign=imageinfo&utm_content=thumbnail_unscaled
portrait-photographs-of-children_439_File_3293D_01_Acervo_do_Museu_Paulista_da_USP.jpg,Category:Portrait photographs of children,"File:3293D - 01, Acervo do Museu Paulista da USP.jpg",José Rosael/HélioNobre/Museu Paulista da USP,Public domain,https://commons.wikimedia.org/wiki/File%3A3293D_-_01%2C_Acervo_do_Museu_Paulista_da_USP.jpg,https://upload.wikimedia.org/wikipedia/commons/5/56/3293D_-_01%2C_Acervo_do_Museu_Paulista_da_USP.jpg?utm_source=commons.wikimedia.org&utm_campaign=imageinfo&utm_content=thumbnail_unscaled
portrait-photographs-of-children_440_File_334_01_Acervo_do_Museu_Paulista_da_USP.jpg,Category:Portrait photographs of children,"File:334 - 01, Acervo do Museu Paulista da USP.jpg",José Rosael/HélioNobre/Museu Paulista da USP,Public domain,https://commons.wikimedia.org/wiki/File%3A334_-_01%2C_Acervo_do_Museu_Paulista_da_USP.jpg,https://upload.wikimedia.org/wikipedia/commons/5/5b/334_-_01%2C_Acervo_do_Museu_Paulista_da_USP.jpg?utm_source=commons.wikimedia.org&utm_campaign=imageinfo&utm_content=thumbnail_unscaled
portrait-photographs-of-children_441_File_3443D_01_Acervo_do_Museu_Paulista_da_USP.jpg,Category:Portrait photographs of children,"File:3443D - 01, Acervo do Museu Paulista da USP.jpg",José Rosael/HélioNobre/Museu Paulista da USP,Public domain,https://commons.wikimedia.org/wiki/File%3A3443D_-_01%2C_Acervo_do_Museu_Paulista_da_USP.jpg,https://upload.wikimedia.org/wikipedia/commons/8/8f/3443D_-_01%2C_Acervo_do_Museu_Paulista_da_USP.jpg?utm_source=commons.wikimedia.org&utm_campaign=imageinfo&utm_content=thumbnail_unscaled
portrait-photographs-of-children_442_File_3469D_01_Acervo_do_Museu_Paulista_da_USP.jpg,Category:Portrait photographs of children,"File:3469D - 01, Acervo do Museu Paulista da USP.jpg",José Rosael/HélioNobre/Museu Paulista da USP,Public domain,https://commons.wikimedia.org/wiki/File%3A3469D_-_01%2C_Acervo_do_Museu_Paulista_da_USP.jpg,https://upload.wikimedia.org/wikipedia/commons/8/8f/3469D_-_01%2C_Acervo_do_Museu_Paulista_da_USP.jpg?utm_source=commons.wikimedia.org&utm_campaign=imageinfo&utm_content=thumbnail_unscaled
portrait-photographs-of-children_443_File_3541D_01_Acervo_do_Museu_Paulista_da_USP.jpg,Category:Portrait photographs of children,"File:3541D - 01, Acervo do Museu Paulista da USP.jpg",José Rosael/HélioNobre/Museu Paulista da USP,Public domain,https://commons.wikimedia.org/wiki/File%3A3541D_-_01%2C_Acervo_do_Museu_Paulista_da_USP.jpg,https://upload.wikimedia.org/wikipedia/commons/5/5a/3541D_-_01%2C_Acervo_do_Museu_Paulista_da_USP.jpg?utm_source=commons.wikimedia.org&utm_campaign=imageinfo&utm_content=thumbnail_unscaled
portrait-photographs-of-children_444_File_3659D_01_Acervo_do_Museu_Paulista_da_USP.jpg,Category:Portrait photographs of children,"File:3659D - 01, Acervo do Museu Paulista da USP.jpg",José Rosael/HélioNobre/Museu Paulista da USP,Public domain,https://commons.wikimedia.org/wiki/File%3A3659D_-_01%2C_Acervo_do_Museu_Paulista_da_USP.jpg,https://upload.wikimedia.org/wikipedia/commons/1/11/3659D_-_01%2C_Acervo_do_Museu_Paulista_da_USP.jpg?utm_source=commons.wikimedia.org&utm_campaign=imageinfo&utm_content=thumbnail_unscaled
portrait-photographs-of-children_445_File_3664D_01_Acervo_do_Museu_Paulista_da_USP.jpg,Category:Portrait photographs of children,"File:3664D - 01, Acervo do Museu Paulista da USP.jpg",José Rosael/HélioNobre/Museu Paulista da USP,Public domain,https://commons.wikimedia.org/wiki/File%3A3664D_-_01%2C_Acervo_do_Museu_Paulista_da_USP.jpg,https://upload.wikimedia.org/wikipedia/commons/b/b5/3664D_-_01%2C_Acervo_do_Museu_Paulista_da_USP.jpg?utm_source=commons.wikimedia.org&utm_campaign=imageinfo&utm_content=thumbnail_unscaled
portrait-photographs-of-children_446_File_405D_3_Acervo_do_Museu_Paulista_da_USP.jpg,Category:Portrait photographs of children,"File:405D - 3, Acervo do Museu Paulista da USP.jpg",José Rosael/HélioNobre/Museu Paulista da USP,Public domain,https://commons.wikimedia.org/wiki/File%3A405D_-_3%2C_Acervo_do_Museu_Paulista_da_USP.jpg,https://upload.wikimedia.org/wikipedia/commons/2/2e/405D_-_3%2C_Acervo_do_Museu_Paulista_da_USP.jpg?utm_source=commons.wikimedia.org&utm_campaign=imageinfo&utm_content=thumbnail_unscaled
portrait-photographs-of-children_447_File_4561D_01_Acervo_do_Museu_Paulista_da_USP.jpg,Category:Portrait photographs of children,"File:4561D - 01, Acervo do Museu Paulista da USP.jpg",José Rosael/HélioNobre/Museu Paulista da USP,Public domain,https://commons.wikimedia.org/wiki/File%3A4561D_-_01%2C_Acervo_do_Museu_Paulista_da_USP.jpg,https://upload.wikimedia.org/wikipedia/commons/4/43/4561D_-_01%2C_Acervo_do_Museu_Paulista_da_USP.jpg?utm_source=commons.wikimedia.org&utm_campaign=imageinfo&utm_content=thumbnail_unscaled
portrait-photographs-of-children_448_File_471D_2_Acervo_do_Museu_Paulista_da_USP.jpg,Category:Portrait photographs of children,"File:471D - 2, Acervo do Museu Paulista da USP.jpg",José Rosael/HélioNobre/Museu Paulista da USP,Public domain,https://commons.wikimedia.org/wiki/File%3A471D_-_2%2C_Acervo_do_Museu_Paulista_da_USP.jpg,https://upload.wikimedia.org/wikipedia/commons/4/45/471D_-_2%2C_Acervo_do_Museu_Paulista_da_USP.jpg?utm_source=commons.wikimedia.org&utm_campaign=imageinfo&utm_content=thumbnail_unscaled
portrait-photographs-of-children_449_File_4790D_01_Acervo_do_Museu_Paulista_da_USP.jpg,Category:Portrait photographs of children,"File:4790D - 01, Acervo do Museu Paulista da USP.jpg",José Rosael/HélioNobre/Museu Paulista da USP,Public domain,https://commons.wikimedia.org/wiki/File%3A4790D_-_01%2C_Acervo_do_Museu_Paulista_da_USP.jpg,https://upload.wikimedia.org/wikipedia/commons/b/bf/4790D_-_01%2C_Acervo_do_Museu_Paulista_da_USP.jpg?utm_source=commons.wikimedia.org&utm_campaign=imageinfo&utm_content=thumbnail_unscaled
portrait-photographs-of-children_450_File_4815D_01_Acervo_do_Museu_Paulista_da_USP.jpg,Category:Portrait photographs of children,"File:4815D - 01, Acervo do Museu Paulista da USP.jpg",José Rosael/HélioNobre/Museu Paulista da USP,Public domain,https://commons.wikimedia.org/wiki/File%3A4815D_-_01%2C_Acervo_do_Museu_Paulista_da_USP.jpg,https://upload.wikimedia.org/wikipedia/commons/1/12/4815D_-_01%2C_Acervo_do_Museu_Paulista_da_USP.jpg?utm_source=commons.wikimedia.org&utm_campaign=imageinfo&utm_content=thumbnail_unscaled
portrait-photographs-of-children_451_File_481D_2_Acervo_do_Museu_Paulista_da_USP.jpg,Category:Portrait photographs of children,"File:481D - 2, Acervo do Museu Paulista da USP.jpg",José Rosael/HélioNobre/Museu Paulista da USP,Public domain,https://commons.wikimedia.org/wiki/File%3A481D_-_2%2C_Acervo_do_Museu_Paulista_da_USP.jpg,https://upload.wikimedia.org/wikipedia/commons/b/bd/481D_-_2%2C_Acervo_do_Museu_Paulista_da_USP.jpg?utm_source=commons.wikimedia.org&utm_campaign=imageinfo&utm_content=thumbnail_unscaled
portrait-photographs-of-children_452_File_513D_1_Acervo_do_Museu_Paulista_da_USP.jpg,Category:Portrait photographs of children,"File:513D - 1, Acervo do Museu Paulista da USP.jpg",José Rosael/HélioNobre/Museu Paulista da USP,Public domain,https://commons.wikimedia.org/wiki/File%3A513D_-_1%2C_Acervo_do_Museu_Paulista_da_USP.jpg,https://upload.wikimedia.org/wikipedia/commons/e/ef/513D_-_1%2C_Acervo_do_Museu_Paulista_da_USP.jpg?utm_source=commons.wikimedia.org&utm_campaign=imageinfo&utm_content=thumbnail_unscaled
portrait-photographs-of-children_453_File_5241D_01_Acervo_do_Museu_Paulista_da_USP.jpg,Category:Portrait photographs of children,"File:5241D - 01, Acervo do Museu Paulista da USP.jpg",José Rosael/HélioNobre/Museu Paulista da USP,Public domain,https://commons.wikimedia.org/wiki/File%3A5241D_-_01%2C_Acervo_do_Museu_Paulista_da_USP.jpg,https://upload.wikimedia.org/wikipedia/commons/b/b4/5241D_-_01%2C_Acervo_do_Museu_Paulista_da_USP.jpg?utm_source=commons.wikimedia.org&utm_campaign=imageinfo&utm_content=thumbnail_unscaled
portrait-photographs-of-children_454_File_5252D_01_Acervo_do_Museu_Paulista_da_USP.jpg,Category:Portrait photographs of children,"File:5252D - 01, Acervo do Museu Paulista da USP.jpg",José Rosael/HélioNobre/Museu Paulista da USP,Public domain,https://commons.wikimedia.org/wiki/File%3A5252D_-_01%2C_Acervo_do_Museu_Paulista_da_USP.jpg,https://upload.wikimedia.org/wikipedia/commons/6/64/5252D_-_01%2C_Acervo_do_Museu_Paulista_da_USP.jpg?utm_source=commons.wikimedia.org&utm_campaign=imageinfo&utm_content=thumbnail_unscaled
portrait-photographs-of-children_455_File_5597D_01_Acervo_do_Museu_Paulista_da_USP.jpg,Category:Portrait photographs of children,"File:5597D - 01, Acervo do Museu Paulista da USP.jpg",José Rosael/HélioNobre/Museu Paulista da USP,Public domain,https://commons.wikimedia.org/wiki/File%3A5597D_-_01%2C_Acervo_do_Museu_Paulista_da_USP.jpg,https://upload.wikimedia.org/wikipedia/commons/a/ad/5597D_-_01%2C_Acervo_do_Museu_Paulista_da_USP.jpg?utm_source=commons.wikimedia.org&utm_campaign=imageinfo&utm_content=thumbnail_unscaled
portrait-photographs-of-children_456_File_5622Rd_01_Acervo_do_Museu_Paulista_da_USP.jpg,Category:Portrait photographs of children,"File:5622Rd - 01, Acervo do Museu Paulista da USP.jpg",José Rosael/HélioNobre/Museu Paulista da USP,Public domain,https://commons.wikimedia.org/wiki/File%3A5622Rd_-_01%2C_Acervo_do_Museu_Paulista_da_USP.jpg,https://upload.wikimedia.org/wikipedia/commons/9/9d/5622Rd_-_01%2C_Acervo_do_Museu_Paulista_da_USP.jpg?utm_source=commons.wikimedia.org&utm_campaign=imageinfo&utm_content=thumbnail_unscaled
portrait-photographs-of-children_457_File_5623Rd_01_Acervo_do_Museu_Paulista_da_USP.jpg,Category:Portrait photographs of children,"File:5623Rd - 01, Acervo do Museu Paulista da USP.jpg",José Rosael/HélioNobre/Museu Paulista da USP,Public domain,https://commons.wikimedia.org/wiki/File%3A5623Rd_-_01%2C_Acervo_do_Museu_Paulista_da_USP.jpg,https://upload.wikimedia.org/wikipedia/commons/0/08/5623Rd_-_01%2C_Acervo_do_Museu_Paulista_da_USP.jpg?utm_source=commons.wikimedia.org&utm_campaign=imageinfo&utm_content=thumbnail_unscaled
portrait-photographs-of-children_458_File_5642D_01_Acervo_do_Museu_Paulista_da_USP.jpg,Category:Portrait photographs of children,"File:5642D - 01, Acervo do Museu Paulista da USP.jpg",José Rosael/HélioNobre/Museu Paulista da USP,Public domain,https://commons.wikimedia.org/wiki/File%3A5642D_-_01%2C_Acervo_do_Museu_Paulista_da_USP.jpg,https://upload.wikimedia.org/wikipedia/commons/b/bd/5642D_-_01%2C_Acervo_do_Museu_Paulista_da_USP.jpg?utm_source=commons.wikimedia.org&utm_campaign=imageinfo&utm_content=thumbnail_unscaled
portrait-photographs-of-children_459_File_5645Rd_01_Acervo_do_Museu_Paulista_da_USP.jpg,Category:Portrait photographs of children,"File:5645Rd - 01, Acervo do Museu Paulista da USP.jpg",José Rosael/HélioNobre/Museu Paulista da USP,Public domain,https://commons.wikimedia.org/wiki/File%3A5645Rd_-_01%2C_Acervo_do_Museu_Paulista_da_USP.jpg,https://upload.wikimedia.org/wikipedia/commons/8/86/5645Rd_-_01%2C_Acervo_do_Museu_Paulista_da_USP.jpg?utm_source=commons.wikimedia.org&utm_campaign=imageinfo&utm_content=thumbnail_unscaled
portrait-photographs-of-children_460_File_5658Rd_01_Acervo_do_Museu_Paulista_da_USP.jpg,Category:Portrait photographs of children,"File:5658Rd - 01, Acervo do Museu Paulista da USP.jpg",José Rosael/HélioNobre/Museu Paulista da USP,Public domain,https://commons.wikimedia.org/wiki/File%3A5658Rd_-_01%2C_Acervo_do_Museu_Paulista_da_USP.jpg,https://upload.wikimedia.org/wikipedia/commons/7/71/5658Rd_-_01%2C_Acervo_do_Museu_Paulista_da_USP.jpg?utm_source=commons.wikimedia.org&utm_campaign=imageinfo&utm_content=thumbnail_unscaled
portrait-photographs-of-children_461_File_568D_01_Acervo_do_Museu_Paulista_da_USP.jpg,Category:Portrait photographs of children,"File:568D - 01, Acervo do Museu Paulista da USP.jpg",José Rosael/HélioNobre/Museu Paulista da USP,Public domain,https://commons.wikimedia.org/wiki/File%3A568D_-_01%2C_Acervo_do_Museu_Paulista_da_USP.jpg,https://upload.wikimedia.org/wikipedia/commons/a/ae/568D_-_01%2C_Acervo_do_Museu_Paulista_da_USP.jpg?utm_source=commons.wikimedia.org&utm_campaign=imageinfo&utm_content=thumbnail_unscaled
portrait-photographs-of-children_462_File_5797D_01_Acervo_do_Museu_Paulista_da_USP.jpg,Category:Portrait photographs of children,"File:5797D - 01, Acervo do Museu Paulista da USP.jpg",José Rosael/HélioNobre/Museu Paulista da USP,Public domain,https://commons.wikimedia.org/wiki/File%3A5797D_-_01%2C_Acervo_do_Museu_Paulista_da_USP.jpg,https://upload.wikimedia.org/wikipedia/commons/b/bc/5797D_-_01%2C_Acervo_do_Museu_Paulista_da_USP.jpg?utm_source=commons.wikimedia.org&utm_campaign=imageinfo&utm_content=thumbnail_unscaled
portrait-photographs-of-children_463_File_5D_1_Acervo_do_Museu_Paulista_da_USP.jpg,Category:Portrait photographs of children,"File:5D - 1, Acervo do Museu Paulista da USP.jpg",José Rosael/HélioNobre/Museu Paulista da USP,Public domain,https://commons.wikimedia.org/wiki/File%3A5D_-_1%2C_Acervo_do_Museu_Paulista_da_USP.jpg,https://upload.wikimedia.org/wikipedia/commons/4/47/5D_-_1%2C_Acervo_do_Museu_Paulista_da_USP.jpg?utm_source=commons.wikimedia.org&utm_campaign=imageinfo&utm_content=thumbnail_unscaled
portrait-photographs-of-children_464_File_6085D_01_Acervo_do_Museu_Paulista_da_USP.jpg,Category:Portrait photographs of children,"File:6085D - 01, Acervo do Museu Paulista da USP.jpg",José Rosael/HélioNobre/Museu Paulista da USP,Public domain,https://commons.wikimedia.org/wiki/File%3A6085D_-_01%2C_Acervo_do_Museu_Paulista_da_USP.jpg,https://upload.wikimedia.org/wikipedia/commons/6/6b/6085D_-_01%2C_Acervo_do_Museu_Paulista_da_USP.jpg?utm_source=commons.wikimedia.org&utm_campaign=imageinfo&utm_content=thumbnail_unscaled
portrait-photographs-of-children_465_File_6094D_01_Acervo_do_Museu_Paulista_da_USP.jpg,Category:Portrait photographs of children,"File:6094D - 01, Acervo do Museu Paulista da USP.jpg",José Rosael/HélioNobre/Museu Paulista da USP,Public domain,https://commons.wikimedia.org/wiki/File%3A6094D_-_01%2C_Acervo_do_Museu_Paulista_da_USP.jpg,https://upload.wikimedia.org/wikipedia/commons/0/03/6094D_-_01%2C_Acervo_do_Museu_Paulista_da_USP.jpg?utm_source=commons.wikimedia.org&utm_campaign=imageinfo&utm_content=thumbnail_unscaled
portrait-photographs-of-children_466_File_6110D_01_Acervo_do_Museu_Paulista_da_USP.jpg,Category:Portrait photographs of children,"File:6110D - 01, Acervo do Museu Paulista da USP.jpg",José Rosael/HélioNobre/Museu Paulista da USP,Public domain,https://commons.wikimedia.org/wiki/File%3A6110D_-_01%2C_Acervo_do_Museu_Paulista_da_USP.jpg,https://upload.wikimedia.org/wikipedia/commons/a/a4/6110D_-_01%2C_Acervo_do_Museu_Paulista_da_USP.jpg?utm_source=commons.wikimedia.org&utm_campaign=imageinfo&utm_content=thumbnail_unscaled
portrait-photographs-of-children_467_File_6200D_01_Acervo_do_Museu_Paulista_da_USP.jpg,Category:Portrait photographs of children,"File:6200D - 01, Acervo do Museu Paulista da USP.jpg",José Rosael/HélioNobre/Museu Paulista da USP,Public domain,https://commons.wikimedia.org/wiki/File%3A6200D_-_01%2C_Acervo_do_Museu_Paulista_da_USP.jpg,https://upload.wikimedia.org/wikipedia/commons/0/00/6200D_-_01%2C_Acervo_do_Museu_Paulista_da_USP.jpg?utm_source=commons.wikimedia.org&utm_campaign=imageinfo&utm_content=thumbnail_unscaled
portrait-photographs-of-children_468_File_6208D_01_Acervo_do_Museu_Paulista_da_USP.jpg,Category:Portrait photographs of children,"File:6208D - 01, Acervo do Museu Paulista da USP.jpg",José Rosael/HélioNobre/Museu Paulista da USP,Public domain,https://commons.wikimedia.org/wiki/File%3A6208D_-_01%2C_Acervo_do_Museu_Paulista_da_USP.jpg,https://upload.wikimedia.org/wikipedia/commons/d/d8/6208D_-_01%2C_Acervo_do_Museu_Paulista_da_USP.jpg?utm_source=commons.wikimedia.org&utm_campaign=imageinfo&utm_content=thumbnail_unscaled
portrait-photographs-of-children_469_File_6221D_01_Acervo_do_Museu_Paulista_da_USP.jpg,Category:Portrait photographs of children,"File:6221D - 01, Acervo do Museu Paulista da USP.jpg",José Rosael/HélioNobre/Museu Paulista da USP,Public domain,https://commons.wikimedia.org/wiki/File%3A6221D_-_01%2C_Acervo_do_Museu_Paulista_da_USP.jpg,https://upload.wikimedia.org/wikipedia/commons/0/03/6221D_-_01%2C_Acervo_do_Museu_Paulista_da_USP.jpg?utm_source=commons.wikimedia.org&utm_campaign=imageinfo&utm_content=thumbnail_unscaled
portrait-photographs-of-children_470_File_6247D_01_Acervo_do_Museu_Paulista_da_USP.jpg,Category:Portrait photographs of children,"File:6247D - 01, Acervo do Museu Paulista da USP.jpg",José Rosael/HélioNobre/Museu Paulista da USP,Public domain,https://commons.wikimedia.org/wiki/File%3A6247D_-_01%2C_Acervo_do_Museu_Paulista_da_USP.jpg,https://upload.wikimedia.org/wikipedia/commons/e/eb/6247D_-_01%2C_Acervo_do_Museu_Paulista_da_USP.jpg?utm_source=commons.wikimedia.org&utm_campaign=imageinfo&utm_content=thumbnail_unscaled
portrait-photographs-of-children_471_File_6261D_01_Acervo_do_Museu_Paulista_da_USP.jpg,Category:Portrait photographs of children,"File:6261D - 01, Acervo do Museu Paulista da USP.jpg",José Rosael/HélioNobre/Museu Paulista da USP,Public domain,https://commons.wikimedia.org/wiki/File%3A6261D_-_01%2C_Acervo_do_Museu_Paulista_da_USP.jpg,https://upload.wikimedia.org/wikipedia/commons/4/49/6261D_-_01%2C_Acervo_do_Museu_Paulista_da_USP.jpg?utm_source=commons.wikimedia.org&utm_campaign=imageinfo&utm_content=thumbnail_unscaled
portrait-photographs-of-children_472_File_6270Rd_01_Acervo_do_Museu_Paulista_da_USP.jpg,Category:Portrait photographs of children,"File:6270Rd - 01, Acervo do Museu Paulista da USP.jpg",José Rosael/HélioNobre/Museu Paulista da USP,Public domain,https://commons.wikimedia.org/wiki/File%3A6270Rd_-_01%2C_Acervo_do_Museu_Paulista_da_USP.jpg,https://upload.wikimedia.org/wikipedia/commons/f/f1/6270Rd_-_01%2C_Acervo_do_Museu_Paulista_da_USP.jpg?utm_source=commons.wikimedia.org&utm_campaign=imageinfo&utm_content=thumbnail_unscaled
portrait-photographs-of-children_473_File_6283D_01_Acervo_do_Museu_Paulista_da_USP.jpg,Category:Portrait photographs of children,"File:6283D - 01, Acervo do Museu Paulista da USP.jpg",José Rosael/HélioNobre/Museu Paulista da USP,Public domain,https://commons.wikimedia.org/wiki/File%3A6283D_-_01%2C_Acervo_do_Museu_Paulista_da_USP.jpg,https://upload.wikimedia.org/wikipedia/commons/5/5b/6283D_-_01%2C_Acervo_do_Museu_Paulista_da_USP.jpg?utm_source=commons.wikimedia.org&utm_campaign=imageinfo&utm_content=thumbnail_unscaled
portrait-photographs-of-children_474_File_6285D_01_Acervo_do_Museu_Paulista_da_USP.jpg,Category:Portrait photographs of children,"File:6285D - 01, Acervo do Museu Paulista da USP.jpg",José Rosael/HélioNobre/Museu Paulista da USP,Public domain,https://commons.wikimedia.org/wiki/File%3A6285D_-_01%2C_Acervo_do_Museu_Paulista_da_USP.jpg,https://upload.wikimedia.org/wikipedia/commons/7/74/6285D_-_01%2C_Acervo_do_Museu_Paulista_da_USP.jpg?utm_source=commons.wikimedia.org&utm_campaign=imageinfo&utm_content=thumbnail_unscaled
portrait-photographs-of-children_475_File_6290D_01_Acervo_do_Museu_Paulista_da_USP.jpg,Category:Portrait photographs of children,"File:6290D - 01, Acervo do Museu Paulista da USP.jpg",José Rosael/HélioNobre/Museu Paulista da USP,Public domain,https://commons.wikimedia.org/wiki/File%3A6290D_-_01%2C_Acervo_do_Museu_Paulista_da_USP.jpg,https://upload.wikimedia.org/wikipedia/commons/3/37/6290D_-_01%2C_Acervo_do_Museu_Paulista_da_USP.jpg?utm_source=commons.wikimedia.org&utm_campaign=imageinfo&utm_content=thumbnail_unscaled
portrait-photographs-of-children_476_File_6357D_01_Acervo_do_Museu_Paulista_da_USP.jpg,Category:Portrait photographs of children,"File:6357D - 01, Acervo do Museu Paulista da USP.jpg",José Rosael/HélioNobre/Museu Paulista da USP,Public domain,https://commons.wikimedia.org/wiki/File%3A6357D_-_01%2C_Acervo_do_Museu_Paulista_da_USP.jpg,https://upload.wikimedia.org/wikipedia/commons/1/1f/6357D_-_01%2C_Acervo_do_Museu_Paulista_da_USP.jpg?utm_source=commons.wikimedia.org&utm_campaign=imageinfo&utm_content=thumbnail_unscaled
portrait-photographs-of-children_477_File_6374D_01_Acervo_do_Museu_Paulista_da_USP.jpg,Category:Portrait photographs of children,"File:6374D - 01, Acervo do Museu Paulista da USP.jpg",José Rosael/HélioNobre/Museu Paulista da USP,Public domain,https://commons.wikimedia.org/wiki/File%3A6374D_-_01%2C_Acervo_do_Museu_Paulista_da_USP.jpg,https://upload.wikimedia.org/wikipedia/commons/8/85/6374D_-_01%2C_Acervo_do_Museu_Paulista_da_USP.jpg?utm_source=commons.wikimedia.org&utm_campaign=imageinfo&utm_content=thumbnail_unscaled
portrait-photographs-of-children_478_File_6401D_01_Acervo_do_Museu_Paulista_da_USP.jpg,Category:Portrait photographs of children,"File:6401D - 01, Acervo do Museu Paulista da USP.jpg",José Rosael/HélioNobre/Museu Paulista da USP,Public domain,https://commons.wikimedia.org/wiki/File%3A6401D_-_01%2C_Acervo_do_Museu_Paulista_da_USP.jpg,https://upload.wikimedia.org/wikipedia/commons/e/e2/6401D_-_01%2C_Acervo_do_Museu_Paulista_da_USP.jpg?utm_source=commons.wikimedia.org&utm_campaign=imageinfo&utm_content=thumbnail_unscaled
portrait-photographs-of-children_479_File_6406D_01_Acervo_do_Museu_Paulista_da_USP.jpg,Category:Portrait photographs of children,"File:6406D - 01, Acervo do Museu Paulista da USP.jpg",José Rosael/HélioNobre/Museu Paulista da USP,Public domain,https://commons.wikimedia.org/wiki/File%3A6406D_-_01%2C_Acervo_do_Museu_Paulista_da_USP.jpg,https://upload.wikimedia.org/wikipedia/commons/f/f7/6406D_-_01%2C_Acervo_do_Museu_Paulista_da_USP.jpg?utm_source=commons.wikimedia.org&utm_campaign=imageinfo&utm_content=thumbnail_unscaled
portraits-of-old-women_480_File_1789_Louise_Charlotte.jpg,Category:Portraits of old women,File:1789 Louise Charlotte.jpg,Unidentified photographer,Public domain,https://commons.wikimedia.org/wiki/File%3A1789_Louise_Charlotte.jpg,https://upload.wikimedia.org/wikipedia/commons/8/83/1789_Louise_Charlotte.jpg?utm_source=commons.wikimedia.org&utm_campaign=imageinfo&utm_content=thumbnail_unscaled
portraits-of-old-women_481_File_Marie_Am_lie_of_Naples_and_Sicily_Queen_of_th.jpg,Category:Portraits of old women,"File:Marie Amélie of Naples and Sicily, Queen of the French in her final years (cropped).jpg",Unknown authorUnknown author,Public domain,https://commons.wikimedia.org/wiki/File%3AMarie_Am%C3%A9lie_of_Naples_and_Sicily%2C_Queen_of_the_French_in_her_final_years_%28cropped%29.jpg,https://upload.wikimedia.org/wikipedia/commons/a/ad/Marie_Am%C3%A9lie_of_Naples_and_Sicily%2C_Queen_of_the_French_in_her_final_years_%28cropped%29.jpg?utm_source=commons.wikimedia.org&utm_campaign=imageinfo&utm_content=thumbnail_unscaled
portraits-of-old-women_482_File_Marie_Am_lie_of_Naples_and_Sicily_Queen_of_th.jpg,Category:Portraits of old women,"File:Marie Amélie of Naples and Sicily, Queen of the French in her final years.jpg",Unknown authorUnknown author,Public domain,https://commons.wikimedia.org/wiki/File%3AMarie_Am%C3%A9lie_of_Naples_and_Sicily%2C_Queen_of_the_French_in_her_final_years.jpg,https://upload.wikimedia.org/wikipedia/commons/8/82/Marie_Am%C3%A9lie_of_Naples_and_Sicily%2C_Queen_of_the_French_in_her_final_years.jpg?utm_source=commons.wikimedia.org&utm_campaign=imageinfo&utm_content=thumbnail_unscaled
portraits-of-old-women_483_File_Lydia_Sigourney_Brady_Handy.jpg,Category:Portraits of old women,File:Lydia Sigourney - Brady-Handy.jpg,Mathew Benjamin Brady,Public domain,https://commons.wikimedia.org/wiki/File%3ALydia_Sigourney_-_Brady-Handy.jpg,https://thumb.wikimedia.org/wikipedia/commons/thumb/6/63/Lydia_Sigourney_-_Brady-Handy.jpg/960px-Lydia_Sigourney_-_Brady-Handy.jpg?utm_source=commons.wikimedia.org&utm_campaign=imageinfo&utm_content=thumbnail
portraits-of-old-women_484_File_Photograph_of_Caroline_of_the_Two_Sicilies_Du.jpg,Category:Portraits of old women,"File:Photograph of Caroline of the Two Sicilies, Duchess of Berry.png",Unidentified photographer,Public domain,https://commons.wikimedia.org/wiki/File%3APhotograph_of_Caroline_of_the_Two_Sicilies%2C_Duchess_of_Berry.png,https://upload.wikimedia.org/wikipedia/commons/5/5a/Photograph_of_Caroline_of_the_Two_Sicilies%2C_Duchess_of_Berry.png?utm_source=commons.wikimedia.org&utm_campaign=imageinfo&utm_content=thumbnail_unscaled
portraits-of-old-women_485_File_Portrait_of_an_old_woman_by_Stanley_J_Morrow.jpg,Category:Portraits of old women,"File:Portrait of an old woman, by Stanley J. Morrow.jpg","Morrow, Stanley J. -- Photographer",Public domain,https://commons.wikimedia.org/wiki/File%3APortrait_of_an_old_woman%2C_by_Stanley_J._Morrow.jpg,https://upload.wikimedia.org/wikipedia/commons/c/ca/Portrait_of_an_old_woman%2C_by_Stanley_J._Morrow.jpg?utm_source=commons.wikimedia.org&utm_campaign=imageinfo&utm_content=thumbnail_unscaled
portraits-of-old-women_486_File_Charlotte_Cushman_head_and_shoulders_portrait.jpg,Category:Portraits of old women,"File:Charlotte Cushman, head-and-shoulders portrait, facing left, by Gutekunst.jpg",Frederick Gutekunst,Public domain,https://commons.wikimedia.org/wiki/File%3ACharlotte_Cushman%2C_head-and-shoulders_portrait%2C_facing_left%2C_by_Gutekunst.jpg,https://thumb.wikimedia.org/wikipedia/commons/thumb/f/fc/Charlotte_Cushman%2C_head-and-shoulders_portrait%2C_facing_left%2C_by_Gutekunst.jpg/960px-Charlotte_Cushman%2C_head-and-shoulders_portrait%2C_facing_left%2C_by_Gutekunst.jpg?utm_source=commons.wikimedia.org&utm_campaign=imageinfo&utm_content=thumbnail
portraits-of-old-women_487_File_StateLibQld_1_130771_Elderly_woman_possibly_d.jpg,Category:Portraits of old women,"File:StateLibQld 1 130771 Elderly woman, possibly dressed in mourning clothes, 1890-1900.jpg",Unknown authorUnknown author,Public domain,https://commons.wikimedia.org/wiki/File%3AStateLibQld_1_130771_Elderly_woman%2C_possibly_dressed_in_mourning_clothes%2C_1890-1900.jpg,https://upload.wikimedia.org/wikipedia/commons/2/29/StateLibQld_1_130771_Elderly_woman%2C_possibly_dressed_in_mourning_clothes%2C_1890-1900.jpg?utm_source=commons.wikimedia.org&utm_campaign=imageinfo&utm_content=thumbnail_unscaled
portraits-of-old-women_488_File_Ludovika_Hzgin_in_Bayern.jpg,Category:Portraits of old women,File:Ludovika Hzgin in Bayern.jpg,Unknown authorUnknown author,Public domain,https://commons.wikimedia.org/wiki/File%3ALudovika_Hzgin_in_Bayern.jpg,https://upload.wikimedia.org/wikipedia/commons/6/6b/Ludovika_Hzgin_in_Bayern.jpg?utm_source=commons.wikimedia.org&utm_campaign=imageinfo&utm_content=thumbnail_unscaled
portraits-of-old-women_489_File_Queen_Victoria_Diamond_Jubilee_1_cropped.jpg,Category:Portraits of old women,File:Queen Victoria -Diamond Jubilee -1 cropped.JPG,W. &amp; D. Downey,Public domain,https://commons.wikimedia.org/wiki/File%3AQueen_Victoria_-Diamond_Jubilee_-1_cropped.JPG,https://upload.wikimedia.org/wikipedia/commons/6/64/Queen_Victoria_-Diamond_Jubilee_-1_cropped.JPG?utm_source=commons.wikimedia.org&utm_campaign=imageinfo&utm_content=thumbnail_unscaled
portraits-of-old-women_490_File_Queen_Victoria_60_crownjubilee.jpg,Category:Portraits of old women,File:Queen Victoria 60. crownjubilee.jpg,W. &amp; D. Downey,Public domain,https://commons.wikimedia.org/wiki/File%3AQueen_Victoria_60._crownjubilee.jpg,https://upload.wikimedia.org/wikipedia/commons/7/77/Queen_Victoria_60._crownjubilee.jpg?utm_source=commons.wikimedia.org&utm_campaign=imageinfo&utm_content=thumbnail_unscaled
portraits-of-old-women_491_File_Jessie_Benton_Fremont_later_years.jpg,Category:Portraits of old women,File:Jessie Benton Fremont later years.jpg,"C. Wharton James Photo, Pasadena, CA",Public domain,https://commons.wikimedia.org/wiki/File%3AJessie_Benton_Fremont_later_years.jpg,https://thumb.wikimedia.org/wikipedia/commons/thumb/c/cf/Jessie_Benton_Fremont_later_years.jpg/960px-Jessie_Benton_Fremont_later_years.jpg?utm_source=commons.wikimedia.org&utm_campaign=imageinfo&utm_content=thumbnail
portraits-of-old-women_492_File_L_Imp_ratrice_Eug_nie_en_1920.jpg,Category:Portraits of old women,File:L'Impératrice Eugénie en 1920.jpg,Unknown authorUnknown author,Public domain,https://commons.wikimedia.org/wiki/File%3AL%27Imp%C3%A9ratrice_Eug%C3%A9nie_en_1920.jpg,https://upload.wikimedia.org/wikipedia/commons/3/36/L%27Imp%C3%A9ratrice_Eug%C3%A9nie_en_1920.jpg?utm_source=commons.wikimedia.org&utm_campaign=imageinfo&utm_content=thumbnail_unscaled
portraits-of-old-women_493_File_Princesa_Dona_Isabel_do_Brasil_1.jpg,Category:Portraits of old women,File:Princesa Dona Isabel. do Brasil.1.jpg,Unknown authorUnknown author,Public domain,https://commons.wikimedia.org/wiki/File%3APrincesa_Dona_Isabel._do_Brasil.1.jpg,https://thumb.wikimedia.org/wikipedia/commons/thumb/f/ff/Princesa_Dona_Isabel._do_Brasil.1.jpg/960px-Princesa_Dona_Isabel._do_Brasil.1.jpg?utm_source=commons.wikimedia.org&utm_campaign=imageinfo&utm_content=thumbnail
portraits-of-old-women_494_File_Terezia_Gal_born_March_8_1886.jpg,Category:Portraits of old women,"File:Terezia Gal (born March 8, 1886).jpg",Unknown authorUnknown author,Public domain,https://commons.wikimedia.org/wiki/File%3ATerezia_Gal_%28born_March_8%2C_1886%29.jpg,https://thumb.wikimedia.org/wikipedia/commons/thumb/5/5d/Terezia_Gal_%28born_March_8%2C_1886%29.jpg/960px-Terezia_Gal_%28born_March_8%2C_1886%29.jpg?utm_source=commons.wikimedia.org&utm_campaign=imageinfo&utm_content=thumbnail
portraits-of-old-women_495_File_Alo_s_Boudry_Die_Pause.jpg,Category:Portraits of old women,File:Aloïs Boudry Die Pause.jpg,Aloïs Boudry,Public domain,https://commons.wikimedia.org/wiki/File%3AAlo%C3%AFs_Boudry_Die_Pause.jpg,https://thumb.wikimedia.org/wikipedia/commons/thumb/3/3c/Alo%C3%AFs_Boudry_Die_Pause.jpg/960px-Alo%C3%AFs_Boudry_Die_Pause.jpg?utm_source=commons.wikimedia.org&utm_campaign=imageinfo&utm_content=thumbnail
portraits-of-old-women_496_File_Alte_Frau_in_Tracht_19c.jpg,Category:Portraits of old women,File:Alte Frau in Tracht 19c.jpg,Unknown authorUnknown author,Public domain,https://commons.wikimedia.org/wiki/File%3AAlte_Frau_in_Tracht_19c.jpg,https://thumb.wikimedia.org/wikipedia/commons/thumb/8/88/Alte_Frau_in_Tracht_19c.jpg/960px-Alte_Frau_in_Tracht_19c.jpg?utm_source=commons.wikimedia.org&utm_campaign=imageinfo&utm_content=thumbnail
portraits-of-old-women_497_File_Anders_Montan_Woman_with_coffee_cup.jpg,Category:Portraits of old women,File:Anders Montan Woman with coffee cup.jpg,Anders Montan,Public domain,https://commons.wikimedia.org/wiki/File%3AAnders_Montan_Woman_with_coffee_cup.jpg,https://upload.wikimedia.org/wikipedia/commons/9/97/Anders_Montan_Woman_with_coffee_cup.jpg?utm_source=commons.wikimedia.org&utm_campaign=imageinfo&utm_content=thumbnail_unscaled
portraits-of-old-women_498_File_Albert_Anker_Grossmutter_beim_Bibel_lesen.jpg,Category:Portraits of old women,File:Albert Anker Grossmutter beim Bibel lesen.jpg,Albert Anker,Public domain,https://commons.wikimedia.org/wiki/File%3AAlbert_Anker_Grossmutter_beim_Bibel_lesen.jpg,https://thumb.wikimedia.org/wikipedia/commons/thumb/b/b6/Albert_Anker_Grossmutter_beim_Bibel_lesen.jpg/960px-Albert_Anker_Grossmutter_beim_Bibel_lesen.jpg?utm_source=commons.wikimedia.org&utm_campaign=imageinfo&utm_content=thumbnail
portraits-of-old-women_499_File_Elise_Averdieck_1905.jpg,Category:Portraits of old women,File:Elise Averdieck 1905.jpg,Rudolf Dührkoop,Public domain,https://commons.wikimedia.org/wiki/File%3AElise_Averdieck_1905.jpg,https://upload.wikimedia.org/wikipedia/commons/8/8f/Elise_Averdieck_1905.jpg?utm_source=commons.wikimedia.org&utm_campaign=imageinfo&utm_content=thumbnail_unscaled
portraits-of-old-women_500_File_Belorussian_Landlady_Potiralovskaia_by_Ivan_K.jpg,Category:Portraits of old women,"File:Belorussian Landlady Potiralovskaia by Ivan Khrutsky (1857, priv.coll).jpg",Ivan Khrutsky,Public domain,https://commons.wikimedia.org/wiki/File%3ABelorussian_Landlady_Potiralovskaia_by_Ivan_Khrutsky_%281857%2C_priv.coll%29.jpg,https://thumb.wikimedia.org/wikipedia/commons/thumb/0/07/Belorussian_Landlady_Potiralovskaia_by_Ivan_Khrutsky_%281857%2C_priv.coll%29.jpg/960px-Belorussian_Landlady_Potiralovskaia_by_Ivan_Khrutsky_%281857%2C_priv.coll%29.jpg?utm_source=commons.wikimedia.org&utm_campaign=imageinfo&utm_content=thumbnail
portraits-of-old-women_501_File_Benoist_Il_sonno.jpg,Category:Portraits of old women,File:Benoist Il sonno.jpg,Marie-Guillemine Benoist,Public domain,https://commons.wikimedia.org/wiki/File%3ABenoist_Il_sonno.jpg,https://upload.wikimedia.org/wikipedia/commons/9/9f/Benoist_Il_sonno.jpg?utm_source=commons.wikimedia.org&utm_campaign=imageinfo&utm_content=thumbnail_unscaled
portraits-of-old-women_502_File_BNazari02.jpg,Category:Portraits of old women,File:BNazari02.JPG,Bartolomeo Nazari,CC BY-SA 4.0,https://commons.wikimedia.org/wiki/File%3ABNazari02.JPG,https://thumb.wikimedia.org/wikipedia/commons/thumb/7/7b/BNazari02.JPG/960px-BNazari02.JPG?utm_source=commons.wikimedia.org&utm_campaign=imageinfo&utm_content=thumbnail
portraits-of-old-women_503_File_Carl_Heuser_Portrait_of_an_old_lady_with_fur.jpg,Category:Portraits of old women,File:Carl Heuser Portrait of an old lady with fur hat.jpg,Carl Heuser,Public domain,https://commons.wikimedia.org/wiki/File%3ACarl_Heuser_Portrait_of_an_old_lady_with_fur_hat.jpg,https://thumb.wikimedia.org/wikipedia/commons/thumb/f/f7/Carl_Heuser_Portrait_of_an_old_lady_with_fur_hat.jpg/960px-Carl_Heuser_Portrait_of_an_old_lady_with_fur_hat.jpg?utm_source=commons.wikimedia.org&utm_campaign=imageinfo&utm_content=thumbnail
portraits-of-old-women_504_File_Carl_Kronberger_Alte_B_uerin_mit_Gebetbuch.jpg,Category:Portraits of old women,File:Carl Kronberger Alte Bäuerin mit Gebetbuch.jpg,Carl Kronberger,Public domain,https://commons.wikimedia.org/wiki/File%3ACarl_Kronberger_Alte_B%C3%A4uerin_mit_Gebetbuch.jpg,https://upload.wikimedia.org/wikipedia/commons/6/6b/Carl_Kronberger_Alte_B%C3%A4uerin_mit_Gebetbuch.jpg?utm_source=commons.wikimedia.org&utm_campaign=imageinfo&utm_content=thumbnail_unscaled
portraits-of-old-women_505_File_Charlotte_Cushman_portrait_facing_left_by_Gut.jpg,Category:Portraits of old women,"File:Charlotte Cushman, portrait, facing left, by Gutekunst (cropped).jpg",Frederick Gutekunst,Public domain,https://commons.wikimedia.org/wiki/File%3ACharlotte_Cushman%2C_portrait%2C_facing_left%2C_by_Gutekunst_%28cropped%29.jpg,https://thumb.wikimedia.org/wikipedia/commons/thumb/3/37/Charlotte_Cushman%2C_portrait%2C_facing_left%2C_by_Gutekunst_%28cropped%29.jpg/960px-Charlotte_Cushman%2C_portrait%2C_facing_left%2C_by_Gutekunst_%28cropped%29.jpg?utm_source=commons.wikimedia.org&utm_campaign=imageinfo&utm_content=thumbnail
portraits-of-old-women_506_File_Clarisse_Amic_Portrait_of_Old_Woman_1849.jpg,Category:Portraits of old women,File:Clarisse Amic - Portrait of Old Woman (1849).jpg,Clarisse Amic,Public domain,https://commons.wikimedia.org/wiki/File%3AClarisse_Amic_-_Portrait_of_Old_Woman_%281849%29.jpg,https://thumb.wikimedia.org/wikipedia/commons/thumb/1/1f/Clarisse_Amic_-_Portrait_of_Old_Woman_%281849%29.jpg/960px-Clarisse_Amic_-_Portrait_of_Old_Woman_%281849%29.jpg?utm_source=commons.wikimedia.org&utm_campaign=imageinfo&utm_content=thumbnail
portraits-of-old-women_507_File_Die_Frau_als_Haus_rztin_1911_161_Portr_t_eine.jpg,Category:Portraits of old women,File:Die Frau als Hausärztin (1911) 161 Porträt einer Greisin aus dem 17 Jahrhundert.png,Anna Fischer-Dückelmann,Public domain,https://commons.wikimedia.org/wiki/File%3ADie_Frau_als_Haus%C3%A4rztin_%281911%29_161_Portr%C3%A4t_einer_Greisin_aus_dem_17_Jahrhundert.png,https://upload.wikimedia.org/wikipedia/commons/6/61/Die_Frau_als_Haus%C3%A4rztin_%281911%29_161_Portr%C3%A4t_einer_Greisin_aus_dem_17_Jahrhundert.png?utm_source=commons.wikimedia.org&utm_campaign=imageinfo&utm_content=thumbnail_unscaled
portraits-of-old-women_508_File_Donation_Ballabio_Rembrandt.jpg,Category:Portraits of old women,File:Donation Ballabio Rembrandt.jpg,Rembrandt,Public domain,https://commons.wikimedia.org/wiki/File%3ADonation_Ballabio_Rembrandt.jpg,https://thumb.wikimedia.org/wikipedia/commons/thumb/e/e9/Donation_Ballabio_Rembrandt.jpg/960px-Donation_Ballabio_Rembrandt.jpg?utm_source=commons.wikimedia.org&utm_campaign=imageinfo&utm_content=thumbnail
portraits-of-old-women_509_File_E_V_Sheremeteva_Kuzminki_museum.jpg,Category:Portraits of old women,File:E.V. Sheremeteva (Kuzminki museum).JPG,shakko,CC BY-SA 3.0,https://commons.wikimedia.org/wiki/File%3AE.V._Sheremeteva_%28Kuzminki_museum%29.JPG,https://thumb.wikimedia.org/wikipedia/commons/thumb/6/66/E.V._Sheremeteva_%28Kuzminki_museum%29.JPG/960px-E.V._Sheremeteva_%28Kuzminki_museum%29.JPG?utm_source=commons.wikimedia.org&utm_campaign=imageinfo&utm_content=thumbnail
portraits-of-old-women_510_File_Eugen_Lingenfelder_Alte_Frau_in_Tracht.jpg,Category:Portraits of old women,File:Eugen Lingenfelder Alte Frau in Tracht.jpg,Eugen Lingenfelder,Public domain,https://commons.wikimedia.org/wiki/File%3AEugen_Lingenfelder_Alte_Frau_in_Tracht.jpg,https://upload.wikimedia.org/wikipedia/commons/0/07/Eugen_Lingenfelder_Alte_Frau_in_Tracht.jpg?utm_source=commons.wikimedia.org&utm_campaign=imageinfo&utm_content=thumbnail_unscaled
portraits-of-old-women_511_File_Eugen_Lingenfelder_Frau_aus_Schwaben.jpg,Category:Portraits of old women,File:Eugen Lingenfelder Frau aus Schwaben.jpg,Eugen Lingenfelder,Public domain,https://commons.wikimedia.org/wiki/File%3AEugen_Lingenfelder_Frau_aus_Schwaben.jpg,https://upload.wikimedia.org/wikipedia/commons/b/bf/Eugen_Lingenfelder_Frau_aus_Schwaben.jpg?utm_source=commons.wikimedia.org&utm_campaign=imageinfo&utm_content=thumbnail_unscaled
portraits-of-old-women_512_File_EUNICE026.jpg,Category:Portraits of old women,File:EUNICE026.jpg,John Michael Berry,CC BY-SA 4.0,https://commons.wikimedia.org/wiki/File%3AEUNICE026.jpg,https://upload.wikimedia.org/wikipedia/commons/e/e4/EUNICE026.jpg?utm_source=commons.wikimedia.org&utm_campaign=imageinfo&utm_content=thumbnail_unscaled
portraits-of-old-women_513_File_Faces_of_Cape_Verde3.jpg,Category:Portraits of old women,File:Faces of Cape Verde3.jpg,"F Mira from Lisbon, Portugal",CC BY-SA 2.0,https://commons.wikimedia.org/wiki/File%3AFaces_of_Cape_Verde3.jpg,https://thumb.wikimedia.org/wikipedia/commons/thumb/7/7c/Faces_of_Cape_Verde3.jpg/960px-Faces_of_Cape_Verde3.jpg?utm_source=commons.wikimedia.org&utm_campaign=imageinfo&utm_content=thumbnail
portraits-of-old-women_514_File_Federico_Ren_m_Estudio.jpg,Category:Portraits of old women,File:Federico Renóm - Estudio.jpg,Creator:Federico Renóm,Public domain,https://commons.wikimedia.org/wiki/File%3AFederico_Ren%C3%B3m_-_Estudio.jpg,https://upload.wikimedia.org/wikipedia/commons/8/8c/Federico_Ren%C3%B3m_-_Estudio.jpg?utm_source=commons.wikimedia.org&utm_campaign=imageinfo&utm_content=thumbnail_unscaled
portraits-of-old-women_515_File_Gabriel_Bucelin_Gro_mutter.jpg,Category:Portraits of old women,File:Gabriel Bucelin Großmutter.jpg,Gabriel Bucelin,Public domain,https://commons.wikimedia.org/wiki/File%3AGabriel_Bucelin_Gro%C3%9Fmutter.jpg,https://thumb.wikimedia.org/wikipedia/commons/thumb/e/e4/Gabriel_Bucelin_Gro%C3%9Fmutter.jpg/960px-Gabriel_Bucelin_Gro%C3%9Fmutter.jpg?utm_source=commons.wikimedia.org&utm_campaign=imageinfo&utm_content=thumbnail
portraits-of-old-women_516_File_Hans_Thoma_Kopf_einer_alten_Frau_c1897.jpg,Category:Portraits of old women,File:Hans Thoma Kopf einer alten Frau c1897.jpg,Hans Thoma,Public domain,https://commons.wikimedia.org/wiki/File%3AHans_Thoma_Kopf_einer_alten_Frau_c1897.jpg,https://upload.wikimedia.org/wikipedia/commons/6/64/Hans_Thoma_Kopf_einer_alten_Frau_c1897.jpg?utm_source=commons.wikimedia.org&utm_campaign=imageinfo&utm_content=thumbnail_unscaled
portraits-of-old-women_517_File_Jane_Ellen_Harrison.jpg,Category:Portraits of old women,File:Jane Ellen Harrison.jpg,Théo van Rysselberghe,Public domain,https://commons.wikimedia.org/wiki/File%3AJane_Ellen_Harrison.jpg,https://upload.wikimedia.org/wikipedia/commons/f/f8/Jane_Ellen_Harrison.jpg?utm_source=commons.wikimedia.org&utm_campaign=imageinfo&utm_content=thumbnail_unscaled
portraits-of-old-women_518_File_Head_of_an_old_woman_drinking_from_a_cup_PK_T.jpg,Category:Portraits of old women,"File:Head of an old woman, drinking from a cup PK-T-AW-3015, PK-T-AW-40.tiff","Robertson, Suze (1855-1922)",CC BY 4.0,https://commons.wikimedia.org/wiki/File%3AHead_of_an_old_woman%2C_drinking_from_a_cup_PK-T-AW-3015%2C_PK-T-AW-40.tiff,https://thumb.wikimedia.org/wikipedia/commons/thumb/f/f2/Head_of_an_old_woman%2C_drinking_from_a_cup_PK-T-AW-3015%2C_PK-T-AW-40.tiff/lossy-page1-960px-Head_of_an_old_woman%2C_drinking_from_a_cup_PK-T-AW-3015%2C_PK-T-AW-40.tiff.jpg?utm_source=commons.wikimedia.org&utm_campaign=imageinfo&utm_content=thumbnail
portraits-of-old-women_519_File_Henryk_Grombecki_Polish_painter_1883_1933_A_H.jpg,Category:Portraits of old women,"File:Henryk Grombecki, Polish painter (1883-1933), A Humdrum Life, watercolour portrait of 1920, repr. XV.jpg",Jedrzej1224,CC BY-SA 4.0,https://commons.wikimedia.org/wiki/File%3AHenryk_Grombecki%2C_Polish_painter_%281883-1933%29%2C_A_Humdrum_Life%2C_watercolour_portrait_of_1920%2C_repr._XV.jpg,https://thumb.wikimedia.org/wikipedia/commons/thumb/3/32/Henryk_Grombecki%2C_Polish_painter_%281883-1933%29%2C_A_Humdrum_Life%2C_watercolour_portrait_of_1920%2C_repr._XV.jpg/960px-Henryk_Grombecki%2C_Polish_painter_%281883-1933%29%2C_A_Humdrum_Life%2C_watercolour_portrait_of_1920%2C_repr._XV.jpg?utm_source=commons.wikimedia.org&utm_campaign=imageinfo&utm_content=thumbnail
portraits-of-old-women_520_File_Hugo_Kauffmann_Portr_t_einer_alten_Dame_in_Tr.jpg,Category:Portraits of old women,File:Hugo Kauffmann Porträt einer alten Dame in Tracht und mit Pelzmütze 1880.jpg,Hugo Kauffmann,Public domain,https://commons.wikimedia.org/wiki/File%3AHugo_Kauffmann_Portr%C3%A4t_einer_alten_Dame_in_Tracht_und_mit_Pelzm%C3%BCtze_1880.jpg,https://upload.wikimedia.org/wikipedia/commons/2/2a/Hugo_Kauffmann_Portr%C3%A4t_einer_alten_Dame_in_Tracht_und_mit_Pelzm%C3%BCtze_1880.jpg?utm_source=commons.wikimedia.org&utm_campaign=imageinfo&utm_content=thumbnail_unscaled
portraits-of-old-women_521_File_Hugo_von_Prenn_Portrait_einer_alten_Dame_mit.jpg,Category:Portraits of old women,File:Hugo von Prenn Portrait einer alten Dame mit Hut.jpg,Hugo von Prenn (1854-1941),Public domain,https://commons.wikimedia.org/wiki/File%3AHugo_von_Prenn_Portrait_einer_alten_Dame_mit_Hut.jpg,https://thumb.wikimedia.org/wikipedia/commons/thumb/e/ef/Hugo_von_Prenn_Portrait_einer_alten_Dame_mit_Hut.jpg/960px-Hugo_von_Prenn_Portrait_einer_alten_Dame_mit_Hut.jpg?utm_source=commons.wikimedia.org&utm_campaign=imageinfo&utm_content=thumbnail
portraits-of-old-women_522_File_Ina_liljeqvist.jpg,Category:Portraits of old women,File:Ina liljeqvist.jpg,Uuno Laukka,Public domain,https://commons.wikimedia.org/wiki/File%3AIna_liljeqvist.jpg,https://upload.wikimedia.org/wikipedia/commons/d/d5/Ina_liljeqvist.jpg?utm_source=commons.wikimedia.org&utm_campaign=imageinfo&utm_content=thumbnail_unscaled
portraits-of-old-women_523_File_Inga_Matsdotter_Sj_lsa_76_r_Sjokksjokks_sameb.jpg,Category:Portraits of old women,"File:Inga Matsdotter Sjålsa, 76 år, Sjokksjokks sameby, Jokkmokks sn. Lotten von Düben 1868 - Nordiska Museet - NMA.0033129 1.jpg",Lotten von Düben,Public domain,https://commons.wikimedia.org/wiki/File%3AInga_Matsdotter_Sj%C3%A5lsa%2C_76_%C3%A5r%2C_Sjokksjokks_sameby%2C_Jokkmokks_sn._Lotten_von_D%C3%BCben_1868_-_Nordiska_Museet_-_NMA.0033129_1.jpg,https://thumb.wikimedia.org/wikipedia/commons/thumb/6/63/Inga_Matsdotter_Sj%C3%A5lsa%2C_76_%C3%A5r%2C_Sjokksjokks_sameby%2C_Jokkmokks_sn._Lotten_von_D%C3%BCben_1868_-_Nordiska_Museet_-_NMA.0033129_1.jpg/960px-Inga_Matsdotter_Sj%C3%A5lsa%2C_76_%C3%A5r%2C_Sjokksjokks_sameby%2C_Jokkmokks_sn._Lotten_von_D%C3%BCben_1868_-_Nordiska_Museet_-_NMA.0033129_1.jpg?utm_source=commons.wikimedia.org&utm_campaign=imageinfo&utm_content=thumbnail
portraits-of-old-women_524_File_Isaac_de_Jouderville_Alte_Frau_mit_Buch.jpg,Category:Portraits of old women,File:Isaac de Jouderville Alte Frau mit Buch.jpg,Isaac de Jouderville,Public domain,https://commons.wikimedia.org/wiki/File%3AIsaac_de_Jouderville_Alte_Frau_mit_Buch.jpg,https://thumb.wikimedia.org/wikipedia/commons/thumb/c/cd/Isaac_de_Jouderville_Alte_Frau_mit_Buch.jpg/960px-Isaac_de_Jouderville_Alte_Frau_mit_Buch.jpg?utm_source=commons.wikimedia.org&utm_campaign=imageinfo&utm_content=thumbnail
portraits-of-old-women_525_File_Ivan_abota_Portret_Katarine_upani.jpg,Category:Portraits of old women,File:Ivan Žabota - Portret Katarine Županič.jpg,Ivan Žabota,Public domain,https://commons.wikimedia.org/wiki/File%3AIvan_%C5%BDabota_-_Portret_Katarine_%C5%BDupani%C4%8D.jpg,https://upload.wikimedia.org/wikipedia/commons/f/fc/Ivan_%C5%BDabota_-_Portret_Katarine_%C5%BDupani%C4%8D.jpg?utm_source=commons.wikimedia.org&utm_campaign=imageinfo&utm_content=thumbnail_unscaled
portraits-of-old-women_526_File_Jane_Burden_Morris.jpg,Category:Portraits of old women,File:Jane Burden Morris.jpg,Evelyn De Morgan,Public domain,https://commons.wikimedia.org/wiki/File%3AJane_Burden_Morris.jpg,https://upload.wikimedia.org/wikipedia/commons/c/cd/Jane_Burden_Morris.jpg?utm_source=commons.wikimedia.org&utm_campaign=imageinfo&utm_content=thumbnail_unscaled
portraits-of-old-women_527_File_Jean_Pierre_Beckius_vieille_femme_1937.jpg,Category:Portraits of old women,"File:Jean-Pierre Beckius, vieille femme (1937).jpg",Jean-Pierre Beckius,Public domain,https://commons.wikimedia.org/wiki/File%3AJean-Pierre_Beckius%2C_vieille_femme_%281937%29.jpg,https://upload.wikimedia.org/wikipedia/commons/6/67/Jean-Pierre_Beckius%2C_vieille_femme_%281937%29.jpg?utm_source=commons.wikimedia.org&utm_campaign=imageinfo&utm_content=thumbnail_unscaled
portraits-of-old-women_528_File_Johan_Vilhelm_Gertner_Fiskerkonen.jpg,Category:Portraits of old women,File:Johan Vilhelm Gertner - Fiskerkonen.png,Johan Vilhelm Gertner,Public domain,https://commons.wikimedia.org/wiki/File%3AJohan_Vilhelm_Gertner_-_Fiskerkonen.png,https://thumb.wikimedia.org/wikipedia/commons/thumb/1/1a/Johan_Vilhelm_Gertner_-_Fiskerkonen.png/960px-Johan_Vilhelm_Gertner_-_Fiskerkonen.png?utm_source=commons.wikimedia.org&utm_campaign=imageinfo&utm_content=thumbnail
portraits-of-old-women_529_File_Johanna_lohr_jane_goodall.jpg,Category:Portraits of old women,File:Johanna lohr jane-goodall.jpg,Johanna Lohr,CC BY-SA 4.0,https://commons.wikimedia.org/wiki/File%3AJohanna_lohr_jane-goodall.jpg,https://thumb.wikimedia.org/wikipedia/commons/thumb/d/d6/Johanna_lohr_jane-goodall.jpg/960px-Johanna_lohr_jane-goodall.jpg?utm_source=commons.wikimedia.org&utm_campaign=imageinfo&utm_content=thumbnail
portraits-of-old-women_530_File_Eberhard_Keil_Retrato_de_anciana.jpg,Category:Portraits of old women,File:Eberhard Keil - Retrato de anciana.jpg,Bernhard Keil,Public domain,https://commons.wikimedia.org/wiki/File%3AEberhard_Keil_-_Retrato_de_anciana.jpg,https://upload.wikimedia.org/wikipedia/commons/0/06/Eberhard_Keil_-_Retrato_de_anciana.jpg?utm_source=commons.wikimedia.org&utm_campaign=imageinfo&utm_content=thumbnail_unscaled
portraits-of-old-women_531_File_Margret_Halseber_Sothebys.jpg,Category:Portraits of old women,File:Margret Halseber Sothebys.PNG,Attributed to Willem Key,Public domain,https://commons.wikimedia.org/wiki/File%3AMargret_Halseber_Sothebys.PNG,https://upload.wikimedia.org/wikipedia/commons/7/7c/Margret_Halseber_Sothebys.PNG?utm_source=commons.wikimedia.org&utm_campaign=imageinfo&utm_content=thumbnail_unscaled
portraits-of-old-women_532_File_Willem_Key_attr_Bildnis_einer_alten_Frau.jpg,Category:Portraits of old women,File:Willem Key (attr) Bildnis einer alten Frau.jpg,Attributed to Willem Key,Public domain,https://commons.wikimedia.org/wiki/File%3AWillem_Key_%28attr%29_Bildnis_einer_alten_Frau.jpg,https://thumb.wikimedia.org/wikipedia/commons/thumb/0/06/Willem_Key_%28attr%29_Bildnis_einer_alten_Frau.jpg/960px-Willem_Key_%28attr%29_Bildnis_einer_alten_Frau.jpg?utm_source=commons.wikimedia.org&utm_campaign=imageinfo&utm_content=thumbnail
portraits-of-old-women_533_File_La_m_re_Le_Gallois_Louise_Hervieu.jpg,Category:Portraits of old women,File:La mère Le Gallois Louise Hervieu.jpg,Louise Hervieu image credit : Francoise Cochenec / Parisienne de Photographie,Public domain,https://commons.wikimedia.org/wiki/File%3ALa_m%C3%A8re_Le_Gallois_Louise_Hervieu.jpg,https://upload.wikimedia.org/wikipedia/commons/8/89/La_m%C3%A8re_Le_Gallois_Louise_Hervieu.jpg?utm_source=commons.wikimedia.org&utm_campaign=imageinfo&utm_content=thumbnail_unscaled
portraits-of-old-women_534_File_Louise_Charlotte_of_Denmark_portrait_cropped.jpg,Category:Portraits of old women,File:Louise Charlotte of Denmark portrait (cropped).jpg,Unidentified photographer,Public domain,https://commons.wikimedia.org/wiki/File%3ALouise_Charlotte_of_Denmark_portrait_%28cropped%29.jpg,https://thumb.wikimedia.org/wikipedia/commons/thumb/8/8d/Louise_Charlotte_of_Denmark_portrait_%28cropped%29.jpg/960px-Louise_Charlotte_of_Denmark_portrait_%28cropped%29.jpg?utm_source=commons.wikimedia.org&utm_campaign=imageinfo&utm_content=thumbnail
portraits-of-old-women_535_File_Louise_Charlotte_of_Denmark_portrait.jpg,Category:Portraits of old women,File:Louise Charlotte of Denmark portrait.jpg,Unidentified photographer,Public domain,https://commons.wikimedia.org/wiki/File%3ALouise_Charlotte_of_Denmark_portrait.jpg,https://thumb.wikimedia.org/wikipedia/commons/thumb/0/0b/Louise_Charlotte_of_Denmark_portrait.jpg/960px-Louise_Charlotte_of_Denmark_portrait.jpg?utm_source=commons.wikimedia.org&utm_campaign=imageinfo&utm_content=thumbnail
portraits-of-old-women_536_File_Maria_P_onowska_obraz_4.jpg,Category:Portraits of old women,File:Maria Płonowska obraz (4).jpg,Maria Płonowska (d. 1955),Public domain,https://commons.wikimedia.org/wiki/File%3AMaria_P%C5%82onowska_obraz_%284%29.jpg,https://upload.wikimedia.org/wikipedia/commons/4/46/Maria_P%C5%82onowska_obraz_%284%29.jpg?utm_source=commons.wikimedia.org&utm_campaign=imageinfo&utm_content=thumbnail_unscaled
portraits-of-old-women_537_File_Marie_Heim_V_gtlin_1915.jpg,Category:Portraits of old women,File:Marie Heim-Vögtlin 1915.jpg,Fotograf: Unbekannt,Public domain,https://commons.wikimedia.org/wiki/File%3AMarie_Heim-V%C3%B6gtlin_1915.jpg,https://thumb.wikimedia.org/wikipedia/commons/thumb/a/a0/Marie_Heim-V%C3%B6gtlin_1915.jpg/960px-Marie_Heim-V%C3%B6gtlin_1915.jpg?utm_source=commons.wikimedia.org&utm_campaign=imageinfo&utm_content=thumbnail
portraits-of-old-women_538_File_Mezza_figura_di_donna_col_pezzotto_o_Minolla.jpg,Category:Portraits of old women,"File:Mezza figura di donna col pezzotto o ""Minolla sampierdarenese"" di Barabino Nicolò.jpg",Nicolò Barabino,Public domain,https://commons.wikimedia.org/wiki/File%3AMezza_figura_di_donna_col_pezzotto_o_%22Minolla_sampierdarenese%22_di_Barabino_Nicol%C3%B2.jpg,https://upload.wikimedia.org/wikipedia/commons/4/48/Mezza_figura_di_donna_col_pezzotto_o_%22Minolla_sampierdarenese%22_di_Barabino_Nicol%C3%B2.jpg?utm_source=commons.wikimedia.org&utm_campaign=imageinfo&utm_content=thumbnail_unscaled
portraits-of-old-women_539_File_Mrs_Imms_102_years_of_age_BM_1851_0308_374.jpg,Category:Portraits of old women,"File:Mrs. Imms, - 102 years of age. (BM 1851,0308.374).jpg",Print made by: Archibald Archer (?) After: Archibald Archer (?) Published by: Godefroy Engelmann I,Public domain,https://commons.wikimedia.org/wiki/File%3AMrs._Imms%2C_-_102_years_of_age._%28BM_1851%2C0308.374%29.jpg,https://thumb.wikimedia.org/wikipedia/commons/thumb/b/b6/Mrs._Imms%2C_-_102_years_of_age._%28BM_1851%2C0308.374%29.jpg/960px-Mrs._Imms%2C_-_102_years_of_age._%28BM_1851%2C0308.374%29.jpg?utm_source=commons.wikimedia.org&utm_campaign=imageinfo&utm_content=thumbnail
portraits-of-old-women_540_File_Giuseppe_Nogari_attr_Bildnis_einer_alten_Frau.jpg,Category:Portraits of old women,File:Giuseppe Nogari (attr) Bildnis einer alten Frau.jpg,Attributed to Giuseppe Nogari,Public domain,https://commons.wikimedia.org/wiki/File%3AGiuseppe_Nogari_%28attr%29_Bildnis_einer_alten_Frau.jpg,https://thumb.wikimedia.org/wikipedia/commons/thumb/b/ba/Giuseppe_Nogari_%28attr%29_Bildnis_einer_alten_Frau.jpg/960px-Giuseppe_Nogari_%28attr%29_Bildnis_einer_alten_Frau.jpg?utm_source=commons.wikimedia.org&utm_campaign=imageinfo&utm_content=thumbnail
portraits-of-old-women_541_File_Old_woman_PK_T_AW_4937_A_PK_T_AW_2811.jpg,Category:Portraits of old women,"File:Old woman PK-T-AW-4937 A, PK-T-AW-2811.tiff","Eversen, Adrianus (1818-1897)",CC BY 4.0,https://commons.wikimedia.org/wiki/File%3AOld_woman_PK-T-AW-4937_A%2C_PK-T-AW-2811.tiff,https://thumb.wikimedia.org/wikipedia/commons/thumb/3/36/Old_woman_PK-T-AW-4937_A%2C_PK-T-AW-2811.tiff/lossy-page1-960px-Old_woman_PK-T-AW-4937_A%2C_PK-T-AW-2811.tiff.jpg?utm_source=commons.wikimedia.org&utm_campaign=imageinfo&utm_content=thumbnail
portraits-of-old-women_542_File_Olga_Bozna_ska_Portrait_of_Mrs_Go_cie_ska_MNK.jpg,Category:Portraits of old women,File:Olga Boznańska - Portrait of Mrs Gościeńska - MNK II-b-200 (59526).jpg,Olga Boznańska,Public domain,https://commons.wikimedia.org/wiki/File%3AOlga_Bozna%C5%84ska_-_Portrait_of_Mrs_Go%C5%9Bcie%C5%84ska_-_MNK_II-b-200_%2859526%29.jpg,https://thumb.wikimedia.org/wikipedia/commons/thumb/d/d4/Olga_Bozna%C5%84ska_-_Portrait_of_Mrs_Go%C5%9Bcie%C5%84ska_-_MNK_II-b-200_%2859526%29.jpg/960px-Olga_Bozna%C5%84ska_-_Portrait_of_Mrs_Go%C5%9Bcie%C5%84ska_-_MNK_II-b-200_%2859526%29.jpg?utm_source=commons.wikimedia.org&utm_campaign=imageinfo&utm_content=thumbnail
portraits-of-old-women_543_File_Oude_dame_borstbeeld_PK_T_AW_5559_PK_T_468.jpg,Category:Portraits of old women,"File:Oude dame, borstbeeld PK-T-AW-5559, PK-T-468.tiff","Hoytema, Theo van (1863-1917)",CC BY 4.0,https://commons.wikimedia.org/wiki/File%3AOude_dame%2C_borstbeeld_PK-T-AW-5559%2C_PK-T-468.tiff,https://thumb.wikimedia.org/wikipedia/commons/thumb/4/44/Oude_dame%2C_borstbeeld_PK-T-AW-5559%2C_PK-T-468.tiff/lossy-page1-960px-Oude_dame%2C_borstbeeld_PK-T-AW-5559%2C_PK-T-468.tiff.jpg?utm_source=commons.wikimedia.org&utm_campaign=imageinfo&utm_content=thumbnail
portraits-of-old-women_544_File_P_W_P_HoboWoman.jpg,Category:Portraits of old women,File:P W P HoboWoman.jpg,License-free stock image,CC BY 3.0,https://commons.wikimedia.org/wiki/File%3AP_W_P_HoboWoman.jpg,https://upload.wikimedia.org/wikipedia/commons/2/2c/P_W_P_HoboWoman.jpg?utm_source=commons.wikimedia.org&utm_campaign=imageinfo&utm_content=thumbnail_unscaled
portraits-of-old-women_545_File_Portrait_of_the_Maria_Raevskaia_Ivanova.jpg,Category:Portraits of old women,File:Portrait of the Maria Raevskaia-Ivanova.png,Andrey Danilevsky,Public domain,https://commons.wikimedia.org/wiki/File%3APortrait_of_the_Maria_Raevskaia-Ivanova.png,https://thumb.wikimedia.org/wikipedia/commons/thumb/3/37/Portrait_of_the_Maria_Raevskaia-Ivanova.png/960px-Portrait_of_the_Maria_Raevskaia-Ivanova.png?utm_source=commons.wikimedia.org&utm_campaign=imageinfo&utm_content=thumbnail
portraits-of-old-women_546_File_Senescence.jpg,Category:Portraits of old women,File:Senescence.JPG,Michael Ströck (mstroeck),CC BY-SA 3.0,https://commons.wikimedia.org/wiki/File%3ASenescence.JPG,https://thumb.wikimedia.org/wikipedia/commons/thumb/6/6a/Senescence.JPG/960px-Senescence.JPG?utm_source=commons.wikimedia.org&utm_campaign=imageinfo&utm_content=thumbnail
portraits-of-old-women_547_File_Tatiana_Belinky_2007.jpg,Category:Portraits of old women,File:Tatiana Belinky (2007).jpg,ALESP,CC BY 4.0,https://commons.wikimedia.org/wiki/File%3ATatiana_Belinky_%282007%29.jpg,https://thumb.wikimedia.org/wikipedia/commons/thumb/7/7e/Tatiana_Belinky_%282007%29.jpg/960px-Tatiana_Belinky_%282007%29.jpg?utm_source=commons.wikimedia.org&utm_campaign=imageinfo&utm_content=thumbnail
portraits-of-old-women_548_File_Vecchia_con_mezzaro.jpg,Category:Portraits of old women,File:Vecchia con mezzaro.jpg,"Luigi Gainotti (Parma 1859, Genova 1940)",Public domain,https://commons.wikimedia.org/wiki/File%3AVecchia_con_mezzaro.jpg,https://upload.wikimedia.org/wikipedia/commons/3/30/Vecchia_con_mezzaro.jpg?utm_source=commons.wikimedia.org&utm_campaign=imageinfo&utm_content=thumbnail_unscaled
portraits-of-old-women_549_File_Heddy_Maria_Wettstein_Theaterpionierin_Schaus.jpg,Category:Portraits of old women,File:Heddy-Maria-Wettstein-Theaterpionierin-Schauspielerin-Copyright-Foto-Monica-Boirar-aka-Monica-Beurer.jpg,Monica Boirar,CC BY-SA 3.0,https://commons.wikimedia.org/wiki/File%3AHeddy-Maria-Wettstein-Theaterpionierin-Schauspielerin-Copyright-Foto-Monica-Boirar-aka-Monica-Beurer.jpg,https://thumb.wikimedia.org/wikipedia/commons/thumb/5/55/Heddy-Maria-Wettstein-Theaterpionierin-Schauspielerin-Copyright-Foto-Monica-Boirar-aka-Monica-Beurer.jpg/960px-Heddy-Maria-Wettstein-Theaterpionierin-Schauspielerin-Copyright-Foto-Monica-Boirar-aka-Monica-Beurer.jpg?utm_source=commons.wikimedia.org&utm_campaign=imageinfo&utm_content=thumbnail
portraits-of-old-women_550_File.jpg,Category:Portraits of old women,File:Ուխտ.jpg,Chaojoker,CC BY-SA 3.0,https://commons.wikimedia.org/wiki/File%3A%D5%88%D6%82%D5%AD%D5%BF.jpg,https://thumb.wikimedia.org/wikipedia/commons/thumb/9/9a/%D5%88%D6%82%D5%AD%D5%BF.jpg/960px-%D5%88%D6%82%D5%AD%D5%BF.jpg?utm_source=commons.wikimedia.org&utm_campaign=imageinfo&utm_content=thumbnail
portraits-of-old-men_551_File_Zelfportret_van_Titiaan_RP_P_1910_1486.jpg,Category:Portraits of old men,"File:Zelfportret van Titiaan, RP-P-1910-1486.jpg",Jan Thomas van Ieperen / Titian,CC0,https://commons.wikimedia.org/wiki/File%3AZelfportret_van_Titiaan%2C_RP-P-1910-1486.jpg,https://thumb.wikimedia.org/wikipedia/commons/thumb/7/71/Zelfportret_van_Titiaan%2C_RP-P-1910-1486.jpg/960px-Zelfportret_van_Titiaan%2C_RP-P-1910-1486.jpg?utm_source=commons.wikimedia.org&utm_campaign=imageinfo&utm_content=thumbnail
portraits-of-old-men_552_File_Le_Brun_Vauban.jpg,Category:Portraits of old men,File:Le Brun - Vauban.jpg,Hyacinthe Rigaud,Public domain,https://commons.wikimedia.org/wiki/File%3ALe_Brun_-_Vauban.jpg,https://upload.wikimedia.org/wikipedia/commons/f/fa/Le_Brun_-_Vauban.jpg?utm_source=commons.wikimedia.org&utm_campaign=imageinfo&utm_content=thumbnail_unscaled
portraits-of-old-men_553_File_Portrait_of_Joseph_Pellerin_1684_1782.jpg,Category:Portraits of old men,File:Portrait of Joseph Pellerin (1684-1782).jpg,Augustin de Saint-Aubin,Public domain,https://commons.wikimedia.org/wiki/File%3APortrait_of_Joseph_Pellerin_%281684-1782%29.jpg,https://upload.wikimedia.org/wikipedia/commons/f/f5/Portrait_of_Joseph_Pellerin_%281684-1782%29.jpg?utm_source=commons.wikimedia.org&utm_campaign=imageinfo&utm_content=thumbnail_unscaled
portraits-of-old-men_554_File_Aleksander_Or_owski_Brodaty_starzec_w_turbani.jpg,Category:Portraits of old men,File:Aleksander Orłowski - Brodaty starzec w turbanie 1808.jpg,Aleksander Orłowski,Public domain,https://commons.wikimedia.org/wiki/File%3AAleksander_Or%C5%82owski_-_Brodaty_starzec_w_turbanie_1808.jpg,https://upload.wikimedia.org/wikipedia/commons/9/9f/Aleksander_Or%C5%82owski_-_Brodaty_starzec_w_turbanie_1808.jpg?utm_source=commons.wikimedia.org&utm_campaign=imageinfo&utm_content=thumbnail_unscaled
portraits-of-old-men_555_File_JeanMassard.jpg,Category:Portraits of old men,File:JeanMassard.jpg,Unknown artistUnknown artist,Public domain,https://commons.wikimedia.org/wiki/File%3AJeanMassard.jpg,https://upload.wikimedia.org/wikipedia/commons/9/94/JeanMassard.jpg?utm_source=commons.wikimedia.org&utm_campaign=imageinfo&utm_content=thumbnail_unscaled
portraits-of-old-men_556_File_Jean_Baptiste_Biot_by_Henri_Victor_Regnault_1.jpg,Category:Portraits of old men,"File:Jean-Baptiste Biot by Henri Victor Regnault, 1851.jpg",Henri Victor Regnault,Public domain,https://commons.wikimedia.org/wiki/File%3AJean-Baptiste_Biot_by_Henri_Victor_Regnault%2C_1851.jpg,https://thumb.wikimedia.org/wikipedia/commons/thumb/d/da/Jean-Baptiste_Biot_by_Henri_Victor_Regnault%2C_1851.jpg/960px-Jean-Baptiste_Biot_by_Henri_Victor_Regnault%2C_1851.jpg?utm_source=commons.wikimedia.org&utm_campaign=imageinfo&utm_content=thumbnail
portraits-of-old-men_557_File_Turpin_de_criss_1782_1859.jpg,Category:Portraits of old men,File:Turpin de crissé (1782-1859).jpg,François Joseph Heim,Public domain,https://commons.wikimedia.org/wiki/File%3ATurpin_de_criss%C3%A9_%281782-1859%29.jpg,https://upload.wikimedia.org/wikipedia/commons/a/ac/Turpin_de_criss%C3%A9_%281782-1859%29.jpg?utm_source=commons.wikimedia.org&utm_campaign=imageinfo&utm_content=thumbnail_unscaled
portraits-of-old-men_558_File_Portret_ojca.jpg,Category:Portraits of old men,File:Portret ojca.jpg,Stanisław Wyspiański,Public domain,https://commons.wikimedia.org/wiki/File%3APortret_ojca.jpg,https://thumb.wikimedia.org/wikipedia/commons/thumb/7/75/Portret_ojca.jpg/960px-Portret_ojca.jpg?utm_source=commons.wikimedia.org&utm_campaign=imageinfo&utm_content=thumbnail
portraits-of-old-men_559_File_Fran_uklje_1910_35.jpg,Category:Portraits of old men,File:Fran Šuklje 1910-35.jpg,Fran Vesel,Public domain,https://commons.wikimedia.org/wiki/File%3AFran_%C5%A0uklje_1910-35.jpg,https://upload.wikimedia.org/wikipedia/commons/a/ae/Fran_%C5%A0uklje_1910-35.jpg?utm_source=commons.wikimedia.org&utm_campaign=imageinfo&utm_content=thumbnail_unscaled
portraits-of-old-men_560_File_KaiserFrancisJoseph_nsillustratedwar03londuof.jpg,Category:Portraits of old men,File:KaiserFrancisJoseph--nsillustratedwar03londuoft.jpg,Wenzl Weis,Public domain,https://commons.wikimedia.org/wiki/File%3AKaiserFrancisJoseph--nsillustratedwar03londuoft.jpg,https://upload.wikimedia.org/wikipedia/commons/0/06/KaiserFrancisJoseph--nsillustratedwar03londuoft.jpg?utm_source=commons.wikimedia.org&utm_campaign=imageinfo&utm_content=thumbnail_unscaled
portraits-of-old-men_561_File_2014_02_Halle_Street_Art_71.jpg,Category:Portraits of old men,File:2014-02 Halle Street Art 71.jpg,Ralf Lotys (Sicherlich),CC BY 3.0,https://commons.wikimedia.org/wiki/File%3A2014-02_Halle_Street_Art_71.jpg,https://thumb.wikimedia.org/wikipedia/commons/thumb/5/50/2014-02_Halle_Street_Art_71.jpg/960px-2014-02_Halle_Street_Art_71.jpg?utm_source=commons.wikimedia.org&utm_campaign=imageinfo&utm_content=thumbnail
portraits-of-old-men_562_File_20190809_202054_Maurycy_Tr_bacz.jpg,Category:Portraits of old men,File:20190809 202054 Maurycy Trębacz.jpg,Maurycy Trębacz,Public domain,https://commons.wikimedia.org/wiki/File%3A20190809_202054_Maurycy_Tr%C4%99bacz.jpg,https://thumb.wikimedia.org/wikipedia/commons/thumb/f/ff/20190809_202054_Maurycy_Tr%C4%99bacz.jpg/960px-20190809_202054_Maurycy_Tr%C4%99bacz.jpg?utm_source=commons.wikimedia.org&utm_campaign=imageinfo&utm_content=thumbnail
portraits-of-old-men_563_File_A_la_m_moire_de_J_M_Jacquard.jpg,Category:Portraits of old men,File:A la mémoire de J.M. Jacquard.jpg,Michel Marie Carquillat (tisseur) d'après Claude Bonnefond,Public domain,https://commons.wikimedia.org/wiki/File%3AA_la_m%C3%A9moire_de_J.M._Jacquard.jpg,https://thumb.wikimedia.org/wikipedia/commons/thumb/f/f8/A_la_m%C3%A9moire_de_J.M._Jacquard.jpg/960px-A_la_m%C3%A9moire_de_J.M._Jacquard.jpg?utm_source=commons.wikimedia.org&utm_campaign=imageinfo&utm_content=thumbnail
portraits-of-old-men_564_File_Auguste_Couder_BNF_Gallica.jpg,Category:Portraits of old men,File:Auguste Couder BNF Gallica.jpg,"UnknownUnknown . Upload, stitch and restoration by Jebulon",Public domain,https://commons.wikimedia.org/wiki/File%3AAuguste_Couder_BNF_Gallica.jpg,https://upload.wikimedia.org/wikipedia/commons/1/15/Auguste_Couder_BNF_Gallica.jpg?utm_source=commons.wikimedia.org&utm_campaign=imageinfo&utm_content=thumbnail_unscaled
portraits-of-old-men_565_File_Avezac_de_Castera_Macaya_Marie_Armand_Pascal.jpg,Category:Portraits of old men,"File:Avezac de Castera Macaya, Marie-Armand-Pascal d', par Ch.Reutlinger, BNF Gallica.jpg",Charles Reutlinger,Public domain,https://commons.wikimedia.org/wiki/File%3AAvezac_de_Castera_Macaya%2C_Marie-Armand-Pascal_d%27%2C_par_Ch.Reutlinger%2C_BNF_Gallica.jpg,https://thumb.wikimedia.org/wikipedia/commons/thumb/0/08/Avezac_de_Castera_Macaya%2C_Marie-Armand-Pascal_d%27%2C_par_Ch.Reutlinger%2C_BNF_Gallica.jpg/960px-Avezac_de_Castera_Macaya%2C_Marie-Armand-Pascal_d%27%2C_par_Ch.Reutlinger%2C_BNF_Gallica.jpg?utm_source=commons.wikimedia.org&utm_campaign=imageinfo&utm_content=thumbnail
portraits-of-old-men_566_File_Beyoglu_4247_01x.jpg,Category:Portraits of old men,File:Beyoglu 4247 01x.jpg,Nevit Dilmen,CC BY-SA 3.0,https://commons.wikimedia.org/wiki/File%3ABeyoglu_4247_01x.jpg,https://thumb.wikimedia.org/wikipedia/commons/thumb/e/ed/Beyoglu_4247_01x.jpg/960px-Beyoglu_4247_01x.jpg?utm_source=commons.wikimedia.org&utm_campaign=imageinfo&utm_content=thumbnail
portraits-of-old-men_567_File_Beyoglu_4319_01x.jpg,Category:Portraits of old men,File:Beyoglu 4319 01x.jpg,Nevit Dilmen,CC BY-SA 3.0,https://commons.wikimedia.org/wiki/File%3ABeyoglu_4319_01x.jpg,https://thumb.wikimedia.org/wikipedia/commons/thumb/8/8a/Beyoglu_4319_01x.jpg/960px-Beyoglu_4319_01x.jpg?utm_source=commons.wikimedia.org&utm_campaign=imageinfo&utm_content=thumbnail
portraits-of-old-men_568_File_Beyoglu_4417_01x.jpg,Category:Portraits of old men,File:Beyoglu 4417 01x.jpg,Nevit Dilmen,CC BY-SA 3.0,https://commons.wikimedia.org/wiki/File%3ABeyoglu_4417_01x.jpg,https://thumb.wikimedia.org/wikipedia/commons/thumb/d/d0/Beyoglu_4417_01x.jpg/960px-Beyoglu_4417_01x.jpg?utm_source=commons.wikimedia.org&utm_campaign=imageinfo&utm_content=thumbnail
portraits-of-old-men_569_File_Beyoglu_4430_01x.jpg,Category:Portraits of old men,File:Beyoglu 4430 01x.jpg,Nevit Dilmen,CC BY-SA 3.0,https://commons.wikimedia.org/wiki/File%3ABeyoglu_4430_01x.jpg,https://thumb.wikimedia.org/wikipedia/commons/thumb/9/98/Beyoglu_4430_01x.jpg/960px-Beyoglu_4430_01x.jpg?utm_source=commons.wikimedia.org&utm_campaign=imageinfo&utm_content=thumbnail
portraits-of-old-men_570_File_Beyoglu_5754_01x.jpg,Category:Portraits of old men,File:Beyoglu 5754 01x.jpg,Nevit Dilmen,CC BY-SA 3.0,https://commons.wikimedia.org/wiki/File%3ABeyoglu_5754_01x.jpg,https://thumb.wikimedia.org/wikipedia/commons/thumb/0/0c/Beyoglu_5754_01x.jpg/960px-Beyoglu_5754_01x.jpg?utm_source=commons.wikimedia.org&utm_campaign=imageinfo&utm_content=thumbnail
portraits-of-old-men_571_File_Beyoglu_5856_01x.jpg,Category:Portraits of old men,File:Beyoglu 5856 01x.jpg,Nevit Dilmen,CC BY-SA 3.0,https://commons.wikimedia.org/wiki/File%3ABeyoglu_5856_01x.jpg,https://thumb.wikimedia.org/wikipedia/commons/thumb/8/8c/Beyoglu_5856_01x.jpg/960px-Beyoglu_5856_01x.jpg?utm_source=commons.wikimedia.org&utm_campaign=imageinfo&utm_content=thumbnail
portraits-of-old-men_572_File_BMVB_Desconegut_Retrat_de_Manuel_Jos_Quintana.jpg,Category:Portraits of old men,File:BMVB - Desconegut - Retrat de Manuel José Quintana - 40.tif,AnonymousUnknown author,Public domain,https://commons.wikimedia.org/wiki/File%3ABMVB_-_Desconegut_-_Retrat_de_Manuel_Jos%C3%A9_Quintana_-_40.tif,https://thumb.wikimedia.org/wikipedia/commons/thumb/b/b8/BMVB_-_Desconegut_-_Retrat_de_Manuel_Jos%C3%A9_Quintana_-_40.tif/lossy-page1-960px-BMVB_-_Desconegut_-_Retrat_de_Manuel_Jos%C3%A9_Quintana_-_40.tif.jpg?utm_source=commons.wikimedia.org&utm_campaign=imageinfo&utm_content=thumbnail
portraits-of-old-men_573_File_Carlo_Cainelli_Vecchio_seduto.jpg,Category:Portraits of old men,File:Carlo Cainelli – Vecchio seduto.tiff,Carlo Cainelli,Public domain,https://commons.wikimedia.org/wiki/File%3ACarlo_Cainelli_%E2%80%93_Vecchio_seduto.tiff,https://thumb.wikimedia.org/wikipedia/commons/thumb/e/e9/Carlo_Cainelli_%E2%80%93_Vecchio_seduto.tiff/lossy-page1-960px-Carlo_Cainelli_%E2%80%93_Vecchio_seduto.tiff.jpg?utm_source=commons.wikimedia.org&utm_campaign=imageinfo&utm_content=thumbnail
portraits-of-old-men_574_File_COLLECTIE_TROPENMUSEUM_Portret_van_een_oude_m.jpg,Category:Portraits of old men,File:COLLECTIE TROPENMUSEUM Portret van een oude man uit Karangasem TMnr 10005064.jpg,Unknown authorUnknown author,CC BY-SA 3.0,https://commons.wikimedia.org/wiki/File%3ACOLLECTIE_TROPENMUSEUM_Portret_van_een_oude_man_uit_Karangasem_TMnr_10005064.jpg,https://upload.wikimedia.org/wikipedia/commons/4/4a/COLLECTIE_TROPENMUSEUM_Portret_van_een_oude_man_uit_Karangasem_TMnr_10005064.jpg?utm_source=commons.wikimedia.org&utm_campaign=imageinfo&utm_content=thumbnail_unscaled
portraits-of-old-men_575_File_Dion_s_Baixeras_i_Verdaguer_Retrat_d_un_boter.jpg,Category:Portraits of old men,File:Dionís Baixeras i Verdaguer- Retrat d'un boter de la Barceloneta- 229.JPG,Dionisio Baixeras Verdaguer,Public domain,https://commons.wikimedia.org/wiki/File%3ADion%C3%ADs_Baixeras_i_Verdaguer-_Retrat_d%27un_boter_de_la_Barceloneta-_229.JPG,https://upload.wikimedia.org/wikipedia/commons/e/eb/Dion%C3%ADs_Baixeras_i_Verdaguer-_Retrat_d%27un_boter_de_la_Barceloneta-_229.JPG?utm_source=commons.wikimedia.org&utm_campaign=imageinfo&utm_content=thumbnail_unscaled
portraits-of-old-men_576_File_Dummy_Thailand.jpg,Category:Portraits of old men,File:Dummy (Thailand).jpg,Виктор Пинчук,CC BY-SA 4.0,https://commons.wikimedia.org/wiki/File%3ADummy_%28Thailand%29.jpg,https://upload.wikimedia.org/wikipedia/commons/9/94/Dummy_%28Thailand%29.jpg?utm_source=commons.wikimedia.org&utm_campaign=imageinfo&utm_content=thumbnail_unscaled
portraits-of-old-men_577_File_Edward_Sabine_Maull_Fox_BNF_Gallica.jpg,Category:Portraits of old men,File:Edward Sabine Maull&Fox BNF Gallica.jpg,"Maull and Fox photographers, London. Upload, stitch and restoration by Jebulon",Public domain,https://commons.wikimedia.org/wiki/File%3AEdward_Sabine_Maull%26Fox_BNF_Gallica.jpg,https://thumb.wikimedia.org/wikipedia/commons/thumb/a/a1/Edward_Sabine_Maull%26Fox_BNF_Gallica.jpg/960px-Edward_Sabine_Maull%26Fox_BNF_Gallica.jpg?utm_source=commons.wikimedia.org&utm_campaign=imageinfo&utm_content=thumbnail
portraits-of-old-men_578_File_FedoraOlesko.jpg,Category:Portraits of old men,File:FedoraOlesko.jpg,Mykola Swarnyk,CC BY 3.0,https://commons.wikimedia.org/wiki/File%3AFedoraOlesko.jpg,https://thumb.wikimedia.org/wikipedia/commons/thumb/1/14/FedoraOlesko.jpg/960px-FedoraOlesko.jpg?utm_source=commons.wikimedia.org&utm_campaign=imageinfo&utm_content=thumbnail
portraits-of-old-men_579_File_FitchShepard.jpg,Category:Portraits of old men,File:FitchShepard.png,Unknown authorUnknown author,Public domain,https://commons.wikimedia.org/wiki/File%3AFitchShepard.png,https://upload.wikimedia.org/wikipedia/commons/3/39/FitchShepard.png?utm_source=commons.wikimedia.org&utm_campaign=imageinfo&utm_content=thumbnail_unscaled
portraits-of-old-men_580_File_Gaetano_Guadagni_1780.jpg,Category:Portraits of old men,File:Gaetano Guadagni 1780.jpg,Unknown authorUnknown author / Unattributed,Public domain,https://commons.wikimedia.org/wiki/File%3AGaetano_Guadagni_1780.jpg,https://upload.wikimedia.org/wikipedia/commons/1/15/Gaetano_Guadagni_1780.jpg?utm_source=commons.wikimedia.org&utm_campaign=imageinfo&utm_content=thumbnail_unscaled
portraits-of-old-men_581_File_Giulio_Cesare_Prati_Vecchio_al_focolare.jpg,Category:Portraits of old men,File:Giulio Cesare Prati – Vecchio al focolare.tiff,Giulio Cesare Prati,Public domain,https://commons.wikimedia.org/wiki/File%3AGiulio_Cesare_Prati_%E2%80%93_Vecchio_al_focolare.tiff,https://thumb.wikimedia.org/wikipedia/commons/thumb/c/ca/Giulio_Cesare_Prati_%E2%80%93_Vecchio_al_focolare.tiff/lossy-page1-960px-Giulio_Cesare_Prati_%E2%80%93_Vecchio_al_focolare.tiff.jpg?utm_source=commons.wikimedia.org&utm_campaign=imageinfo&utm_content=thumbnail
portraits-of-old-men_582_File_Greenwich_pensioner_LCCN2003687690.jpg,Category:Portraits of old men,File:Greenwich pensioner LCCN2003687690.jpg,"Whistler, James McNeill, 1834-1903, artist",Public domain,https://commons.wikimedia.org/wiki/File%3AGreenwich_pensioner_LCCN2003687690.jpg,https://thumb.wikimedia.org/wikipedia/commons/thumb/8/8c/Greenwich_pensioner_LCCN2003687690.jpg/960px-Greenwich_pensioner_LCCN2003687690.jpg?utm_source=commons.wikimedia.org&utm_campaign=imageinfo&utm_content=thumbnail
portraits-of-old-men_583_File_Jacek_Malczewski_Dwie_g_owy_starc_w.jpg,Category:Portraits of old men,File:Jacek Malczewski - Dwie głowy starców.jpg,Jacek Malczewski,Public domain,https://commons.wikimedia.org/wiki/File%3AJacek_Malczewski_-_Dwie_g%C5%82owy_starc%C3%B3w.jpg,https://thumb.wikimedia.org/wikipedia/commons/thumb/3/34/Jacek_Malczewski_-_Dwie_g%C5%82owy_starc%C3%B3w.jpg/960px-Jacek_Malczewski_-_Dwie_g%C5%82owy_starc%C3%B3w.jpg?utm_source=commons.wikimedia.org&utm_campaign=imageinfo&utm_content=thumbnail
portraits-of-old-men_584_File_Jacek_Malczewski_Starzec_przy_studni.jpg,Category:Portraits of old men,File:Jacek Malczewski - Starzec przy studni.jpg,Jacek Malczewski,Public domain,https://commons.wikimedia.org/wiki/File%3AJacek_Malczewski_-_Starzec_przy_studni.jpg,https://thumb.wikimedia.org/wikipedia/commons/thumb/5/5c/Jacek_Malczewski_-_Starzec_przy_studni.jpg/960px-Jacek_Malczewski_-_Starzec_przy_studni.jpg?utm_source=commons.wikimedia.org&utm_campaign=imageinfo&utm_content=thumbnail
portraits-of-old-men_585_File_Jack_Cameron_head_shot.jpg,Category:Portraits of old men,File:Jack Cameron head shot.jpg,Unknown authorUnknown author,Public domain,https://commons.wikimedia.org/wiki/File%3AJack_Cameron_head_shot.jpg,https://thumb.wikimedia.org/wikipedia/commons/thumb/2/2c/Jack_Cameron_head_shot.jpg/960px-Jack_Cameron_head_shot.jpg?utm_source=commons.wikimedia.org&utm_campaign=imageinfo&utm_content=thumbnail
portraits-of-old-men_586_File_Jacquard_Joseph_Marie_woven_silk.jpg,Category:Portraits of old men,File:Jacquard Joseph Marie woven silk.jpg,woven by Michel-Marie Carquillat (1803–1884) Claude Bonnefond (1796–1860),Public domain,https://commons.wikimedia.org/wiki/File%3AJacquard_Joseph_Marie_woven_silk.jpg,https://upload.wikimedia.org/wikipedia/commons/e/e1/Jacquard_Joseph_Marie_woven_silk.jpg?utm_source=commons.wikimedia.org&utm_campaign=imageinfo&utm_content=thumbnail_unscaled
portraits-of-old-men_587_File_Jan_Matejko_Portrait_of_Lukasz_Dobrzanski_MNK.jpg,Category:Portraits of old men,File:Jan Matejko - Portrait of Lukasz Dobrzanski - MNK IX-4 (16897).jpg,Jan Matejko,Public domain,https://commons.wikimedia.org/wiki/File%3AJan_Matejko_-_Portrait_of_Lukasz_Dobrzanski_-_MNK_IX-4_%2816897%29.jpg,https://thumb.wikimedia.org/wikipedia/commons/thumb/7/7a/Jan_Matejko_-_Portrait_of_Lukasz_Dobrzanski_-_MNK_IX-4_%2816897%29.jpg/960px-Jan_Matejko_-_Portrait_of_Lukasz_Dobrzanski_-_MNK_IX-4_%2816897%29.jpg?utm_source=commons.wikimedia.org&utm_campaign=imageinfo&utm_content=thumbnail
portraits-of-old-men_588_File_Jonathan_Trumbull_engraving_circa_1855.jpg,Category:Portraits of old men,File:Jonathan Trumbull engraving circa 1855.jpg,After John Trumbull,Public domain,https://commons.wikimedia.org/wiki/File%3AJonathan_Trumbull_engraving_circa_1855.jpg,https://upload.wikimedia.org/wikipedia/commons/3/33/Jonathan_Trumbull_engraving_circa_1855.jpg?utm_source=commons.wikimedia.org&utm_campaign=imageinfo&utm_content=thumbnail_unscaled
portraits-of-old-men_589_File_Louis_Roland_Trinquesse_Portrait_d_homme_au_c.jpg,Category:Portraits of old men,File:Louis-Roland Trinquesse Portrait d’homme au chapeau Louvre.jpg,Louis Rolland Trinquesse,Public domain,https://commons.wikimedia.org/wiki/File%3ALouis-Roland_Trinquesse_Portrait_d%E2%80%99homme_au_chapeau_Louvre.jpg,https://upload.wikimedia.org/wikipedia/commons/5/57/Louis-Roland_Trinquesse_Portrait_d%E2%80%99homme_au_chapeau_Louvre.jpg?utm_source=commons.wikimedia.org&utm_campaign=imageinfo&utm_content=thumbnail_unscaled
portraits-of-old-men_590_File_L_on_Gouvenin.jpg,Category:Portraits of old men,File:Léon Gouvenin.png,Unknown authorUnknown author,Public domain,https://commons.wikimedia.org/wiki/File%3AL%C3%A9on_Gouvenin.png,https://thumb.wikimedia.org/wikipedia/commons/thumb/8/88/L%C3%A9on_Gouvenin.png/960px-L%C3%A9on_Gouvenin.png?utm_source=commons.wikimedia.org&utm_campaign=imageinfo&utm_content=thumbnail
portraits-of-old-men_591_File_Medalj_av_brons_ver_Andrea_Barbazza_r_ttsl_rd.jpg,Category:Portraits of old men,"File:Medalj av brons över Andrea Barbazza, rättslärd från Messina - Skoklosters slott - 92231.tif",Erik Lernestål,Public domain,https://commons.wikimedia.org/wiki/File%3AMedalj_av_brons_%C3%B6ver_Andrea_Barbazza%2C_r%C3%A4ttsl%C3%A4rd_fr%C3%A5n_Messina_-_Skoklosters_slott_-_92231.tif,https://thumb.wikimedia.org/wikipedia/commons/thumb/d/d3/Medalj_av_brons_%C3%B6ver_Andrea_Barbazza%2C_r%C3%A4ttsl%C3%A4rd_fr%C3%A5n_Messina_-_Skoklosters_slott_-_92231.tif/lossy-page1-960px-Medalj_av_brons_%C3%B6ver_Andrea_Barbazza%2C_r%C3%A4ttsl%C3%A4rd_fr%C3%A5n_Messina_-_Skoklosters_slott_-_92231.tif.jpg?utm_source=commons.wikimedia.org&utm_campaign=imageinfo&utm_content=thumbnail
portraits-of-old-men_592_File_Old_man_reading_newspaper_early_in_the_mornin.jpg,Category:Portraits of old men,File:Old man reading newspaper early in the morning at Basantapur-IMG 6800 (cropped).png,Phlsph7,CC BY-SA 4.0,https://commons.wikimedia.org/wiki/File%3AOld_man_reading_newspaper_early_in_the_morning_at_Basantapur-IMG_6800_%28cropped%29.png,https://thumb.wikimedia.org/wikipedia/commons/thumb/6/6f/Old_man_reading_newspaper_early_in_the_morning_at_Basantapur-IMG_6800_%28cropped%29.png/960px-Old_man_reading_newspaper_early_in_the_morning_at_Basantapur-IMG_6800_%28cropped%29.png?utm_source=commons.wikimedia.org&utm_campaign=imageinfo&utm_content=thumbnail
portraits-of-old-men_593_File_Old_man_reading_newspaper_early_in_the_mornin.jpg,Category:Portraits of old men,File:Old man reading newspaper early in the morning at Basantapur-IMG 6800.jpg,Bijay Chaurasia,CC BY-SA 4.0,https://commons.wikimedia.org/wiki/File%3AOld_man_reading_newspaper_early_in_the_morning_at_Basantapur-IMG_6800.jpg,https://thumb.wikimedia.org/wikipedia/commons/thumb/a/a0/Old_man_reading_newspaper_early_in_the_morning_at_Basantapur-IMG_6800.jpg/960px-Old_man_reading_newspaper_early_in_the_morning_at_Basantapur-IMG_6800.jpg?utm_source=commons.wikimedia.org&utm_campaign=imageinfo&utm_content=thumbnail
portraits-of-old-men_594_File_Packe_Charles_par_W_Mobbs_BNF_Gallica.jpg,Category:Portraits of old men,"File:Packe, Charles, par W.Mobbs, BNF Gallica.jpg","W.Mobbs, Phot. Leicester. Upload, stitch and restoration by Jebulon",Public domain,https://commons.wikimedia.org/wiki/File%3APacke%2C_Charles%2C_par_W.Mobbs%2C_BNF_Gallica.jpg,https://thumb.wikimedia.org/wikipedia/commons/thumb/a/af/Packe%2C_Charles%2C_par_W.Mobbs%2C_BNF_Gallica.jpg/960px-Packe%2C_Charles%2C_par_W.Mobbs%2C_BNF_Gallica.jpg?utm_source=commons.wikimedia.org&utm_campaign=imageinfo&utm_content=thumbnail
portraits-of-old-men_595_File_Portrait_of_an_old_man_seated_wearing_a_peake.jpg,Category:Portraits of old men,"File:Portrait of an old man seated, wearing a peaked cap, 1828.jpg",Emma Soyer,Public domain,https://commons.wikimedia.org/wiki/File%3APortrait_of_an_old_man_seated%2C_wearing_a_peaked_cap%2C_1828.jpg,https://upload.wikimedia.org/wikipedia/commons/a/a3/Portrait_of_an_old_man_seated%2C_wearing_a_peaked_cap%2C_1828.jpg?utm_source=commons.wikimedia.org&utm_campaign=imageinfo&utm_content=thumbnail_unscaled
portraits-of-old-men_596_File_Ralph_Shaw_C_M_On_the_Puntledge_River_Courten.jpg,Category:Portraits of old men,"File:Ralph-Shaw, C.M., On the Puntledge River, Courtenay, BC.jpg",Vrsmith,CC BY-SA 3.0,https://commons.wikimedia.org/wiki/File%3ARalph-Shaw%2C_C.M.%2C_On_the_Puntledge_River%2C_Courtenay%2C_BC.jpg,https://thumb.wikimedia.org/wikipedia/commons/thumb/5/56/Ralph-Shaw%2C_C.M.%2C_On_the_Puntledge_River%2C_Courtenay%2C_BC.jpg/960px-Ralph-Shaw%2C_C.M.%2C_On_the_Puntledge_River%2C_Courtenay%2C_BC.jpg?utm_source=commons.wikimedia.org&utm_campaign=imageinfo&utm_content=thumbnail
portraits-of-old-men_597_File_2015_14.jpg,Category:Portraits of old men,"File:Շուշիի պատկերասրան, 2015) (14).JPG",Armineaghayan,CC BY-SA 4.0,https://commons.wikimedia.org/wiki/File%3A%D5%87%D5%B8%D6%82%D5%B7%D5%AB%D5%AB_%D5%BA%D5%A1%D5%BF%D5%AF%D5%A5%D6%80%D5%A1%D5%BD%D6%80%D5%A1%D5%B6%2C_2015%29_%2814%29.JPG,https://thumb.wikimedia.org/wikipedia/commons/thumb/a/ae/%D5%87%D5%B8%D6%82%D5%B7%D5%AB%D5%AB_%D5%BA%D5%A1%D5%BF%D5%AF%D5%A5%D6%80%D5%A1%D5%BD%D6%80%D5%A1%D5%B6%2C_2015%29_%2814%29.JPG/960px-%D5%87%D5%B8%D6%82%D5%B7%D5%AB%D5%AB_%D5%BA%D5%A1%D5%BF%D5%AF%D5%A5%D6%80%D5%A1%D5%BD%D6%80%D5%A1%D5%B6%2C_2015%29_%2814%29.JPG?utm_source=commons.wikimedia.org&utm_campaign=imageinfo&utm_content=thumbnail
human-faces_598_File_18_Hot8_Storm_SFLF_WDC_7jul06_188138953.jpg,Category:Human faces,File:18.Hot8.Storm.SFLF.WDC.7jul06 (188138953).jpg,Elvert Barnes,CC BY 2.0,https://commons.wikimedia.org/wiki/File%3A18.Hot8.Storm.SFLF.WDC.7jul06_%28188138953%29.jpg,https://thumb.wikimedia.org/wikipedia/commons/thumb/5/54/18.Hot8.Storm.SFLF.WDC.7jul06_%28188138953%29.jpg/960px-18.Hot8.Storm.SFLF.WDC.7jul06_%28188138953%29.jpg?utm_source=commons.wikimedia.org&utm_campaign=imageinfo&utm_content=thumbnail
human-faces_599_File_2012_02_26_IMG_8529.jpg,Category:Human faces,File:2012-02-26 Большое белое кольцо IMG 8529.jpg,ПОКА ТУТ,CC BY-SA 4.0,https://commons.wikimedia.org/wiki/File%3A2012-02-26_%D0%91%D0%BE%D0%BB%D1%8C%D1%88%D0%BE%D0%B5_%D0%B1%D0%B5%D0%BB%D0%BE%D0%B5_%D0%BA%D0%BE%D0%BB%D1%8C%D1%86%D0%BE_IMG_8529.jpg,https://thumb.wikimedia.org/wikipedia/commons/thumb/8/87/2012-02-26_%D0%91%D0%BE%D0%BB%D1%8C%D1%88%D0%BE%D0%B5_%D0%B1%D0%B5%D0%BB%D0%BE%D0%B5_%D0%BA%D0%BE%D0%BB%D1%8C%D1%86%D0%BE_IMG_8529.jpg/960px-2012-02-26_%D0%91%D0%BE%D0%BB%D1%8C%D1%88%D0%BE%D0%B5_%D0%B1%D0%B5%D0%BB%D0%BE%D0%B5_%D0%BA%D0%BE%D0%BB%D1%8C%D1%86%D0%BE_IMG_8529.jpg?utm_source=commons.wikimedia.org&utm_campaign=imageinfo&utm_content=thumbnail
human-faces_600_File_2013_06_12_L1140233.jpg,Category:Human faces,File:2013-06-12 За вашу и нашу свободу L1140233.jpg,ПОКА ТУТ,CC BY-SA 4.0,https://commons.wikimedia.org/wiki/File%3A2013-06-12_%D0%97%D0%B0_%D0%B2%D0%B0%D1%88%D1%83_%D0%B8_%D0%BD%D0%B0%D1%88%D1%83_%D1%81%D0%B2%D0%BE%D0%B1%D0%BE%D0%B4%D1%83_L1140233.jpg,https://thumb.wikimedia.org/wikipedia/commons/thumb/b/b0/2013-06-12_%D0%97%D0%B0_%D0%B2%D0%B0%D1%88%D1%83_%D0%B8_%D0%BD%D0%B0%D1%88%D1%83_%D1%81%D0%B2%D0%BE%D0%B1%D0%BE%D0%B4%D1%83_L1140233.jpg/960px-2013-06-12_%D0%97%D0%B0_%D0%B2%D0%B0%D1%88%D1%83_%D0%B8_%D0%BD%D0%B0%D1%88%D1%83_%D1%81%D0%B2%D0%BE%D0%B1%D0%BE%D0%B4%D1%83_L1140233.jpg?utm_source=commons.wikimedia.org&utm_campaign=imageinfo&utm_content=thumbnail
human-faces_601_File_2015_03_01_L1500482.jpg,Category:Human faces,File:2015-03-01 Шествие памяти Немцова L1500482.jpg,ПОКА ТУТ,CC BY-SA 4.0,https://commons.wikimedia.org/wiki/File%3A2015-03-01_%D0%A8%D0%B5%D1%81%D1%82%D0%B2%D0%B8%D0%B5_%D0%BF%D0%B0%D0%BC%D1%8F%D1%82%D0%B8_%D0%9D%D0%B5%D0%BC%D1%86%D0%BE%D0%B2%D0%B0_L1500482.jpg,https://thumb.wikimedia.org/wikipedia/commons/thumb/0/09/2015-03-01_%D0%A8%D0%B5%D1%81%D1%82%D0%B2%D0%B8%D0%B5_%D0%BF%D0%B0%D0%BC%D1%8F%D1%82%D0%B8_%D0%9D%D0%B5%D0%BC%D1%86%D0%BE%D0%B2%D0%B0_L1500482.jpg/960px-2015-03-01_%D0%A8%D0%B5%D1%81%D1%82%D0%B2%D0%B8%D0%B5_%D0%BF%D0%B0%D0%BC%D1%8F%D1%82%D0%B8_%D0%9D%D0%B5%D0%BC%D1%86%D0%BE%D0%B2%D0%B0_L1500482.jpg?utm_source=commons.wikimedia.org&utm_campaign=imageinfo&utm_content=thumbnail
human-faces_602_File_2020_11_07_Celebrating_Washington_DC_USA_312.jpg,Category:Human faces,"File:2020.11.07 Celebrating, Washington, DC USA 312 150318 (50578017142).jpg",Ted Eytan,CC BY-SA 2.0,https://commons.wikimedia.org/wiki/File%3A2020.11.07_Celebrating%2C_Washington%2C_DC_USA_312_150318_%2850578017142%29.jpg,https://thumb.wikimedia.org/wikipedia/commons/thumb/4/44/2020.11.07_Celebrating%2C_Washington%2C_DC_USA_312_150318_%2850578017142%29.jpg/960px-2020.11.07_Celebrating%2C_Washington%2C_DC_USA_312_150318_%2850578017142%29.jpg?utm_source=commons.wikimedia.org&utm_campaign=imageinfo&utm_content=thumbnail
human-faces_603_File_A_character_with_a_grotesque_face_Line_Wellco.jpg,Category:Human faces,File:A character with a grotesque face. Line Wellcome V0007459.jpg,,CC BY 4.0,https://commons.wikimedia.org/wiki/File%3AA_character_with_a_grotesque_face._Line_Wellcome_V0007459.jpg,https://upload.wikimedia.org/wikipedia/commons/0/06/A_character_with_a_grotesque_face._Line_Wellcome_V0007459.jpg?utm_source=commons.wikimedia.org&utm_campaign=imageinfo&utm_content=thumbnail_unscaled
human-faces_604_File_A_character_with_a_grotesque_face_Line_Wellco.jpg,Category:Human faces,File:A character with a grotesque face. Line Wellcome V0007460.jpg,,CC BY 4.0,https://commons.wikimedia.org/wiki/File%3AA_character_with_a_grotesque_face._Line_Wellcome_V0007460.jpg,https://upload.wikimedia.org/wikipedia/commons/b/b7/A_character_with_a_grotesque_face._Line_Wellcome_V0007460.jpg?utm_source=commons.wikimedia.org&utm_campaign=imageinfo&utm_content=thumbnail_unscaled
human-faces_605_File_A_Child_s_Cry_for_Peace.jpg,Category:Human faces,File:A Child's Cry for Peace.jpg,"D. Sharon Pruitt from Hill Air Force Base, Utah, USA",CC BY 2.0,https://commons.wikimedia.org/wiki/File%3AA_Child%27s_Cry_for_Peace.jpg,https://upload.wikimedia.org/wikipedia/commons/e/e0/A_Child%27s_Cry_for_Peace.jpg?utm_source=commons.wikimedia.org&utm_campaign=imageinfo&utm_content=thumbnail_unscaled
human-faces_606_File_A_nother_Day_in_the_Park_1_Imagicity_358.jpg,Category:Human faces,File:A(nother) Day in the Park (1) (Imagicity 358).jpg,Graham Crumb,CC BY-SA 3.0,https://commons.wikimedia.org/wiki/File%3AA%28nother%29_Day_in_the_Park_%281%29_%28Imagicity_358%29.jpg,https://thumb.wikimedia.org/wikipedia/commons/thumb/0/05/A%28nother%29_Day_in_the_Park_%281%29_%28Imagicity_358%29.jpg/960px-A%28nother%29_Day_in_the_Park_%281%29_%28Imagicity_358%29.jpg?utm_source=commons.wikimedia.org&utm_campaign=imageinfo&utm_content=thumbnail
human-faces_607_File_A_nother_Day_in_the_Park_Imagicity_358.jpg,Category:Human faces,File:A(nother) Day in the Park (Imagicity 358).jpg,Graham Crumb,CC BY-SA 3.0,https://commons.wikimedia.org/wiki/File%3AA%28nother%29_Day_in_the_Park_%28Imagicity_358%29.jpg,https://thumb.wikimedia.org/wikipedia/commons/thumb/2/23/A%28nother%29_Day_in_the_Park_%28Imagicity_358%29.jpg/960px-A%28nother%29_Day_in_the_Park_%28Imagicity_358%29.jpg?utm_source=commons.wikimedia.org&utm_campaign=imageinfo&utm_content=thumbnail
human-faces_608_File_Ageing_of_the_human_face.jpg,Category:Human faces,File:Ageing of the human face.jpg,GBdeZeeuw,CC BY-SA 3.0,https://commons.wikimedia.org/wiki/File%3AAgeing_of_the_human_face.jpg,https://thumb.wikimedia.org/wikipedia/commons/thumb/6/60/Ageing_of_the_human_face.jpg/960px-Ageing_of_the_human_face.jpg?utm_source=commons.wikimedia.org&utm_campaign=imageinfo&utm_content=thumbnail
human-faces_609_File_Ancient_Meitei_character_LAI_represents_as_we.jpg,Category:Human faces,"File:Ancient Meitei character ""LAI"" (ꯂ) represents as well as means ""forehead"".jpg",User:صلاح الأوكراني and various others,CC0,https://commons.wikimedia.org/wiki/File%3AAncient_Meitei_character_%22LAI%22_%28%EA%AF%82%29_represents_as_well_as_means_%22forehead%22.jpg,https://thumb.wikimedia.org/wikipedia/commons/thumb/2/2d/Ancient_Meitei_character_%22LAI%22_%28%EA%AF%82%29_represents_as_well_as_means_%22forehead%22.jpg/960px-Ancient_Meitei_character_%22LAI%22_%28%EA%AF%82%29_represents_as_well_as_means_%22forehead%22.jpg?utm_source=commons.wikimedia.org&utm_campaign=imageinfo&utm_content=thumbnail
human-faces_610_File_Asmaa_Hamzaoui_Photo_By_Khalil_Mounji_03.jpg,Category:Human faces,File:Asmaa Hamzaoui Photo By Khalil Mounji 03.png,Khalilmounji,CC BY 4.0,https://commons.wikimedia.org/wiki/File%3AAsmaa_Hamzaoui_Photo_By_Khalil_Mounji_03.png,https://thumb.wikimedia.org/wikipedia/commons/thumb/d/dc/Asmaa_Hamzaoui_Photo_By_Khalil_Mounji_03.png/960px-Asmaa_Hamzaoui_Photo_By_Khalil_Mounji_03.png?utm_source=commons.wikimedia.org&utm_campaign=imageinfo&utm_content=thumbnail
human-faces_611_File_Asunta_Imagicity_252.jpg,Category:Human faces,File:Asunta (Imagicity 252).jpg,Graham Crumb,CC BY-SA 3.0,https://commons.wikimedia.org/wiki/File%3AAsunta_%28Imagicity_252%29.jpg,https://thumb.wikimedia.org/wikipedia/commons/thumb/3/37/Asunta_%28Imagicity_252%29.jpg/960px-Asunta_%28Imagicity_252%29.jpg?utm_source=commons.wikimedia.org&utm_campaign=imageinfo&utm_content=thumbnail
human-faces_612_File_Asunta_Imagicity_261.jpg,Category:Human faces,File:Asunta (Imagicity 261).jpg,Graham Crumb,CC BY-SA 3.0,https://commons.wikimedia.org/wiki/File%3AAsunta_%28Imagicity_261%29.jpg,https://thumb.wikimedia.org/wikipedia/commons/thumb/b/b0/Asunta_%28Imagicity_261%29.jpg/960px-Asunta_%28Imagicity_261%29.jpg?utm_source=commons.wikimedia.org&utm_campaign=imageinfo&utm_content=thumbnail
human-faces_613_File_Asunta_Imagicity_277.jpg,Category:Human faces,File:Asunta (Imagicity 277).jpg,Graham Crumb,CC BY-SA 3.0,https://commons.wikimedia.org/wiki/File%3AAsunta_%28Imagicity_277%29.jpg,https://thumb.wikimedia.org/wikipedia/commons/thumb/9/96/Asunta_%28Imagicity_277%29.jpg/960px-Asunta_%28Imagicity_277%29.jpg?utm_source=commons.wikimedia.org&utm_campaign=imageinfo&utm_content=thumbnail
human-faces_614_File_At_Play_Imagicity_476.jpg,Category:Human faces,File:At Play (Imagicity 476).jpg,Graham Crumb,CC BY-SA 3.0,https://commons.wikimedia.org/wiki/File%3AAt_Play_%28Imagicity_476%29.jpg,https://thumb.wikimedia.org/wikipedia/commons/thumb/0/0d/At_Play_%28Imagicity_476%29.jpg/960px-At_Play_%28Imagicity_476%29.jpg?utm_source=commons.wikimedia.org&utm_campaign=imageinfo&utm_content=thumbnail
human-faces_615_File_Austin_Imagicity_167.jpg,Category:Human faces,File:Austin (Imagicity 167).jpg,Graham Crumb,CC BY-SA 3.0,https://commons.wikimedia.org/wiki/File%3AAustin_%28Imagicity_167%29.jpg,https://thumb.wikimedia.org/wikipedia/commons/thumb/6/6d/Austin_%28Imagicity_167%29.jpg/960px-Austin_%28Imagicity_167%29.jpg?utm_source=commons.wikimedia.org&utm_campaign=imageinfo&utm_content=thumbnail
human-faces_616_File_Average_of_two_faces_2.jpg,Category:Human faces,File:Average of two faces 2.jpg,Cruithne9,CC BY-SA 4.0,https://commons.wikimedia.org/wiki/File%3AAverage_of_two_faces_2.jpg,https://thumb.wikimedia.org/wikipedia/commons/thumb/2/2b/Average_of_two_faces_2.jpg/960px-Average_of_two_faces_2.jpg?utm_source=commons.wikimedia.org&utm_campaign=imageinfo&utm_content=thumbnail
human-faces_617_File_Baby_Dandan_Imagicity_80.jpg,Category:Human faces,File:Baby Dandan (Imagicity 80).jpg,Graham Crumb,CC BY-SA 3.0,https://commons.wikimedia.org/wiki/File%3ABaby_Dandan_%28Imagicity_80%29.jpg,https://thumb.wikimedia.org/wikipedia/commons/thumb/b/b8/Baby_Dandan_%28Imagicity_80%29.jpg/960px-Baby_Dandan_%28Imagicity_80%29.jpg?utm_source=commons.wikimedia.org&utm_campaign=imageinfo&utm_content=thumbnail
human-faces_618_File_Bangalore_India_n004_5803789.jpg,Category:Human faces,File:Bangalore - India n004 (5803789).jpg,Steve Evans from Citizen of the World,CC BY 2.0,https://commons.wikimedia.org/wiki/File%3ABangalore_-_India_n004_%285803789%29.jpg,https://upload.wikimedia.org/wikipedia/commons/f/f0/Bangalore_-_India_n004_%285803789%29.jpg?utm_source=commons.wikimedia.org&utm_campaign=imageinfo&utm_content=thumbnail_unscaled
human-faces_619_File_Bangarang_faces.jpg,Category:Human faces,File:Bangarang faces.jpg,No machine-readable author provided. Bangarangpeter assumed (based on copyright claims).,Public domain,https://commons.wikimedia.org/wiki/File%3ABangarang_faces.jpg,https://upload.wikimedia.org/wikipedia/commons/4/4c/Bangarang_faces.jpg?utm_source=commons.wikimedia.org&utm_campaign=imageinfo&utm_content=thumbnail_unscaled
human-faces_620_File_Baumstelengesichter.jpg,Category:Human faces,File:Baumstelengesichter.JPG,4028mdk09,CC BY-SA 3.0,https://commons.wikimedia.org/wiki/File%3ABaumstelengesichter.JPG,https://thumb.wikimedia.org/wikipedia/commons/thumb/1/1a/Baumstelengesichter.JPG/960px-Baumstelengesichter.JPG?utm_source=commons.wikimedia.org&utm_campaign=imageinfo&utm_content=thumbnail
human-faces_621_File_BC856_HUI_2049.jpg,Category:Human faces,File:BC856 HUI-2049.jpg,Menno Huizinga,Public domain,https://commons.wikimedia.org/wiki/File%3ABC856_HUI-2049.jpg,https://thumb.wikimedia.org/wikipedia/commons/thumb/6/6d/BC856_HUI-2049.jpg/960px-BC856_HUI-2049.jpg?utm_source=commons.wikimedia.org&utm_campaign=imageinfo&utm_content=thumbnail
human-faces_622_File_Beatrice_at_Erakor_Imagicity_50.jpg,Category:Human faces,File:Beatrice at Erakor (Imagicity 50).jpg,Graham Crumb,CC BY-SA 3.0,https://commons.wikimedia.org/wiki/File%3ABeatrice_at_Erakor_%28Imagicity_50%29.jpg,https://thumb.wikimedia.org/wikipedia/commons/thumb/f/fe/Beatrice_at_Erakor_%28Imagicity_50%29.jpg/960px-Beatrice_at_Erakor_%28Imagicity_50%29.jpg?utm_source=commons.wikimedia.org&utm_campaign=imageinfo&utm_content=thumbnail
human-faces_623_File_Beatrice_at_Imere_Imagicity_74.jpg,Category:Human faces,File:Beatrice at Imere (Imagicity 74).jpg,Graham Crumb,CC BY-SA 3.0,https://commons.wikimedia.org/wiki/File%3ABeatrice_at_Imere_%28Imagicity_74%29.jpg,https://thumb.wikimedia.org/wikipedia/commons/thumb/5/5b/Beatrice_at_Imere_%28Imagicity_74%29.jpg/960px-Beatrice_at_Imere_%28Imagicity_74%29.jpg?utm_source=commons.wikimedia.org&utm_campaign=imageinfo&utm_content=thumbnail
human-faces_624_File_Bemused_Imagicity_148.jpg,Category:Human faces,File:Bemused (Imagicity 148).jpg,Graham Crumb,CC BY-SA 3.0,https://commons.wikimedia.org/wiki/File%3ABemused_%28Imagicity_148%29.jpg,https://thumb.wikimedia.org/wikipedia/commons/thumb/b/b4/Bemused_%28Imagicity_148%29.jpg/960px-Bemused_%28Imagicity_148%29.jpg?utm_source=commons.wikimedia.org&utm_campaign=imageinfo&utm_content=thumbnail
human-faces_625_File_Bemused_Girl_Imagicity_215.jpg,Category:Human faces,File:Bemused Girl (Imagicity 215).jpg,Graham Crumb,CC BY-SA 3.0,https://commons.wikimedia.org/wiki/File%3ABemused_Girl_%28Imagicity_215%29.jpg,https://thumb.wikimedia.org/wikipedia/commons/thumb/f/f0/Bemused_Girl_%28Imagicity_215%29.jpg/960px-Bemused_Girl_%28Imagicity_215%29.jpg?utm_source=commons.wikimedia.org&utm_campaign=imageinfo&utm_content=thumbnail
human-faces_626_File_Bertillon_Criminal_profiles.jpg,Category:Human faces,File:Bertillon - Criminal profiles.jpg,,Public domain,https://commons.wikimedia.org/wiki/File%3ABertillon_-_Criminal_profiles.jpg,https://thumb.wikimedia.org/wikipedia/commons/thumb/d/db/Bertillon_-_Criminal_profiles.jpg/960px-Bertillon_-_Criminal_profiles.jpg?utm_source=commons.wikimedia.org&utm_campaign=imageinfo&utm_content=thumbnail
human-faces_627_File_Bhutan_64140357_2.jpg,Category:Human faces,File:Bhutan (64140357) (2).jpg,Steve Evans from Citizen of the World,CC BY 2.0,https://commons.wikimedia.org/wiki/File%3ABhutan_%2864140357%29_%282%29.jpg,https://upload.wikimedia.org/wikipedia/commons/c/c2/Bhutan_%2864140357%29_%282%29.jpg?utm_source=commons.wikimedia.org&utm_campaign=imageinfo&utm_content=thumbnail_unscaled
human-faces_628_File_Big_Haired_Girl_Imagicity_79.jpg,Category:Human faces,File:Big Haired Girl (Imagicity 79).jpg,Graham Crumb,CC BY-SA 3.0,https://commons.wikimedia.org/wiki/File%3ABig_Haired_Girl_%28Imagicity_79%29.jpg,https://thumb.wikimedia.org/wikipedia/commons/thumb/4/4d/Big_Haired_Girl_%28Imagicity_79%29.jpg/960px-Big_Haired_Girl_%28Imagicity_79%29.jpg?utm_source=commons.wikimedia.org&utm_campaign=imageinfo&utm_content=thumbnail
human-faces_629_File_Blasts_from_the_past_1_Imagicity_524.jpg,Category:Human faces,File:Blasts from the past (1) (Imagicity 524).jpg,Graham Crumb,CC BY-SA 3.0,https://commons.wikimedia.org/wiki/File%3ABlasts_from_the_past_%281%29_%28Imagicity_524%29.jpg,https://thumb.wikimedia.org/wikipedia/commons/thumb/d/de/Blasts_from_the_past_%281%29_%28Imagicity_524%29.jpg/960px-Blasts_from_the_past_%281%29_%28Imagicity_524%29.jpg?utm_source=commons.wikimedia.org&utm_campaign=imageinfo&utm_content=thumbnail
human-faces_630_File_Blasts_from_the_past_2_Imagicity_524.jpg,Category:Human faces,File:Blasts from the past (2) (Imagicity 524).jpg,Graham Crumb,CC BY-SA 3.0,https://commons.wikimedia.org/wiki/File%3ABlasts_from_the_past_%282%29_%28Imagicity_524%29.jpg,https://thumb.wikimedia.org/wikipedia/commons/thumb/d/d8/Blasts_from_the_past_%282%29_%28Imagicity_524%29.jpg/960px-Blasts_from_the_past_%282%29_%28Imagicity_524%29.jpg?utm_source=commons.wikimedia.org&utm_campaign=imageinfo&utm_content=thumbnail
human-faces_631_File_Blasts_from_the_past_3_Imagicity_524.jpg,Category:Human faces,File:Blasts from the past (3) (Imagicity 524).jpg,Graham Crumb,CC BY-SA 3.0,https://commons.wikimedia.org/wiki/File%3ABlasts_from_the_past_%283%29_%28Imagicity_524%29.jpg,https://thumb.wikimedia.org/wikipedia/commons/thumb/4/4e/Blasts_from_the_past_%283%29_%28Imagicity_524%29.jpg/960px-Blasts_from_the_past_%283%29_%28Imagicity_524%29.jpg?utm_source=commons.wikimedia.org&utm_campaign=imageinfo&utm_content=thumbnail
human-faces_632_File_Blasts_from_the_past_Imagicity_524.jpg,Category:Human faces,File:Blasts from the past (Imagicity 524).jpg,Graham Crumb,CC BY-SA 3.0,https://commons.wikimedia.org/wiki/File%3ABlasts_from_the_past_%28Imagicity_524%29.jpg,https://thumb.wikimedia.org/wikipedia/commons/thumb/e/e9/Blasts_from_the_past_%28Imagicity_524%29.jpg/960px-Blasts_from_the_past_%28Imagicity_524%29.jpg?utm_source=commons.wikimedia.org&utm_campaign=imageinfo&utm_content=thumbnail
human-faces_633_File_Blond_Boy_Swimming_Imagicity_63.jpg,Category:Human faces,File:Blond Boy Swimming (Imagicity 63).jpg,Graham Crumb,CC BY-SA 3.0,https://commons.wikimedia.org/wiki/File%3ABlond_Boy_Swimming_%28Imagicity_63%29.jpg,https://upload.wikimedia.org/wikipedia/commons/1/16/Blond_Boy_Swimming_%28Imagicity_63%29.jpg?utm_source=commons.wikimedia.org&utm_campaign=imageinfo&utm_content=thumbnail_unscaled
human-faces_634_File_Bong_Imagicity_201.jpg,Category:Human faces,File:Bong (Imagicity 201).jpg,Graham Crumb,CC BY-SA 3.0,https://commons.wikimedia.org/wiki/File%3ABong_%28Imagicity_201%29.jpg,https://thumb.wikimedia.org/wikipedia/commons/thumb/4/4a/Bong_%28Imagicity_201%29.jpg/960px-Bong_%28Imagicity_201%29.jpg?utm_source=commons.wikimedia.org&utm_campaign=imageinfo&utm_content=thumbnail
human-faces_635_File_Bong_Imagicity_246.jpg,Category:Human faces,File:Bong (Imagicity 246).jpg,Graham Crumb,CC BY-SA 3.0,https://commons.wikimedia.org/wiki/File%3ABong_%28Imagicity_246%29.jpg,https://thumb.wikimedia.org/wikipedia/commons/thumb/8/89/Bong_%28Imagicity_246%29.jpg/960px-Bong_%28Imagicity_246%29.jpg?utm_source=commons.wikimedia.org&utm_campaign=imageinfo&utm_content=thumbnail
human-faces_636_File_Bong_Imagicity_42.jpg,Category:Human faces,File:Bong (Imagicity 42).jpg,Graham Crumb,CC BY-SA 3.0,https://commons.wikimedia.org/wiki/File%3ABong_%28Imagicity_42%29.jpg,https://upload.wikimedia.org/wikipedia/commons/1/10/Bong_%28Imagicity_42%29.jpg?utm_source=commons.wikimedia.org&utm_campaign=imageinfo&utm_content=thumbnail_unscaled
human-faces_637_File_Bong_with_Bougainvillea_Imagicity_47.jpg,Category:Human faces,File:Bong with Bougainvillea (Imagicity 47).jpg,Graham Crumb,CC BY-SA 3.0,https://commons.wikimedia.org/wiki/File%3ABong_with_Bougainvillea_%28Imagicity_47%29.jpg,https://upload.wikimedia.org/wikipedia/commons/a/a5/Bong_with_Bougainvillea_%28Imagicity_47%29.jpg?utm_source=commons.wikimedia.org&utm_campaign=imageinfo&utm_content=thumbnail_unscaled
human-faces_638_File_Bongwakon_Imagicity_199.jpg,Category:Human faces,File:Bongwakon (Imagicity 199).jpg,Graham Crumb,CC BY-SA 3.0,https://commons.wikimedia.org/wiki/File%3ABongwakon_%28Imagicity_199%29.jpg,https://thumb.wikimedia.org/wikipedia/commons/thumb/a/af/Bongwakon_%28Imagicity_199%29.jpg/960px-Bongwakon_%28Imagicity_199%29.jpg?utm_source=commons.wikimedia.org&utm_campaign=imageinfo&utm_content=thumbnail
human-faces_639_File_Boy_Imagicity_451.jpg,Category:Human faces,File:Boy (Imagicity 451).jpg,Graham Crumb,CC BY-SA 3.0,https://commons.wikimedia.org/wiki/File%3ABoy_%28Imagicity_451%29.jpg,https://thumb.wikimedia.org/wikipedia/commons/thumb/5/5b/Boy_%28Imagicity_451%29.jpg/960px-Boy_%28Imagicity_451%29.jpg?utm_source=commons.wikimedia.org&utm_campaign=imageinfo&utm_content=thumbnail
human-faces_640_File_Boy_Imagicity_462.jpg,Category:Human faces,File:Boy (Imagicity 462).jpg,Graham Crumb,CC BY-SA 3.0,https://commons.wikimedia.org/wiki/File%3ABoy_%28Imagicity_462%29.jpg,https://thumb.wikimedia.org/wikipedia/commons/thumb/8/84/Boy_%28Imagicity_462%29.jpg/960px-Boy_%28Imagicity_462%29.jpg?utm_source=commons.wikimedia.org&utm_campaign=imageinfo&utm_content=thumbnail
human-faces_641_File_Boy_at_the_Beach_Imagicity_145.jpg,Category:Human faces,File:Boy at the Beach (Imagicity 145).jpg,Graham Crumb,CC BY-SA 3.0,https://commons.wikimedia.org/wiki/File%3ABoy_at_the_Beach_%28Imagicity_145%29.jpg,https://thumb.wikimedia.org/wikipedia/commons/thumb/c/c2/Boy_at_the_Beach_%28Imagicity_145%29.jpg/960px-Boy_at_the_Beach_%28Imagicity_145%29.jpg?utm_source=commons.wikimedia.org&utm_campaign=imageinfo&utm_content=thumbnail
human-faces_642_File_Boy_in_a_Tree_Imagicity_143.jpg,Category:Human faces,File:Boy in a Tree (Imagicity 143).jpg,Graham Crumb,CC BY-SA 3.0,https://commons.wikimedia.org/wiki/File%3ABoy_in_a_Tree_%28Imagicity_143%29.jpg,https://thumb.wikimedia.org/wikipedia/commons/thumb/f/f9/Boy_in_a_Tree_%28Imagicity_143%29.jpg/960px-Boy_in_a_Tree_%28Imagicity_143%29.jpg?utm_source=commons.wikimedia.org&utm_campaign=imageinfo&utm_content=thumbnail
human-faces_643_File_Boy_With_Hat_Imagicity_283.jpg,Category:Human faces,File:Boy With Hat (Imagicity 283).jpg,Graham Crumb,CC BY-SA 3.0,https://commons.wikimedia.org/wiki/File%3ABoy_With_Hat_%28Imagicity_283%29.jpg,https://thumb.wikimedia.org/wikipedia/commons/thumb/8/84/Boy_With_Hat_%28Imagicity_283%29.jpg/960px-Boy_With_Hat_%28Imagicity_283%29.jpg?utm_source=commons.wikimedia.org&utm_campaign=imageinfo&utm_content=thumbnail
human-faces_644_File_Brazilian_circus_performer_2008.jpg,Category:Human faces,"File:Brazilian circus performer, 2008.jpg",Steve Evans from Citizen of the World,CC BY 2.0,https://commons.wikimedia.org/wiki/File%3ABrazilian_circus_performer%2C_2008.jpg,https://thumb.wikimedia.org/wikipedia/commons/thumb/f/fb/Brazilian_circus_performer%2C_2008.jpg/960px-Brazilian_circus_performer%2C_2008.jpg?utm_source=commons.wikimedia.org&utm_campaign=imageinfo&utm_content=thumbnail
human-faces_645_File_Bundesarchiv_Bild_183_85117_0001_Zschortau_M.jpg,Category:Human faces,"File:Bundesarchiv Bild 183-85117-0001, Zschortau, Mähdrescherfahrer des VEG.jpg",Helmut Schaar,CC BY-SA 3.0 de,https://commons.wikimedia.org/wiki/File%3ABundesarchiv_Bild_183-85117-0001%2C_Zschortau%2C_M%C3%A4hdrescherfahrer_des_VEG.jpg,https://upload.wikimedia.org/wikipedia/commons/b/b5/Bundesarchiv_Bild_183-85117-0001%2C_Zschortau%2C_M%C3%A4hdrescherfahrer_des_VEG.jpg?utm_source=commons.wikimedia.org&utm_campaign=imageinfo&utm_content=thumbnail_unscaled
human-faces_646_File_Bundesarchiv_Bild_183_91077_0001_S_ptitz_Jung.jpg,Category:Human faces,"File:Bundesarchiv Bild 183-91077-0001, Süptitz, Jungtraktorist (cropped).jpg",Helmut Schaar,CC BY-SA 3.0 de,https://commons.wikimedia.org/wiki/File%3ABundesarchiv_Bild_183-91077-0001%2C_S%C3%BCptitz%2C_Jungtraktorist_%28cropped%29.jpg,https://upload.wikimedia.org/wikipedia/commons/c/c5/Bundesarchiv_Bild_183-91077-0001%2C_S%C3%BCptitz%2C_Jungtraktorist_%28cropped%29.jpg?utm_source=commons.wikimedia.org&utm_campaign=imageinfo&utm_content=thumbnail_unscaled
human-faces_647_File_Bundesarchiv_Bild_183_91077_0001_S_ptitz_Jung.jpg,Category:Human faces,"File:Bundesarchiv Bild 183-91077-0001, Süptitz, Jungtraktorist.jpg",Helmut Schaar,CC BY-SA 3.0 de,https://commons.wikimedia.org/wiki/File%3ABundesarchiv_Bild_183-91077-0001%2C_S%C3%BCptitz%2C_Jungtraktorist.jpg,https://upload.wikimedia.org/wikipedia/commons/9/9c/Bundesarchiv_Bild_183-91077-0001%2C_S%C3%BCptitz%2C_Jungtraktorist.jpg?utm_source=commons.wikimedia.org&utm_campaign=imageinfo&utm_content=thumbnail_unscaled
human-faces_648_File_Caesius_facial_composite.jpg,Category:Human faces,File:Caesius facial composite.jpg,Kencaesi (talk) (Uploads),Public domain,https://commons.wikimedia.org/wiki/File%3ACaesius_facial_composite.jpg,https://upload.wikimedia.org/wikipedia/commons/b/b1/Caesius_facial_composite.jpg?utm_source=commons.wikimedia.org&utm_campaign=imageinfo&utm_content=thumbnail_unscaled
human-faces_649_File_Chandigarh_North_India_398335069.jpg,Category:Human faces,File:Chandigarh (North India) (398335069).jpg,Steve Evans from Citizen of the World,CC BY 2.0,https://commons.wikimedia.org/wiki/File%3AChandigarh_%28North_India%29_%28398335069%29.jpg,https://upload.wikimedia.org/wikipedia/commons/9/9c/Chandigarh_%28North_India%29_%28398335069%29.jpg?utm_source=commons.wikimedia.org&utm_campaign=imageinfo&utm_content=thumbnail_unscaled
human-faces_650_File_Chase_Young_portrait.jpg,Category:Human faces,File:Chase Young portrait.jpg,All-Pro Reels,CC BY-SA 2.0,https://commons.wikimedia.org/wiki/File%3AChase_Young_portrait.jpg,https://thumb.wikimedia.org/wikipedia/commons/thumb/a/a6/Chase_Young_portrait.jpg/960px-Chase_Young_portrait.jpg?utm_source=commons.wikimedia.org&utm_campaign=imageinfo&utm_content=thumbnail
human-faces_651_File_Chief_Imagicity_176.jpg,Category:Human faces,File:Chief (Imagicity 176).jpg,Graham Crumb,CC BY-SA 3.0,https://commons.wikimedia.org/wiki/File%3AChief_%28Imagicity_176%29.jpg,https://thumb.wikimedia.org/wikipedia/commons/thumb/3/37/Chief_%28Imagicity_176%29.jpg/960px-Chief_%28Imagicity_176%29.jpg?utm_source=commons.wikimedia.org&utm_campaign=imageinfo&utm_content=thumbnail
human-faces_652_File_Chief_Imagicity_387.jpg,Category:Human faces,File:Chief (Imagicity 387).jpg,Graham Crumb,CC BY-SA 3.0,https://commons.wikimedia.org/wiki/File%3AChief_%28Imagicity_387%29.jpg,https://thumb.wikimedia.org/wikipedia/commons/thumb/1/15/Chief_%28Imagicity_387%29.jpg/960px-Chief_%28Imagicity_387%29.jpg?utm_source=commons.wikimedia.org&utm_campaign=imageinfo&utm_content=thumbnail
human-faces_653_File_Chief_Ieru_Imagicity_210.jpg,Category:Human faces,File:Chief Ieru (Imagicity 210).jpg,Graham Crumb,CC BY-SA 3.0,https://commons.wikimedia.org/wiki/File%3AChief_Ieru_%28Imagicity_210%29.jpg,https://thumb.wikimedia.org/wikipedia/commons/thumb/3/37/Chief_Ieru_%28Imagicity_210%29.jpg/960px-Chief_Ieru_%28Imagicity_210%29.jpg?utm_source=commons.wikimedia.org&utm_campaign=imageinfo&utm_content=thumbnail
human-faces_654_File_Child_3328.jpg,Category:Human faces,File:Child-3328.jpg,Loadmaster (David R. Tribble) This image was made by Loadmaster (David R. Tribble). Email the author: David R. Tribble Also see my personal gallery at Google Photos,CC BY-SA 3.0,https://commons.wikimedia.org/wiki/File%3AChild-3328.jpg,https://thumb.wikimedia.org/wikipedia/commons/thumb/a/a1/Child-3328.jpg/960px-Child-3328.jpg?utm_source=commons.wikimedia.org&utm_campaign=imageinfo&utm_content=thumbnail
human-faces_655_File_Child_9417.jpg,Category:Human faces,File:Child-9417.jpg,Loadmaster (David R. Tribble) This image was made by Loadmaster (David R. Tribble). Email the author: David R. Tribble Also see my personal gallery at Google Photos,CC BY-SA 3.0,https://commons.wikimedia.org/wiki/File%3AChild-9417.jpg,https://thumb.wikimedia.org/wikipedia/commons/thumb/f/fc/Child-9417.jpg/960px-Child-9417.jpg?utm_source=commons.wikimedia.org&utm_campaign=imageinfo&utm_content=thumbnail
human-faces_656_File_Child_9424.jpg,Category:Human faces,File:Child-9424.jpg,Loadmaster (David R. Tribble) This image was made by Loadmaster (David R. Tribble). Email the author: David R. Tribble Also see my personal gallery at Google Photos,CC BY-SA 3.0,https://commons.wikimedia.org/wiki/File%3AChild-9424.jpg,https://thumb.wikimedia.org/wikipedia/commons/thumb/1/11/Child-9424.jpg/960px-Child-9424.jpg?utm_source=commons.wikimedia.org&utm_campaign=imageinfo&utm_content=thumbnail
human-faces_657_File_Child_9685.jpg,Category:Human faces,File:Child-9685.jpg,Loadmaster (David R. Tribble) This image was made by Loadmaster (David R. Tribble). Email the author: David R. Tribble Also see my personal gallery at Google Photos,CC BY-SA 4.0,https://commons.wikimedia.org/wiki/File%3AChild-9685.jpg,https://thumb.wikimedia.org/wikipedia/commons/thumb/1/18/Child-9685.jpg/960px-Child-9685.jpg?utm_source=commons.wikimedia.org&utm_campaign=imageinfo&utm_content=thumbnail
human-faces_658_File_Children_at_the_Fence_8127701680.jpg,Category:Human faces,File:Children at the Fence (8127701680).jpg,"Alex Proimos from Sydney, Australia",CC BY 2.0,https://commons.wikimedia.org/wiki/File%3AChildren_at_the_Fence_%288127701680%29.jpg,https://thumb.wikimedia.org/wikipedia/commons/thumb/4/4e/Children_at_the_Fence_%288127701680%29.jpg/960px-Children_at_the_Fence_%288127701680%29.jpg?utm_source=commons.wikimedia.org&utm_campaign=imageinfo&utm_content=thumbnail
human-faces_659_File_Chinese_man_with_plaid_hat_and_pompoms.jpg,Category:Human faces,File:Chinese man with plaid hat and pompoms.jpg,Steve Evans from Citizen of the World,CC BY 2.0,https://commons.wikimedia.org/wiki/File%3AChinese_man_with_plaid_hat_and_pompoms.jpg,https://thumb.wikimedia.org/wikipedia/commons/thumb/b/b8/Chinese_man_with_plaid_hat_and_pompoms.jpg/960px-Chinese_man_with_plaid_hat_and_pompoms.jpg?utm_source=commons.wikimedia.org&utm_campaign=imageinfo&utm_content=thumbnail
human-faces_660_File_ChocFrontFace_african.jpg,Category:Human faces,File:ChocFrontFace african.jpg,ChocFrontFace.jpg: Loran Davis derivative work: ❨Ṩtruthious ℬandersnatch❩ (talk),CC BY 3.0,https://commons.wikimedia.org/wiki/File%3AChocFrontFace_african.jpg,https://upload.wikimedia.org/wikipedia/commons/2/29/ChocFrontFace_african.jpg?utm_source=commons.wikimedia.org&utm_campaign=imageinfo&utm_content=thumbnail_unscaled
human-faces_661_File_ChocFrontFace_aged.jpg,Category:Human faces,File:ChocFrontFace aged.jpg,ChocFrontFace.jpg: Loran Davis derivative work: ❨Ṩtruthious ℬandersnatch❩ (talk),CC BY 3.0,https://commons.wikimedia.org/wiki/File%3AChocFrontFace_aged.jpg,https://upload.wikimedia.org/wikipedia/commons/d/d6/ChocFrontFace_aged.jpg?utm_source=commons.wikimedia.org&utm_campaign=imageinfo&utm_content=thumbnail_unscaled
human-faces_662_File_ChocFrontFace_asian.jpg,Category:Human faces,File:ChocFrontFace asian.jpg,ChocFrontFace.jpg: Loran Davis derivative work: ❨Ṩtruthious ℬandersnatch❩ (talk),CC BY 3.0,https://commons.wikimedia.org/wiki/File%3AChocFrontFace_asian.jpg,https://upload.wikimedia.org/wikipedia/commons/f/f2/ChocFrontFace_asian.jpg?utm_source=commons.wikimedia.org&utm_campaign=imageinfo&utm_content=thumbnail_unscaled
human-faces_663_File_ChocFrontFace_female.jpg,Category:Human faces,File:ChocFrontFace female.jpg,ChocFrontFace.jpg: Loran Davis derivative work: ❨Ṩtruthious ℬandersnatch❩ (talk),CC BY 3.0,https://commons.wikimedia.org/wiki/File%3AChocFrontFace_female.jpg,https://upload.wikimedia.org/wikipedia/commons/d/d5/ChocFrontFace_female.jpg?utm_source=commons.wikimedia.org&utm_campaign=imageinfo&utm_content=thumbnail_unscaled
human-faces_664_File_ChocFrontFace_indian.jpg,Category:Human faces,File:ChocFrontFace indian.jpg,ChocFrontFace.jpg: Loran Davis derivative work: ❨Ṩtruthious ℬandersnatch❩ (talk),CC BY 3.0,https://commons.wikimedia.org/wiki/File%3AChocFrontFace_indian.jpg,https://upload.wikimedia.org/wikipedia/commons/f/f1/ChocFrontFace_indian.jpg?utm_source=commons.wikimedia.org&utm_campaign=imageinfo&utm_content=thumbnail_unscaled
human-faces_665_File_ChocFrontFace.jpg,Category:Human faces,File:ChocFrontFace.jpg,Loran Davis,CC BY 3.0,https://commons.wikimedia.org/wiki/File%3AChocFrontFace.jpg,https://upload.wikimedia.org/wikipedia/commons/5/52/ChocFrontFace.jpg?utm_source=commons.wikimedia.org&utm_campaign=imageinfo&utm_content=thumbnail_unscaled
human-faces_666_File_Colorado_River_Relocation_Center_Poston_Arizo.jpg,Category:Human faces,"File:Colorado River Relocation Center, Poston, Arizona. After the final plans have been made, boxes pack . . . - NARA - 539897.jpg",Hikaru Iwasaki,Public domain,https://commons.wikimedia.org/wiki/File%3AColorado_River_Relocation_Center%2C_Poston%2C_Arizona._After_the_final_plans_have_been_made%2C_boxes_pack_._._._-_NARA_-_539897.jpg,https://thumb.wikimedia.org/wikipedia/commons/thumb/5/5a/Colorado_River_Relocation_Center%2C_Poston%2C_Arizona._After_the_final_plans_have_been_made%2C_boxes_pack_._._._-_NARA_-_539897.jpg/960px-Colorado_River_Relocation_Center%2C_Poston%2C_Arizona._After_the_final_plans_have_been_made%2C_boxes_pack_._._._-_NARA_-_539897.jpg?utm_source=commons.wikimedia.org&utm_campaign=imageinfo&utm_content=thumbnail
human-faces_667_File_Congo_4578161441.jpg,Category:Human faces,File:Congo (4578161441).jpg,Steve Evans from Citizen of the World,CC BY 2.0,https://commons.wikimedia.org/wiki/File%3ACongo_%284578161441%29.jpg,https://thumb.wikimedia.org/wikipedia/commons/thumb/f/f8/Congo_%284578161441%29.jpg/960px-Congo_%284578161441%29.jpg?utm_source=commons.wikimedia.org&utm_campaign=imageinfo&utm_content=thumbnail
human-faces_668_File_Convoluci_n_de_un_filtro_Haar.jpg,Category:Human faces,File:Convolución de un filtro Haar.png,Davisclick,CC BY-SA 4.0,https://commons.wikimedia.org/wiki/File%3AConvoluci%C3%B3n_de_un_filtro_Haar.png,https://upload.wikimedia.org/wikipedia/commons/7/7d/Convoluci%C3%B3n_de_un_filtro_Haar.png?utm_source=commons.wikimedia.org&utm_campaign=imageinfo&utm_content=thumbnail_unscaled
human-faces_669_File_CPC_2008_2335908906.jpg,Category:Human faces,File:CPC 2008 (2335908906).jpg,"FaceMePLS from The Hague, The Netherlands",CC BY 2.0,https://commons.wikimedia.org/wiki/File%3ACPC_2008_%282335908906%29.jpg,https://thumb.wikimedia.org/wikipedia/commons/thumb/8/85/CPC_2008_%282335908906%29.jpg/960px-CPC_2008_%282335908906%29.jpg?utm_source=commons.wikimedia.org&utm_campaign=imageinfo&utm_content=thumbnail
human-faces_670_File_Cruelty_of_life.jpg,Category:Human faces,File:Cruelty of life.jpg,Ahmed Albarazanchi,CC BY-SA 4.0,https://commons.wikimedia.org/wiki/File%3ACruelty_of_life.jpg,https://thumb.wikimedia.org/wikipedia/commons/thumb/8/86/Cruelty_of_life.jpg/960px-Cruelty_of_life.jpg?utm_source=commons.wikimedia.org&utm_campaign=imageinfo&utm_content=thumbnail
human-faces_671_File_Cyclopia_synophthalmia.jpg,Category:Human faces,File:Cyclopia (synophthalmia).jpg,Ernst Ziegler,Public domain,https://commons.wikimedia.org/wiki/File%3ACyclopia_%28synophthalmia%29.jpg,https://upload.wikimedia.org/wikipedia/commons/e/eb/Cyclopia_%28synophthalmia%29.jpg?utm_source=commons.wikimedia.org&utm_campaign=imageinfo&utm_content=thumbnail_unscaled
human-faces_672_File_C_lculo_de_los_pesos_de_las_im_genes.jpg,Category:Human faces,File:Cálculo de los pesos de las imágenes.png,davisclick,CC BY-SA 4.0,https://commons.wikimedia.org/wiki/File%3AC%C3%A1lculo_de_los_pesos_de_las_im%C3%A1genes.png,https://upload.wikimedia.org/wikipedia/commons/5/5c/C%C3%A1lculo_de_los_pesos_de_las_im%C3%A1genes.png?utm_source=commons.wikimedia.org&utm_campaign=imageinfo&utm_content=thumbnail_unscaled
human-faces_673_File_De_politie_had_het_druk_met_de_vele_honderden.jpg,Category:Human faces,"File:De politie had het druk met de vele honderden belangstellenden, Bestanddeelnr 921-5795.jpg",Anefo,CC0,https://commons.wikimedia.org/wiki/File%3ADe_politie_had_het_druk_met_de_vele_honderden_belangstellenden%2C_Bestanddeelnr_921-5795.jpg,https://thumb.wikimedia.org/wikipedia/commons/thumb/e/e2/De_politie_had_het_druk_met_de_vele_honderden_belangstellenden%2C_Bestanddeelnr_921-5795.jpg/960px-De_politie_had_het_druk_met_de_vele_honderden_belangstellenden%2C_Bestanddeelnr_921-5795.jpg?utm_source=commons.wikimedia.org&utm_campaign=imageinfo&utm_content=thumbnail
human-faces_674_File_Demonstranten_met_kruisraketten_als_muts_op_h.jpg,Category:Human faces,"File:Demonstranten met kruisraketten als muts op het Malieveld, Bestanddeelnr 932-7499.jpg",Rob Bogaerts / Anefo,CC0,https://commons.wikimedia.org/wiki/File%3ADemonstranten_met_kruisraketten_als_muts_op_het_Malieveld%2C_Bestanddeelnr_932-7499.jpg,https://thumb.wikimedia.org/wikipedia/commons/thumb/1/1f/Demonstranten_met_kruisraketten_als_muts_op_het_Malieveld%2C_Bestanddeelnr_932-7499.jpg/960px-Demonstranten_met_kruisraketten_als_muts_op_het_Malieveld%2C_Bestanddeelnr_932-7499.jpg?utm_source=commons.wikimedia.org&utm_campaign=imageinfo&utm_content=thumbnail
human-faces_675_File_Didier_Jarlan_113_Visage.jpg,Category:Human faces,File:Didier Jarlan - 113 - Visage.jpg,,CC BY-SA 2.5,https://commons.wikimedia.org/wiki/File%3ADidier_Jarlan_-_113_-_Visage.jpg,https://upload.wikimedia.org/wikipedia/commons/f/ff/Didier_Jarlan_-_113_-_Visage.jpg?utm_source=commons.wikimedia.org&utm_campaign=imageinfo&utm_content=thumbnail_unscaled
human-faces_676_File_Duro_by_Ja.jpg,Category:Human faces,File:Duro by Ja.jpg,,CC BY-SA 2.5,https://commons.wikimedia.org/wiki/File%3ADuro_by_Ja.jpg,https://upload.wikimedia.org/wikipedia/commons/9/9e/Duro_by_Ja.jpg?utm_source=commons.wikimedia.org&utm_campaign=imageinfo&utm_content=thumbnail_unscaled
human-faces_677_File_El_cambio_de_pose_en_una_imagen_de_la_cara_pr.jpg,Category:Human faces,File:El cambio de pose en una imagen de la cara produce que un sistema de reconocimiento facial no tenga éxito.png,Davisclick,CC BY-SA 4.0,https://commons.wikimedia.org/wiki/File%3AEl_cambio_de_pose_en_una_imagen_de_la_cara_produce_que_un_sistema_de_reconocimiento_facial_no_tenga_%C3%A9xito.png,https://upload.wikimedia.org/wikipedia/commons/6/6f/El_cambio_de_pose_en_una_imagen_de_la_cara_produce_que_un_sistema_de_reconocimiento_facial_no_tenga_%C3%A9xito.png?utm_source=commons.wikimedia.org&utm_campaign=imageinfo&utm_content=thumbnail_unscaled
