filename,category,title,author,license,source_page,file_url
laughing_550_File_02022013_In_s_et_Tony_8440042485.jpg,Category:Laughing,File:02022013 - Inès et Tony (8440042485).jpg,"WiLPrZ from Rabat, Maroc",CC BY-SA 2.0,https://commons.wikimedia.org/wiki/File%3A02022013_-_In%C3%A8s_et_Tony_%288440042485%29.jpg,https://thumb.wikimedia.org/wikipedia/commons/thumb/6/64/02022013_-_In%C3%A8s_et_Tony_%288440042485%29.jpg/960px-02022013_-_In%C3%A8s_et_Tony_%288440042485%29.jpg?utm_source=commons.wikimedia.org&utm_campaign=imageinfo&utm_content=thumbnail
laughing_532_File_16032023_7R404899_CHU_Rennes_Janssen.jpg,Category:Laughing,File:16032023-7R404899 CHU Rennes Janssen.jpg,Malo johannot,CC BY-SA 4.0,https://commons.wikimedia.org/wiki/File%3A16032023-7R404899_CHU_Rennes_Janssen.jpg,https://thumb.wikimedia.org/wikipedia/commons/thumb/a/ae/16032023-7R404899_CHU_Rennes_Janssen.jpg/960px-16032023-7R404899_CHU_Rennes_Janssen.jpg?utm_source=commons.wikimedia.org&utm_campaign=imageinfo&utm_content=thumbnail
laughing_483_File_190623_A_NV384_0248_48124774068.jpg,Category:Laughing,File:190623-A-NV384-0248 (48124774068).jpg,"US Army Africa from Vicenza, Italy",Public domain,https://commons.wikimedia.org/wiki/File%3A190623-A-NV384-0248_%2848124774068%29.jpg,https://thumb.wikimedia.org/wikipedia/commons/thumb/5/55/190623-A-NV384-0248_%2848124774068%29.jpg/960px-190623-A-NV384-0248_%2848124774068%29.jpg?utm_source=commons.wikimedia.org&utm_campaign=imageinfo&utm_content=thumbnail
laughing_573_File_1981_People_Pix.jpg,Category:Laughing,File:1981 People Pix.jpg,The original uploader was Mombas at English Wikipedia.,CC BY 2.5,https://commons.wikimedia.org/wiki/File%3A1981_People_Pix.jpg,https://upload.wikimedia.org/wikipedia/commons/3/3a/1981_People_Pix.jpg?utm_source=commons.wikimedia.org&utm_campaign=imageinfo&utm_content=thumbnail_unscaled
laughing_665_File_1st_Top_Shooter_MC3_Siobana_McEwen_USN_2_1450.jpg,Category:Laughing,"File:1st - Top Shooter - MC3 Siobana McEwen, USN (2) (14506493515).jpg",U.S. Department of Defense Current Photos,Public domain,https://commons.wikimedia.org/wiki/File%3A1st_-_Top_Shooter_-_MC3_Siobana_McEwen%2C_USN_%282%29_%2814506493515%29.jpg,https://thumb.wikimedia.org/wikipedia/commons/thumb/7/71/1st_-_Top_Shooter_-_MC3_Siobana_McEwen%2C_USN_%282%29_%2814506493515%29.jpg/960px-1st_-_Top_Shooter_-_MC3_Siobana_McEwen%2C_USN_%282%29_%2814506493515%29.jpg?utm_source=commons.wikimedia.org&utm_campaign=imageinfo&utm_content=thumbnail
laughing_830_File_2016_366_55_Doubled_Over_24613378874.jpg,Category:Laughing,File:2016 366 55 Doubled Over (24613378874).jpg,Edna Winti,CC BY 2.0,https://commons.wikimedia.org/wiki/File%3A2016_366_55_Doubled_Over_%2824613378874%29.jpg,https://thumb.wikimedia.org/wikipedia/commons/thumb/d/df/2016_366_55_Doubled_Over_%2824613378874%29.jpg/960px-2016_366_55_Doubled_Over_%2824613378874%29.jpg?utm_source=commons.wikimedia.org&utm_campaign=imageinfo&utm_content=thumbnail
laughing_710_File_2023_Night_Summit_P_tio_da_Gal_SAM_3627_2_533.jpg,Category:Laughing,File:2023 - Night Summit @ Pátio da Galé SAM 3627 (2) (53333815375).jpg,Web Summit,CC BY 2.0,https://commons.wikimedia.org/wiki/File%3A2023_-_Night_Summit_%40_P%C3%A1tio_da_Gal%C3%A9_SAM_3627_%282%29_%2853333815375%29.jpg,https://thumb.wikimedia.org/wikipedia/commons/thumb/5/5f/2023_-_Night_Summit_%40_P%C3%A1tio_da_Gal%C3%A9_SAM_3627_%282%29_%2853333815375%29.jpg/960px-2023_-_Night_Summit_%40_P%C3%A1tio_da_Gal%C3%A9_SAM_3627_%282%29_%2853333815375%29.jpg?utm_source=commons.wikimedia.org&utm_campaign=imageinfo&utm_content=thumbnail
laughing_296_File_A_man_with_a_tattooed_arm_holds_a_mug_and_lau.jpg,Category:Laughing,File:A man with a tattooed arm holds a mug and laughs joyfully while sitting in a cozy van.jpg,Shixart1985,CC BY 2.0,https://commons.wikimedia.org/wiki/File%3AA_man_with_a_tattooed_arm_holds_a_mug_and_laughs_joyfully_while_sitting_in_a_cozy_van.jpg,https://thumb.wikimedia.org/wikipedia/commons/thumb/e/e0/A_man_with_a_tattooed_arm_holds_a_mug_and_laughs_joyfully_while_sitting_in_a_cozy_van.jpg/960px-A_man_with_a_tattooed_arm_holds_a_mug_and_laughs_joyfully_while_sitting_in_a_cozy_van.jpg?utm_source=commons.wikimedia.org&utm_campaign=imageinfo&utm_content=thumbnail
laughing_093_File_Ado_riant.jpg,Category:Laughing,File:Ado riant.jpg,Bpierreb,CC BY-SA 3.0,https://commons.wikimedia.org/wiki/File%3AAdo_riant.jpg,https://upload.wikimedia.org/wikipedia/commons/d/d4/Ado_riant.jpg?utm_source=commons.wikimedia.org&utm_campaign=imageinfo&utm_content=thumbnail_unscaled
laughing_078_File_Ado_rieur.jpg,Category:Laughing,File:Ado rieur.jpg,Bachelot Pierre J-P,CC BY-SA 4.0,https://commons.wikimedia.org/wiki/File%3AAdo_rieur.jpg,https://thumb.wikimedia.org/wikipedia/commons/thumb/a/aa/Ado_rieur.jpg/960px-Ado_rieur.jpg?utm_source=commons.wikimedia.org&utm_campaign=imageinfo&utm_content=thumbnail
laughing_058_File_Alegria_femenina.jpg,Category:Laughing,File:Alegria femenina.jpg,Eloy Rodriguez Luis,CC BY-SA 4.0,https://commons.wikimedia.org/wiki/File%3AAlegria_femenina.jpg,https://thumb.wikimedia.org/wikipedia/commons/thumb/3/3a/Alegria_femenina.jpg/960px-Alegria_femenina.jpg?utm_source=commons.wikimedia.org&utm_campaign=imageinfo&utm_content=thumbnail
laughing_767_File_Amahamba_ya_gatatu.jpg,Category:Laughing,File:Amahamba ya gatatu.jpg,Mubyaro,CC BY-SA 4.0,https://commons.wikimedia.org/wiki/File%3AAmahamba_ya_gatatu.jpg,https://upload.wikimedia.org/wikipedia/commons/4/4f/Amahamba_ya_gatatu.jpg?utm_source=commons.wikimedia.org&utm_campaign=imageinfo&utm_content=thumbnail_unscaled
laughing_757_File_Anass_making_wikimedians_laugh.jpg,Category:Laughing,File:Anass making wikimedians laugh.jpg,Uzoma Ozurumba,CC BY-SA 4.0,https://commons.wikimedia.org/wiki/File%3AAnass_making_wikimedians_laugh.jpg,https://thumb.wikimedia.org/wikipedia/commons/thumb/d/d5/Anass_making_wikimedians_laugh.jpg/960px-Anass_making_wikimedians_laugh.jpg?utm_source=commons.wikimedia.org&utm_campaign=imageinfo&utm_content=thumbnail
laughing_284_File_Anna_Korn_Erik_Ridderstedt_1965.jpg,Category:Laughing,File:Anna Korn & Erik Ridderstedt 1965.jpg,"Family assistant, Demitz files acquired by FamSAC",Public domain,https://commons.wikimedia.org/wiki/File%3AAnna_Korn_%26_Erik_Ridderstedt_1965.jpg,https://thumb.wikimedia.org/wikipedia/commons/thumb/f/f6/Anna_Korn_%26_Erik_Ridderstedt_1965.jpg/960px-Anna_Korn_%26_Erik_Ridderstedt_1965.jpg?utm_source=commons.wikimedia.org&utm_campaign=imageinfo&utm_content=thumbnail
laughing_507_File_Audace_Laugh_217857580.jpg,Category:Laughing,File:Audace Laugh (217857580).jpg,"Brian Kelley from Auggen, Germany",CC BY-SA 2.0,https://commons.wikimedia.org/wiki/File%3AAudace_Laugh_%28217857580%29.jpg,https://thumb.wikimedia.org/wikipedia/commons/thumb/4/4d/Audace_Laugh_%28217857580%29.jpg/960px-Audace_Laugh_%28217857580%29.jpg?utm_source=commons.wikimedia.org&utm_campaign=imageinfo&utm_content=thumbnail
laughing_085_File_Ayra_Starr_during_a_radio_interview_at_Ultima.jpg,Category:Laughing,"File:Ayra Starr during a radio interview at Ultima Studios in Lekki, Lagos, Nigeria.jpg",Ultima Studios Nigeria,CC BY 3.0,https://commons.wikimedia.org/wiki/File%3AAyra_Starr_during_a_radio_interview_at_Ultima_Studios_in_Lekki%2C_Lagos%2C_Nigeria.jpg,https://thumb.wikimedia.org/wikipedia/commons/thumb/e/e2/Ayra_Starr_during_a_radio_interview_at_Ultima_Studios_in_Lekki%2C_Lagos%2C_Nigeria.jpg/960px-Ayra_Starr_during_a_radio_interview_at_Ultima_Studios_in_Lekki%2C_Lagos%2C_Nigeria.jpg?utm_source=commons.wikimedia.org&utm_campaign=imageinfo&utm_content=thumbnail
laughing_424_File_Beauties_present_Vice_President_Garner_with_b.jpg,Category:Laughing,"File:Beauties present Vice President Garner with baskets of fruit to inaugurate Citrus Week. Washington, D.C., Jan. 23. National Citrus Week got off to a good start today when beauties from the LCCN2016874876.jpg","Harris &amp; Ewing, photographer",Public domain,https://commons.wikimedia.org/wiki/File%3ABeauties_present_Vice_President_Garner_with_baskets_of_fruit_to_inaugurate_Citrus_Week._Washington%2C_D.C.%2C_Jan._23._National_Citrus_Week_got_off_to_a_good_start_today_when_beauties_from_the_LCCN2016874876.jpg,https://thumb.wikimedia.org/wikipedia/commons/thumb/5/5f/Beauties_present_Vice_President_Garner_with_baskets_of_fruit_to_inaugurate_Citrus_Week._Washington%2C_D.C.%2C_Jan._23._National_Citrus_Week_got_off_to_a_good_start_today_when_beauties_from_the_LCCN2016874876.jpg/960px-thumbnail.jpg?utm_source=commons.wikimedia.org&utm_campaign=imageinfo&utm_content=thumbnail
laughing_231_File_Best_Festive_Friends_39110082401.jpg,Category:Laughing,File:Best Festive Friends (39110082401).jpg,Phil Dolby,CC BY 2.0,https://commons.wikimedia.org/wiki/File%3ABest_Festive_Friends_%2839110082401%29.jpg,https://thumb.wikimedia.org/wikipedia/commons/thumb/f/f2/Best_Festive_Friends_%2839110082401%29.jpg/960px-Best_Festive_Friends_%2839110082401%29.jpg?utm_source=commons.wikimedia.org&utm_campaign=imageinfo&utm_content=thumbnail
laughing_887_File_Bj_rnOlav2022_02.jpg,Category:Laughing,File:BjørnOlav2022-02.jpg,Mar hov75,CC BY-SA 4.0,https://commons.wikimedia.org/wiki/File%3ABj%C3%B8rnOlav2022-02.jpg,https://thumb.wikimedia.org/wikipedia/commons/thumb/7/7f/Bj%C3%B8rnOlav2022-02.jpg/960px-Bj%C3%B8rnOlav2022-02.jpg?utm_source=commons.wikimedia.org&utm_campaign=imageinfo&utm_content=thumbnail
laughing_174_File_Bristol_MMB_Z2_Cumberland_Road.jpg,Category:Laughing,File:Bristol MMB «Z2 Cumberland Road.jpg,mattbuck (category),CC BY-SA 4.0,https://commons.wikimedia.org/wiki/File%3ABristol_MMB_%C2%ABZ2_Cumberland_Road.jpg,https://thumb.wikimedia.org/wikipedia/commons/thumb/9/92/Bristol_MMB_%C2%ABZ2_Cumberland_Road.jpg/960px-Bristol_MMB_%C2%ABZ2_Cumberland_Road.jpg?utm_source=commons.wikimedia.org&utm_campaign=imageinfo&utm_content=thumbnail
laughing_449_File_Bundesarchiv_Bild_183_72718_0001_Mit_dem_Tite.jpg,Category:Laughing,"File:Bundesarchiv Bild 183-72718-0001, Mit dem Titel ""Brigade der sozialistischen Arbeit"" ausgezeichnet"".jpg",Erich Zühlsdorf,CC BY-SA 3.0 de,https://commons.wikimedia.org/wiki/File%3ABundesarchiv_Bild_183-72718-0001%2C_Mit_dem_Titel_%22Brigade_der_sozialistischen_Arbeit%22_ausgezeichnet%22.jpg,https://upload.wikimedia.org/wikipedia/commons/b/b4/Bundesarchiv_Bild_183-72718-0001%2C_Mit_dem_Titel_%22Brigade_der_sozialistischen_Arbeit%22_ausgezeichnet%22.jpg?utm_source=commons.wikimedia.org&utm_campaign=imageinfo&utm_content=thumbnail_unscaled
laughing_511_File_Bundesarchiv_Bild_183_S97873_R_gen_Binz_Er_ff.jpg,Category:Laughing,"File:Bundesarchiv Bild 183-S97873, Rügen, Binz, Eröffnung der Badesaison.jpg",Helmut Rudolph,CC BY-SA 3.0 de,https://commons.wikimedia.org/wiki/File%3ABundesarchiv_Bild_183-S97873%2C_R%C3%BCgen%2C_Binz%2C_Er%C3%B6ffnung_der_Badesaison.jpg,https://upload.wikimedia.org/wikipedia/commons/2/21/Bundesarchiv_Bild_183-S97873%2C_R%C3%BCgen%2C_Binz%2C_Er%C3%B6ffnung_der_Badesaison.jpg?utm_source=commons.wikimedia.org&utm_campaign=imageinfo&utm_content=thumbnail_unscaled
laughing_687_File_Comedy_Photo_W.jpg,Category:Laughing,File:Comedy Photo W.jpg,Josephantonacci,CC BY-SA 4.0,https://commons.wikimedia.org/wiki/File%3AComedy_Photo_W.jpg,https://thumb.wikimedia.org/wikipedia/commons/thumb/d/d3/Comedy_Photo_W.jpg/960px-Comedy_Photo_W.jpg?utm_source=commons.wikimedia.org&utm_campaign=imageinfo&utm_content=thumbnail
laughing_356_File_Comte_de_Bouderbala_2012_e.jpg,Category:Laughing,File:Comte de Bouderbala 2012 e.jpg,Siren-Com,CC BY-SA 3.0,https://commons.wikimedia.org/wiki/File%3AComte_de_Bouderbala_2012_e.jpg,https://thumb.wikimedia.org/wikipedia/commons/thumb/5/5b/Comte_de_Bouderbala_2012_e.jpg/960px-Comte_de_Bouderbala_2012_e.jpg?utm_source=commons.wikimedia.org&utm_campaign=imageinfo&utm_content=thumbnail
laughing_710_File_Ethiopian_monkey_searching_for_lice_in_a_lady.jpg,Category:Laughing,File:Ethiopian monkey searching for lice in a lady's hair. (38604339496).jpg,"Ralf Steinberger from Milan, Berlin + Munich, Italy + Germany",CC BY 2.0,https://commons.wikimedia.org/wiki/File%3AEthiopian_monkey_searching_for_lice_in_a_lady%27s_hair._%2838604339496%29.jpg,https://thumb.wikimedia.org/wikipedia/commons/thumb/8/82/Ethiopian_monkey_searching_for_lice_in_a_lady%27s_hair._%2838604339496%29.jpg/960px-Ethiopian_monkey_searching_for_lice_in_a_lady%27s_hair._%2838604339496%29.jpg?utm_source=commons.wikimedia.org&utm_campaign=imageinfo&utm_content=thumbnail
laughing_519_File_Expression_of_the_Emotions_Plate_III.jpg,Category:Laughing,File:Expression of the Emotions Plate III.png,Oscar Gustave Rejlander,Public domain,https://commons.wikimedia.org/wiki/File%3AExpression_of_the_Emotions_Plate_III.png,https://thumb.wikimedia.org/wikipedia/commons/thumb/0/04/Expression_of_the_Emotions_Plate_III.png/960px-Expression_of_the_Emotions_Plate_III.png?utm_source=commons.wikimedia.org&utm_campaign=imageinfo&utm_content=thumbnail
laughing_608_File_Portrait_drinking_Fortepan_1697.jpg,Category:Laughing,"File:Portrait, drinking Fortepan 1697.jpg",FOTO:Fortepan — ID 1697: Adományozó/Donor: Fortepan.,CC BY-SA 3.0,https://commons.wikimedia.org/wiki/File%3APortrait%2C_drinking_Fortepan_1697.jpg,https://thumb.wikimedia.org/wikipedia/commons/thumb/6/62/Portrait%2C_drinking_Fortepan_1697.jpg/960px-Portrait%2C_drinking_Fortepan_1697.jpg?utm_source=commons.wikimedia.org&utm_campaign=imageinfo&utm_content=thumbnail
laughing_621_File_Portrait_Fortepan_5218.jpg,Category:Laughing,File:Portrait Fortepan 5218.jpg,FOTO:Fortepan — ID 5218: Adományozó/Donor: Kurutz Márton.,CC BY-SA 3.0,https://commons.wikimedia.org/wiki/File%3APortrait_Fortepan_5218.jpg,https://thumb.wikimedia.org/wikipedia/commons/thumb/2/2b/Portrait_Fortepan_5218.jpg/960px-Portrait_Fortepan_5218.jpg?utm_source=commons.wikimedia.org&utm_campaign=imageinfo&utm_content=thumbnail
laughing_143_File_Fotothek_df_roe_neg_0006281_018_Blick_auf_die.jpg,Category:Laughing,File:Fotothek df roe-neg 0006281 018 Blick auf die Zuschauer eines Laientheaters auf.jpg,Roger Rössing / Renate Rössing,CC BY-SA 3.0 de,https://commons.wikimedia.org/wiki/File%3AFotothek_df_roe-neg_0006281_018_Blick_auf_die_Zuschauer_eines_Laientheaters_auf.jpg,https://upload.wikimedia.org/wikipedia/commons/e/e0/Fotothek_df_roe-neg_0006281_018_Blick_auf_die_Zuschauer_eines_Laientheaters_auf.jpg?utm_source=commons.wikimedia.org&utm_campaign=imageinfo&utm_content=thumbnail_unscaled
laughing_604_File_Fotothek_df_roe_neg_0006311_002_Zuschauer.jpg,Category:Laughing,File:Fotothek df roe-neg 0006311 002 Zuschauer.jpg,Roger Rössing / Renate Rössing,CC BY-SA 3.0 de,https://commons.wikimedia.org/wiki/File%3AFotothek_df_roe-neg_0006311_002_Zuschauer.jpg,https://upload.wikimedia.org/wikipedia/commons/9/93/Fotothek_df_roe-neg_0006311_002_Zuschauer.jpg?utm_source=commons.wikimedia.org&utm_campaign=imageinfo&utm_content=thumbnail_unscaled
laughing_021_File_Fotothek_df_roe_neg_0006311_024_Zuschauer_ein.jpg,Category:Laughing,File:Fotothek df roe-neg 0006311 024 Zuschauer einer Kulturveranstaltung.jpg,Roger Rössing / Renate Rössing,CC BY-SA 3.0 de,https://commons.wikimedia.org/wiki/File%3AFotothek_df_roe-neg_0006311_024_Zuschauer_einer_Kulturveranstaltung.jpg,https://upload.wikimedia.org/wikipedia/commons/a/a0/Fotothek_df_roe-neg_0006311_024_Zuschauer_einer_Kulturveranstaltung.jpg?utm_source=commons.wikimedia.org&utm_campaign=imageinfo&utm_content=thumbnail_unscaled
laughing_843_File_Fotothek_df_roe_neg_0006406_016_Lachendes_Pub.jpg,Category:Laughing,File:Fotothek df roe-neg 0006406 016 Lachendes Publikum.jpg,Roger Rössing / Renate Rössing,CC BY-SA 3.0 de,https://commons.wikimedia.org/wiki/File%3AFotothek_df_roe-neg_0006406_016_Lachendes_Publikum.jpg,https://upload.wikimedia.org/wikipedia/commons/d/de/Fotothek_df_roe-neg_0006406_016_Lachendes_Publikum.jpg?utm_source=commons.wikimedia.org&utm_campaign=imageinfo&utm_content=thumbnail_unscaled
laughing_685_File_Fotothek_df_roe_neg_0006406_018_Lachendes_Pub.jpg,Category:Laughing,File:Fotothek df roe-neg 0006406 018 Lachendes Publikum.jpg,Roger Rössing / Renate Rössing,CC BY-SA 3.0 de,https://commons.wikimedia.org/wiki/File%3AFotothek_df_roe-neg_0006406_018_Lachendes_Publikum.jpg,https://upload.wikimedia.org/wikipedia/commons/2/28/Fotothek_df_roe-neg_0006406_018_Lachendes_Publikum.jpg?utm_source=commons.wikimedia.org&utm_campaign=imageinfo&utm_content=thumbnail_unscaled
laughing_912_File_Fotothek_df_roe_neg_0006547_011_Lachendes_Pub.jpg,Category:Laughing,File:Fotothek df roe-neg 0006547 011 Lachendes Publikum.jpg,Roger Rössing / Renate Rössing,CC BY-SA 3.0 de,https://commons.wikimedia.org/wiki/File%3AFotothek_df_roe-neg_0006547_011_Lachendes_Publikum.jpg,https://upload.wikimedia.org/wikipedia/commons/5/58/Fotothek_df_roe-neg_0006547_011_Lachendes_Publikum.jpg?utm_source=commons.wikimedia.org&utm_campaign=imageinfo&utm_content=thumbnail_unscaled
laughing_784_File_Fotothek_df_roe_neg_0006547_012_Lachendes_Pub.jpg,Category:Laughing,File:Fotothek df roe-neg 0006547 012 Lachendes Publikum.jpg,Roger Rössing / Renate Rössing,CC BY-SA 3.0 de,https://commons.wikimedia.org/wiki/File%3AFotothek_df_roe-neg_0006547_012_Lachendes_Publikum.jpg,https://upload.wikimedia.org/wikipedia/commons/a/a1/Fotothek_df_roe-neg_0006547_012_Lachendes_Publikum.jpg?utm_source=commons.wikimedia.org&utm_campaign=imageinfo&utm_content=thumbnail_unscaled
laughing_271_File_Funlovers_Ifati_Madagascar_22812677711.jpg,Category:Laughing,"File:Funlovers, Ifati, Madagascar (22812677711).jpg",Rod Waddington,CC BY-SA 2.0,https://commons.wikimedia.org/wiki/File%3AFunlovers%2C_Ifati%2C_Madagascar_%2822812677711%29.jpg,https://thumb.wikimedia.org/wikipedia/commons/thumb/5/53/Funlovers%2C_Ifati%2C_Madagascar_%2822812677711%29.jpg/960px-Funlovers%2C_Ifati%2C_Madagascar_%2822812677711%29.jpg?utm_source=commons.wikimedia.org&utm_campaign=imageinfo&utm_content=thumbnail
laughing_318_File_Futenma_Ginowan_sign_first_responder_pact_120.jpg,Category:Laughing,"File:Futenma, Ginowan sign first-responder pact 120823-M-IM838-229.jpg",Photo by Lance Cpl. Mike Granahan,Public domain,https://commons.wikimedia.org/wiki/File%3AFutenma%2C_Ginowan_sign_first-responder_pact_120823-M-IM838-229.jpg,https://thumb.wikimedia.org/wikipedia/commons/thumb/a/aa/Futenma%2C_Ginowan_sign_first-responder_pact_120823-M-IM838-229.jpg/960px-Futenma%2C_Ginowan_sign_first-responder_pact_120823-M-IM838-229.jpg?utm_source=commons.wikimedia.org&utm_campaign=imageinfo&utm_content=thumbnail
laughing_588_File_Geb_uderutsche_Aussichtsturm_Pyramidenkogel_0.jpg,Category:Laughing,File:Gebäuderutsche Aussichtsturm Pyramidenkogel 02.jpg,Iswoar,CC BY-SA 4.0,https://commons.wikimedia.org/wiki/File%3AGeb%C3%A4uderutsche_Aussichtsturm_Pyramidenkogel_02.jpg,https://thumb.wikimedia.org/wikipedia/commons/thumb/1/1c/Geb%C3%A4uderutsche_Aussichtsturm_Pyramidenkogel_02.jpg/960px-Geb%C3%A4uderutsche_Aussichtsturm_Pyramidenkogel_02.jpg?utm_source=commons.wikimedia.org&utm_campaign=imageinfo&utm_content=thumbnail
laughing_084_File_Group_hug_someon_laughing_Beyo_lu_7May23.jpg,Category:Laughing,"File:Group hug+someon laughing, Beyoğlu 7May23.jpg",Mariam elr,CC BY-SA 4.0,https://commons.wikimedia.org/wiki/File%3AGroup_hug%2Bsomeon_laughing%2C_Beyo%C4%9Flu_7May23.jpg,https://thumb.wikimedia.org/wikipedia/commons/thumb/8/82/Group_hug%2Bsomeon_laughing%2C_Beyo%C4%9Flu_7May23.jpg/960px-Group_hug%2Bsomeon_laughing%2C_Beyo%C4%9Flu_7May23.jpg?utm_source=commons.wikimedia.org&utm_campaign=imageinfo&utm_content=thumbnail
laughing_557_File_Gr_ne_Landtagswahlparty_2012_mit_Spitzenkandi.jpg,Category:Laughing,File:Grüne Landtagswahlparty 2012 mit Spitzenkandidatin Sylvia Löhrmann und Cem Özdemir (4).jpg,Bündnis 90/Die Grünen Nordrhein-Westfalen,CC BY-SA 2.0,https://commons.wikimedia.org/wiki/File%3AGr%C3%BCne_Landtagswahlparty_2012_mit_Spitzenkandidatin_Sylvia_L%C3%B6hrmann_und_Cem_%C3%96zdemir_%284%29.jpg,https://thumb.wikimedia.org/wikipedia/commons/thumb/8/82/Gr%C3%BCne_Landtagswahlparty_2012_mit_Spitzenkandidatin_Sylvia_L%C3%B6hrmann_und_Cem_%C3%96zdemir_%284%29.jpg/960px-Gr%C3%BCne_Landtagswahlparty_2012_mit_Spitzenkandidatin_Sylvia_L%C3%B6hrmann_und_Cem_%C3%96zdemir_%284%29.jpg?utm_source=commons.wikimedia.org&utm_campaign=imageinfo&utm_content=thumbnail
laughing_249_File_Gunnebo_Fr_n_Parken_till_Vegas_2013_12_15_003.jpg,Category:Laughing,File:Gunnebo - Från Parken till Vegas 2013-12-15 003.tiff,Lina Ikse,CC BY 3.0,https://commons.wikimedia.org/wiki/File%3AGunnebo_-_Fr%C3%A5n_Parken_till_Vegas_2013-12-15_003.tiff,https://thumb.wikimedia.org/wikipedia/commons/thumb/c/cc/Gunnebo_-_Fr%C3%A5n_Parken_till_Vegas_2013-12-15_003.tiff/lossy-page1-960px-Gunnebo_-_Fr%C3%A5n_Parken_till_Vegas_2013-12-15_003.tiff.jpg?utm_source=commons.wikimedia.org&utm_campaign=imageinfo&utm_content=thumbnail
laughing_557_File_G_rten_der_Welt_Berlin_Marzahn_030.jpg,Category:Laughing,"File:Gärten der Welt, Berlin-Marzahn 030.jpg",Gryffindor,Public domain,https://commons.wikimedia.org/wiki/File%3AG%C3%A4rten_der_Welt%2C_Berlin-Marzahn_030.jpg,https://thumb.wikimedia.org/wikipedia/commons/thumb/e/ea/G%C3%A4rten_der_Welt%2C_Berlin-Marzahn_030.jpg/960px-G%C3%A4rten_der_Welt%2C_Berlin-Marzahn_030.jpg?utm_source=commons.wikimedia.org&utm_campaign=imageinfo&utm_content=thumbnail
laughing_946_File_Holy_talk.jpg,Category:Laughing,File:Holy talk.jpg,Nitin goje 1,CC BY-SA 4.0,https://commons.wikimedia.org/wiki/File%3AHoly_talk.jpg,https://thumb.wikimedia.org/wikipedia/commons/thumb/7/73/Holy_talk.jpg/960px-Holy_talk.jpg?utm_source=commons.wikimedia.org&utm_campaign=imageinfo&utm_content=thumbnail
laughing_252_File_I_am_HAPPY.jpg,Category:Laughing,File:I am HAPPY!.jpg,Mousumi 0694,CC BY-SA 4.0,https://commons.wikimedia.org/wiki/File%3AI_am_HAPPY%21.jpg,https://thumb.wikimedia.org/wikipedia/commons/thumb/f/f8/I_am_HAPPY%21.jpg/960px-I_am_HAPPY%21.jpg?utm_source=commons.wikimedia.org&utm_campaign=imageinfo&utm_content=thumbnail
laughing_520_File_ISS_65_Astronauts_share_a_light_moment.jpg,Category:Laughing,File:ISS-65 Astronauts share a light moment.jpg,NASA,Public domain,https://commons.wikimedia.org/wiki/File%3AISS-65_Astronauts_share_a_light_moment.jpg,https://thumb.wikimedia.org/wikipedia/commons/thumb/7/7b/ISS-65_Astronauts_share_a_light_moment.jpg/960px-ISS-65_Astronauts_share_a_light_moment.jpg?utm_source=commons.wikimedia.org&utm_campaign=imageinfo&utm_content=thumbnail
laughing_387_File_Journey_to_Midway_Island_5561494431.jpg,Category:Laughing,File:Journey to Midway Island (5561494431).jpg,"kris krüg from Vancouver, Canada",CC BY-SA 2.0,https://commons.wikimedia.org/wiki/File%3AJourney_to_Midway_Island_%285561494431%29.jpg,https://thumb.wikimedia.org/wikipedia/commons/thumb/0/0e/Journey_to_Midway_Island_%285561494431%29.jpg/960px-Journey_to_Midway_Island_%285561494431%29.jpg?utm_source=commons.wikimedia.org&utm_campaign=imageinfo&utm_content=thumbnail
laughing_318_File_Kesan_dan_Pesan_dari_Peserta_Kompetisi_Pijar.jpg,Category:Laughing,File:Kesan dan Pesan dari Peserta Kompetisi Pijar Teologi 2011.jpg,55hans,CC BY-SA 3.0,https://commons.wikimedia.org/wiki/File%3AKesan_dan_Pesan_dari_Peserta_Kompetisi_Pijar_Teologi_2011.jpg,https://upload.wikimedia.org/wikipedia/commons/7/70/Kesan_dan_Pesan_dari_Peserta_Kompetisi_Pijar_Teologi_2011.jpg?utm_source=commons.wikimedia.org&utm_campaign=imageinfo&utm_content=thumbnail_unscaled
laughing_068_File_KOAKMG06HighhatLaugh.jpg,Category:Laughing,File:KOAKMG06HighhatLaugh.jpg,Infrogmation,CC BY 2.5,https://commons.wikimedia.org/wiki/File%3AKOAKMG06HighhatLaugh.jpg,https://thumb.wikimedia.org/wikipedia/commons/thumb/4/41/KOAKMG06HighhatLaugh.jpg/960px-KOAKMG06HighhatLaugh.jpg?utm_source=commons.wikimedia.org&utm_campaign=imageinfo&utm_content=thumbnail
laughing_923_File_KOCIS_Korea_President_Park_France_Korea_Drama.jpg,Category:Laughing,File:KOCIS Korea President Park France Korea DramaParty 08 (10793130576).jpg,Korea.net / Korean Culture and Information Service (Jeon Han),CC BY-SA 2.0,https://commons.wikimedia.org/wiki/File%3AKOCIS_Korea_President_Park_France_Korea_DramaParty_08_%2810793130576%29.jpg,https://thumb.wikimedia.org/wikipedia/commons/thumb/0/04/KOCIS_Korea_President_Park_France_Korea_DramaParty_08_%2810793130576%29.jpg/960px-KOCIS_Korea_President_Park_France_Korea_DramaParty_08_%2810793130576%29.jpg?utm_source=commons.wikimedia.org&utm_campaign=imageinfo&utm_content=thumbnail
laughing_974_File_Koningsdag_Graft_De_Rijp_20140426.jpg,Category:Laughing,File:Koningsdag Graft-De Rijp 20140426.jpg,Erikt,CC BY-SA 3.0,https://commons.wikimedia.org/wiki/File%3AKoningsdag_Graft-De_Rijp_20140426.jpg,https://thumb.wikimedia.org/wikipedia/commons/thumb/f/fa/Koningsdag_Graft-De_Rijp_20140426.jpg/960px-Koningsdag_Graft-De_Rijp_20140426.jpg?utm_source=commons.wikimedia.org&utm_campaign=imageinfo&utm_content=thumbnail
laughing_514_File_La_curatrice_della_Pinacoteca_Gaetano_Minale.jpg,Category:Laughing,File:La curatrice della Pinacoteca Gaetano Minale prof.ssa Adele Cicchitti con visitatori.jpg,GAETANO MINALE,CC BY-SA 4.0,https://commons.wikimedia.org/wiki/File%3ALa_curatrice_della_Pinacoteca_Gaetano_Minale_prof.ssa_Adele_Cicchitti_con_visitatori.jpg,https://thumb.wikimedia.org/wikipedia/commons/thumb/c/c0/La_curatrice_della_Pinacoteca_Gaetano_Minale_prof.ssa_Adele_Cicchitti_con_visitatori.jpg/960px-La_curatrice_della_Pinacoteca_Gaetano_Minale_prof.ssa_Adele_Cicchitti_con_visitatori.jpg?utm_source=commons.wikimedia.org&utm_campaign=imageinfo&utm_content=thumbnail
laughing_960_File_Lachen_en_poseren_feestvierders_koningsdag_20.jpg,Category:Laughing,File:Lachen en poseren feestvierders koningsdag 2016 Spijkenisse.JPG,Peter van der Sluijs,CC BY-SA 3.0,https://commons.wikimedia.org/wiki/File%3ALachen_en_poseren_feestvierders_koningsdag_2016_Spijkenisse.JPG,https://thumb.wikimedia.org/wikipedia/commons/thumb/d/d7/Lachen_en_poseren_feestvierders_koningsdag_2016_Spijkenisse.JPG/960px-Lachen_en_poseren_feestvierders_koningsdag_2016_Spijkenisse.JPG?utm_source=commons.wikimedia.org&utm_campaign=imageinfo&utm_content=thumbnail
laughing_839_File_Lachend_persoon_Bestanddeelnr_43_4_5.jpg,Category:Laughing,"File:Lachend persoon, Bestanddeelnr 43-4-5.jpg",Fotograaf Onbekend / DLC,CC0,https://commons.wikimedia.org/wiki/File%3ALachend_persoon%2C_Bestanddeelnr_43-4-5.jpg,https://thumb.wikimedia.org/wikipedia/commons/thumb/a/aa/Lachend_persoon%2C_Bestanddeelnr_43-4-5.jpg/960px-Lachend_persoon%2C_Bestanddeelnr_43-4-5.jpg?utm_source=commons.wikimedia.org&utm_campaign=imageinfo&utm_content=thumbnail
laughing_807_File_LaMarcheBleue_J17_1_Cudrefin_Avenches_21.jpg,Category:Laughing,File:LaMarcheBleue-J17-1-Cudrefin-Avenches-21.jpg,MHM55,CC BY-SA 4.0,https://commons.wikimedia.org/wiki/File%3ALaMarcheBleue-J17-1-Cudrefin-Avenches-21.jpg,https://thumb.wikimedia.org/wikipedia/commons/thumb/d/d4/LaMarcheBleue-J17-1-Cudrefin-Avenches-21.jpg/960px-LaMarcheBleue-J17-1-Cudrefin-Avenches-21.jpg?utm_source=commons.wikimedia.org&utm_campaign=imageinfo&utm_content=thumbnail
laughing_327_File_LaMarcheBleue_J18_Oleyres_Granges_Paccot_36.jpg,Category:Laughing,File:LaMarcheBleue-J18-Oleyres-Granges-Paccot-36.jpg,MHM55,CC BY-SA 4.0,https://commons.wikimedia.org/wiki/File%3ALaMarcheBleue-J18-Oleyres-Granges-Paccot-36.jpg,https://thumb.wikimedia.org/wikipedia/commons/thumb/b/bc/LaMarcheBleue-J18-Oleyres-Granges-Paccot-36.jpg/960px-LaMarcheBleue-J18-Oleyres-Granges-Paccot-36.jpg?utm_source=commons.wikimedia.org&utm_campaign=imageinfo&utm_content=thumbnail
laughing_912_File_Laugh_and_clapping_waveform_1.jpg,Category:Laughing,File:Laugh and clapping waveform 1.png,YitzhakNat,CC BY-SA 4.0,https://commons.wikimedia.org/wiki/File%3ALaugh_and_clapping_waveform_1.png,https://upload.wikimedia.org/wikipedia/commons/3/3c/Laugh_and_clapping_waveform_1.png?utm_source=commons.wikimedia.org&utm_campaign=imageinfo&utm_content=thumbnail_unscaled
laughing_216_File_Laugh_and_clapping_waveform_2.jpg,Category:Laughing,File:Laugh and clapping waveform 2.png,YitzhakNat,CC BY-SA 4.0,https://commons.wikimedia.org/wiki/File%3ALaugh_and_clapping_waveform_2.png,https://upload.wikimedia.org/wikipedia/commons/0/00/Laugh_and_clapping_waveform_2.png?utm_source=commons.wikimedia.org&utm_campaign=imageinfo&utm_content=thumbnail_unscaled
laughing_727_File_Laughing_Buddha_and_Sitar_Player.jpg,Category:Laughing,File:Laughing Buddha and Sitar Player.jpg,Ralbahitha,CC BY-SA 4.0,https://commons.wikimedia.org/wiki/File%3ALaughing_Buddha_and_Sitar_Player.jpg,https://upload.wikimedia.org/wikipedia/commons/d/d7/Laughing_Buddha_and_Sitar_Player.jpg?utm_source=commons.wikimedia.org&utm_campaign=imageinfo&utm_content=thumbnail_unscaled
laughing_892_File_Laughing_Friends.jpg,Category:Laughing,File:Laughing Friends.jpg,Surenders25,CC BY-SA 4.0,https://commons.wikimedia.org/wiki/File%3ALaughing_Friends.jpg,https://upload.wikimedia.org/wikipedia/commons/e/eb/Laughing_Friends.jpg?utm_source=commons.wikimedia.org&utm_campaign=imageinfo&utm_content=thumbnail_unscaled
laughing_981_File_Laughter_SAYRE_15272.jpg,Category:Laughing,File:Laughter (SAYRE 15272).jpg,Unknown photographerUnknown photographer,Public domain,https://commons.wikimedia.org/wiki/File%3ALaughter_%28SAYRE_15272%29.jpg,https://thumb.wikimedia.org/wikipedia/commons/thumb/7/72/Laughter_%28SAYRE_15272%29.jpg/960px-Laughter_%28SAYRE_15272%29.jpg?utm_source=commons.wikimedia.org&utm_campaign=imageinfo&utm_content=thumbnail
laughing_453_File_Lt_Cmdr_Carrie_Dreyer_laughs_with_a_child_dur.jpg,Category:Laughing,File:Lt. Cmdr. Carrie Dreyer laughs with a child during Continuing Promise 2015. (17977284260).jpg,Official U.S. Navy Page from United States of America,Public domain,https://commons.wikimedia.org/wiki/File%3ALt._Cmdr._Carrie_Dreyer_laughs_with_a_child_during_Continuing_Promise_2015._%2817977284260%29.jpg,https://thumb.wikimedia.org/wikipedia/commons/thumb/6/61/Lt._Cmdr._Carrie_Dreyer_laughs_with_a_child_during_Continuing_Promise_2015._%2817977284260%29.jpg/960px-Lt._Cmdr._Carrie_Dreyer_laughs_with_a_child_during_Continuing_Promise_2015._%2817977284260%29.jpg?utm_source=commons.wikimedia.org&utm_campaign=imageinfo&utm_content=thumbnail
laughing_586_File_Madeline_Matar_February_27_2013_cropped_2.jpg,Category:Laughing,"File:Madeline Matar - February 27, 2013 (cropped) -2.jpg",listenarabic.com,CC BY-SA 3.0,https://commons.wikimedia.org/wiki/File%3AMadeline_Matar_-_February_27%2C_2013_%28cropped%29_-2.jpg,https://upload.wikimedia.org/wikipedia/commons/5/51/Madeline_Matar_-_February_27%2C_2013_%28cropped%29_-2.jpg?utm_source=commons.wikimedia.org&utm_campaign=imageinfo&utm_content=thumbnail_unscaled
laughing_432_File_Madeline_Matar_February_27_2013_cropped.jpg,Category:Laughing,"File:Madeline Matar - February 27, 2013 (cropped).jpg",listenarabic.com,CC BY-SA 3.0,https://commons.wikimedia.org/wiki/File%3AMadeline_Matar_-_February_27%2C_2013_%28cropped%29.jpg,https://upload.wikimedia.org/wikipedia/commons/d/da/Madeline_Matar_-_February_27%2C_2013_%28cropped%29.jpg?utm_source=commons.wikimedia.org&utm_campaign=imageinfo&utm_content=thumbnail_unscaled
laughing_003_File_MARCIO_MIRANDA_CGEE_12_49229569796.jpg,Category:Laughing,File:MARCIO MIRANDA CGEE (12) (49229569796).jpg,"Ministério da Ciência, Tecnologia e Inovações from Brasília - DF, Brasil",CC BY 2.0,https://commons.wikimedia.org/wiki/File%3AMARCIO_MIRANDA_CGEE_%2812%29_%2849229569796%29.jpg,https://thumb.wikimedia.org/wikipedia/commons/thumb/9/9c/MARCIO_MIRANDA_CGEE_%2812%29_%2849229569796%29.jpg/960px-MARCIO_MIRANDA_CGEE_%2812%29_%2849229569796%29.jpg?utm_source=commons.wikimedia.org&utm_campaign=imageinfo&utm_content=thumbnail
laughing_620_File_Militairen_zingen_mee_met_een_pianist_Bestand.jpg,Category:Laughing,"File:Militairen zingen mee met een pianist, Bestanddeelnr 390.jpg",Nationaal Archief,CC0,https://commons.wikimedia.org/wiki/File%3AMilitairen_zingen_mee_met_een_pianist%2C_Bestanddeelnr_390.jpg,https://thumb.wikimedia.org/wikipedia/commons/thumb/b/b6/Militairen_zingen_mee_met_een_pianist%2C_Bestanddeelnr_390.jpg/960px-Militairen_zingen_mee_met_een_pianist%2C_Bestanddeelnr_390.jpg?utm_source=commons.wikimedia.org&utm_campaign=imageinfo&utm_content=thumbnail
laughing_506_File_Miou_Miou_mit_Partner_5713.jpg,Category:Laughing,File:Miou-Miou mit-Partner-5713.jpg,Harald Bischoff,CC BY-SA 3.0,https://commons.wikimedia.org/wiki/File%3AMiou-Miou_mit-Partner-5713.jpg,https://thumb.wikimedia.org/wikipedia/commons/thumb/f/f4/Miou-Miou_mit-Partner-5713.jpg/960px-Miou-Miou_mit-Partner-5713.jpg?utm_source=commons.wikimedia.org&utm_campaign=imageinfo&utm_content=thumbnail
laughing_668_File_Naz_Shah_and_Dave_Green_in_City_Park_Bradford.jpg,Category:Laughing,"File:Naz Shah and Dave Green in City Park, Bradford.jpg",goodadvice.com,CC BY-SA 4.0,https://commons.wikimedia.org/wiki/File%3ANaz_Shah_and_Dave_Green_in_City_Park%2C_Bradford.jpg,https://thumb.wikimedia.org/wikipedia/commons/thumb/f/fa/Naz_Shah_and_Dave_Green_in_City_Park%2C_Bradford.jpg/960px-Naz_Shah_and_Dave_Green_in_City_Park%2C_Bradford.jpg?utm_source=commons.wikimedia.org&utm_campaign=imageinfo&utm_content=thumbnail
laughing_793_File_New_york_philarmonic_club.jpg,Category:Laughing,File:New york philarmonic club.jpg,Unknown authorUnknown author,Public domain,https://commons.wikimedia.org/wiki/File%3ANew_york_philarmonic_club.jpg,https://thumb.wikimedia.org/wikipedia/commons/thumb/b/b6/New_york_philarmonic_club.jpg/960px-New_york_philarmonic_club.jpg?utm_source=commons.wikimedia.org&utm_campaign=imageinfo&utm_content=thumbnail
laughing_790_File_Nottinghamshire_Pride_2011_MMB_03.jpg,Category:Laughing,File:Nottinghamshire Pride 2011 MMB 03.jpg,mattbuck (category),CC BY-SA 3.0,https://commons.wikimedia.org/wiki/File%3ANottinghamshire_Pride_2011_MMB_03.jpg,https://thumb.wikimedia.org/wikipedia/commons/thumb/6/64/Nottinghamshire_Pride_2011_MMB_03.jpg/960px-Nottinghamshire_Pride_2011_MMB_03.jpg?utm_source=commons.wikimedia.org&utm_campaign=imageinfo&utm_content=thumbnail
laughing_229_File_OCA_ANOC_delegation_meeting_Tehran_30_April_2.jpg,Category:Laughing,"File:OCA & ANOC delegation meeting, Tehran - 30 April 2018 04.jpg",Soheil Sahranavard,CC BY 4.0,https://commons.wikimedia.org/wiki/File%3AOCA_%26_ANOC_delegation_meeting%2C_Tehran_-_30_April_2018_04.jpg,https://thumb.wikimedia.org/wikipedia/commons/thumb/2/2a/OCA_%26_ANOC_delegation_meeting%2C_Tehran_-_30_April_2018_04.jpg/960px-OCA_%26_ANOC_delegation_meeting%2C_Tehran_-_30_April_2018_04.jpg?utm_source=commons.wikimedia.org&utm_campaign=imageinfo&utm_content=thumbnail
laughing_555_File_Oscar_Tellgmann_Kaiser_Wilhelm_II_lacht.jpg,Category:Laughing,File:Oscar Tellgmann - Kaiser Wilhelm II lacht.jpg,Oscar Tellgmann,Public domain,https://commons.wikimedia.org/wiki/File%3AOscar_Tellgmann_-_Kaiser_Wilhelm_II_lacht.jpg,https://upload.wikimedia.org/wikipedia/commons/7/7b/Oscar_Tellgmann_-_Kaiser_Wilhelm_II_lacht.jpg?utm_source=commons.wikimedia.org&utm_campaign=imageinfo&utm_content=thumbnail_unscaled
laughing_441_File_Paula_Louren_o_e_a_Fanfarra_da_Zona_Militar_n.jpg,Category:Laughing,File:Paula Lourenço e a Fanfarra da Zona Militar no Lobo Marinho a caminho das Comemorações dos 600 Anos do Descobrimento da Madeira e do Porto Santo - 2018-10-31 - Image 153085.jpg,Virgílio Gomes,CC BY-SA 4.0,https://commons.wikimedia.org/wiki/File%3APaula_Louren%C3%A7o_e_a_Fanfarra_da_Zona_Militar_no_Lobo_Marinho_a_caminho_das_Comemora%C3%A7%C3%B5es_dos_600_Anos_do_Descobrimento_da_Madeira_e_do_Porto_Santo_-_2018-10-31_-_Image_153085.jpg,https://thumb.wikimedia.org/wikipedia/commons/thumb/1/12/Paula_Louren%C3%A7o_e_a_Fanfarra_da_Zona_Militar_no_Lobo_Marinho_a_caminho_das_Comemora%C3%A7%C3%B5es_dos_600_Anos_do_Descobrimento_da_Madeira_e_do_Porto_Santo_-_2018-10-31_-_Image_153085.jpg/960px-thumbnail.jpg?utm_source=commons.wikimedia.org&utm_campaign=imageinfo&utm_content=thumbnail
laughing_298_File_People_laughing_in_Lutheran_Church_in_Ohio.jpg,Category:Laughing,File:People laughing in Lutheran Church in Ohio.jpg,Andres Rodriguez,CC BY-SA 2.0,https://commons.wikimedia.org/wiki/File%3APeople_laughing_in_Lutheran_Church_in_Ohio.jpg,https://thumb.wikimedia.org/wikipedia/commons/thumb/1/11/People_laughing_in_Lutheran_Church_in_Ohio.jpg/960px-People_laughing_in_Lutheran_Church_in_Ohio.jpg?utm_source=commons.wikimedia.org&utm_campaign=imageinfo&utm_content=thumbnail
laughing_365_File_Physical_intimacy.jpg,Category:Laughing,File:Physical intimacy.jpg,Mgalant,CC BY-SA 4.0,https://commons.wikimedia.org/wiki/File%3APhysical_intimacy.jpg,https://upload.wikimedia.org/wikipedia/commons/9/9c/Physical_intimacy.jpg?utm_source=commons.wikimedia.org&utm_campaign=imageinfo&utm_content=thumbnail_unscaled
laughing_117_File_POI_0309_Nevit.jpg,Category:Laughing,File:POI 0309 Nevit.jpg,Nevit Dilmen (talk),Public domain,https://commons.wikimedia.org/wiki/File%3APOI_0309_Nevit.jpg,https://thumb.wikimedia.org/wikipedia/commons/thumb/4/42/POI_0309_Nevit.jpg/960px-POI_0309_Nevit.jpg?utm_source=commons.wikimedia.org&utm_campaign=imageinfo&utm_content=thumbnail
laughing_466_File_Portada_Le_rire_Henri_Bergson_20a_ed_franc_s.jpg,Category:Laughing,File:Portada Le rire Henri Bergson 20a ed francés 1920 biblioteca Gustavo Sandoval López.jpg,Correogsk,CC BY 4.0,https://commons.wikimedia.org/wiki/File%3APortada_Le_rire_Henri_Bergson_20a_ed_franc%C3%A9s_1920_biblioteca_Gustavo_Sandoval_L%C3%B3pez.jpg,https://thumb.wikimedia.org/wikipedia/commons/thumb/5/53/Portada_Le_rire_Henri_Bergson_20a_ed_franc%C3%A9s_1920_biblioteca_Gustavo_Sandoval_L%C3%B3pez.jpg/960px-Portada_Le_rire_Henri_Bergson_20a_ed_franc%C3%A9s_1920_biblioteca_Gustavo_Sandoval_L%C3%B3pez.jpg?utm_source=commons.wikimedia.org&utm_campaign=imageinfo&utm_content=thumbnail
laughing_313_File_Primordial_S_p_Launch_Photo.jpg,Category:Laughing,File:Primordial Süp Launch Photo.jpg,Mpbrown257,CC BY 3.0,https://commons.wikimedia.org/wiki/File%3APrimordial_S%C3%BCp_Launch_Photo.jpg,https://upload.wikimedia.org/wikipedia/commons/1/17/Primordial_S%C3%BCp_Launch_Photo.jpg?utm_source=commons.wikimedia.org&utm_campaign=imageinfo&utm_content=thumbnail_unscaled
laughing_982_File_Random_malachite_blockhead_cat_laughing.jpg,Category:Laughing,File:Random malachite blockhead cat laughing.png,Jiafei Slay Queen,CC0,https://commons.wikimedia.org/wiki/File%3ARandom_malachite_blockhead_cat_laughing.png,https://upload.wikimedia.org/wikipedia/commons/5/5c/Random_malachite_blockhead_cat_laughing.png?utm_source=commons.wikimedia.org&utm_campaign=imageinfo&utm_content=thumbnail_unscaled
laughing_767_File_Randonn_es_du_dimanche_05.jpg,Category:Laughing,File:Randonnées du dimanche 05.jpg,Amadou Diadie Samassekou,CC BY-SA 4.0,https://commons.wikimedia.org/wiki/File%3ARandonn%C3%A9es_du_dimanche_05.jpg,https://thumb.wikimedia.org/wikipedia/commons/thumb/4/4d/Randonn%C3%A9es_du_dimanche_05.jpg/960px-Randonn%C3%A9es_du_dimanche_05.jpg?utm_source=commons.wikimedia.org&utm_campaign=imageinfo&utm_content=thumbnail
laughing_696_File_Reverie_at_sail.jpg,Category:Laughing,File:Reverie-at-sail.jpeg,Grandmaster Huon,CC0,https://commons.wikimedia.org/wiki/File%3AReverie-at-sail.jpeg,https://thumb.wikimedia.org/wikipedia/commons/thumb/f/f4/Reverie-at-sail.jpeg/960px-Reverie-at-sail.jpeg?utm_source=commons.wikimedia.org&utm_campaign=imageinfo&utm_content=thumbnail
laughing_512_File_RIAN_archive_28306_Naina_Yeltsin_and_Mstislav.jpg,Category:Laughing,File:RIAN archive 28306 Naina Yeltsin and Mstislav Rostropovich at a party after the premiere of a new production of Modest Mussorgsky's opera..jpg,Dmitryi Donskoy / Дмитрий Донской,CC BY-SA 3.0,https://commons.wikimedia.org/wiki/File%3ARIAN_archive_28306_Naina_Yeltsin_and_Mstislav_Rostropovich_at_a_party_after_the_premiere_of_a_new_production_of_Modest_Mussorgsky%27s_opera..jpg,https://thumb.wikimedia.org/wikipedia/commons/thumb/2/2a/RIAN_archive_28306_Naina_Yeltsin_and_Mstislav_Rostropovich_at_a_party_after_the_premiere_of_a_new_production_of_Modest_Mussorgsky%27s_opera..jpg/960px-RIAN_archive_28306_Naina_Yeltsin_and_Mstislav_Rostropovich_at_a_party_after_the_premiere_of_a_new_production_of_Modest_Mussorgsky%27s_opera..jpg?utm_source=commons.wikimedia.org&utm_campaign=imageinfo&utm_content=thumbnail
laughing_574_File_Risaterapia.jpg,Category:Laughing,File:Risaterapia.jpg,Davbarba,CC BY-SA 4.0,https://commons.wikimedia.org/wiki/File%3ARisaterapia.jpg,https://upload.wikimedia.org/wikipedia/commons/b/bc/Risaterapia.jpg?utm_source=commons.wikimedia.org&utm_campaign=imageinfo&utm_content=thumbnail_unscaled
laughing_926_File_Sam_og_Elly_Eyde_med_ukjent_par_no_nb_digifot.jpg,Category:Laughing,File:Sam og Elly Eyde med ukjent par - no-nb digifoto 20160420 00171 bldsa EYDE 5 13 og 14 056.jpg,Unknown authorUnknown author,Public domain,https://commons.wikimedia.org/wiki/File%3ASam_og_Elly_Eyde_med_ukjent_par_-_no-nb_digifoto_20160420_00171_bldsa_EYDE_5_13_og_14_056.jpg,https://thumb.wikimedia.org/wikipedia/commons/thumb/e/eb/Sam_og_Elly_Eyde_med_ukjent_par_-_no-nb_digifoto_20160420_00171_bldsa_EYDE_5_13_og_14_056.jpg/960px-Sam_og_Elly_Eyde_med_ukjent_par_-_no-nb_digifoto_20160420_00171_bldsa_EYDE_5_13_og_14_056.jpg?utm_source=commons.wikimedia.org&utm_campaign=imageinfo&utm_content=thumbnail
laughing_157_File_Seri_starbejdende_folk_9636029361.jpg,Category:Laughing,File:Seriøstarbejdende folk (9636029361).jpg,michammel,CC BY-SA 2.0,https://commons.wikimedia.org/wiki/File%3ASeri%C3%B8starbejdende_folk_%289636029361%29.jpg,https://thumb.wikimedia.org/wikipedia/commons/thumb/0/0e/Seri%C3%B8starbejdende_folk_%289636029361%29.jpg/960px-Seri%C3%B8starbejdende_folk_%289636029361%29.jpg?utm_source=commons.wikimedia.org&utm_campaign=imageinfo&utm_content=thumbnail
laughing_670_File_Sibling_love.jpg,Category:Laughing,File:Sibling love.jpg,Caia Kaufman Crow,CC BY-SA 4.0,https://commons.wikimedia.org/wiki/File%3ASibling_love.jpg,https://thumb.wikimedia.org/wikipedia/commons/thumb/0/0b/Sibling_love.jpg/960px-Sibling_love.jpg?utm_source=commons.wikimedia.org&utm_campaign=imageinfo&utm_content=thumbnail
laughing_333_File_Smilecafe.jpg,Category:Laughing,File:Smilecafe.JPG,We El,Public domain,https://commons.wikimedia.org/wiki/File%3ASmilecafe.JPG,https://thumb.wikimedia.org/wikipedia/commons/thumb/5/58/Smilecafe.JPG/960px-Smilecafe.JPG?utm_source=commons.wikimedia.org&utm_campaign=imageinfo&utm_content=thumbnail
laughing_207_File_Sporadic_Cretin_1.jpg,Category:Laughing,File:Sporadic Cretin 1.jpg,G. E. Shuttleworth &amp; W. A. Potts,Public domain,https://commons.wikimedia.org/wiki/File%3ASporadic_Cretin_1.jpg,https://thumb.wikimedia.org/wikipedia/commons/thumb/c/c5/Sporadic_Cretin_1.jpg/960px-Sporadic_Cretin_1.jpg?utm_source=commons.wikimedia.org&utm_campaign=imageinfo&utm_content=thumbnail
laughing_649_File_Spring_Nowruz_Bazaar_of_Karaj_139612190002536.jpg,Category:Laughing,File:Spring Nowruz Bazaar of Karaj (13961219000253636562731651726109 5944).jpg,Hassan Samiee,CC BY 4.0,https://commons.wikimedia.org/wiki/File%3ASpring_Nowruz_Bazaar_of_Karaj_%2813961219000253636562731651726109_5944%29.jpg,https://upload.wikimedia.org/wikipedia/commons/0/0d/Spring_Nowruz_Bazaar_of_Karaj_%2813961219000253636562731651726109_5944%29.jpg?utm_source=commons.wikimedia.org&utm_campaign=imageinfo&utm_content=thumbnail_unscaled
laughing_527_File_Surf_and_Hapiness_in_C_te_d_Ivoire.jpg,Category:Laughing,File:Surf and Hapiness in Côte d'Ivoire.jpg,Gbereko,CC BY-SA 4.0,https://commons.wikimedia.org/wiki/File%3ASurf_and_Hapiness_in_C%C3%B4te_d%27Ivoire.jpg,https://thumb.wikimedia.org/wikipedia/commons/thumb/d/da/Surf_and_Hapiness_in_C%C3%B4te_d%27Ivoire.jpg/960px-Surf_and_Hapiness_in_C%C3%B4te_d%27Ivoire.jpg?utm_source=commons.wikimedia.org&utm_campaign=imageinfo&utm_content=thumbnail
laughing_428_File_Tel_Aviv_Yafo_997008136565205171.jpg,Category:Laughing,File:Tel Aviv-Yafo (997008136565205171).jpg,Benno Rothenberg,CC BY 4.0,https://commons.wikimedia.org/wiki/File%3ATel_Aviv-Yafo_%28997008136565205171%29.jpg,https://thumb.wikimedia.org/wikipedia/commons/thumb/f/fc/Tel_Aviv-Yafo_%28997008136565205171%29.jpg/960px-Tel_Aviv-Yafo_%28997008136565205171%29.jpg?utm_source=commons.wikimedia.org&utm_campaign=imageinfo&utm_content=thumbnail
laughing_289_File_Thumbnail_of_video_Academics_expose_corruptio.jpg,Category:Laughing,File:Thumbnail of video Academics expose corruption in Grievance Studies.jpg,Mike Nayna,CC BY 3.0,https://commons.wikimedia.org/wiki/File%3AThumbnail_of_video_Academics_expose_corruption_in_Grievance_Studies.jpg,https://thumb.wikimedia.org/wikipedia/commons/thumb/b/b2/Thumbnail_of_video_Academics_expose_corruption_in_Grievance_Studies.jpg/960px-Thumbnail_of_video_Academics_expose_corruption_in_Grievance_Studies.jpg?utm_source=commons.wikimedia.org&utm_campaign=imageinfo&utm_content=thumbnail
laughing_327_File_Titwala_Maharashtra_421605_India_panoramio_2.jpg,Category:Laughing,"File:Titwala, Maharashtra 421605, India - panoramio (2).jpg",Udaykumar PR,CC BY 3.0,https://commons.wikimedia.org/wiki/File%3ATitwala%2C_Maharashtra_421605%2C_India_-_panoramio_%282%29.jpg,https://thumb.wikimedia.org/wikipedia/commons/thumb/2/26/Titwala%2C_Maharashtra_421605%2C_India_-_panoramio_%282%29.jpg/960px-Titwala%2C_Maharashtra_421605%2C_India_-_panoramio_%282%29.jpg?utm_source=commons.wikimedia.org&utm_campaign=imageinfo&utm_content=thumbnail
laughing_916_File_Trisomy_21_Ultrasound_of_Smiling_and_Laughing.jpg,Category:Laughing,File:Trisomy 21 Ultrasound of Smiling and Laughing Fetus at 28 weeks Kennedi Beahn presented by Kraig Beahn.jpg,Himileanmedia,CC BY-SA 3.0,https://commons.wikimedia.org/wiki/File%3ATrisomy_21_Ultrasound_of_Smiling_and_Laughing_Fetus_at_28_weeks_Kennedi_Beahn_presented_by_Kraig_Beahn.jpg,https://upload.wikimedia.org/wikipedia/commons/f/f4/Trisomy_21_Ultrasound_of_Smiling_and_Laughing_Fetus_at_28_weeks_Kennedi_Beahn_presented_by_Kraig_Beahn.jpg?utm_source=commons.wikimedia.org&utm_campaign=imageinfo&utm_content=thumbnail_unscaled
laughing_657_File_Tutu_meets_Schweitzer_5.jpg,Category:Laughing,File:Tutu meets Schweitzer (5).jpg,Apdency,CC0,https://commons.wikimedia.org/wiki/File%3ATutu_meets_Schweitzer_%285%29.jpg,https://thumb.wikimedia.org/wikipedia/commons/thumb/4/4d/Tutu_meets_Schweitzer_%285%29.jpg/960px-Tutu_meets_Schweitzer_%285%29.jpg?utm_source=commons.wikimedia.org&utm_campaign=imageinfo&utm_content=thumbnail
laughing_878_File_Two_friends_share_a_joyful_moment_inside_a_wa.jpg,Category:Laughing,File:Two friends share a joyful moment inside a warm wooden cabin.jpg,Shixart1985,CC BY 2.0,https://commons.wikimedia.org/wiki/File%3ATwo_friends_share_a_joyful_moment_inside_a_warm_wooden_cabin.jpg,https://thumb.wikimedia.org/wikipedia/commons/thumb/4/49/Two_friends_share_a_joyful_moment_inside_a_warm_wooden_cabin.jpg/960px-Two_friends_share_a_joyful_moment_inside_a_warm_wooden_cabin.jpg?utm_source=commons.wikimedia.org&utm_campaign=imageinfo&utm_content=thumbnail
laughing_703_File_Two_people_laughing.jpg,Category:Laughing,File:Two people laughing.jpg,"Emanuele Spies from São Leopoldo, RS, Brasil",CC BY 2.0,https://commons.wikimedia.org/wiki/File%3ATwo_people_laughing.jpg,https://upload.wikimedia.org/wikipedia/commons/b/bf/Two_people_laughing.jpg?utm_source=commons.wikimedia.org&utm_campaign=imageinfo&utm_content=thumbnail_unscaled
laughing_293_File_U_Bein_Boys_Amarapura_Mandalay_Myanmar.jpg,Category:Laughing,"File:U Bein, Boys, Amarapura, Mandalay, Myanmar.jpg",Vyacheslav Argenberg,CC BY 4.0,https://commons.wikimedia.org/wiki/File%3AU_Bein%2C_Boys%2C_Amarapura%2C_Mandalay%2C_Myanmar.jpg,https://thumb.wikimedia.org/wikipedia/commons/thumb/0/05/U_Bein%2C_Boys%2C_Amarapura%2C_Mandalay%2C_Myanmar.jpg/960px-U_Bein%2C_Boys%2C_Amarapura%2C_Mandalay%2C_Myanmar.jpg?utm_source=commons.wikimedia.org&utm_campaign=imageinfo&utm_content=thumbnail
laughing_952_File_Under_the_veil.jpg,Category:Laughing,File:Under the veil.jpg,Cat from Wales,CC BY 2.0,https://commons.wikimedia.org/wiki/File%3AUnder_the_veil.jpg,https://thumb.wikimedia.org/wikipedia/commons/thumb/f/fb/Under_the_veil.jpg/960px-Under_the_veil.jpg?utm_source=commons.wikimedia.org&utm_campaign=imageinfo&utm_content=thumbnail
laughing_186_File_University_Park_MMB_J9_Students_Union_Electio.jpg,Category:Laughing,File:University Park MMB «J9 Students' Union Elections 2013 Question Time.jpg,mattbuck (category),CC BY-SA 3.0,https://commons.wikimedia.org/wiki/File%3AUniversity_Park_MMB_%C2%ABJ9_Students%27_Union_Elections_2013_Question_Time.jpg,https://thumb.wikimedia.org/wikipedia/commons/thumb/9/9f/University_Park_MMB_%C2%ABJ9_Students%27_Union_Elections_2013_Question_Time.jpg/960px-University_Park_MMB_%C2%ABJ9_Students%27_Union_Elections_2013_Question_Time.jpg?utm_source=commons.wikimedia.org&utm_campaign=imageinfo&utm_content=thumbnail
laughing_142_File_University_Park_MMB_K0_Students_Union_Electio.jpg,Category:Laughing,File:University Park MMB «K0 Students' Union Elections 2013 Question Time.jpg,mattbuck (category),CC BY-SA 3.0,https://commons.wikimedia.org/wiki/File%3AUniversity_Park_MMB_%C2%ABK0_Students%27_Union_Elections_2013_Question_Time.jpg,https://thumb.wikimedia.org/wikipedia/commons/thumb/e/e3/University_Park_MMB_%C2%ABK0_Students%27_Union_Elections_2013_Question_Time.jpg/960px-University_Park_MMB_%C2%ABK0_Students%27_Union_Elections_2013_Question_Time.jpg?utm_source=commons.wikimedia.org&utm_campaign=imageinfo&utm_content=thumbnail
laughing_192_File_US_Army_51969_Dr_Jonn_Kim_president_and_CEO_o.jpg,Category:Laughing,"File:US Army 51969 Dr. Jonn Kim, president and CEO of GaN Corporation, and Dr. Claudette Owens, chief, Information and Computational Engineering Division, USASMDC-ARSTRAT, tour the Simulation Center. Alabama-based GaN C.jpg",Deborah Erhart (U.S. Army Space and Missile Defense Command/Army Forces Strategic Command),Public domain,https://commons.wikimedia.org/wiki/File%3AUS_Army_51969_Dr._Jonn_Kim%2C_president_and_CEO_of_GaN_Corporation%2C_and_Dr._Claudette_Owens%2C_chief%2C_Information_and_Computational_Engineering_Division%2C_USASMDC-ARSTRAT%2C_tour_the_Simulation_Center._Alabama-based_GaN_C.jpg,https://thumb.wikimedia.org/wikipedia/commons/thumb/4/49/US_Army_51969_Dr._Jonn_Kim%2C_president_and_CEO_of_GaN_Corporation%2C_and_Dr._Claudette_Owens%2C_chief%2C_Information_and_Computational_Engineering_Division%2C_USASMDC-ARSTRAT%2C_tour_the_Simulation_Center._Alabama-based_GaN_C.jpg/960px-thumbnail.jpg?utm_source=commons.wikimedia.org&utm_campaign=imageinfo&utm_content=thumbnail
laughing_103_File_USS_Theodore_Roosevelt_operations_150824_N_CQ.jpg,Category:Laughing,File:USS Theodore Roosevelt operations 150824-N-CQ428-059.jpg,"August 24, 2015",Public domain,https://commons.wikimedia.org/wiki/File%3AUSS_Theodore_Roosevelt_operations_150824-N-CQ428-059.jpg,https://thumb.wikimedia.org/wikipedia/commons/thumb/c/c4/USS_Theodore_Roosevelt_operations_150824-N-CQ428-059.jpg/960px-USS_Theodore_Roosevelt_operations_150824-N-CQ428-059.jpg?utm_source=commons.wikimedia.org&utm_campaign=imageinfo&utm_content=thumbnail
laughing_017_File_USS_Theodore_Roosevelt_operations_150824_N_CQ.jpg,Category:Laughing,File:USS Theodore Roosevelt operations 150824-N-CQ428-103.jpg,"August 24, 2015",Public domain,https://commons.wikimedia.org/wiki/File%3AUSS_Theodore_Roosevelt_operations_150824-N-CQ428-103.jpg,https://thumb.wikimedia.org/wikipedia/commons/thumb/5/58/USS_Theodore_Roosevelt_operations_150824-N-CQ428-103.jpg/960px-USS_Theodore_Roosevelt_operations_150824-N-CQ428-103.jpg?utm_source=commons.wikimedia.org&utm_campaign=imageinfo&utm_content=thumbnail
laughing_971_File_Vanuatu_humans_of_vanuatu_11.jpg,Category:Laughing,File:Vanuatu-humans-of-vanuatu-11.jpg,Graham Crumb,CC BY-SA 3.0,https://commons.wikimedia.org/wiki/File%3AVanuatu-humans-of-vanuatu-11.jpg,https://thumb.wikimedia.org/wikipedia/commons/thumb/4/4d/Vanuatu-humans-of-vanuatu-11.jpg/960px-Vanuatu-humans-of-vanuatu-11.jpg?utm_source=commons.wikimedia.org&utm_campaign=imageinfo&utm_content=thumbnail
laughing_832_File_Vietnam_Cambodia_3336790913.jpg,Category:Laughing,File:Vietnam & Cambodia (3336790913).jpg,Christopher Michel,CC BY 2.0,https://commons.wikimedia.org/wiki/File%3AVietnam_%26_Cambodia_%283336790913%29.jpg,https://upload.wikimedia.org/wikipedia/commons/4/45/Vietnam_%26_Cambodia_%283336790913%29.jpg?utm_source=commons.wikimedia.org&utm_campaign=imageinfo&utm_content=thumbnail_unscaled
laughing_379_File_Vshlaeum_Ulm_P1050106.jpg,Category:Laughing,"File:Vshlaeum, Ulm (P1050106).jpg",Matti Blume,CC BY-SA 4.0,https://commons.wikimedia.org/wiki/File%3AVshlaeum%2C_Ulm_%28P1050106%29.jpg,https://thumb.wikimedia.org/wikipedia/commons/thumb/2/2e/Vshlaeum%2C_Ulm_%28P1050106%29.jpg/960px-Vshlaeum%2C_Ulm_%28P1050106%29.jpg?utm_source=commons.wikimedia.org&utm_campaign=imageinfo&utm_content=thumbnail
laughing_968_File_Wikipedia_10_Milano_Lyonora_4201.jpg,Category:Laughing,"File:Wikipedia 10 Milano, Lyonora 4201.jpg",Leonora Giovanazzi on behalf of Wikimedia Italia.,CC BY-SA 3.0,https://commons.wikimedia.org/wiki/File%3AWikipedia_10_Milano%2C_Lyonora_4201.jpg,https://thumb.wikimedia.org/wikipedia/commons/thumb/3/3f/Wikipedia_10_Milano%2C_Lyonora_4201.jpg/960px-Wikipedia_10_Milano%2C_Lyonora_4201.jpg?utm_source=commons.wikimedia.org&utm_campaign=imageinfo&utm_content=thumbnail
laughing_384_File_rjan_Ramberg_Agneta_Lind_n_Lars_Jacob_1974.jpg,Category:Laughing,"File:Örjan Ramberg, Agneta Lindén & Lars Jacob 1974.jpg",Lars Jacob Prod assistant on assignment,Public domain,https://commons.wikimedia.org/wiki/File%3A%C3%96rjan_Ramberg%2C_Agneta_Lind%C3%A9n_%26_Lars_Jacob_1974.jpg,https://upload.wikimedia.org/wikipedia/commons/8/84/%C3%96rjan_Ramberg%2C_Agneta_Lind%C3%A9n_%26_Lars_Jacob_1974.jpg?utm_source=commons.wikimedia.org&utm_campaign=imageinfo&utm_content=thumbnail_unscaled
laughing_520_File_21_2014_L1450122.jpg,Category:Laughing,File:Марш мира Москва 21 сент 2014 L1450122.jpg,ПОКА ТУТ,CC BY-SA 4.0,https://commons.wikimedia.org/wiki/File%3A%D0%9C%D0%B0%D1%80%D1%88_%D0%BC%D0%B8%D1%80%D0%B0_%D0%9C%D0%BE%D1%81%D0%BA%D0%B2%D0%B0_21_%D1%81%D0%B5%D0%BD%D1%82_2014_L1450122.jpg,https://thumb.wikimedia.org/wikipedia/commons/thumb/b/b7/%D0%9C%D0%B0%D1%80%D1%88_%D0%BC%D0%B8%D1%80%D0%B0_%D0%9C%D0%BE%D1%81%D0%BA%D0%B2%D0%B0_21_%D1%81%D0%B5%D0%BD%D1%82_2014_L1450122.jpg/960px-%D0%9C%D0%B0%D1%80%D1%88_%D0%BC%D0%B8%D1%80%D0%B0_%D0%9C%D0%BE%D1%81%D0%BA%D0%B2%D0%B0_21_%D1%81%D0%B5%D0%BD%D1%82_2014_L1450122.jpg?utm_source=commons.wikimedia.org&utm_campaign=imageinfo&utm_content=thumbnail
laughing_034_File_21_2014_L1460746.jpg,Category:Laughing,File:Марш мира Москва 21 сент 2014 L1460746.jpg,ПОКА ТУТ,CC BY-SA 4.0,https://commons.wikimedia.org/wiki/File%3A%D0%9C%D0%B0%D1%80%D1%88_%D0%BC%D0%B8%D1%80%D0%B0_%D0%9C%D0%BE%D1%81%D0%BA%D0%B2%D0%B0_21_%D1%81%D0%B5%D0%BD%D1%82_2014_L1460746.jpg,https://thumb.wikimedia.org/wikipedia/commons/thumb/5/5e/%D0%9C%D0%B0%D1%80%D1%88_%D0%BC%D0%B8%D1%80%D0%B0_%D0%9C%D0%BE%D1%81%D0%BA%D0%B2%D0%B0_21_%D1%81%D0%B5%D0%BD%D1%82_2014_L1460746.jpg/960px-%D0%9C%D0%B0%D1%80%D1%88_%D0%BC%D0%B8%D1%80%D0%B0_%D0%9C%D0%BE%D1%81%D0%BA%D0%B2%D0%B0_21_%D1%81%D0%B5%D0%BD%D1%82_2014_L1460746.jpg?utm_source=commons.wikimedia.org&utm_campaign=imageinfo&utm_content=thumbnail
laughing_874_File.jpg,Category:Laughing,File:امیر پرورش استیج یوگای خنده.jpg,Amirparvaresh,CC BY-SA 4.0,https://commons.wikimedia.org/wiki/File%3A%D8%A7%D9%85%DB%8C%D8%B1_%D9%BE%D8%B1%D9%88%D8%B1%D8%B4_%D8%A7%D8%B3%D8%AA%DB%8C%D8%AC_%DB%8C%D9%88%DA%AF%D8%A7%DB%8C_%D8%AE%D9%86%D8%AF%D9%87.jpg,https://thumb.wikimedia.org/wikipedia/commons/thumb/7/7a/%D8%A7%D9%85%DB%8C%D8%B1_%D9%BE%D8%B1%D9%88%D8%B1%D8%B4_%D8%A7%D8%B3%D8%AA%DB%8C%D8%AC_%DB%8C%D9%88%DA%AF%D8%A7%DB%8C_%D8%AE%D9%86%D8%AF%D9%87.jpg/960px-%D8%A7%D9%85%DB%8C%D8%B1_%D9%BE%D8%B1%D9%88%D8%B1%D8%B4_%D8%A7%D8%B3%D8%AA%DB%8C%D8%AC_%DB%8C%D9%88%DA%AF%D8%A7%DB%8C_%D8%AE%D9%86%D8%AF%D9%87.jpg?utm_source=commons.wikimedia.org&utm_campaign=imageinfo&utm_content=thumbnail
laughing_474_File.jpg,Category:Laughing,File:امیر پرورش دانشگاه یوگای خنده.jpg,Amirparvaresh,CC BY-SA 4.0,https://commons.wikimedia.org/wiki/File%3A%D8%A7%D9%85%DB%8C%D8%B1_%D9%BE%D8%B1%D9%88%D8%B1%D8%B4_%D8%AF%D8%A7%D9%86%D8%B4%DA%AF%D8%A7%D9%87_%DB%8C%D9%88%DA%AF%D8%A7%DB%8C_%D8%AE%D9%86%D8%AF%D9%87.jpg,https://thumb.wikimedia.org/wikipedia/commons/thumb/1/17/%D8%A7%D9%85%DB%8C%D8%B1_%D9%BE%D8%B1%D9%88%D8%B1%D8%B4_%D8%AF%D8%A7%D9%86%D8%B4%DA%AF%D8%A7%D9%87_%DB%8C%D9%88%DA%AF%D8%A7%DB%8C_%D8%AE%D9%86%D8%AF%D9%87.jpg/960px-%D8%A7%D9%85%DB%8C%D8%B1_%D9%BE%D8%B1%D9%88%D8%B1%D8%B4_%D8%AF%D8%A7%D9%86%D8%B4%DA%AF%D8%A7%D9%87_%DB%8C%D9%88%DA%AF%D8%A7%DB%8C_%D8%AE%D9%86%D8%AF%D9%87.jpg?utm_source=commons.wikimedia.org&utm_campaign=imageinfo&utm_content=thumbnail
laughing_968_File.jpg,Category:Laughing,File:امیر پرورش کنسرت یوگای خنده.jpg,Amirparvaresh,CC BY-SA 4.0,https://commons.wikimedia.org/wiki/File%3A%D8%A7%D9%85%DB%8C%D8%B1_%D9%BE%D8%B1%D9%88%D8%B1%D8%B4_%DA%A9%D9%86%D8%B3%D8%B1%D8%AA_%DB%8C%D9%88%DA%AF%D8%A7%DB%8C_%D8%AE%D9%86%D8%AF%D9%87.jpg,https://thumb.wikimedia.org/wikipedia/commons/thumb/c/c6/%D8%A7%D9%85%DB%8C%D8%B1_%D9%BE%D8%B1%D9%88%D8%B1%D8%B4_%DA%A9%D9%86%D8%B3%D8%B1%D8%AA_%DB%8C%D9%88%DA%AF%D8%A7%DB%8C_%D8%AE%D9%86%D8%AF%D9%87.jpg/960px-%D8%A7%D9%85%DB%8C%D8%B1_%D9%BE%D8%B1%D9%88%D8%B1%D8%B4_%DA%A9%D9%86%D8%B3%D8%B1%D8%AA_%DB%8C%D9%88%DA%AF%D8%A7%DB%8C_%D8%AE%D9%86%D8%AF%D9%87.jpg?utm_source=commons.wikimedia.org&utm_campaign=imageinfo&utm_content=thumbnail
laughing_283_File_3_3.jpg,Category:Laughing,File:디돈3 3.svg,힌나힌나,CC BY-SA 4.0,https://commons.wikimedia.org/wiki/File%3A%EB%94%94%EB%8F%883_3.svg,https://thumb.wikimedia.org/wikipedia/commons/thumb/f/fb/%EB%94%94%EB%8F%883_3.svg/960px-%EB%94%94%EB%8F%883_3.svg.png?utm_source=commons.wikimedia.org&utm_campaign=imageinfo&utm_content=thumbnail
laughing_013_File_3_1.jpg,Category:Laughing,File:디돈3-1.png,힌나힌나,CC BY-SA 4.0,https://commons.wikimedia.org/wiki/File%3A%EB%94%94%EB%8F%883-1.png,https://thumb.wikimedia.org/wikipedia/commons/thumb/4/4d/%EB%94%94%EB%8F%883-1.png/960px-%EB%94%94%EB%8F%883-1.png?utm_source=commons.wikimedia.org&utm_campaign=imageinfo&utm_content=thumbnail
laughing_873_File_3.jpg,Category:Laughing,File:디돈3.png,힌나힌나,CC BY-SA 4.0,https://commons.wikimedia.org/wiki/File%3A%EB%94%94%EB%8F%883.png,https://thumb.wikimedia.org/wikipedia/commons/thumb/4/43/%EB%94%94%EB%8F%883.png/960px-%EB%94%94%EB%8F%883.png?utm_source=commons.wikimedia.org&utm_campaign=imageinfo&utm_content=thumbnail
laughing_537_File_5.jpg,Category:Laughing,File:디돈5.png,힌나힌나,CC BY-SA 4.0,https://commons.wikimedia.org/wiki/File%3A%EB%94%94%EB%8F%885.png,https://thumb.wikimedia.org/wikipedia/commons/thumb/a/a9/%EB%94%94%EB%8F%885.png/960px-%EB%94%94%EB%8F%885.png?utm_source=commons.wikimedia.org&utm_campaign=imageinfo&utm_content=thumbnail
laughing_972_File.jpg,Category:Laughing,File:모던스타일 서체.jpg,힌나힌나,CC BY-SA 4.0,https://commons.wikimedia.org/wiki/File%3A%EB%AA%A8%EB%8D%98%EC%8A%A4%ED%83%80%EC%9D%BC_%EC%84%9C%EC%B2%B4.jpg,https://thumb.wikimedia.org/wikipedia/commons/thumb/f/f3/%EB%AA%A8%EB%8D%98%EC%8A%A4%ED%83%80%EC%9D%BC_%EC%84%9C%EC%B2%B4.jpg/960px-%EB%AA%A8%EB%8D%98%EC%8A%A4%ED%83%80%EC%9D%BC_%EC%84%9C%EC%B2%B4.jpg?utm_source=commons.wikimedia.org&utm_campaign=imageinfo&utm_content=thumbnail
laughing_387_File.jpg,Category:Laughing,File:센토.png,힌나힌나,CC BY-SA 4.0,https://commons.wikimedia.org/wiki/File%3A%EC%84%BC%ED%86%A0.png,https://thumb.wikimedia.org/wikipedia/commons/thumb/4/48/%EC%84%BC%ED%86%A0.png/960px-%EC%84%BC%ED%86%A0.png?utm_source=commons.wikimedia.org&utm_campaign=imageinfo&utm_content=thumbnail
laughing_206_File_2.jpg,Category:Laughing,File:센토2.png,힌나힌나,CC BY-SA 4.0,https://commons.wikimedia.org/wiki/File%3A%EC%84%BC%ED%86%A02.png,https://thumb.wikimedia.org/wikipedia/commons/thumb/b/b8/%EC%84%BC%ED%86%A02.png/960px-%EC%84%BC%ED%86%A02.png?utm_source=commons.wikimedia.org&utm_campaign=imageinfo&utm_content=thumbnail
smiling_442_File_panoramio_jetsun_53.jpg,Category:Smiling,File:- panoramio - jetsun (53).jpg,jetsun,CC BY-SA 3.0,https://commons.wikimedia.org/wiki/File%3A-_panoramio_-_jetsun_%2853%29.jpg,https://thumb.wikimedia.org/wikipedia/commons/thumb/5/52/-_panoramio_-_jetsun_%2853%29.jpg/960px--_panoramio_-_jetsun_%2853%29.jpg?utm_source=commons.wikimedia.org&utm_campaign=imageinfo&utm_content=thumbnail
smiling_679_File_00234_S_e_Kekse_zum_Valentinstag_Sanok_2013.jpg,Category:Smiling,"File:00234 Süße Kekse zum Valentinstag, Sanok 2013.JPG",Silar,CC BY-SA 3.0,https://commons.wikimedia.org/wiki/File%3A00234_S%C3%BC%C3%9Fe_Kekse_zum_Valentinstag%2C_Sanok_2013.JPG,https://thumb.wikimedia.org/wikipedia/commons/thumb/f/fb/00234_S%C3%BC%C3%9Fe_Kekse_zum_Valentinstag%2C_Sanok_2013.JPG/960px-00234_S%C3%BC%C3%9Fe_Kekse_zum_Valentinstag%2C_Sanok_2013.JPG?utm_source=commons.wikimedia.org&utm_campaign=imageinfo&utm_content=thumbnail
smiling_454_File_01_mouth.jpg,Category:Smiling,File:01 mouth.png,Madwyn,Public domain,https://commons.wikimedia.org/wiki/File%3A01_mouth.png,https://upload.wikimedia.org/wikipedia/commons/6/6a/01_mouth.png?utm_source=commons.wikimedia.org&utm_campaign=imageinfo&utm_content=thumbnail_unscaled
smiling_582_File_01_mouth.jpg,Category:Smiling,File:01 mouth.svg,Madwyn,Public domain,https://commons.wikimedia.org/wiki/File%3A01_mouth.svg,https://thumb.wikimedia.org/wikipedia/commons/thumb/8/89/01_mouth.svg/960px-01_mouth.svg.png?utm_source=commons.wikimedia.org&utm_campaign=imageinfo&utm_content=thumbnail
smiling_205_File_10_8_20_Walk_from_Dehtare_to_Cakov_29_5021208.jpg,Category:Smiling,File:10.8.20 Walk from Dehtare to Cakov 29 (50212087902).jpg,Donald Judge,CC BY 2.0,https://commons.wikimedia.org/wiki/File%3A10.8.20_Walk_from_Dehtare_to_Cakov_29_%2850212087902%29.jpg,https://thumb.wikimedia.org/wikipedia/commons/thumb/e/e0/10.8.20_Walk_from_Dehtare_to_Cakov_29_%2850212087902%29.jpg/960px-10.8.20_Walk_from_Dehtare_to_Cakov_29_%2850212087902%29.jpg?utm_source=commons.wikimedia.org&utm_campaign=imageinfo&utm_content=thumbnail
smiling_635_File_2014_365_326_Have_a_Smile_Day_15856235002.jpg,Category:Smiling,File:2014-365-326 Have a Smile Day (15856235002).jpg,cogdogblog,CC BY 2.0,https://commons.wikimedia.org/wiki/File%3A2014-365-326_Have_a_Smile_Day_%2815856235002%29.jpg,https://thumb.wikimedia.org/wikipedia/commons/thumb/f/fd/2014-365-326_Have_a_Smile_Day_%2815856235002%29.jpg/960px-2014-365-326_Have_a_Smile_Day_%2815856235002%29.jpg?utm_source=commons.wikimedia.org&utm_campaign=imageinfo&utm_content=thumbnail
smiling_693_File_21_04_2024_Show_hist_rico_do_DJ_Alok_re_ne_mu.jpg,Category:Smiling,File:21 04 2024 - Show histórico do DJ Alok reúne multidão para celebrar os 64 anos de Brasília (53668158180).jpg,"Agência Brasília from Brasília, Brasil",CC BY 2.0,https://commons.wikimedia.org/wiki/File%3A21_04_2024_-_Show_hist%C3%B3rico_do_DJ_Alok_re%C3%BAne_multid%C3%A3o_para_celebrar_os_64_anos_de_Bras%C3%ADlia_%2853668158180%29.jpg,https://thumb.wikimedia.org/wikipedia/commons/thumb/9/9e/21_04_2024_-_Show_hist%C3%B3rico_do_DJ_Alok_re%C3%BAne_multid%C3%A3o_para_celebrar_os_64_anos_de_Bras%C3%ADlia_%2853668158180%29.jpg/960px-21_04_2024_-_Show_hist%C3%B3rico_do_DJ_Alok_re%C3%BAne_multid%C3%A3o_para_celebrar_os_64_anos_de_Bras%C3%ADlia_%2853668158180%29.jpg?utm_source=commons.wikimedia.org&utm_campaign=imageinfo&utm_content=thumbnail
smiling_395_File_3020_Pauger.jpg,Category:Smiling,File:3020 Pauger.jpg,Karen Apricot,CC BY-SA 2.0,https://commons.wikimedia.org/wiki/File%3A3020_Pauger.jpg,https://thumb.wikimedia.org/wikipedia/commons/thumb/5/55/3020_Pauger.jpg/960px-3020_Pauger.jpg?utm_source=commons.wikimedia.org&utm_campaign=imageinfo&utm_content=thumbnail
smiling_200_File_500px_photo_65567989.jpg,Category:Smiling,File:500px photo (65567989).jpeg,Carlota Grau,CC BY 3.0,https://commons.wikimedia.org/wiki/File%3A500px_photo_%2865567989%29.jpeg,https://thumb.wikimedia.org/wikipedia/commons/thumb/d/d7/500px_photo_%2865567989%29.jpeg/960px-500px_photo_%2865567989%29.jpeg?utm_source=commons.wikimedia.org&utm_campaign=imageinfo&utm_content=thumbnail
smiling_258_File_A_happy_couple_walks_hand_in_hand_laughing_an.jpg,Category:Smiling,"File:A happy couple walks hand in hand, laughing and enjoying each other's company outdoors.jpg",Shixart1985,CC BY 2.0,https://commons.wikimedia.org/wiki/File%3AA_happy_couple_walks_hand_in_hand%2C_laughing_and_enjoying_each_other%27s_company_outdoors.jpg,https://thumb.wikimedia.org/wikipedia/commons/thumb/0/03/A_happy_couple_walks_hand_in_hand%2C_laughing_and_enjoying_each_other%27s_company_outdoors.jpg/960px-A_happy_couple_walks_hand_in_hand%2C_laughing_and_enjoying_each_other%27s_company_outdoors.jpg?utm_source=commons.wikimedia.org&utm_campaign=imageinfo&utm_content=thumbnail
smiling_585_File_A_Smile_in_a_Tree.jpg,Category:Smiling,File:A Smile in a Tree.jpg,Olivia Danielle Ruiz,CC BY-SA 4.0,https://commons.wikimedia.org/wiki/File%3AA_Smile_in_a_Tree.jpg,https://thumb.wikimedia.org/wikipedia/commons/thumb/a/a2/A_Smile_in_a_Tree.jpg/960px-A_Smile_in_a_Tree.jpg?utm_source=commons.wikimedia.org&utm_campaign=imageinfo&utm_content=thumbnail
smiling_865_File_A_smiling_market_woman_at_the_Monday_Market_i.jpg,Category:Smiling,"File:A smiling market woman at the Monday Market in Kakuri, Kaduna 01.jpg",Kambai Akau,CC BY-SA 4.0,https://commons.wikimedia.org/wiki/File%3AA_smiling_market_woman_at_the_Monday_Market_in_Kakuri%2C_Kaduna_01.jpg,https://thumb.wikimedia.org/wikipedia/commons/thumb/7/7a/A_smiling_market_woman_at_the_Monday_Market_in_Kakuri%2C_Kaduna_01.jpg/960px-A_smiling_market_woman_at_the_Monday_Market_in_Kakuri%2C_Kaduna_01.jpg?utm_source=commons.wikimedia.org&utm_campaign=imageinfo&utm_content=thumbnail
smiling_843_File_Absence_and_presence_of_teeth.jpg,Category:Smiling,File:Absence and presence of teeth.jpg,Sindugab,CC0,https://commons.wikimedia.org/wiki/File%3AAbsence_and_presence_of_teeth.jpg,https://thumb.wikimedia.org/wikipedia/commons/thumb/2/29/Absence_and_presence_of_teeth.jpg/960px-Absence_and_presence_of_teeth.jpg?utm_source=commons.wikimedia.org&utm_campaign=imageinfo&utm_content=thumbnail
smiling_325_File_Artwork_for_ad.jpg,Category:Smiling,File:Artwork for ad.jpg,Dickturner,CC BY-SA 4.0,https://commons.wikimedia.org/wiki/File%3AArtwork_for_ad.jpg,https://thumb.wikimedia.org/wikipedia/commons/thumb/9/9e/Artwork_for_ad.jpg/960px-Artwork_for_ad.jpg?utm_source=commons.wikimedia.org&utm_campaign=imageinfo&utm_content=thumbnail
smiling_097_File_Button_blocage.jpg,Category:Smiling,File:Button blocage.png,Grondin Liste des contributeurs ayant déjà créé l'émoticon : (actu) (dern) 1 décembre 2005 à 03:29 Sasa Stefanovic (*Source: http://tango-project.org,CC BY-SA 3.0,https://commons.wikimedia.org/wiki/File%3AButton_blocage.png,https://upload.wikimedia.org/wikipedia/commons/b/b0/Button_blocage.png?utm_source=commons.wikimedia.org&utm_campaign=imageinfo&utm_content=thumbnail_unscaled
smiling_636_File_Cheer_Up_and_Smile_SAYRE_15406.jpg,Category:Smiling,File:Cheer Up and Smile (SAYRE 15406).jpg,Unknown photographerUnknown photographer,Public domain,https://commons.wikimedia.org/wiki/File%3ACheer_Up_and_Smile_%28SAYRE_15406%29.jpg,https://thumb.wikimedia.org/wikipedia/commons/thumb/c/c7/Cheer_Up_and_Smile_%28SAYRE_15406%29.jpg/960px-Cheer_Up_and_Smile_%28SAYRE_15406%29.jpg?utm_source=commons.wikimedia.org&utm_campaign=imageinfo&utm_content=thumbnail
smiling_217_File_Coincidence_with_Smile.jpg,Category:Smiling,File:Coincidence with Smile.jpg,"Karry manessa""",CC BY-SA 4.0,https://commons.wikimedia.org/wiki/File%3ACoincidence_with_Smile.jpg,https://upload.wikimedia.org/wikipedia/commons/5/5e/Coincidence_with_Smile.jpg?utm_source=commons.wikimedia.org&utm_campaign=imageinfo&utm_content=thumbnail_unscaled
smiling_552_File_Couple_enjoying_coffee_together_in_their_cozy.jpg,Category:Smiling,File:Couple enjoying coffee together in their cozy living room.jpg,Shixart1985,CC BY 2.0,https://commons.wikimedia.org/wiki/File%3ACouple_enjoying_coffee_together_in_their_cozy_living_room.jpg,https://thumb.wikimedia.org/wikipedia/commons/thumb/c/c4/Couple_enjoying_coffee_together_in_their_cozy_living_room.jpg/960px-Couple_enjoying_coffee_together_in_their_cozy_living_room.jpg?utm_source=commons.wikimedia.org&utm_campaign=imageinfo&utm_content=thumbnail
smiling_411_File_Couple_enjoying_quiet_moment_together_indoors.jpg,Category:Smiling,File:Couple enjoying quiet moment together indoors.jpg,Shixart1985,CC BY 2.0,https://commons.wikimedia.org/wiki/File%3ACouple_enjoying_quiet_moment_together_indoors.jpg,https://thumb.wikimedia.org/wikipedia/commons/thumb/5/50/Couple_enjoying_quiet_moment_together_indoors.jpg/960px-Couple_enjoying_quiet_moment_together_indoors.jpg?utm_source=commons.wikimedia.org&utm_campaign=imageinfo&utm_content=thumbnail
smiling_470_File_Couple_enjoying_time_together_at_home_while_t.jpg,Category:Smiling,File:Couple enjoying time together at home while taking pictures.jpg,Shixart1985,CC BY 2.0,https://commons.wikimedia.org/wiki/File%3ACouple_enjoying_time_together_at_home_while_taking_pictures.jpg,https://thumb.wikimedia.org/wikipedia/commons/thumb/8/86/Couple_enjoying_time_together_at_home_while_taking_pictures.jpg/960px-Couple_enjoying_time_together_at_home_while_taking_pictures.jpg?utm_source=commons.wikimedia.org&utm_campaign=imageinfo&utm_content=thumbnail
smiling_747_File_Couple_enjoys_a_happy_moment_together_in_a_br.jpg,Category:Smiling,File:Couple enjoys a happy moment together in a bright kitchen.jpg,Shixart1985,CC BY 2.0,https://commons.wikimedia.org/wiki/File%3ACouple_enjoys_a_happy_moment_together_in_a_bright_kitchen.jpg,https://thumb.wikimedia.org/wikipedia/commons/thumb/0/0c/Couple_enjoys_a_happy_moment_together_in_a_bright_kitchen.jpg/960px-Couple_enjoys_a_happy_moment_together_in_a_bright_kitchen.jpg?utm_source=commons.wikimedia.org&utm_campaign=imageinfo&utm_content=thumbnail
smiling_749_File_Couple_enjoys_coffee_together_at_home.jpg,Category:Smiling,File:Couple enjoys coffee together at home.jpg,Shixart1985,CC BY 2.0,https://commons.wikimedia.org/wiki/File%3ACouple_enjoys_coffee_together_at_home.jpg,https://thumb.wikimedia.org/wikipedia/commons/thumb/c/c5/Couple_enjoys_coffee_together_at_home.jpg/960px-Couple_enjoys_coffee_together_at_home.jpg?utm_source=commons.wikimedia.org&utm_campaign=imageinfo&utm_content=thumbnail
smiling_709_File_Couple_enjoys_coffee_together_in_a_cozy_setti.jpg,Category:Smiling,File:Couple enjoys coffee together in a cozy setting.jpg,Shixart1985,CC BY 2.0,https://commons.wikimedia.org/wiki/File%3ACouple_enjoys_coffee_together_in_a_cozy_setting.jpg,https://thumb.wikimedia.org/wikipedia/commons/thumb/f/ff/Couple_enjoys_coffee_together_in_a_cozy_setting.jpg/960px-Couple_enjoys_coffee_together_in_a_cozy_setting.jpg?utm_source=commons.wikimedia.org&utm_campaign=imageinfo&utm_content=thumbnail
smiling_476_File_Couple_enjoys_cozy_time_together_under_blanke.jpg,Category:Smiling,File:Couple enjoys cozy time together under blankets.jpg,Shixart1985,CC BY 2.0,https://commons.wikimedia.org/wiki/File%3ACouple_enjoys_cozy_time_together_under_blankets.jpg,https://thumb.wikimedia.org/wikipedia/commons/thumb/7/73/Couple_enjoys_cozy_time_together_under_blankets.jpg/960px-Couple_enjoys_cozy_time_together_under_blankets.jpg?utm_source=commons.wikimedia.org&utm_campaign=imageinfo&utm_content=thumbnail
smiling_176_File_Couple_enjoys_time_together_at_home_while_rel.jpg,Category:Smiling,File:Couple enjoys time together at home while relaxing on the sofa.jpg,Shixart1985,CC BY 2.0,https://commons.wikimedia.org/wiki/File%3ACouple_enjoys_time_together_at_home_while_relaxing_on_the_sofa.jpg,https://thumb.wikimedia.org/wikipedia/commons/thumb/7/7c/Couple_enjoys_time_together_at_home_while_relaxing_on_the_sofa.jpg/960px-Couple_enjoys_time_together_at_home_while_relaxing_on_the_sofa.jpg?utm_source=commons.wikimedia.org&utm_campaign=imageinfo&utm_content=thumbnail
smiling_658_File_Couple_enjoys_time_together_at_home.jpg,Category:Smiling,File:Couple enjoys time together at home.jpg,Shixart1985,CC BY 2.0,https://commons.wikimedia.org/wiki/File%3ACouple_enjoys_time_together_at_home.jpg,https://thumb.wikimedia.org/wikipedia/commons/thumb/1/19/Couple_enjoys_time_together_at_home.jpg/960px-Couple_enjoys_time_together_at_home.jpg?utm_source=commons.wikimedia.org&utm_campaign=imageinfo&utm_content=thumbnail
smiling_000_File_Couple_enjoys_time_together_laughing_and_talk.jpg,Category:Smiling,File:Couple enjoys time together laughing and talking on the phone.jpg,Shixart1985,CC BY 2.0,https://commons.wikimedia.org/wiki/File%3ACouple_enjoys_time_together_laughing_and_talking_on_the_phone.jpg,https://thumb.wikimedia.org/wikipedia/commons/thumb/e/ed/Couple_enjoys_time_together_laughing_and_talking_on_the_phone.jpg/960px-Couple_enjoys_time_together_laughing_and_talking_on_the_phone.jpg?utm_source=commons.wikimedia.org&utm_campaign=imageinfo&utm_content=thumbnail
smiling_368_File_Couple_enjoys_time_together_on_the_couch_whil.jpg,Category:Smiling,File:Couple enjoys time together on the couch while talking on the phone.jpg,Shixart1985,CC BY 2.0,https://commons.wikimedia.org/wiki/File%3ACouple_enjoys_time_together_on_the_couch_while_talking_on_the_phone.jpg,https://thumb.wikimedia.org/wikipedia/commons/thumb/2/29/Couple_enjoys_time_together_on_the_couch_while_talking_on_the_phone.jpg/960px-Couple_enjoys_time_together_on_the_couch_while_talking_on_the_phone.jpg?utm_source=commons.wikimedia.org&utm_campaign=imageinfo&utm_content=thumbnail
smiling_097_File_Couple_enjoys_time_together_while_taking_pict.jpg,Category:Smiling,File:Couple enjoys time together while taking pictures.jpg,Shixart1985,CC BY 2.0,https://commons.wikimedia.org/wiki/File%3ACouple_enjoys_time_together_while_taking_pictures.jpg,https://thumb.wikimedia.org/wikipedia/commons/thumb/8/8e/Couple_enjoys_time_together_while_taking_pictures.jpg/960px-Couple_enjoys_time_together_while_taking_pictures.jpg?utm_source=commons.wikimedia.org&utm_campaign=imageinfo&utm_content=thumbnail
smiling_681_File_Couple_relaxing_on_a_couch_while_enjoying.jpg,Category:Smiling,File:Couple relaxing on a couch while enjoying.jpg,Shixart1985,CC BY 2.0,https://commons.wikimedia.org/wiki/File%3ACouple_relaxing_on_a_couch_while_enjoying.jpg,https://thumb.wikimedia.org/wikipedia/commons/thumb/7/7a/Couple_relaxing_on_a_couch_while_enjoying.jpg/960px-Couple_relaxing_on_a_couch_while_enjoying.jpg?utm_source=commons.wikimedia.org&utm_campaign=imageinfo&utm_content=thumbnail
smiling_524_File_Couple_shares_a_joyful_moment_while_looking_u.jpg,Category:Smiling,File:Couple shares a joyful moment while looking up.jpg,Shixart1985,CC BY 2.0,https://commons.wikimedia.org/wiki/File%3ACouple_shares_a_joyful_moment_while_looking_up.jpg,https://thumb.wikimedia.org/wikipedia/commons/thumb/8/83/Couple_shares_a_joyful_moment_while_looking_up.jpg/960px-Couple_shares_a_joyful_moment_while_looking_up.jpg?utm_source=commons.wikimedia.org&utm_campaign=imageinfo&utm_content=thumbnail
smiling_457_File_Couple_shares_laughter_while_sitting_on_a_cou.jpg,Category:Smiling,File:Couple shares laughter while sitting on a couch.jpg,Shixart1985,CC BY 2.0,https://commons.wikimedia.org/wiki/File%3ACouple_shares_laughter_while_sitting_on_a_couch.jpg,https://thumb.wikimedia.org/wikipedia/commons/thumb/7/78/Couple_shares_laughter_while_sitting_on_a_couch.jpg/960px-Couple_shares_laughter_while_sitting_on_a_couch.jpg?utm_source=commons.wikimedia.org&utm_campaign=imageinfo&utm_content=thumbnail
smiling_228_File_Couple_sits_close_together_on_a_couch_smiling.jpg,Category:Smiling,File:Couple sits close together on a couch smiling and holding hands.jpg,Shixart1985,CC BY 2.0,https://commons.wikimedia.org/wiki/File%3ACouple_sits_close_together_on_a_couch_smiling_and_holding_hands.jpg,https://thumb.wikimedia.org/wikipedia/commons/thumb/5/5f/Couple_sits_close_together_on_a_couch_smiling_and_holding_hands.jpg/960px-Couple_sits_close_together_on_a_couch_smiling_and_holding_hands.jpg?utm_source=commons.wikimedia.org&utm_campaign=imageinfo&utm_content=thumbnail
smiling_874_File_Dance_performance_by_the_Atyap_15_dance_group.jpg,Category:Smiling,File:Dance performance by the Atyap 15 dance group at Chong Dovetail 2024 24.jpg,Kambai Akau,CC BY-SA 4.0,https://commons.wikimedia.org/wiki/File%3ADance_performance_by_the_Atyap_15_dance_group_at_Chong_Dovetail_2024_24.jpg,https://thumb.wikimedia.org/wikipedia/commons/thumb/1/17/Dance_performance_by_the_Atyap_15_dance_group_at_Chong_Dovetail_2024_24.jpg/960px-Dance_performance_by_the_Atyap_15_dance_group_at_Chong_Dovetail_2024_24.jpg?utm_source=commons.wikimedia.org&utm_campaign=imageinfo&utm_content=thumbnail
smiling_185_File_Elliott_Broidy_headshot.jpg,Category:Smiling,File:Elliott Broidy headshot.png,Elliott Broidy,CC BY-SA 4.0,https://commons.wikimedia.org/wiki/File%3AElliott_Broidy_headshot.png,https://thumb.wikimedia.org/wikipedia/commons/thumb/5/5e/Elliott_Broidy_headshot.png/960px-Elliott_Broidy_headshot.png?utm_source=commons.wikimedia.org&utm_campaign=imageinfo&utm_content=thumbnail
smiling_604_File_Entity_3_the_Smilers.jpg,Category:Smiling,"File:Entity 3, the Smilers.png",WikiEncyclopedia101,CC BY-SA 4.0,https://commons.wikimedia.org/wiki/File%3AEntity_3%2C_the_Smilers.png,https://thumb.wikimedia.org/wikipedia/commons/thumb/3/30/Entity_3%2C_the_Smilers.png/960px-Entity_3%2C_the_Smilers.png?utm_source=commons.wikimedia.org&utm_campaign=imageinfo&utm_content=thumbnail
smiling_978_File_Face_with_smile.jpg,Category:Smiling,File:Face with smile.svg,AlbertDwa,CC BY-SA 4.0,https://commons.wikimedia.org/wiki/File%3AFace_with_smile.svg,https://thumb.wikimedia.org/wikipedia/commons/thumb/e/ee/Face_with_smile.svg/960px-Face_with_smile.svg.png?utm_source=commons.wikimedia.org&utm_campaign=imageinfo&utm_content=thumbnail
smiling_384_File_Fantswam_troupe_in_the_stadium_at_SK_Fest_202.jpg,Category:Smiling,File:Fantswam troupe in the stadium at SK Fest 2024 12.jpg,Kambai Akau,CC BY-SA 4.0,https://commons.wikimedia.org/wiki/File%3AFantswam_troupe_in_the_stadium_at_SK_Fest_2024_12.jpg,https://thumb.wikimedia.org/wikipedia/commons/thumb/9/97/Fantswam_troupe_in_the_stadium_at_SK_Fest_2024_12.jpg/960px-Fantswam_troupe_in_the_stadium_at_SK_Fest_2024_12.jpg?utm_source=commons.wikimedia.org&utm_campaign=imageinfo&utm_content=thumbnail
smiling_178_File_Gzmck2_tebess_m.jpg,Category:Smiling,File:Gzmck2 tebessüm.jpg,Gizem Çelik Ekren,CC BY-SA 4.0,https://commons.wikimedia.org/wiki/File%3AGzmck2_tebess%C3%BCm.jpg,https://thumb.wikimedia.org/wikipedia/commons/thumb/8/80/Gzmck2_tebess%C3%BCm.jpg/960px-Gzmck2_tebess%C3%BCm.jpg?utm_source=commons.wikimedia.org&utm_campaign=imageinfo&utm_content=thumbnail
smiling_744_File_Happiness_of_Man.jpg,Category:Smiling,File:Happiness of Man.jpg,Donvikro,CC BY-SA 4.0,https://commons.wikimedia.org/wiki/File%3AHappiness_of_Man.jpg,https://thumb.wikimedia.org/wikipedia/commons/thumb/0/07/Happiness_of_Man.jpg/960px-Happiness_of_Man.jpg?utm_source=commons.wikimedia.org&utm_campaign=imageinfo&utm_content=thumbnail
smiling_109_File_Happy_Shrooms_44267786992.jpg,Category:Smiling,File:Happy Shrooms (44267786992).jpg,"Kevin M Klerks from Inverhuron, Canada",CC BY 2.0,https://commons.wikimedia.org/wiki/File%3AHappy_Shrooms_%2844267786992%29.jpg,https://thumb.wikimedia.org/wikipedia/commons/thumb/9/9f/Happy_Shrooms_%2844267786992%29.jpg/960px-Happy_Shrooms_%2844267786992%29.jpg?utm_source=commons.wikimedia.org&utm_campaign=imageinfo&utm_content=thumbnail
smiling_467_File_Hassy_s_Kilishi_stand_at_Chong_Dovetail_2024.jpg,Category:Smiling,File:Hassy's Kilishi stand at Chong Dovetail 2024 12.jpg,Kambai Akau,CC BY-SA 4.0,https://commons.wikimedia.org/wiki/File%3AHassy%27s_Kilishi_stand_at_Chong_Dovetail_2024_12.jpg,https://thumb.wikimedia.org/wikipedia/commons/thumb/d/df/Hassy%27s_Kilishi_stand_at_Chong_Dovetail_2024_12.jpg/960px-Hassy%27s_Kilishi_stand_at_Chong_Dovetail_2024_12.jpg?utm_source=commons.wikimedia.org&utm_campaign=imageinfo&utm_content=thumbnail
smiling_262_File_HD_DH_nrw_diverse_Personengruppe_l_chelnd.jpg,Category:Smiling,File:HD@DH.nrw diverse Personengruppe lächelnd.svg,HD@DH.nrw | Michelle Dahlmanns,CC BY 4.0,https://commons.wikimedia.org/wiki/File%3AHD%40DH.nrw_diverse_Personengruppe_l%C3%A4chelnd.svg,https://thumb.wikimedia.org/wikipedia/commons/thumb/a/ac/HD%40DH.nrw_diverse_Personengruppe_l%C3%A4chelnd.svg/960px-HD%40DH.nrw_diverse_Personengruppe_l%C3%A4chelnd.svg.png?utm_source=commons.wikimedia.org&utm_campaign=imageinfo&utm_content=thumbnail
smiling_787_File_HD_DH_nrw_Strichfigur_1.jpg,Category:Smiling,File:HD@DH.nrw Strichfigur 1.svg,HD@dh.nrw | Michelle Dahlmanns,CC BY 4.0,https://commons.wikimedia.org/wiki/File%3AHD%40DH.nrw_Strichfigur_1.svg,https://thumb.wikimedia.org/wikipedia/commons/thumb/d/db/HD%40DH.nrw_Strichfigur_1.svg/960px-HD%40DH.nrw_Strichfigur_1.svg.png?utm_source=commons.wikimedia.org&utm_campaign=imageinfo&utm_content=thumbnail
smiling_371_File_HD_DH_nrw_Strichfigur_2.jpg,Category:Smiling,File:HD@DH.nrw Strichfigur 2.svg,HD@dh.nrw | Michelle Dahlmanns,CC BY 4.0,https://commons.wikimedia.org/wiki/File%3AHD%40DH.nrw_Strichfigur_2.svg,https://thumb.wikimedia.org/wikipedia/commons/thumb/a/ab/HD%40DH.nrw_Strichfigur_2.svg/960px-HD%40DH.nrw_Strichfigur_2.svg.png?utm_source=commons.wikimedia.org&utm_campaign=imageinfo&utm_content=thumbnail
smiling_663_File_Health_in_life.jpg,Category:Smiling,File:Health in life.jpg,Kgusimba,CC BY-SA 4.0,https://commons.wikimedia.org/wiki/File%3AHealth_in_life.jpg,https://thumb.wikimedia.org/wikipedia/commons/thumb/a/ac/Health_in_life.jpg/960px-Health_in_life.jpg?utm_source=commons.wikimedia.org&utm_campaign=imageinfo&utm_content=thumbnail
smiling_272_File_Hilarious_Sunnie_stage_performance_at_Chong_D.jpg,Category:Smiling,File:Hilarious Sunnie stage performance at Chong Dovetail 2024 02.jpg,Kambai Akau,CC BY-SA 4.0,https://commons.wikimedia.org/wiki/File%3AHilarious_Sunnie_stage_performance_at_Chong_Dovetail_2024_02.jpg,https://thumb.wikimedia.org/wikipedia/commons/thumb/1/11/Hilarious_Sunnie_stage_performance_at_Chong_Dovetail_2024_02.jpg/960px-Hilarious_Sunnie_stage_performance_at_Chong_Dovetail_2024_02.jpg?utm_source=commons.wikimedia.org&utm_campaign=imageinfo&utm_content=thumbnail
smiling_338_File_Home_Made_Blue_Puffle.jpg,Category:Smiling,File:Home-Made Blue Puffle.JPG,TomasBat at English Wikipedia,Public domain,https://commons.wikimedia.org/wiki/File%3AHome-Made_Blue_Puffle.JPG,https://thumb.wikimedia.org/wikipedia/commons/thumb/f/ff/Home-Made_Blue_Puffle.JPG/960px-Home-Made_Blue_Puffle.JPG?utm_source=commons.wikimedia.org&utm_campaign=imageinfo&utm_content=thumbnail
smiling_630_File_Hunter_s_animal_fur_bag_Khomu_Vietnam_Museum.jpg,Category:Smiling,"File:Hunter's animal-fur bag, Khomu - Vietnam Museum of Ethnology - Hanoi, Vietnam - DSC03146.JPG",Daderot,CC0,https://commons.wikimedia.org/wiki/File%3AHunter%27s_animal-fur_bag%2C_Khomu_-_Vietnam_Museum_of_Ethnology_-_Hanoi%2C_Vietnam_-_DSC03146.JPG,https://thumb.wikimedia.org/wikipedia/commons/thumb/5/57/Hunter%27s_animal-fur_bag%2C_Khomu_-_Vietnam_Museum_of_Ethnology_-_Hanoi%2C_Vietnam_-_DSC03146.JPG/960px-Hunter%27s_animal-fur_bag%2C_Khomu_-_Vietnam_Museum_of_Ethnology_-_Hanoi%2C_Vietnam_-_DSC03146.JPG?utm_source=commons.wikimedia.org&utm_campaign=imageinfo&utm_content=thumbnail
smiling_456_File_Ich_mag_kinder.jpg,Category:Smiling,File:Ich mag kinder.png,Plzbread,CC BY-SA 4.0,https://commons.wikimedia.org/wiki/File%3AIch_mag_kinder.png,https://upload.wikimedia.org/wikipedia/commons/e/e9/Ich_mag_kinder.png?utm_source=commons.wikimedia.org&utm_campaign=imageinfo&utm_content=thumbnail_unscaled
smiling_453_File_Inside_a_charming_cabin_a_couple_sits_on_a_ch.jpg,Category:Smiling,"File:Inside a charming cabin, a couple sits on a chair, sharing a joyful moment as they enjoy drinks and laughter undefined.jpg",Shixart1985,CC BY 2.0,https://commons.wikimedia.org/wiki/File%3AInside_a_charming_cabin%2C_a_couple_sits_on_a_chair%2C_sharing_a_joyful_moment_as_they_enjoy_drinks_and_laughter_undefined.jpg,https://thumb.wikimedia.org/wikipedia/commons/thumb/9/92/Inside_a_charming_cabin%2C_a_couple_sits_on_a_chair%2C_sharing_a_joyful_moment_as_they_enjoy_drinks_and_laughter_undefined.jpg/960px-Inside_a_charming_cabin%2C_a_couple_sits_on_a_chair%2C_sharing_a_joyful_moment_as_they_enjoy_drinks_and_laughter_undefined.jpg?utm_source=commons.wikimedia.org&utm_campaign=imageinfo&utm_content=thumbnail
smiling_269_File_Joyful_woman_laughing_by_a_camper.jpg,Category:Smiling,File:Joyful woman laughing by a camper.jpg,Shixart1985,CC BY 2.0,https://commons.wikimedia.org/wiki/File%3AJoyful_woman_laughing_by_a_camper.jpg,https://thumb.wikimedia.org/wikipedia/commons/thumb/b/b1/Joyful_woman_laughing_by_a_camper.jpg/960px-Joyful_woman_laughing_by_a_camper.jpg?utm_source=commons.wikimedia.org&utm_campaign=imageinfo&utm_content=thumbnail
smiling_109_File_Keep_smiling_Unsplash.jpg,Category:Smiling,File:Keep smiling (Unsplash).jpg,Ibin Siraj ibsizzle,CC0,https://commons.wikimedia.org/wiki/File%3AKeep_smiling_%28Unsplash%29.jpg,https://thumb.wikimedia.org/wikipedia/commons/thumb/a/a0/Keep_smiling_%28Unsplash%29.jpg/960px-Keep_smiling_%28Unsplash%29.jpg?utm_source=commons.wikimedia.org&utm_campaign=imageinfo&utm_content=thumbnail
smiling_184_File_Lily_Allen_gig_Nottingham_2009_MMB_24.jpg,Category:Smiling,File:Lily Allen gig Nottingham 2009 MMB 24.jpg,mattbuck (category),CC BY-SA 3.0,https://commons.wikimedia.org/wiki/File%3ALily_Allen_gig_Nottingham_2009_MMB_24.jpg,https://thumb.wikimedia.org/wikipedia/commons/thumb/c/c7/Lily_Allen_gig_Nottingham_2009_MMB_24.jpg/960px-Lily_Allen_gig_Nottingham_2009_MMB_24.jpg?utm_source=commons.wikimedia.org&utm_campaign=imageinfo&utm_content=thumbnail
smiling_593_File_Lime_sweet_Haribo_fruitilicious.jpg,Category:Smiling,File:Lime sweet Haribo fruitilicious.jpg,Secretlondon,CC BY-SA 4.0,https://commons.wikimedia.org/wiki/File%3ALime_sweet_Haribo_fruitilicious.jpg,https://thumb.wikimedia.org/wikipedia/commons/thumb/6/60/Lime_sweet_Haribo_fruitilicious.jpg/960px-Lime_sweet_Haribo_fruitilicious.jpg?utm_source=commons.wikimedia.org&utm_campaign=imageinfo&utm_content=thumbnail
smiling_586_File_Little_Scotsman_illustration_by_artist_Daria.jpg,Category:Smiling,File:Little Scotsman - illustration by artist Daria Tym.jpg,Tym-dar,CC BY-SA 4.0,https://commons.wikimedia.org/wiki/File%3ALittle_Scotsman_-_illustration_by_artist_Daria_Tym.jpg,https://upload.wikimedia.org/wikipedia/commons/5/5e/Little_Scotsman_-_illustration_by_artist_Daria_Tym.jpg?utm_source=commons.wikimedia.org&utm_campaign=imageinfo&utm_content=thumbnail_unscaled
smiling_687_File_L_chel_mal_wieder_nnw.jpg,Category:Smiling,File:Lächel mal wieder.nnw.jpg,NordNordWest,CC BY-SA 3.0 de,https://commons.wikimedia.org/wiki/File%3AL%C3%A4chel_mal_wieder.nnw.jpg,https://thumb.wikimedia.org/wikipedia/commons/thumb/e/ec/L%C3%A4chel_mal_wieder.nnw.jpg/960px-L%C3%A4chel_mal_wieder.nnw.jpg?utm_source=commons.wikimedia.org&utm_campaign=imageinfo&utm_content=thumbnail
smiling_666_File_Man_enjoys_music_while_holding_a_vinyl_record.jpg,Category:Smiling,File:Man enjoys music while holding a vinyl record in a cozy home library setting.jpg,Shixart1985,CC BY 2.0,https://commons.wikimedia.org/wiki/File%3AMan_enjoys_music_while_holding_a_vinyl_record_in_a_cozy_home_library_setting.jpg,https://thumb.wikimedia.org/wikipedia/commons/thumb/5/5b/Man_enjoys_music_while_holding_a_vinyl_record_in_a_cozy_home_library_setting.jpg/960px-Man_enjoys_music_while_holding_a_vinyl_record_in_a_cozy_home_library_setting.jpg?utm_source=commons.wikimedia.org&utm_campaign=imageinfo&utm_content=thumbnail
smiling_286_File_Masks_Required_Signs_Subway_Sumner_Place_Beth.jpg,Category:Smiling,File:Masks Required Signs Subway Sumner Place Bethesda MD 20210427 211055639.jpg,G. Edward Johnson,CC BY 4.0,https://commons.wikimedia.org/wiki/File%3AMasks_Required_Signs_Subway_Sumner_Place_Bethesda_MD_20210427_211055639.jpg,https://thumb.wikimedia.org/wikipedia/commons/thumb/3/3b/Masks_Required_Signs_Subway_Sumner_Place_Bethesda_MD_20210427_211055639.jpg/960px-Masks_Required_Signs_Subway_Sumner_Place_Bethesda_MD_20210427_211055639.jpg?utm_source=commons.wikimedia.org&utm_campaign=imageinfo&utm_content=thumbnail
smiling_413_File_MOSOLY_SM_V_SMILE_panoramio.jpg,Category:Smiling,"File:MOSOLY, ÚSMĚV, SMILE - panoramio.jpg",encsere,CC BY 3.0,https://commons.wikimedia.org/wiki/File%3AMOSOLY%2C_%C3%9ASM%C4%9AV%2C_SMILE_-_panoramio.jpg,https://upload.wikimedia.org/wikipedia/commons/e/ed/MOSOLY%2C_%C3%9ASM%C4%9AV%2C_SMILE_-_panoramio.jpg?utm_source=commons.wikimedia.org&utm_campaign=imageinfo&utm_content=thumbnail_unscaled
smiling_209_File_Native_American_family_smiling.jpg,Category:Smiling,File:Native American family smiling.png,Unknown authorUnknown author,Public domain,https://commons.wikimedia.org/wiki/File%3ANative_American_family_smiling.png,https://thumb.wikimedia.org/wikipedia/commons/thumb/1/1f/Native_American_family_smiling.png/960px-Native_American_family_smiling.png?utm_source=commons.wikimedia.org&utm_campaign=imageinfo&utm_content=thumbnail
smiling_949_File_Nota.jpg,Category:Smiling,File:Nota.jpg,Carl Castillo 0897,CC BY-SA 3.0,https://commons.wikimedia.org/wiki/File%3ANota.jpg,https://upload.wikimedia.org/wikipedia/commons/6/6f/Nota.jpg?utm_source=commons.wikimedia.org&utm_campaign=imageinfo&utm_content=thumbnail_unscaled
smiling_691_File_OKADA2.jpg,Category:Smiling,File:OKADA2.jpg,Allenlin1979,CC BY-SA 3.0,https://commons.wikimedia.org/wiki/File%3AOKADA2.jpg,https://upload.wikimedia.org/wikipedia/commons/4/4c/OKADA2.jpg?utm_source=commons.wikimedia.org&utm_campaign=imageinfo&utm_content=thumbnail_unscaled
smiling_938_File_Older_couple_shares_a_moment_of_joy_while_rea.jpg,Category:Smiling,File:Older couple shares a moment of joy while reading books at home.jpg,Shixart1985,CC BY 2.0,https://commons.wikimedia.org/wiki/File%3AOlder_couple_shares_a_moment_of_joy_while_reading_books_at_home.jpg,https://thumb.wikimedia.org/wikipedia/commons/thumb/c/c3/Older_couple_shares_a_moment_of_joy_while_reading_books_at_home.jpg/960px-Older_couple_shares_a_moment_of_joy_while_reading_books_at_home.jpg?utm_source=commons.wikimedia.org&utm_campaign=imageinfo&utm_content=thumbnail
smiling_696_File_Older_man_enjoys_classic_music_while_holding.jpg,Category:Smiling,File:Older man enjoys classic music while holding a vinyl record in a cozy living room.jpg,Shixart1985,CC BY 2.0,https://commons.wikimedia.org/wiki/File%3AOlder_man_enjoys_classic_music_while_holding_a_vinyl_record_in_a_cozy_living_room.jpg,https://thumb.wikimedia.org/wikipedia/commons/thumb/1/1d/Older_man_enjoys_classic_music_while_holding_a_vinyl_record_in_a_cozy_living_room.jpg/960px-Older_man_enjoys_classic_music_while_holding_a_vinyl_record_in_a_cozy_living_room.jpg?utm_source=commons.wikimedia.org&utm_campaign=imageinfo&utm_content=thumbnail
smiling_139_File_Older_man_enjoys_gardening_while_surrounded_b.jpg,Category:Smiling,File:Older man enjoys gardening while surrounded by greenery.jpg,Shixart1985,CC BY 2.0,https://commons.wikimedia.org/wiki/File%3AOlder_man_enjoys_gardening_while_surrounded_by_greenery.jpg,https://thumb.wikimedia.org/wikipedia/commons/thumb/9/99/Older_man_enjoys_gardening_while_surrounded_by_greenery.jpg/960px-Older_man_enjoys_gardening_while_surrounded_by_greenery.jpg?utm_source=commons.wikimedia.org&utm_campaign=imageinfo&utm_content=thumbnail
smiling_291_File_Older_man_with_gray_hair_smiling_and_holding.jpg,Category:Smiling,File:Older man with gray hair smiling and holding electric guitar.jpg,Shixart1985,CC BY 2.0,https://commons.wikimedia.org/wiki/File%3AOlder_man_with_gray_hair_smiling_and_holding_electric_guitar.jpg,https://thumb.wikimedia.org/wikipedia/commons/thumb/9/99/Older_man_with_gray_hair_smiling_and_holding_electric_guitar.jpg/960px-Older_man_with_gray_hair_smiling_and_holding_electric_guitar.jpg?utm_source=commons.wikimedia.org&utm_campaign=imageinfo&utm_content=thumbnail
smiling_599_File_Older_woman_enjoying_a_video_call_at_home_whi.jpg,Category:Smiling,File:Older woman enjoying a video call at home while smiling and expressing gratitude.jpg,Shixart1985,CC BY 2.0,https://commons.wikimedia.org/wiki/File%3AOlder_woman_enjoying_a_video_call_at_home_while_smiling_and_expressing_gratitude.jpg,https://thumb.wikimedia.org/wikipedia/commons/thumb/1/12/Older_woman_enjoying_a_video_call_at_home_while_smiling_and_expressing_gratitude.jpg/960px-Older_woman_enjoying_a_video_call_at_home_while_smiling_and_expressing_gratitude.jpg?utm_source=commons.wikimedia.org&utm_campaign=imageinfo&utm_content=thumbnail
smiling_868_File_Older_woman_waves_goodbye_while_preparing_to.jpg,Category:Smiling,File:Older woman waves goodbye while preparing to travel in a cozy camper van interior.jpg,Shixart1985,CC BY 2.0,https://commons.wikimedia.org/wiki/File%3AOlder_woman_waves_goodbye_while_preparing_to_travel_in_a_cozy_camper_van_interior.jpg,https://thumb.wikimedia.org/wikipedia/commons/thumb/6/62/Older_woman_waves_goodbye_while_preparing_to_travel_in_a_cozy_camper_van_interior.jpg/960px-Older_woman_waves_goodbye_while_preparing_to_travel_in_a_cozy_camper_van_interior.jpg?utm_source=commons.wikimedia.org&utm_campaign=imageinfo&utm_content=thumbnail
smiling_608_File_People_44747830.jpg,Category:Smiling,File:People (44747830).jpeg,Ashwini Sharma,CC BY 3.0,https://commons.wikimedia.org/wiki/File%3APeople_%2844747830%29.jpeg,https://thumb.wikimedia.org/wikipedia/commons/thumb/c/c4/People_%2844747830%29.jpeg/960px-People_%2844747830%29.jpeg?utm_source=commons.wikimedia.org&utm_campaign=imageinfo&utm_content=thumbnail
smiling_347_File_Proginis_tortas.jpg,Category:Smiling,File:Proginis tortas.jpg,Mažoji Ragainė,CC BY-SA 4.0,https://commons.wikimedia.org/wiki/File%3AProginis_tortas.jpg,https://thumb.wikimedia.org/wikipedia/commons/thumb/8/89/Proginis_tortas.jpg/960px-Proginis_tortas.jpg?utm_source=commons.wikimedia.org&utm_campaign=imageinfo&utm_content=thumbnail
smiling_970_File_Ranger_in_Zion_National_Park_80b09379_4e7e_43.jpg,Category:Smiling,File:Ranger in Zion National Park (80b09379-4e7e-43d2-941c-b5a147f5efa4).jpg,NPS / Jonathan Shafer,Public domain,https://commons.wikimedia.org/wiki/File%3ARanger_in_Zion_National_Park_%2880b09379-4e7e-43d2-941c-b5a147f5efa4%29.jpg,https://thumb.wikimedia.org/wikipedia/commons/thumb/6/63/Ranger_in_Zion_National_Park_%2880b09379-4e7e-43d2-941c-b5a147f5efa4%29.jpg/960px-Ranger_in_Zion_National_Park_%2880b09379-4e7e-43d2-941c-b5a147f5efa4%29.jpg?utm_source=commons.wikimedia.org&utm_campaign=imageinfo&utm_content=thumbnail
smiling_271_File_Senior_couple_holding_a_trough_filled_with_gr.jpg,Category:Smiling,File:Senior couple holding a trough filled with grass on a farm.jpg,Shixart1985,CC BY 2.0,https://commons.wikimedia.org/wiki/File%3ASenior_couple_holding_a_trough_filled_with_grass_on_a_farm.jpg,https://thumb.wikimedia.org/wikipedia/commons/thumb/7/79/Senior_couple_holding_a_trough_filled_with_grass_on_a_farm.jpg/960px-Senior_couple_holding_a_trough_filled_with_grass_on_a_farm.jpg?utm_source=commons.wikimedia.org&utm_campaign=imageinfo&utm_content=thumbnail
smiling_423_File_Senior_man_reading_a_book_and_smiling.jpg,Category:Smiling,File:Senior man reading a book and smiling.jpg,Shixart1985,CC BY 2.0,https://commons.wikimedia.org/wiki/File%3ASenior_man_reading_a_book_and_smiling.jpg,https://thumb.wikimedia.org/wikipedia/commons/thumb/b/b2/Senior_man_reading_a_book_and_smiling.jpg/960px-Senior_man_reading_a_book_and_smiling.jpg?utm_source=commons.wikimedia.org&utm_campaign=imageinfo&utm_content=thumbnail
smiling_809_File_Senior_woman_brewing_tea_in_a_cozy_kitchen.jpg,Category:Smiling,File:Senior woman brewing tea in a cozy kitchen.jpg,Shixart1985,CC BY 2.0,https://commons.wikimedia.org/wiki/File%3ASenior_woman_brewing_tea_in_a_cozy_kitchen.jpg,https://thumb.wikimedia.org/wikipedia/commons/thumb/b/b0/Senior_woman_brewing_tea_in_a_cozy_kitchen.jpg/960px-Senior_woman_brewing_tea_in_a_cozy_kitchen.jpg?utm_source=commons.wikimedia.org&utm_campaign=imageinfo&utm_content=thumbnail
smiling_901_File_Sign_sakura_misaki.jpg,Category:Smiling,File:Sign sakura-misaki.png,Wiki fan 21,CC BY-SA 4.0,https://commons.wikimedia.org/wiki/File%3ASign_sakura-misaki.png,https://thumb.wikimedia.org/wikipedia/commons/thumb/0/0f/Sign_sakura-misaki.png/960px-Sign_sakura-misaki.png?utm_source=commons.wikimedia.org&utm_campaign=imageinfo&utm_content=thumbnail
smiling_920_File_Simplified_drawing_of_bald_Human_smiling.jpg,Category:Smiling,File:Simplified drawing of bald Human smiling.png,Yitzilitt,CC BY-SA 4.0,https://commons.wikimedia.org/wiki/File%3ASimplified_drawing_of_bald_Human_smiling.png,https://upload.wikimedia.org/wikipedia/commons/f/f3/Simplified_drawing_of_bald_Human_smiling.png?utm_source=commons.wikimedia.org&utm_campaign=imageinfo&utm_content=thumbnail_unscaled
smiling_811_File_Sinister_Smile_Image.jpg,Category:Smiling,File:Sinister Smile Image.jpg,Latte1703,CC BY-SA 4.0,https://commons.wikimedia.org/wiki/File%3ASinister_Smile_Image.jpg,https://thumb.wikimedia.org/wikipedia/commons/thumb/6/6f/Sinister_Smile_Image.jpg/960px-Sinister_Smile_Image.jpg?utm_source=commons.wikimedia.org&utm_campaign=imageinfo&utm_content=thumbnail
smiling_979_File_Smile_seeler.jpg,Category:Smiling,File:Smile seeler.jpg,Marc Vick,CC BY-SA 4.0,https://commons.wikimedia.org/wiki/File%3ASmile_seeler.jpg,https://thumb.wikimedia.org/wikipedia/commons/thumb/7/79/Smile_seeler.jpg/960px-Smile_seeler.jpg?utm_source=commons.wikimedia.org&utm_campaign=imageinfo&utm_content=thumbnail
smiling_641_File_Smile_blink.jpg,Category:Smiling,File:Smile-blink.gif,Simscar,Public domain,https://commons.wikimedia.org/wiki/File%3ASmile-blink.gif,https://upload.wikimedia.org/wikipedia/commons/9/98/Smile-blink.gif?utm_source=commons.wikimedia.org&utm_campaign=imageinfo&utm_content=thumbnail_unscaled
smiling_489_File_Smile1.jpg,Category:Smiling,File:Smile1.gif,Grin,CC BY-SA 3.0,https://commons.wikimedia.org/wiki/File%3ASmile1.gif,https://upload.wikimedia.org/wikipedia/commons/e/e7/Smile1.gif?utm_source=commons.wikimedia.org&utm_campaign=imageinfo&utm_content=thumbnail_unscaled
smiling_977_File_SmileRoom.jpg,Category:Smiling,File:SmileRoom.webp,Smile room,CC BY-SA 4.0,https://commons.wikimedia.org/wiki/File%3ASmileRoom.webp,https://upload.wikimedia.org/wikipedia/commons/1/14/SmileRoom.webp?utm_source=commons.wikimedia.org&utm_campaign=imageinfo&utm_content=thumbnail_unscaled
smiling_765_File_Smiley_face.jpg,Category:Smiling,File:Smiley face..jpg,Monika Wahi,CC BY-SA 3.0,https://commons.wikimedia.org/wiki/File%3ASmiley_face..jpg,https://thumb.wikimedia.org/wikipedia/commons/thumb/2/20/Smiley_face..jpg/960px-Smiley_face..jpg?utm_source=commons.wikimedia.org&utm_campaign=imageinfo&utm_content=thumbnail
smiling_535_File_Smileys.jpg,Category:Smiling,File:Smileys.jpg,Mythilinadaraj,CC BY-SA 4.0,https://commons.wikimedia.org/wiki/File%3ASmileys.jpg,https://thumb.wikimedia.org/wikipedia/commons/thumb/b/b8/Smileys.jpg/960px-Smileys.jpg?utm_source=commons.wikimedia.org&utm_campaign=imageinfo&utm_content=thumbnail
smiling_695_File_Smiling_Paper_Cup.jpg,Category:Smiling,File:Smiling Paper Cup.jpg,About672599,CC BY-SA 4.0,https://commons.wikimedia.org/wiki/File%3ASmiling_Paper_Cup.jpg,https://thumb.wikimedia.org/wikipedia/commons/thumb/b/b6/Smiling_Paper_Cup.jpg/960px-Smiling_Paper_Cup.jpg?utm_source=commons.wikimedia.org&utm_campaign=imageinfo&utm_content=thumbnail
smiling_940_File_Smiling_senior_woman_with_curly_hair_portrait.jpg,Category:Smiling,File:Smiling senior woman with curly hair portrait.jpg,Shixart1985,CC BY 2.0,https://commons.wikimedia.org/wiki/File%3ASmiling_senior_woman_with_curly_hair_portrait.jpg,https://thumb.wikimedia.org/wikipedia/commons/thumb/8/81/Smiling_senior_woman_with_curly_hair_portrait.jpg/960px-Smiling_senior_woman_with_curly_hair_portrait.jpg?utm_source=commons.wikimedia.org&utm_campaign=imageinfo&utm_content=thumbnail
smiling_735_File_Smiling_woman_enjoying_a_moment_of_reflection.jpg,Category:Smiling,File:Smiling woman enjoying a moment of reflection beside.jpg,Shixart1985,CC BY 2.0,https://commons.wikimedia.org/wiki/File%3ASmiling_woman_enjoying_a_moment_of_reflection_beside.jpg,https://thumb.wikimedia.org/wikipedia/commons/thumb/4/49/Smiling_woman_enjoying_a_moment_of_reflection_beside.jpg/960px-Smiling_woman_enjoying_a_moment_of_reflection_beside.jpg?utm_source=commons.wikimedia.org&utm_campaign=imageinfo&utm_content=thumbnail
smiling_908_File_Status_Baper_01.jpg,Category:Smiling,File:Status Baper 01.png,Status Baper Official,CC BY-SA 4.0,https://commons.wikimedia.org/wiki/File%3AStatus_Baper_01.png,https://thumb.wikimedia.org/wikipedia/commons/thumb/1/1e/Status_Baper_01.png/960px-Status_Baper_01.png?utm_source=commons.wikimedia.org&utm_campaign=imageinfo&utm_content=thumbnail
smiling_077_File_Status_Baper_02.jpg,Category:Smiling,File:Status Baper 02.jpg,Status Baper Official,CC BY-SA 4.0,https://commons.wikimedia.org/wiki/File%3AStatus_Baper_02.jpg,https://thumb.wikimedia.org/wikipedia/commons/thumb/4/42/Status_Baper_02.jpg/960px-Status_Baper_02.jpg?utm_source=commons.wikimedia.org&utm_campaign=imageinfo&utm_content=thumbnail
smiling_540_File_String_Figures_and_How_to_Make_Them_page_323.jpg,Category:Smiling,File:String Figures and How to Make Them (page 323 crop).jpg,"Caroline Furness Jayne (1873-1909), Introduction and some photos by Alfred Cort Haddon (1855-1940), other photos are either ""Courtesy of Mr. S. C. Simms"" (that is Stephen Chapman Simms (1863-1937) of the Field Colombian Museum, Chicago (now the Field Museum of Natural History)), or by William Henry Furness III (1866-1920), the brother of the principal author.",Public domain,https://commons.wikimedia.org/wiki/File%3AString_Figures_and_How_to_Make_Them_%28page_323_crop%29.jpg,https://upload.wikimedia.org/wikipedia/commons/a/ac/String_Figures_and_How_to_Make_Them_%28page_323_crop%29.jpg?utm_source=commons.wikimedia.org&utm_campaign=imageinfo&utm_content=thumbnail_unscaled
smiling_205_File_Takad_troupe_seated_in_the_stadium_at_SK_Fest.jpg,Category:Smiling,File:Takad troupe seated in the stadium at SK Fest 2024 03.jpg,Kambai Akau,CC BY-SA 4.0,https://commons.wikimedia.org/wiki/File%3ATakad_troupe_seated_in_the_stadium_at_SK_Fest_2024_03.jpg,https://thumb.wikimedia.org/wikipedia/commons/thumb/a/a7/Takad_troupe_seated_in_the_stadium_at_SK_Fest_2024_03.jpg/960px-Takad_troupe_seated_in_the_stadium_at_SK_Fest_2024_03.jpg?utm_source=commons.wikimedia.org&utm_campaign=imageinfo&utm_content=thumbnail
smiling_471_File_Take_a_smile_they_re_free.jpg,Category:Smiling,File:Take a smile - they're free.jpg,Romaine,CC0,https://commons.wikimedia.org/wiki/File%3ATake_a_smile_-_they%27re_free.jpg,https://thumb.wikimedia.org/wikipedia/commons/thumb/a/a5/Take_a_smile_-_they%27re_free.jpg/960px-Take_a_smile_-_they%27re_free.jpg?utm_source=commons.wikimedia.org&utm_campaign=imageinfo&utm_content=thumbnail
smiling_123_File_Telenet_wiki_logo_yellow.jpg,Category:Smiling,File:Telenet-wiki-logo-yellow.png,Telenet NV,CC BY-SA 4.0,https://commons.wikimedia.org/wiki/File%3ATelenet-wiki-logo-yellow.png,https://upload.wikimedia.org/wikipedia/commons/0/0d/Telenet-wiki-logo-yellow.png?utm_source=commons.wikimedia.org&utm_campaign=imageinfo&utm_content=thumbnail_unscaled
smiling_585_File_Thermosmile_308025245.jpg,Category:Smiling,File:Thermosmile (308025245).jpg,"Paul Holloway from Birmingham, United Kingdom",CC BY-SA 2.0,https://commons.wikimedia.org/wiki/File%3AThermosmile_%28308025245%29.jpg,https://upload.wikimedia.org/wikipedia/commons/5/5b/Thermosmile_%28308025245%29.jpg?utm_source=commons.wikimedia.org&utm_campaign=imageinfo&utm_content=thumbnail_unscaled
smiling_600_File_This_Giddy_Globe_41.jpg,Category:Smiling,File:This Giddy Globe (41).png,Oliver Herford,Public domain,https://commons.wikimedia.org/wiki/File%3AThis_Giddy_Globe_%2841%29.png,https://upload.wikimedia.org/wikipedia/commons/c/c6/This_Giddy_Globe_%2841%29.png?utm_source=commons.wikimedia.org&utm_campaign=imageinfo&utm_content=thumbnail_unscaled
smiling_520_File_Today_a_reader_tomorrow_a_leader.jpg,Category:Smiling,"File:Today a reader, tomorrow a leader.jpg",Maulanifk,CC BY-SA 4.0,https://commons.wikimedia.org/wiki/File%3AToday_a_reader%2C_tomorrow_a_leader.jpg,https://thumb.wikimedia.org/wikipedia/commons/thumb/4/43/Today_a_reader%2C_tomorrow_a_leader.jpg/960px-Today_a_reader%2C_tomorrow_a_leader.jpg?utm_source=commons.wikimedia.org&utm_campaign=imageinfo&utm_content=thumbnail
smiling_449_File_Victoria_Arcade_Victoria_London_shopping_arca.jpg,Category:Smiling,"File:Victoria Arcade - Victoria, London - shopping arcade (8103459400).jpg","Elliott Brown from Birmingham, United Kingdom",CC BY 2.0,https://commons.wikimedia.org/wiki/File%3AVictoria_Arcade_-_Victoria%2C_London_-_shopping_arcade_%288103459400%29.jpg,https://thumb.wikimedia.org/wikipedia/commons/thumb/1/1d/Victoria_Arcade_-_Victoria%2C_London_-_shopping_arcade_%288103459400%29.jpg/960px-Victoria_Arcade_-_Victoria%2C_London_-_shopping_arcade_%288103459400%29.jpg?utm_source=commons.wikimedia.org&utm_campaign=imageinfo&utm_content=thumbnail
smiling_524_File_V_RTICE_7_8_P53.jpg,Category:Smiling,File:VÉRTICE 7-8 P53.jpg,"""L.E. Velasco"" (unidentified)",Public domain,https://commons.wikimedia.org/wiki/File%3AV%C3%89RTICE_7-8_P53.jpg,https://thumb.wikimedia.org/wikipedia/commons/thumb/7/7c/V%C3%89RTICE_7-8_P53.jpg/960px-V%C3%89RTICE_7-8_P53.jpg?utm_source=commons.wikimedia.org&utm_campaign=imageinfo&utm_content=thumbnail
smiling_523_File_White_Heart_with_a_Smiley_Face.jpg,Category:Smiling,File:White Heart with a Smiley Face.jpg,Busition,CC BY-SA 4.0,https://commons.wikimedia.org/wiki/File%3AWhite_Heart_with_a_Smiley_Face.jpg,https://thumb.wikimedia.org/wikipedia/commons/thumb/b/bd/White_Heart_with_a_Smiley_Face.jpg/960px-White_Heart_with_a_Smiley_Face.jpg?utm_source=commons.wikimedia.org&utm_campaign=imageinfo&utm_content=thumbnail
smiling_319_File_Woman_smiles_brightly_after_completing_a_race.jpg,Category:Smiling,File:Woman smiles brightly after completing a race at an outdoor event with other participants around her.jpg,Shixart1985,CC BY 2.0,https://commons.wikimedia.org/wiki/File%3AWoman_smiles_brightly_after_completing_a_race_at_an_outdoor_event_with_other_participants_around_her.jpg,https://thumb.wikimedia.org/wikipedia/commons/thumb/d/d4/Woman_smiles_brightly_after_completing_a_race_at_an_outdoor_event_with_other_participants_around_her.jpg/960px-Woman_smiles_brightly_after_completing_a_race_at_an_outdoor_event_with_other_participants_around_her.jpg?utm_source=commons.wikimedia.org&utm_campaign=imageinfo&utm_content=thumbnail
smiling_205_File_Woman_stands_in_doorway_smiling.jpg,Category:Smiling,File:Woman stands in doorway smiling.jpg,Shixart1985,CC BY 2.0,https://commons.wikimedia.org/wiki/File%3AWoman_stands_in_doorway_smiling.jpg,https://thumb.wikimedia.org/wikipedia/commons/thumb/0/00/Woman_stands_in_doorway_smiling.jpg/960px-Woman_stands_in_doorway_smiling.jpg?utm_source=commons.wikimedia.org&utm_campaign=imageinfo&utm_content=thumbnail
smiling_990_File_Young_woman_sitting_on_a_bench_smiling_while.jpg,Category:Smiling,File:Young woman sitting on a bench smiling while stretching her arms in a public area during the day.jpg,Shixart1985,CC BY 2.0,https://commons.wikimedia.org/wiki/File%3AYoung_woman_sitting_on_a_bench_smiling_while_stretching_her_arms_in_a_public_area_during_the_day.jpg,https://thumb.wikimedia.org/wikipedia/commons/thumb/0/08/Young_woman_sitting_on_a_bench_smiling_while_stretching_her_arms_in_a_public_area_during_the_day.jpg/960px-Young_woman_sitting_on_a_bench_smiling_while_stretching_her_arms_in_a_public_area_during_the_day.jpg?utm_source=commons.wikimedia.org&utm_campaign=imageinfo&utm_content=thumbnail
smiling_902_File_2050465239.jpg,Category:Smiling,File:Ребёнок в машине! (2050465239).jpg,"skhakirov from Donetsk, Ukraine",CC BY-SA 2.0,https://commons.wikimedia.org/wiki/File%3A%D0%A0%D0%B5%D0%B1%D1%91%D0%BD%D0%BE%D0%BA_%D0%B2_%D0%BC%D0%B0%D1%88%D0%B8%D0%BD%D0%B5%21_%282050465239%29.jpg,https://thumb.wikimedia.org/wikipedia/commons/thumb/1/1e/%D0%A0%D0%B5%D0%B1%D1%91%D0%BD%D0%BE%D0%BA_%D0%B2_%D0%BC%D0%B0%D1%88%D0%B8%D0%BD%D0%B5%21_%282050465239%29.jpg/960px-%D0%A0%D0%B5%D0%B1%D1%91%D0%BD%D0%BE%D0%BA_%D0%B2_%D0%BC%D0%B0%D1%88%D0%B8%D0%BD%D0%B5%21_%282050465239%29.jpg?utm_source=commons.wikimedia.org&utm_campaign=imageinfo&utm_content=thumbnail
happiness_252_File_Portrait_of_Adele_Girard_Joe_Marsala_Nesuhi_E.jpg,Category:Happiness,"File:(Portrait of Adele Girard, Joe Marsala, Nesuhi Ertegun, and William P. Gottlieb, Turkish Embassy, Washington, D.C., ca. 1940) (LOC) (5269524820).jpg",The Library of Congress,Public domain,https://commons.wikimedia.org/wiki/File%3A%28Portrait_of_Adele_Girard%2C_Joe_Marsala%2C_Nesuhi_Ertegun%2C_and_William_P._Gottlieb%2C_Turkish_Embassy%2C_Washington%2C_D.C.%2C_ca._1940%29_%28LOC%29_%285269524820%29.jpg,https://thumb.wikimedia.org/wikipedia/commons/thumb/9/9c/%28Portrait_of_Adele_Girard%2C_Joe_Marsala%2C_Nesuhi_Ertegun%2C_and_William_P._Gottlieb%2C_Turkish_Embassy%2C_Washington%2C_D.C.%2C_ca._1940%29_%28LOC%29_%285269524820%29.jpg/960px-%28Portrait_of_Adele_Girard%2C_Joe_Marsala%2C_Nesuhi_Ertegun%2C_and_William_P._Gottlieb%2C_Turkish_Embassy%2C_Washington%2C_D.C.%2C_ca._1940%29_%28LOC%29_%285269524820%29.jpg?utm_source=commons.wikimedia.org&utm_campaign=imageinfo&utm_content=thumbnail
happiness_959_File.jpg,Category:Happiness,File:-Мыльный пузырь.jpg,Mikhail Kapychka,CC BY 4.0,https://commons.wikimedia.org/wiki/File%3A-%D0%9C%D1%8B%D0%BB%D1%8C%D0%BD%D1%8B%D0%B9_%D0%BF%D1%83%D0%B7%D1%8B%D1%80%D1%8C.jpg,https://thumb.wikimedia.org/wikipedia/commons/thumb/c/cb/-%D0%9C%D1%8B%D0%BB%D1%8C%D0%BD%D1%8B%D0%B9_%D0%BF%D1%83%D0%B7%D1%8B%D1%80%D1%8C.jpg/960px--%D0%9C%D1%8B%D0%BB%D1%8C%D0%BD%D1%8B%D0%B9_%D0%BF%D1%83%D0%B7%D1%8B%D1%80%D1%8C.jpg?utm_source=commons.wikimedia.org&utm_campaign=imageinfo&utm_content=thumbnail
happiness_705_File_002_2014_08_18_Emotionen.jpg,Category:Happiness,File:002 2014 08 18 Emotionen.jpg,Friedrich Haag,CC BY-SA 4.0,https://commons.wikimedia.org/wiki/File%3A002_2014_08_18_Emotionen.jpg,https://thumb.wikimedia.org/wikipedia/commons/thumb/f/f2/002_2014_08_18_Emotionen.jpg/960px-002_2014_08_18_Emotionen.jpg?utm_source=commons.wikimedia.org&utm_campaign=imageinfo&utm_content=thumbnail
happiness_763_File.jpg,Category:Happiness,File:Р. Генін. Радасць.JPG,Robert Genin,Public domain,https://commons.wikimedia.org/wiki/File%3A%D0%A0._%D0%93%D0%B5%D0%BD%D1%96%D0%BD._%D0%A0%D0%B0%D0%B4%D0%B0%D1%81%D1%86%D1%8C.JPG,https://thumb.wikimedia.org/wikipedia/commons/thumb/d/dc/%D0%A0._%D0%93%D0%B5%D0%BD%D1%96%D0%BD._%D0%A0%D0%B0%D0%B4%D0%B0%D1%81%D1%86%D1%8C.JPG/960px-%D0%A0._%D0%93%D0%B5%D0%BD%D1%96%D0%BD._%D0%A0%D0%B0%D0%B4%D0%B0%D1%81%D1%86%D1%8C.JPG?utm_source=commons.wikimedia.org&utm_campaign=imageinfo&utm_content=thumbnail
happiness_969_File_1967_World_Ice_Hockey_Championships_USSR_CAN.jpg,Category:Happiness,File:1967 World Ice Hockey Championships USSR-CAN 2.jpg,"Basch, Fritz",CC BY-SA 3.0 nl,https://commons.wikimedia.org/wiki/File%3A1967_World_Ice_Hockey_Championships_USSR-CAN_2.jpg,https://thumb.wikimedia.org/wikipedia/commons/thumb/7/7d/1967_World_Ice_Hockey_Championships_USSR-CAN_2.jpg/960px-1967_World_Ice_Hockey_Championships_USSR-CAN_2.jpg?utm_source=commons.wikimedia.org&utm_campaign=imageinfo&utm_content=thumbnail
happiness_135_File_2015_District_Championships_West_Geauga_15.jpg,Category:Happiness,File:2015 District Championships West Geauga 15.jpg,K.M. Klemencic,CC BY 2.0,https://commons.wikimedia.org/wiki/File%3A2015_District_Championships_West_Geauga_15.jpg,https://thumb.wikimedia.org/wikipedia/commons/thumb/4/48/2015_District_Championships_West_Geauga_15.jpg/960px-2015_District_Championships_West_Geauga_15.jpg?utm_source=commons.wikimedia.org&utm_campaign=imageinfo&utm_content=thumbnail
happiness_737_File_2015_District_Championships_West_Geauga_20.jpg,Category:Happiness,File:2015 District Championships West Geauga 20.jpg,K.M. Klemencic,CC BY 2.0,https://commons.wikimedia.org/wiki/File%3A2015_District_Championships_West_Geauga_20.jpg,https://thumb.wikimedia.org/wikipedia/commons/thumb/0/00/2015_District_Championships_West_Geauga_20.jpg/960px-2015_District_Championships_West_Geauga_20.jpg?utm_source=commons.wikimedia.org&utm_campaign=imageinfo&utm_content=thumbnail
happiness_047_File_2022_11_15_Birgit_Fees_und_Christine_Preitaue.jpg,Category:Happiness,File:2022-11-15 Birgit Fees und Christine Preitauer netzwerken im Moca Café.jpg,Bernd Schwabe in Hannover,CC BY-SA 4.0,https://commons.wikimedia.org/wiki/File%3A2022-11-15_Birgit_Fees_und_Christine_Preitauer_netzwerken_im_Moca_Caf%C3%A9.jpg,https://thumb.wikimedia.org/wikipedia/commons/thumb/0/0d/2022-11-15_Birgit_Fees_und_Christine_Preitauer_netzwerken_im_Moca_Caf%C3%A9.jpg/960px-2022-11-15_Birgit_Fees_und_Christine_Preitauer_netzwerken_im_Moca_Caf%C3%A9.jpg?utm_source=commons.wikimedia.org&utm_campaign=imageinfo&utm_content=thumbnail
happiness_628_File_5_steps_to_a_happier_life.jpg,Category:Happiness,File:5 steps to a happier life.jpg,LeoRomero,CC BY-SA 3.0,https://commons.wikimedia.org/wiki/File%3A5_steps_to_a_happier_life.jpg,https://thumb.wikimedia.org/wikipedia/commons/thumb/9/9c/5_steps_to_a_happier_life.jpg/960px-5_steps_to_a_happier_life.jpg?utm_source=commons.wikimedia.org&utm_campaign=imageinfo&utm_content=thumbnail
happiness_108_File_5_Steps_to_Create_Happiness.jpg,Category:Happiness,File:5 Steps to Create Happiness.gif,Lorelei Gomez,CC BY-SA 4.0,https://commons.wikimedia.org/wiki/File%3A5_Steps_to_Create_Happiness.gif,https://thumb.wikimedia.org/wikipedia/commons/thumb/6/61/5_Steps_to_Create_Happiness.gif/960px-5_Steps_to_Create_Happiness.gif?utm_source=commons.wikimedia.org&utm_campaign=imageinfo&utm_content=thumbnail
happiness_854_File_55_aspetti_di_vita_quotidiana_gioia_Taccuino.jpg,Category:Happiness,"File:55-aspetti di vita quotidiana, gioia,Taccuino Sanitatis, Cas.jpg",unknown master,Public domain,https://commons.wikimedia.org/wiki/File%3A55-aspetti_di_vita_quotidiana%2C_gioia%2CTaccuino_Sanitatis%2C_Cas.jpg,https://thumb.wikimedia.org/wikipedia/commons/thumb/e/ec/55-aspetti_di_vita_quotidiana%2C_gioia%2CTaccuino_Sanitatis%2C_Cas.jpg/960px-55-aspetti_di_vita_quotidiana%2C_gioia%2CTaccuino_Sanitatis%2C_Cas.jpg?utm_source=commons.wikimedia.org&utm_campaign=imageinfo&utm_content=thumbnail
happiness_449_File_59_years_old_guy_s_happiness_with_his_friend.jpg,Category:Happiness,File:59 years old guy's happiness with his friend's grant daughter.jpg,Arunpandi689,CC BY-SA 4.0,https://commons.wikimedia.org/wiki/File%3A59_years_old_guy%27s_happiness_with_his_friend%27s_grant_daughter.jpg,https://upload.wikimedia.org/wikipedia/commons/8/8f/59_years_old_guy%27s_happiness_with_his_friend%27s_grant_daughter.jpg?utm_source=commons.wikimedia.org&utm_campaign=imageinfo&utm_content=thumbnail_unscaled
happiness_843_File_9_Mai_1945_Falstadfangene_vender_hjem_Liberat.jpg,Category:Happiness,File:9 Mai 1945 - Falstadfangene vender hjem - Liberated political prisoners returns home from Falstad concentration camp (3807219965).jpg,"Municipal Archives of Trondheim from Trondheim, Norway",CC BY 2.0,https://commons.wikimedia.org/wiki/File%3A9_Mai_1945_-_Falstadfangene_vender_hjem_-_Liberated_political_prisoners_returns_home_from_Falstad_concentration_camp_%283807219965%29.jpg,https://thumb.wikimedia.org/wikipedia/commons/thumb/9/9b/9_Mai_1945_-_Falstadfangene_vender_hjem_-_Liberated_political_prisoners_returns_home_from_Falstad_concentration_camp_%283807219965%29.jpg/960px-9_Mai_1945_-_Falstadfangene_vender_hjem_-_Liberated_political_prisoners_returns_home_from_Falstad_concentration_camp_%283807219965%29.jpg?utm_source=commons.wikimedia.org&utm_campaign=imageinfo&utm_content=thumbnail
happiness_976_File_9_Mai_1945_Falstadfangene_vender_hjem_Liberat.jpg,Category:Happiness,File:9 Mai 1945 - Falstadfangene vender hjem - Liberated political prisoners returns home from Falstad concentration camp (3808033672).jpg,"Municipal Archives of Trondheim from Trondheim, Norway",CC BY 2.0,https://commons.wikimedia.org/wiki/File%3A9_Mai_1945_-_Falstadfangene_vender_hjem_-_Liberated_political_prisoners_returns_home_from_Falstad_concentration_camp_%283808033672%29.jpg,https://thumb.wikimedia.org/wikipedia/commons/thumb/7/76/9_Mai_1945_-_Falstadfangene_vender_hjem_-_Liberated_political_prisoners_returns_home_from_Falstad_concentration_camp_%283808033672%29.jpg/960px-9_Mai_1945_-_Falstadfangene_vender_hjem_-_Liberated_political_prisoners_returns_home_from_Falstad_concentration_camp_%283808033672%29.jpg?utm_source=commons.wikimedia.org&utm_campaign=imageinfo&utm_content=thumbnail
happiness_800_File_A_cheerful_girl_with_glasses.jpg,Category:Happiness,File:A cheerful girl with glasses.jpg,Kimberly Vardeman,CC BY 2.0,https://commons.wikimedia.org/wiki/File%3AA_cheerful_girl_with_glasses.jpg,https://thumb.wikimedia.org/wikipedia/commons/thumb/2/2b/A_cheerful_girl_with_glasses.jpg/960px-A_cheerful_girl_with_glasses.jpg?utm_source=commons.wikimedia.org&utm_campaign=imageinfo&utm_content=thumbnail
happiness_294_File_A_couple_drives_down_a_rural_road_in_a_vintag.jpg,Category:Happiness,File:A couple drives down a rural road in a vintage car.jpg,Shixart1985,CC BY 2.0,https://commons.wikimedia.org/wiki/File%3AA_couple_drives_down_a_rural_road_in_a_vintage_car.jpg,https://thumb.wikimedia.org/wikipedia/commons/thumb/8/89/A_couple_drives_down_a_rural_road_in_a_vintage_car.jpg/960px-A_couple_drives_down_a_rural_road_in_a_vintage_car.jpg?utm_source=commons.wikimedia.org&utm_campaign=imageinfo&utm_content=thumbnail
happiness_945_File_A_couple_enjoys_a_lively_dance_on_an_urban_ro.jpg,Category:Happiness,"File:A couple enjoys a lively dance on an urban rooftop, with the woman's hair flowing freely as they embrace the carefree moment together.jpg",Shixart1985,CC BY 2.0,https://commons.wikimedia.org/wiki/File%3AA_couple_enjoys_a_lively_dance_on_an_urban_rooftop%2C_with_the_woman%27s_hair_flowing_freely_as_they_embrace_the_carefree_moment_together.jpg,https://thumb.wikimedia.org/wikipedia/commons/thumb/2/27/A_couple_enjoys_a_lively_dance_on_an_urban_rooftop%2C_with_the_woman%27s_hair_flowing_freely_as_they_embrace_the_carefree_moment_together.jpg/960px-A_couple_enjoys_a_lively_dance_on_an_urban_rooftop%2C_with_the_woman%27s_hair_flowing_freely_as_they_embrace_the_carefree_moment_together.jpg?utm_source=commons.wikimedia.org&utm_campaign=imageinfo&utm_content=thumbnail
happiness_846_File_A_couple_enjoys_a_moment_of_laughter_as_they.jpg,Category:Happiness,File:A couple enjoys a moment of laughter as they embrace and spin playfully in an outdoor location.jpg,Shixart1985,CC BY 2.0,https://commons.wikimedia.org/wiki/File%3AA_couple_enjoys_a_moment_of_laughter_as_they_embrace_and_spin_playfully_in_an_outdoor_location.jpg,https://thumb.wikimedia.org/wikipedia/commons/thumb/e/ee/A_couple_enjoys_a_moment_of_laughter_as_they_embrace_and_spin_playfully_in_an_outdoor_location.jpg/960px-A_couple_enjoys_a_moment_of_laughter_as_they_embrace_and_spin_playfully_in_an_outdoor_location.jpg?utm_source=commons.wikimedia.org&utm_campaign=imageinfo&utm_content=thumbnail
happiness_120_File_A_couple_enjoys_a_playful_and_intimate_moment.jpg,Category:Happiness,File:A couple enjoys a playful and intimate moment as one partner lies on the hood of a vintage car.jpg,Shixart1985,CC BY 2.0,https://commons.wikimedia.org/wiki/File%3AA_couple_enjoys_a_playful_and_intimate_moment_as_one_partner_lies_on_the_hood_of_a_vintage_car.jpg,https://thumb.wikimedia.org/wikipedia/commons/thumb/d/da/A_couple_enjoys_a_playful_and_intimate_moment_as_one_partner_lies_on_the_hood_of_a_vintage_car.jpg/960px-A_couple_enjoys_a_playful_and_intimate_moment_as_one_partner_lies_on_the_hood_of_a_vintage_car.jpg?utm_source=commons.wikimedia.org&utm_campaign=imageinfo&utm_content=thumbnail
happiness_411_File_A_couple_happily_washes_their_car_at_a_self_s.jpg,Category:Happiness,File:A couple happily washes their car at a self-service car wash.jpg,Shixart1985,CC BY 2.0,https://commons.wikimedia.org/wiki/File%3AA_couple_happily_washes_their_car_at_a_self-service_car_wash.jpg,https://thumb.wikimedia.org/wikipedia/commons/thumb/7/70/A_couple_happily_washes_their_car_at_a_self-service_car_wash.jpg/960px-A_couple_happily_washes_their_car_at_a_self-service_car_wash.jpg?utm_source=commons.wikimedia.org&utm_campaign=imageinfo&utm_content=thumbnail
happiness_412_File_A_couple_is_having_fun_sitting_on_the_roof_of.jpg,Category:Happiness,"File:A couple is having fun, sitting on the roof of a car at sunset.jpg",Shixart1985,CC BY 2.0,https://commons.wikimedia.org/wiki/File%3AA_couple_is_having_fun%2C_sitting_on_the_roof_of_a_car_at_sunset.jpg,https://thumb.wikimedia.org/wikipedia/commons/thumb/2/20/A_couple_is_having_fun%2C_sitting_on_the_roof_of_a_car_at_sunset.jpg/960px-A_couple_is_having_fun%2C_sitting_on_the_roof_of_a_car_at_sunset.jpg?utm_source=commons.wikimedia.org&utm_campaign=imageinfo&utm_content=thumbnail
happiness_236_File_A_couple_playfully_sprays_water_while_washing.jpg,Category:Happiness,File:A couple playfully sprays water while washing their car at a car wash.jpg,Shixart1985,CC BY 2.0,https://commons.wikimedia.org/wiki/File%3AA_couple_playfully_sprays_water_while_washing_their_car_at_a_car_wash.jpg,https://thumb.wikimedia.org/wikipedia/commons/thumb/9/90/A_couple_playfully_sprays_water_while_washing_their_car_at_a_car_wash.jpg/960px-A_couple_playfully_sprays_water_while_washing_their_car_at_a_car_wash.jpg?utm_source=commons.wikimedia.org&utm_campaign=imageinfo&utm_content=thumbnail
happiness_982_File_A_couple_relaxes_on_the_ground_together_smili.jpg,Category:Happiness,"File:A couple relaxes on the ground together, smiling and holding hands while lying near a vintage car.jpg",Shixart1985,CC BY 2.0,https://commons.wikimedia.org/wiki/File%3AA_couple_relaxes_on_the_ground_together%2C_smiling_and_holding_hands_while_lying_near_a_vintage_car.jpg,https://thumb.wikimedia.org/wikipedia/commons/thumb/e/ee/A_couple_relaxes_on_the_ground_together%2C_smiling_and_holding_hands_while_lying_near_a_vintage_car.jpg/960px-A_couple_relaxes_on_the_ground_together%2C_smiling_and_holding_hands_while_lying_near_a_vintage_car.jpg?utm_source=commons.wikimedia.org&utm_campaign=imageinfo&utm_content=thumbnail
happiness_675_File_A_couple_shares_a_joyful_moment_on_a_vintage.jpg,Category:Happiness,"File:A couple shares a joyful moment on a vintage car, basking in the warm glow of the sunset.jpg",Shixart1985,CC BY 2.0,https://commons.wikimedia.org/wiki/File%3AA_couple_shares_a_joyful_moment_on_a_vintage_car%2C_basking_in_the_warm_glow_of_the_sunset.jpg,https://thumb.wikimedia.org/wikipedia/commons/thumb/d/df/A_couple_shares_a_joyful_moment_on_a_vintage_car%2C_basking_in_the_warm_glow_of_the_sunset.jpg/960px-A_couple_shares_a_joyful_moment_on_a_vintage_car%2C_basking_in_the_warm_glow_of_the_sunset.jpg?utm_source=commons.wikimedia.org&utm_campaign=imageinfo&utm_content=thumbnail
happiness_193_File_A_couple_shares_a_warm_embrace_smiling_happil.jpg,Category:Happiness,"File:A couple shares a warm embrace, smiling happily at each other while standing together near a quiet road.jpg",Shixart1985,CC BY 2.0,https://commons.wikimedia.org/wiki/File%3AA_couple_shares_a_warm_embrace%2C_smiling_happily_at_each_other_while_standing_together_near_a_quiet_road.jpg,https://thumb.wikimedia.org/wikipedia/commons/thumb/3/3a/A_couple_shares_a_warm_embrace%2C_smiling_happily_at_each_other_while_standing_together_near_a_quiet_road.jpg/960px-A_couple_shares_a_warm_embrace%2C_smiling_happily_at_each_other_while_standing_together_near_a_quiet_road.jpg?utm_source=commons.wikimedia.org&utm_campaign=imageinfo&utm_content=thumbnail
happiness_854_File_A_couple_shares_an_intimate_moment_on_top_of.jpg,Category:Happiness,"File:A couple shares an intimate moment on top of a vintage car, basking in the warm light of a sunset.jpg",Shixart1985,CC BY 2.0,https://commons.wikimedia.org/wiki/File%3AA_couple_shares_an_intimate_moment_on_top_of_a_vintage_car%2C_basking_in_the_warm_light_of_a_sunset.jpg,https://thumb.wikimedia.org/wikipedia/commons/thumb/3/3b/A_couple_shares_an_intimate_moment_on_top_of_a_vintage_car%2C_basking_in_the_warm_light_of_a_sunset.jpg/960px-A_couple_shares_an_intimate_moment_on_top_of_a_vintage_car%2C_basking_in_the_warm_light_of_a_sunset.jpg?utm_source=commons.wikimedia.org&utm_campaign=imageinfo&utm_content=thumbnail
happiness_028_File_A_couple_shares_laughter_and_affection_while.jpg,Category:Happiness,File:A couple shares laughter and affection while sitting on the trunk of a vintage car parked on a gravel road.jpg,Shixart1985,CC BY 2.0,https://commons.wikimedia.org/wiki/File%3AA_couple_shares_laughter_and_affection_while_sitting_on_the_trunk_of_a_vintage_car_parked_on_a_gravel_road.jpg,https://thumb.wikimedia.org/wikipedia/commons/thumb/8/8f/A_couple_shares_laughter_and_affection_while_sitting_on_the_trunk_of_a_vintage_car_parked_on_a_gravel_road.jpg/960px-A_couple_shares_laughter_and_affection_while_sitting_on_the_trunk_of_a_vintage_car_parked_on_a_gravel_road.jpg?utm_source=commons.wikimedia.org&utm_campaign=imageinfo&utm_content=thumbnail
happiness_369_File_A_couple_sits_on_the_hood_of_a_classic_car_sm.jpg,Category:Happiness,"File:A couple sits on the hood of a classic car, smiling and enjoying each other's company as the sun sets.jpg",Shixart1985,CC BY 2.0,https://commons.wikimedia.org/wiki/File%3AA_couple_sits_on_the_hood_of_a_classic_car%2C_smiling_and_enjoying_each_other%27s_company_as_the_sun_sets.jpg,https://thumb.wikimedia.org/wikipedia/commons/thumb/b/b2/A_couple_sits_on_the_hood_of_a_classic_car%2C_smiling_and_enjoying_each_other%27s_company_as_the_sun_sets.jpg/960px-A_couple_sits_on_the_hood_of_a_classic_car%2C_smiling_and_enjoying_each_other%27s_company_as_the_sun_sets.jpg?utm_source=commons.wikimedia.org&utm_campaign=imageinfo&utm_content=thumbnail
happiness_570_File_A_couple_sits_together_on_the_roof_of_an_old.jpg,Category:Happiness,"File:A couple sits together on the roof of an old car, sharing a moment as the sun sets behind them.jpg",Shixart1985,CC BY 2.0,https://commons.wikimedia.org/wiki/File%3AA_couple_sits_together_on_the_roof_of_an_old_car%2C_sharing_a_moment_as_the_sun_sets_behind_them.jpg,https://thumb.wikimedia.org/wikipedia/commons/thumb/a/a5/A_couple_sits_together_on_the_roof_of_an_old_car%2C_sharing_a_moment_as_the_sun_sets_behind_them.jpg/960px-A_couple_sits_together_on_the_roof_of_an_old_car%2C_sharing_a_moment_as_the_sun_sets_behind_them.jpg?utm_source=commons.wikimedia.org&utm_campaign=imageinfo&utm_content=thumbnail
happiness_705_File_A_couple_stands_close_together_holding_water.jpg,Category:Happiness,"File:A couple stands close together, holding water hoses and smiling.jpg",Shixart1985,CC BY 2.0,https://commons.wikimedia.org/wiki/File%3AA_couple_stands_close_together%2C_holding_water_hoses_and_smiling.jpg,https://thumb.wikimedia.org/wikipedia/commons/thumb/7/76/A_couple_stands_close_together%2C_holding_water_hoses_and_smiling.jpg/960px-A_couple_stands_close_together%2C_holding_water_hoses_and_smiling.jpg?utm_source=commons.wikimedia.org&utm_campaign=imageinfo&utm_content=thumbnail
happiness_930_File_A_couple_stands_playfully_beside_a_classic_ca.jpg,Category:Happiness,File:A couple stands playfully beside a classic car at a car wash.jpg,Shixart1985,CC BY 2.0,https://commons.wikimedia.org/wiki/File%3AA_couple_stands_playfully_beside_a_classic_car_at_a_car_wash.jpg,https://thumb.wikimedia.org/wikipedia/commons/thumb/3/35/A_couple_stands_playfully_beside_a_classic_car_at_a_car_wash.jpg/960px-A_couple_stands_playfully_beside_a_classic_car_at_a_car_wash.jpg?utm_source=commons.wikimedia.org&utm_campaign=imageinfo&utm_content=thumbnail
happiness_056_File_A_family_enjoys_quality_time_together_in_a_wa.jpg,Category:Happiness,File:A family enjoys quality time together in a warm cabin. The father plays guitar while the children listen and read books.jpg,Shixart1985,CC BY 2.0,https://commons.wikimedia.org/wiki/File%3AA_family_enjoys_quality_time_together_in_a_warm_cabin._The_father_plays_guitar_while_the_children_listen_and_read_books.jpg,https://thumb.wikimedia.org/wikipedia/commons/thumb/1/10/A_family_enjoys_quality_time_together_in_a_warm_cabin._The_father_plays_guitar_while_the_children_listen_and_read_books.jpg/960px-A_family_enjoys_quality_time_together_in_a_warm_cabin._The_father_plays_guitar_while_the_children_listen_and_read_books.jpg?utm_source=commons.wikimedia.org&utm_campaign=imageinfo&utm_content=thumbnail
happiness_017_File_A_group_of_people_celebrating_Kerala_India_20.jpg,Category:Happiness,"File:A group of people celebrating, Kerala, India (2023).jpg",Chashmishlad,CC BY-SA 4.0,https://commons.wikimedia.org/wiki/File%3AA_group_of_people_celebrating%2C_Kerala%2C_India_%282023%29.jpg,https://thumb.wikimedia.org/wikipedia/commons/thumb/8/8b/A_group_of_people_celebrating%2C_Kerala%2C_India_%282023%29.jpg/960px-A_group_of_people_celebrating%2C_Kerala%2C_India_%282023%29.jpg?utm_source=commons.wikimedia.org&utm_campaign=imageinfo&utm_content=thumbnail
happiness_740_File_A_Happy_Cartoon_Businesswoman.jpg,Category:Happiness,File:A Happy Cartoon Businesswoman.svg,Clip Art by Vector Toons,CC BY-SA 4.0,https://commons.wikimedia.org/wiki/File%3AA_Happy_Cartoon_Businesswoman.svg,https://thumb.wikimedia.org/wikipedia/commons/thumb/d/dc/A_Happy_Cartoon_Businesswoman.svg/960px-A_Happy_Cartoon_Businesswoman.svg.png?utm_source=commons.wikimedia.org&utm_campaign=imageinfo&utm_content=thumbnail
happiness_775_File_A_happy_couple_is_engaged_in_a_playful_intera.jpg,Category:Happiness,"File:A happy couple is engaged in a playful interaction on the trunk of a car, surrounded by nature during sunset.jpg",Shixart1985,CC BY 2.0,https://commons.wikimedia.org/wiki/File%3AA_happy_couple_is_engaged_in_a_playful_interaction_on_the_trunk_of_a_car%2C_surrounded_by_nature_during_sunset.jpg,https://thumb.wikimedia.org/wikipedia/commons/thumb/a/a5/A_happy_couple_is_engaged_in_a_playful_interaction_on_the_trunk_of_a_car%2C_surrounded_by_nature_during_sunset.jpg/960px-A_happy_couple_is_engaged_in_a_playful_interaction_on_the_trunk_of_a_car%2C_surrounded_by_nature_during_sunset.jpg?utm_source=commons.wikimedia.org&utm_campaign=imageinfo&utm_content=thumbnail
happiness_646_File_A_Happy_moment.jpg,Category:Happiness,File:A Happy moment.jpg,Ray the Bearman,CC BY-SA 4.0,https://commons.wikimedia.org/wiki/File%3AA_Happy_moment.jpg,https://thumb.wikimedia.org/wikipedia/commons/thumb/7/7d/A_Happy_moment.jpg/960px-A_Happy_moment.jpg?utm_source=commons.wikimedia.org&utm_campaign=imageinfo&utm_content=thumbnail
happiness_786_File_A_happy_warrior_during_the_Nom_Bajju_2026_Ann.jpg,Category:Happiness,File:A happy warrior during the Nom Bajju 2026 Annual Cultural Festival.jpg,Danjuma Anthony,CC BY-SA 4.0,https://commons.wikimedia.org/wiki/File%3AA_happy_warrior_during_the_Nom_Bajju_2026_Annual_Cultural_Festival.jpg,https://thumb.wikimedia.org/wikipedia/commons/thumb/7/7e/A_happy_warrior_during_the_Nom_Bajju_2026_Annual_Cultural_Festival.jpg/960px-A_happy_warrior_during_the_Nom_Bajju_2026_Annual_Cultural_Festival.jpg?utm_source=commons.wikimedia.org&utm_campaign=imageinfo&utm_content=thumbnail
happiness_260_File_A_joyful_couple_shares_a_playful_moment_outdo.jpg,Category:Happiness,"File:A joyful couple shares a playful moment outdoors, with one partner lifting the other on a wooden deck.jpg",Shixart1985,CC BY 2.0,https://commons.wikimedia.org/wiki/File%3AA_joyful_couple_shares_a_playful_moment_outdoors%2C_with_one_partner_lifting_the_other_on_a_wooden_deck.jpg,https://thumb.wikimedia.org/wikipedia/commons/thumb/9/9e/A_joyful_couple_shares_a_playful_moment_outdoors%2C_with_one_partner_lifting_the_other_on_a_wooden_deck.jpg/960px-A_joyful_couple_shares_a_playful_moment_outdoors%2C_with_one_partner_lifting_the_other_on_a_wooden_deck.jpg?utm_source=commons.wikimedia.org&utm_campaign=imageinfo&utm_content=thumbnail
happiness_050_File_A_little_cute_world.jpg,Category:Happiness,File:A little cute world.jpg,Ashmitgalav,CC BY-SA 4.0,https://commons.wikimedia.org/wiki/File%3AA_little_cute_world.jpg,https://thumb.wikimedia.org/wikipedia/commons/thumb/c/c5/A_little_cute_world.jpg/960px-A_little_cute_world.jpg?utm_source=commons.wikimedia.org&utm_campaign=imageinfo&utm_content=thumbnail
happiness_409_File_A_little_girl_from_Namche_Bazaar_Nepal_expres.jpg,Category:Happiness,"File:A little girl from Namche Bazaar, Nepal, expressing her happiness towards foreign visitors, photographed during the tour to the Mount Everest Base Camp, December 2, 2023.jpg",Billjones94,CC0,https://commons.wikimedia.org/wiki/File%3AA_little_girl_from_Namche_Bazaar%2C_Nepal%2C_expressing_her_happiness_towards_foreign_visitors%2C_photographed_during_the_tour_to_the_Mount_Everest_Base_Camp%2C_December_2%2C_2023.jpg,https://thumb.wikimedia.org/wikipedia/commons/thumb/a/a1/A_little_girl_from_Namche_Bazaar%2C_Nepal%2C_expressing_her_happiness_towards_foreign_visitors%2C_photographed_during_the_tour_to_the_Mount_Everest_Base_Camp%2C_December_2%2C_2023.jpg/960px-thumbnail.jpg?utm_source=commons.wikimedia.org&utm_campaign=imageinfo&utm_content=thumbnail
happiness_212_File_A_man_and_woman_are_laughing_and_playfully_sp.jpg,Category:Happiness,File:A man and woman are laughing and playfully spinning around together in an outdoor parking area.jpg,Shixart1985,CC BY 2.0,https://commons.wikimedia.org/wiki/File%3AA_man_and_woman_are_laughing_and_playfully_spinning_around_together_in_an_outdoor_parking_area.jpg,https://thumb.wikimedia.org/wikipedia/commons/thumb/4/4d/A_man_and_woman_are_laughing_and_playfully_spinning_around_together_in_an_outdoor_parking_area.jpg/960px-A_man_and_woman_are_laughing_and_playfully_spinning_around_together_in_an_outdoor_parking_area.jpg?utm_source=commons.wikimedia.org&utm_campaign=imageinfo&utm_content=thumbnail
happiness_137_File_A_man_and_woman_share_a_lighthearted_moment_w.jpg,Category:Happiness,File:A man and woman share a lighthearted moment while sitting on a classic car.jpg,Shixart1985,CC BY 2.0,https://commons.wikimedia.org/wiki/File%3AA_man_and_woman_share_a_lighthearted_moment_while_sitting_on_a_classic_car.jpg,https://thumb.wikimedia.org/wikipedia/commons/thumb/3/36/A_man_and_woman_share_a_lighthearted_moment_while_sitting_on_a_classic_car.jpg/960px-A_man_and_woman_share_a_lighthearted_moment_while_sitting_on_a_classic_car.jpg?utm_source=commons.wikimedia.org&utm_campaign=imageinfo&utm_content=thumbnail
happiness_202_File_A_man_and_woman_share_a_moment_as_they_dance.jpg,Category:Happiness,File:A man and woman share a moment as they dance together under natural light.jpg,Shixart1985,CC BY 2.0,https://commons.wikimedia.org/wiki/File%3AA_man_and_woman_share_a_moment_as_they_dance_together_under_natural_light.jpg,https://thumb.wikimedia.org/wikipedia/commons/thumb/9/93/A_man_and_woman_share_a_moment_as_they_dance_together_under_natural_light.jpg/960px-A_man_and_woman_share_a_moment_as_they_dance_together_under_natural_light.jpg?utm_source=commons.wikimedia.org&utm_campaign=imageinfo&utm_content=thumbnail
happiness_086_File_A_man_captures_a_photograph_of_a_woman_loungi.jpg,Category:Happiness,File:A man captures a photograph of a woman lounging on their vintage car.jpg,Shixart1985,CC BY 2.0,https://commons.wikimedia.org/wiki/File%3AA_man_captures_a_photograph_of_a_woman_lounging_on_their_vintage_car.jpg,https://thumb.wikimedia.org/wikipedia/commons/thumb/4/45/A_man_captures_a_photograph_of_a_woman_lounging_on_their_vintage_car.jpg/960px-A_man_captures_a_photograph_of_a_woman_lounging_on_their_vintage_car.jpg?utm_source=commons.wikimedia.org&utm_campaign=imageinfo&utm_content=thumbnail
happiness_570_File_A_man_s_home_is_his_wife_s_happiness.jpg,Category:Happiness,File:A man’s home is his wife’s happiness.jpg,Rasheedhrasheed,CC BY-SA 4.0,https://commons.wikimedia.org/wiki/File%3AA_man%E2%80%99s_home_is_his_wife%E2%80%99s_happiness.jpg,https://thumb.wikimedia.org/wikipedia/commons/thumb/5/50/A_man%E2%80%99s_home_is_his_wife%E2%80%99s_happiness.jpg/960px-A_man%E2%80%99s_home_is_his_wife%E2%80%99s_happiness.jpg?utm_source=commons.wikimedia.org&utm_campaign=imageinfo&utm_content=thumbnail
happiness_116_File_A_Norwegian_sailor_and_an_Oswego_girl_on_a_ha.jpg,Category:Happiness,File:A Norwegian sailor and an Oswego girl on a hayride 8d31049v.jpg,Marjory Collins,Public domain,https://commons.wikimedia.org/wiki/File%3AA_Norwegian_sailor_and_an_Oswego_girl_on_a_hayride_8d31049v.jpg,https://thumb.wikimedia.org/wikipedia/commons/thumb/a/a3/A_Norwegian_sailor_and_an_Oswego_girl_on_a_hayride_8d31049v.jpg/960px-A_Norwegian_sailor_and_an_Oswego_girl_on_a_hayride_8d31049v.jpg?utm_source=commons.wikimedia.org&utm_campaign=imageinfo&utm_content=thumbnail
happiness_779_File_A_Norwegian_sailor_and_an_Oswego_girl_on_a_ha.jpg,Category:Happiness,File:A Norwegian sailor and an Oswego girl on a hayride 8d31052v.jpg,Marjory Collins,Public domain,https://commons.wikimedia.org/wiki/File%3AA_Norwegian_sailor_and_an_Oswego_girl_on_a_hayride_8d31052v.jpg,https://upload.wikimedia.org/wikipedia/commons/b/b1/A_Norwegian_sailor_and_an_Oswego_girl_on_a_hayride_8d31052v.jpg?utm_source=commons.wikimedia.org&utm_campaign=imageinfo&utm_content=thumbnail_unscaled
happiness_911_File_A_playful_African_school_boy.jpg,Category:Happiness,File:A playful African school boy.jpg,Moses Mwombe,CC BY-SA 4.0,https://commons.wikimedia.org/wiki/File%3AA_playful_African_school_boy.jpg,https://upload.wikimedia.org/wikipedia/commons/8/84/A_playful_African_school_boy.jpg?utm_source=commons.wikimedia.org&utm_campaign=imageinfo&utm_content=thumbnail_unscaled
happiness_232_File_A_productive_day.jpg,Category:Happiness,File:A productive day.jpg,Enochkp,CC BY-SA 4.0,https://commons.wikimedia.org/wiki/File%3AA_productive_day.jpg,https://thumb.wikimedia.org/wikipedia/commons/thumb/e/eb/A_productive_day.jpg/960px-A_productive_day.jpg?utm_source=commons.wikimedia.org&utm_campaign=imageinfo&utm_content=thumbnail
happiness_090_File_A_Smiling_woman_harvest_tea_leave_at_Bumbuli.jpg,Category:Happiness,File:A Smiling woman harvest tea leave at Bumbuli Plantation.jpg,Thatkaguruguy,CC BY-SA 4.0,https://commons.wikimedia.org/wiki/File%3AA_Smiling_woman_harvest_tea_leave_at_Bumbuli_Plantation.jpg,https://thumb.wikimedia.org/wikipedia/commons/thumb/9/95/A_Smiling_woman_harvest_tea_leave_at_Bumbuli_Plantation.jpg/960px-A_Smiling_woman_harvest_tea_leave_at_Bumbuli_Plantation.jpg?utm_source=commons.wikimedia.org&utm_campaign=imageinfo&utm_content=thumbnail
happiness_318_File_A_young_couple_is_playfully_washing_their_car.jpg,Category:Happiness,File:A young couple is playfully washing their car at a car wash.jpg,Shixart1985,CC BY 2.0,https://commons.wikimedia.org/wiki/File%3AA_young_couple_is_playfully_washing_their_car_at_a_car_wash.jpg,https://thumb.wikimedia.org/wikipedia/commons/thumb/8/86/A_young_couple_is_playfully_washing_their_car_at_a_car_wash.jpg/960px-A_young_couple_is_playfully_washing_their_car_at_a_car_wash.jpg?utm_source=commons.wikimedia.org&utm_campaign=imageinfo&utm_content=thumbnail
happiness_564_File_A_young_couple_shares_a_joyful_moment_while_s.jpg,Category:Happiness,File:A young couple shares a joyful moment while sitting together on the ground.jpg,Shixart1985,CC BY 2.0,https://commons.wikimedia.org/wiki/File%3AA_young_couple_shares_a_joyful_moment_while_sitting_together_on_the_ground.jpg,https://thumb.wikimedia.org/wikipedia/commons/thumb/6/6f/A_young_couple_shares_a_joyful_moment_while_sitting_together_on_the_ground.jpg/960px-A_young_couple_shares_a_joyful_moment_while_sitting_together_on_the_ground.jpg?utm_source=commons.wikimedia.org&utm_campaign=imageinfo&utm_content=thumbnail
happiness_281_File_A_young_woman_joyfully_dances_on_the_roof_of.jpg,Category:Happiness,File:A young woman joyfully dances on the roof of a car in a rural area.jpg,Shixart1985,CC BY 2.0,https://commons.wikimedia.org/wiki/File%3AA_young_woman_joyfully_dances_on_the_roof_of_a_car_in_a_rural_area.jpg,https://thumb.wikimedia.org/wikipedia/commons/thumb/e/e6/A_young_woman_joyfully_dances_on_the_roof_of_a_car_in_a_rural_area.jpg/960px-A_young_woman_joyfully_dances_on_the_roof_of_a_car_in_a_rural_area.jpg?utm_source=commons.wikimedia.org&utm_campaign=imageinfo&utm_content=thumbnail
happiness_024_File_Abana_bu_Rwanda_basusurutse_abantu_mubyino_ga.jpg,Category:Happiness,File:Abana bu Rwanda basusurutse abantu mubyino gakondo.jpg,Davyimage,CC BY-SA 4.0,https://commons.wikimedia.org/wiki/File%3AAbana_bu_Rwanda_basusurutse_abantu_mubyino_gakondo.jpg,https://thumb.wikimedia.org/wikipedia/commons/thumb/e/e9/Abana_bu_Rwanda_basusurutse_abantu_mubyino_gakondo.jpg/960px-Abana_bu_Rwanda_basusurutse_abantu_mubyino_gakondo.jpg?utm_source=commons.wikimedia.org&utm_campaign=imageinfo&utm_content=thumbnail
happiness_661_File_Abbraccio_e_congratulazioni_tra_i_vincitori_d.jpg,Category:Happiness,File:Abbraccio e congratulazioni tra i vincitori del Palio dei trampoli.jpg,MvrtyJpeg,CC BY-SA 4.0,https://commons.wikimedia.org/wiki/File%3AAbbraccio_e_congratulazioni_tra_i_vincitori_del_Palio_dei_trampoli.jpg,https://thumb.wikimedia.org/wikipedia/commons/thumb/9/93/Abbraccio_e_congratulazioni_tra_i_vincitori_del_Palio_dei_trampoli.jpg/960px-Abbraccio_e_congratulazioni_tra_i_vincitori_del_Palio_dei_trampoli.jpg?utm_source=commons.wikimedia.org&utm_campaign=imageinfo&utm_content=thumbnail
happiness_492_File_Abends_am_Meer.jpg,Category:Happiness,File:Abends am Meer.jpg,"Joe Sarembe from Pfungstadt, Germany",CC BY 2.0,https://commons.wikimedia.org/wiki/File%3AAbends_am_Meer.jpg,https://thumb.wikimedia.org/wikipedia/commons/thumb/d/d6/Abends_am_Meer.jpg/960px-Abends_am_Meer.jpg?utm_source=commons.wikimedia.org&utm_campaign=imageinfo&utm_content=thumbnail
happiness_361_File_AG1_8510.jpg,Category:Happiness,File:AG1 8510.jpg,Maxinick11,CC BY-SA 4.0,https://commons.wikimedia.org/wiki/File%3AAG1_8510.jpg,https://thumb.wikimedia.org/wikipedia/commons/thumb/8/8e/AG1_8510.jpg/960px-AG1_8510.jpg?utm_source=commons.wikimedia.org&utm_campaign=imageinfo&utm_content=thumbnail
happiness_030_File_AiaNG0d51eFKTHhcTKYG_xzniyOy76BnZBkD1jn4UjfX.jpg,Category:Happiness,File:AiaNG0d51eFKTHhcTKYG-xzniyOy76BnZBkD1jn4UjfX.jpg,Raulapov72,CC BY-SA 4.0,https://commons.wikimedia.org/wiki/File%3AAiaNG0d51eFKTHhcTKYG-xzniyOy76BnZBkD1jn4UjfX.jpg,https://upload.wikimedia.org/wikipedia/commons/1/11/AiaNG0d51eFKTHhcTKYG-xzniyOy76BnZBkD1jn4UjfX.jpg?utm_source=commons.wikimedia.org&utm_campaign=imageinfo&utm_content=thumbnail_unscaled
happiness_978_File_Aiden_Seth_Haley_Singleton_Orlando.jpg,Category:Happiness,File:Aiden-Seth-Haley-Singleton Orlando.jpg,17ajenn,CC BY-SA 4.0,https://commons.wikimedia.org/wiki/File%3AAiden-Seth-Haley-Singleton_Orlando.jpg,https://upload.wikimedia.org/wikipedia/commons/0/0c/Aiden-Seth-Haley-Singleton_Orlando.jpg?utm_source=commons.wikimedia.org&utm_campaign=imageinfo&utm_content=thumbnail_unscaled
happiness_211_File_Aiga_Grabuste_at_TNT_Fortuna_Meeting_in_Kladn.jpg,Category:Happiness,File:Aiga Grabuste at TNT Fortuna Meeting in Kladno 16June2011 090.jpg,User:Miaow Miaow,Public domain,https://commons.wikimedia.org/wiki/File%3AAiga_Grabuste_at_TNT_Fortuna_Meeting_in_Kladno_16June2011_090.jpg,https://thumb.wikimedia.org/wikipedia/commons/thumb/c/ce/Aiga_Grabuste_at_TNT_Fortuna_Meeting_in_Kladno_16June2011_090.jpg/960px-Aiga_Grabuste_at_TNT_Fortuna_Meeting_in_Kladno_16June2011_090.jpg?utm_source=commons.wikimedia.org&utm_campaign=imageinfo&utm_content=thumbnail
happiness_958_File_Al_Hasan_Al_Fakih_light_moments.jpg,Category:Happiness,File:Al-Hasan Al-Fakih light moments.jpg,Joynaquinter,CC BY-SA 4.0,https://commons.wikimedia.org/wiki/File%3AAl-Hasan_Al-Fakih_light_moments.jpg,https://thumb.wikimedia.org/wikipedia/commons/thumb/c/c7/Al-Hasan_Al-Fakih_light_moments.jpg/960px-Al-Hasan_Al-Fakih_light_moments.jpg?utm_source=commons.wikimedia.org&utm_campaign=imageinfo&utm_content=thumbnail
happiness_969_File_Almada_Negreiros_Street_sculpture_and_the_lov.jpg,Category:Happiness,File:Almada Negreiros Street sculpture and the loving couple (14071603160).jpg,"Pedro Ribeiro Simões from Lisboa, Portugal",CC BY 2.0,https://commons.wikimedia.org/wiki/File%3AAlmada_Negreiros_Street_sculpture_and_the_loving_couple_%2814071603160%29.jpg,https://thumb.wikimedia.org/wikipedia/commons/thumb/0/01/Almada_Negreiros_Street_sculpture_and_the_loving_couple_%2814071603160%29.jpg/960px-Almada_Negreiros_Street_sculpture_and_the_loving_couple_%2814071603160%29.jpg?utm_source=commons.wikimedia.org&utm_campaign=imageinfo&utm_content=thumbnail
happiness_481_File_Ammu.jpg,Category:Happiness,File:Ammu.jpg,Amrutha N A,CC BY-SA 4.0,https://commons.wikimedia.org/wiki/File%3AAmmu.jpg,https://upload.wikimedia.org/wikipedia/commons/b/b6/Ammu.jpg?utm_source=commons.wikimedia.org&utm_campaign=imageinfo&utm_content=thumbnail_unscaled
happiness_395_File_Ammu98.jpg,Category:Happiness,File:Ammu98.jpg,Amrutha N A,CC BY-SA 4.0,https://commons.wikimedia.org/wiki/File%3AAmmu98.jpg,https://upload.wikimedia.org/wikipedia/commons/9/94/Ammu98.jpg?utm_source=commons.wikimedia.org&utm_campaign=imageinfo&utm_content=thumbnail_unscaled
happiness_386_File_Amor_a_las_risas.jpg,Category:Happiness,File:Amor a las risas.jpg,Ximenabc,CC BY-SA 4.0,https://commons.wikimedia.org/wiki/File%3AAmor_a_las_risas.jpg,https://thumb.wikimedia.org/wikipedia/commons/thumb/f/f5/Amor_a_las_risas.jpg/960px-Amor_a_las_risas.jpg?utm_source=commons.wikimedia.org&utm_campaign=imageinfo&utm_content=thumbnail
happiness_788_File_An_Harvest_of_Joy.jpg,Category:Happiness,File:An Harvest of Joy.jpg,4toscenethesis,CC BY-SA 4.0,https://commons.wikimedia.org/wiki/File%3AAn_Harvest_of_Joy.jpg,https://thumb.wikimedia.org/wikipedia/commons/thumb/a/ab/An_Harvest_of_Joy.jpg/960px-An_Harvest_of_Joy.jpg?utm_source=commons.wikimedia.org&utm_campaign=imageinfo&utm_content=thumbnail
happiness_009_File_AntoineQuebec2280_cropped.jpg,Category:Happiness,File:AntoineQuebec2280 (cropped).jpg,Antoinebanana,CC BY-SA 4.0,https://commons.wikimedia.org/wiki/File%3AAntoineQuebec2280_%28cropped%29.jpg,https://thumb.wikimedia.org/wikipedia/commons/thumb/e/eb/AntoineQuebec2280_%28cropped%29.jpg/960px-AntoineQuebec2280_%28cropped%29.jpg?utm_source=commons.wikimedia.org&utm_campaign=imageinfo&utm_content=thumbnail
happiness_104_File_Anurag_sharma_01.jpg,Category:Happiness,File:Anurag sharma 01.jpg,Anuragsharma1376,CC BY-SA 4.0,https://commons.wikimedia.org/wiki/File%3AAnurag_sharma_01.jpg,https://thumb.wikimedia.org/wikipedia/commons/thumb/3/35/Anurag_sharma_01.jpg/960px-Anurag_sharma_01.jpg?utm_source=commons.wikimedia.org&utm_campaign=imageinfo&utm_content=thumbnail
happiness_096_File_Anurag_sharma_02.jpg,Category:Happiness,File:Anurag sharma 02.jpg,Anuragsharma1376,CC BY-SA 4.0,https://commons.wikimedia.org/wiki/File%3AAnurag_sharma_02.jpg,https://thumb.wikimedia.org/wikipedia/commons/thumb/e/e1/Anurag_sharma_02.jpg/960px-Anurag_sharma_02.jpg?utm_source=commons.wikimedia.org&utm_campaign=imageinfo&utm_content=thumbnail
happiness_696_File_Anurag_sharma_03.jpg,Category:Happiness,File:Anurag sharma 03.jpg,Anuragsharma1376,CC BY-SA 4.0,https://commons.wikimedia.org/wiki/File%3AAnurag_sharma_03.jpg,https://upload.wikimedia.org/wikipedia/commons/f/fb/Anurag_sharma_03.jpg?utm_source=commons.wikimedia.org&utm_campaign=imageinfo&utm_content=thumbnail_unscaled
happiness_277_File_Arizona_National_Guard_35923498573.jpg,Category:Happiness,File:Arizona National Guard (35923498573).jpg,The National Guard Staff Sgt. Michael Zahnow/123rd Mobile Public Affairs Detachment,Public domain,https://commons.wikimedia.org/wiki/File%3AArizona_National_Guard_%2835923498573%29.jpg,https://thumb.wikimedia.org/wikipedia/commons/thumb/2/29/Arizona_National_Guard_%2835923498573%29.jpg/960px-Arizona_National_Guard_%2835923498573%29.jpg?utm_source=commons.wikimedia.org&utm_campaign=imageinfo&utm_content=thumbnail
happiness_813_File_Arizona_National_Guard_36563321632.jpg,Category:Happiness,File:Arizona National Guard (36563321632).jpg,The National Guard Staff Sgt. Michael Zahnow/123rd Mobile Public Affairs Detachment,Public domain,https://commons.wikimedia.org/wiki/File%3AArizona_National_Guard_%2836563321632%29.jpg,https://thumb.wikimedia.org/wikipedia/commons/thumb/7/7b/Arizona_National_Guard_%2836563321632%29.jpg/960px-Arizona_National_Guard_%2836563321632%29.jpg?utm_source=commons.wikimedia.org&utm_campaign=imageinfo&utm_content=thumbnail
happiness_729_File_Arizona_National_Guard_36593757731.jpg,Category:Happiness,File:Arizona National Guard (36593757731).jpg,The National Guard Sgt. 1st Class Robert Freese/Arizona National Guard Public Affairs,Public domain,https://commons.wikimedia.org/wiki/File%3AArizona_National_Guard_%2836593757731%29.jpg,https://thumb.wikimedia.org/wikipedia/commons/thumb/e/ea/Arizona_National_Guard_%2836593757731%29.jpg/960px-Arizona_National_Guard_%2836593757731%29.jpg?utm_source=commons.wikimedia.org&utm_campaign=imageinfo&utm_content=thumbnail
happiness_930_File_Arizona_National_Guard_36593823471.jpg,Category:Happiness,File:Arizona National Guard (36593823471).jpg,The National Guard Staff Sgt. Michael Zahnow/123rd Mobile Public Affairs Detachment,Public domain,https://commons.wikimedia.org/wiki/File%3AArizona_National_Guard_%2836593823471%29.jpg,https://thumb.wikimedia.org/wikipedia/commons/thumb/0/07/Arizona_National_Guard_%2836593823471%29.jpg/960px-Arizona_National_Guard_%2836593823471%29.jpg?utm_source=commons.wikimedia.org&utm_campaign=imageinfo&utm_content=thumbnail
happiness_664_File_Arthur_John_Elsley_His_First_Fence.jpg,Category:Happiness,File:Arthur John Elsley His First Fence.jpg,Arthur Elsley,Public domain,https://commons.wikimedia.org/wiki/File%3AArthur_John_Elsley_His_First_Fence.jpg,https://upload.wikimedia.org/wikipedia/commons/b/b1/Arthur_John_Elsley_His_First_Fence.jpg?utm_source=commons.wikimedia.org&utm_campaign=imageinfo&utm_content=thumbnail_unscaled
happiness_695_File_Avocado_farmer_01.jpg,Category:Happiness,File:Avocado farmer 01.jpg,Kekiwiyi,CC BY-SA 4.0,https://commons.wikimedia.org/wiki/File%3AAvocado_farmer_01.jpg,https://thumb.wikimedia.org/wikipedia/commons/thumb/7/77/Avocado_farmer_01.jpg/960px-Avocado_farmer_01.jpg?utm_source=commons.wikimedia.org&utm_campaign=imageinfo&utm_content=thumbnail
happiness_111_File_Avocado_farmer_03.jpg,Category:Happiness,File:Avocado farmer 03.jpg,Kekiwiyi,CC BY-SA 4.0,https://commons.wikimedia.org/wiki/File%3AAvocado_farmer_03.jpg,https://thumb.wikimedia.org/wikipedia/commons/thumb/b/bb/Avocado_farmer_03.jpg/960px-Avocado_farmer_03.jpg?utm_source=commons.wikimedia.org&utm_campaign=imageinfo&utm_content=thumbnail
happiness_693_File_Ayesha_eating_and_smiling.jpg,Category:Happiness,File:Ayesha eating and smiling.jpg,ayes,CC BY 2.0,https://commons.wikimedia.org/wiki/File%3AAyesha_eating_and_smiling.jpg,https://thumb.wikimedia.org/wikipedia/commons/thumb/b/b9/Ayesha_eating_and_smiling.jpg/960px-Ayesha_eating_and_smiling.jpg?utm_source=commons.wikimedia.org&utm_campaign=imageinfo&utm_content=thumbnail
happiness_051_File_B_W_Happiness.jpg,Category:Happiness,File:B&W Happiness.jpg,"See-ming Lee from New York, NY, USA",CC BY-SA 2.0,https://commons.wikimedia.org/wiki/File%3AB%26W_Happiness.jpg,https://thumb.wikimedia.org/wikipedia/commons/thumb/8/87/B%26W_Happiness.jpg/960px-B%26W_Happiness.jpg?utm_source=commons.wikimedia.org&utm_campaign=imageinfo&utm_content=thumbnail
happiness_243_File_B9_J_happy.jpg,Category:Happiness,File:B9 J happy.jpg,,CC BY-SA 3.0,https://commons.wikimedia.org/wiki/File%3AB9_J_happy.jpg,https://thumb.wikimedia.org/wikipedia/commons/thumb/8/81/B9_J_happy.jpg/960px-B9_J_happy.jpg?utm_source=commons.wikimedia.org&utm_campaign=imageinfo&utm_content=thumbnail
happiness_611_File_Baba_Marta.jpg,Category:Happiness,File:Baba Marta.jpg,GadzhevaMaya,CC BY-SA 4.0,https://commons.wikimedia.org/wiki/File%3ABaba_Marta.jpg,https://thumb.wikimedia.org/wikipedia/commons/thumb/1/17/Baba_Marta.jpg/960px-Baba_Marta.jpg?utm_source=commons.wikimedia.org&utm_campaign=imageinfo&utm_content=thumbnail
happiness_587_File_Baby_love.jpg,Category:Happiness,File:Baby love.jpg,"Gilberto Filho from Salvador, Brasil",CC BY 2.0,https://commons.wikimedia.org/wiki/File%3ABaby_love.jpg,https://upload.wikimedia.org/wikipedia/commons/2/23/Baby_love.jpg?utm_source=commons.wikimedia.org&utm_campaign=imageinfo&utm_content=thumbnail_unscaled
happiness_235_File_Bahagia_tanpa_gadget.jpg,Category:Happiness,File:Bahagia tanpa gadget.jpg,Adhi hendrana jayawardhana,CC BY-SA 4.0,https://commons.wikimedia.org/wiki/File%3ABahagia_tanpa_gadget.jpg,https://thumb.wikimedia.org/wikipedia/commons/thumb/f/f3/Bahagia_tanpa_gadget.jpg/960px-Bahagia_tanpa_gadget.jpg?utm_source=commons.wikimedia.org&utm_campaign=imageinfo&utm_content=thumbnail
happiness_307_File_Balloons_of_Happiness.jpg,Category:Happiness,File:Balloons of Happiness.jpg,"Egor Gribanov from St. Petersburg, Russia",CC BY 2.0,https://commons.wikimedia.org/wiki/File%3ABalloons_of_Happiness.jpg,https://thumb.wikimedia.org/wikipedia/commons/thumb/9/9d/Balloons_of_Happiness.jpg/960px-Balloons_of_Happiness.jpg?utm_source=commons.wikimedia.org&utm_campaign=imageinfo&utm_content=thumbnail
happiness_602_File_Bangabandhu_Laughing.jpg,Category:Happiness,File:Bangabandhu Laughing.jpg,RUR120,CC BY-SA 4.0,https://commons.wikimedia.org/wiki/File%3ABangabandhu_Laughing.jpg,https://upload.wikimedia.org/wikipedia/commons/b/b1/Bangabandhu_Laughing.jpg?utm_source=commons.wikimedia.org&utm_campaign=imageinfo&utm_content=thumbnail_unscaled
happiness_053_File_Banku_and_Palmnut_soup.jpg,Category:Happiness,File:Banku and Palmnut soup.jpg,Sayhi2kojo,CC BY-SA 4.0,https://commons.wikimedia.org/wiki/File%3ABanku_and_Palmnut_soup.jpg,https://thumb.wikimedia.org/wikipedia/commons/thumb/6/6a/Banku_and_Palmnut_soup.jpg/960px-Banku_and_Palmnut_soup.jpg?utm_source=commons.wikimedia.org&utm_campaign=imageinfo&utm_content=thumbnail
happiness_412_File_Baudouin_Pierre_Antoine_Le_Message_d_amour.jpg,Category:Happiness,"File:Baudouin, Pierre Antoine - Le Message d’amour.JPG",Pierre-Antoine Baudouin,Public domain,https://commons.wikimedia.org/wiki/File%3ABaudouin%2C_Pierre_Antoine_-_Le_Message_d%E2%80%99amour.JPG,https://upload.wikimedia.org/wikipedia/commons/4/43/Baudouin%2C_Pierre_Antoine_-_Le_Message_d%E2%80%99amour.JPG?utm_source=commons.wikimedia.org&utm_campaign=imageinfo&utm_content=thumbnail_unscaled
happiness_493_File_Beautiful_young_couple_is_washing_their_vinta.jpg,Category:Happiness,File:Beautiful young couple is washing their vintage car at a car wash.jpg,Shixart1985,CC BY 2.0,https://commons.wikimedia.org/wiki/File%3ABeautiful_young_couple_is_washing_their_vintage_car_at_a_car_wash.jpg,https://thumb.wikimedia.org/wikipedia/commons/thumb/1/1e/Beautiful_young_couple_is_washing_their_vintage_car_at_a_car_wash.jpg/960px-Beautiful_young_couple_is_washing_their_vintage_car_at_a_car_wash.jpg?utm_source=commons.wikimedia.org&utm_campaign=imageinfo&utm_content=thumbnail
happiness_773_File_Beauty_of_Happiness.jpg,Category:Happiness,File:Beauty of Happiness.JPG,Tamzid Rahman Leo,CC BY-SA 4.0,https://commons.wikimedia.org/wiki/File%3ABeauty_of_Happiness.JPG,https://thumb.wikimedia.org/wikipedia/commons/thumb/7/71/Beauty_of_Happiness.JPG/960px-Beauty_of_Happiness.JPG?utm_source=commons.wikimedia.org&utm_campaign=imageinfo&utm_content=thumbnail
happiness_493_File_Bicycle_fun.jpg,Category:Happiness,File:Bicycle fun.jpg,Sally V,CC BY-SA 4.0,https://commons.wikimedia.org/wiki/File%3ABicycle_fun.jpg,https://thumb.wikimedia.org/wikipedia/commons/thumb/b/b6/Bicycle_fun.jpg/960px-Bicycle_fun.jpg?utm_source=commons.wikimedia.org&utm_campaign=imageinfo&utm_content=thumbnail
happiness_893_File_Boat_trip_from_Cozumel_June_1973_Siblings_on.jpg,Category:Happiness,"File:Boat trip from Cozumel, June 1973 Siblings on Roof 1.jpg","Deceased relative of Infrogmation. Please credit ""Family photo collection of Infrogmation of New Orleans"".",CC BY-SA 4.0,https://commons.wikimedia.org/wiki/File%3ABoat_trip_from_Cozumel%2C_June_1973_Siblings_on_Roof_1.jpg,https://thumb.wikimedia.org/wikipedia/commons/thumb/e/ea/Boat_trip_from_Cozumel%2C_June_1973_Siblings_on_Roof_1.jpg/960px-Boat_trip_from_Cozumel%2C_June_1973_Siblings_on_Roof_1.jpg?utm_source=commons.wikimedia.org&utm_campaign=imageinfo&utm_content=thumbnail
happiness_932_File_Boy_s_head_stand.jpg,Category:Happiness,File:Boy's head stand.jpg,"John Morgan from Walnut Creek, CA, USA",CC BY 2.0,https://commons.wikimedia.org/wiki/File%3ABoy%27s_head_stand.jpg,https://thumb.wikimedia.org/wikipedia/commons/thumb/c/c9/Boy%27s_head_stand.jpg/960px-Boy%27s_head_stand.jpg?utm_source=commons.wikimedia.org&utm_campaign=imageinfo&utm_content=thumbnail
happiness_092_File_Bride_and_bridesmaid_happy.jpg,Category:Happiness,File:Bride and bridesmaid happy.jpg,Jason Hutchens,CC BY 2.0,https://commons.wikimedia.org/wiki/File%3ABride_and_bridesmaid_happy.jpg,https://thumb.wikimedia.org/wikipedia/commons/thumb/2/29/Bride_and_bridesmaid_happy.jpg/960px-Bride_and_bridesmaid_happy.jpg?utm_source=commons.wikimedia.org&utm_campaign=imageinfo&utm_content=thumbnail
happiness_490_File_British_happy_rescued_from_dunkirk_1940.jpg,Category:Happiness,File:British happy rescued from dunkirk 1940.png,Frank Capra (film),Public domain,https://commons.wikimedia.org/wiki/File%3ABritish_happy_rescued_from_dunkirk_1940.png,https://upload.wikimedia.org/wikipedia/commons/f/fb/British_happy_rescued_from_dunkirk_1940.png?utm_source=commons.wikimedia.org&utm_campaign=imageinfo&utm_content=thumbnail_unscaled
happiness_059_File_British_Legion_carnival_in_Llanrhaeadr_ym_Moc.jpg,Category:Happiness,File:British Legion carnival in Llanrhaeadr-ym-Mochnant (4459528967).jpg,Geoff Charles,CC0,https://commons.wikimedia.org/wiki/File%3ABritish_Legion_carnival_in_Llanrhaeadr-ym-Mochnant_%284459528967%29.jpg,https://upload.wikimedia.org/wikipedia/commons/f/fe/British_Legion_carnival_in_Llanrhaeadr-ym-Mochnant_%284459528967%29.jpg?utm_source=commons.wikimedia.org&utm_campaign=imageinfo&utm_content=thumbnail_unscaled
happiness_842_File_Brother_Sister.jpg,Category:Happiness,File:Brother Sister.jpg,Rpc360,CC BY-SA 4.0,https://commons.wikimedia.org/wiki/File%3ABrother_Sister.jpg,https://thumb.wikimedia.org/wikipedia/commons/thumb/8/83/Brother_Sister.jpg/960px-Brother_Sister.jpg?utm_source=commons.wikimedia.org&utm_campaign=imageinfo&utm_content=thumbnail
happiness_110_File_Br_valla_Bes_kare_2.jpg,Category:Happiness,File:Bråvalla Besökare (2).jpg,Daniel Åhs Karlsson,CC BY 3.0,https://commons.wikimedia.org/wiki/File%3ABr%C3%A5valla_Bes%C3%B6kare_%282%29.jpg,https://thumb.wikimedia.org/wikipedia/commons/thumb/8/86/Br%C3%A5valla_Bes%C3%B6kare_%282%29.jpg/960px-Br%C3%A5valla_Bes%C3%B6kare_%282%29.jpg?utm_source=commons.wikimedia.org&utm_campaign=imageinfo&utm_content=thumbnail
happiness_211_File_Br_valla_Bes_kare_3.jpg,Category:Happiness,File:Bråvalla Besökare (3).jpg,Daniel Åhs Karlsson,CC BY 3.0,https://commons.wikimedia.org/wiki/File%3ABr%C3%A5valla_Bes%C3%B6kare_%283%29.jpg,https://thumb.wikimedia.org/wikipedia/commons/thumb/3/31/Br%C3%A5valla_Bes%C3%B6kare_%283%29.jpg/960px-Br%C3%A5valla_Bes%C3%B6kare_%283%29.jpg?utm_source=commons.wikimedia.org&utm_campaign=imageinfo&utm_content=thumbnail
happiness_209_File_Br_valla_Bes_kare_4.jpg,Category:Happiness,File:Bråvalla Besökare (4).JPG,Daniel Åhs Karlsson,CC BY 3.0,https://commons.wikimedia.org/wiki/File%3ABr%C3%A5valla_Bes%C3%B6kare_%284%29.JPG,https://thumb.wikimedia.org/wikipedia/commons/thumb/5/5a/Br%C3%A5valla_Bes%C3%B6kare_%284%29.JPG/960px-Br%C3%A5valla_Bes%C3%B6kare_%284%29.JPG?utm_source=commons.wikimedia.org&utm_campaign=imageinfo&utm_content=thumbnail
happiness_097_File_Bucharest_Romania_Festival_of_Lights_Buchares.jpg,Category:Happiness,"File:Bucharest, Romania. Festival of Lights (Bucharest, 2015). A lot of the young persons. Love and Joy.jpg",Britchi Mirela,CC BY-SA 4.0,https://commons.wikimedia.org/wiki/File%3ABucharest%2C_Romania._Festival_of_Lights_%28Bucharest%2C_2015%29._A_lot_of_the_young_persons._Love_and_Joy.jpg,https://thumb.wikimedia.org/wikipedia/commons/thumb/5/55/Bucharest%2C_Romania._Festival_of_Lights_%28Bucharest%2C_2015%29._A_lot_of_the_young_persons._Love_and_Joy.jpg/960px-Bucharest%2C_Romania._Festival_of_Lights_%28Bucharest%2C_2015%29._A_lot_of_the_young_persons._Love_and_Joy.jpg?utm_source=commons.wikimedia.org&utm_campaign=imageinfo&utm_content=thumbnail
happiness_588_File_Burst02.jpg,Category:Happiness,File:Burst02.jpg,Robinkumar1280,CC BY-SA 4.0,https://commons.wikimedia.org/wiki/File%3ABurst02.jpg,https://thumb.wikimedia.org/wikipedia/commons/thumb/d/dc/Burst02.jpg/960px-Burst02.jpg?utm_source=commons.wikimedia.org&utm_campaign=imageinfo&utm_content=thumbnail
happiness_547_File_Camp_Worship.jpg,Category:Happiness,File:Camp Worship.JPG,Paul M. Walsh,CC BY 2.0,https://commons.wikimedia.org/wiki/File%3ACamp_Worship.JPG,https://thumb.wikimedia.org/wikipedia/commons/thumb/8/8d/Camp_Worship.JPG/960px-Camp_Worship.JPG?utm_source=commons.wikimedia.org&utm_campaign=imageinfo&utm_content=thumbnail
happiness_088_File_Capital_City_Willemstad_05.jpg,Category:Happiness,File:Capital City - Willemstad 05.jpg,Bryanandjenn,CC BY-SA 4.0,https://commons.wikimedia.org/wiki/File%3ACapital_City_-_Willemstad_05.jpg,https://thumb.wikimedia.org/wikipedia/commons/thumb/f/f8/Capital_City_-_Willemstad_05.jpg/960px-Capital_City_-_Willemstad_05.jpg?utm_source=commons.wikimedia.org&utm_campaign=imageinfo&utm_content=thumbnail
happiness_709_File_Celebrating_Curiosity.jpg,Category:Happiness,File:Celebrating Curiosity.jpg,Bill Ingalls,Public domain,https://commons.wikimedia.org/wiki/File%3ACelebrating_Curiosity.jpg,https://thumb.wikimedia.org/wikipedia/commons/thumb/8/8a/Celebrating_Curiosity.jpg/960px-Celebrating_Curiosity.jpg?utm_source=commons.wikimedia.org&utm_campaign=imageinfo&utm_content=thumbnail
happiness_591_File_Celebrating_gold.jpg,Category:Happiness,File:Celebrating gold.jpg,Tyler McCulloch,CC BY 2.0,https://commons.wikimedia.org/wiki/File%3ACelebrating_gold.jpg,https://thumb.wikimedia.org/wikipedia/commons/thumb/6/62/Celebrating_gold.jpg/960px-Celebrating_gold.jpg?utm_source=commons.wikimedia.org&utm_campaign=imageinfo&utm_content=thumbnail
happiness_536_File_Celebration_of_a_new_born_Baby.jpg,Category:Happiness,File:Celebration of a new born Baby.jpg,Jibrin Reuben,CC BY-SA 4.0,https://commons.wikimedia.org/wiki/File%3ACelebration_of_a_new_born_Baby.jpg,https://thumb.wikimedia.org/wikipedia/commons/thumb/6/6e/Celebration_of_a_new_born_Baby.jpg/960px-Celebration_of_a_new_born_Baby.jpg?utm_source=commons.wikimedia.org&utm_campaign=imageinfo&utm_content=thumbnail
happiness_182_File_Center_Pag.jpg,Category:Happiness,File:Center. Pag.jpg,Robinkumar1280,CC BY-SA 4.0,https://commons.wikimedia.org/wiki/File%3ACenter._Pag.jpg,https://thumb.wikimedia.org/wikipedia/commons/thumb/0/0a/Center._Pag.jpg/960px-Center._Pag.jpg?utm_source=commons.wikimedia.org&utm_campaign=imageinfo&utm_content=thumbnail
happiness_733_File_Chapter_Leadership_Summit_attendees_546701899.jpg,Category:Happiness,File:Chapter Leadership Summit attendees - 54670189911.jpg,Gage Skidmore,CC BY-SA 4.0,https://commons.wikimedia.org/wiki/File%3AChapter_Leadership_Summit_attendees_-_54670189911.jpg,https://thumb.wikimedia.org/wikipedia/commons/thumb/5/5c/Chapter_Leadership_Summit_attendees_-_54670189911.jpg/960px-Chapter_Leadership_Summit_attendees_-_54670189911.jpg?utm_source=commons.wikimedia.org&utm_campaign=imageinfo&utm_content=thumbnail
happiness_837_File_Cheers_2.jpg,Category:Happiness,File:Cheers 2.jpg,"See-ming Lee from New York, NY, USA",CC BY-SA 2.0,https://commons.wikimedia.org/wiki/File%3ACheers_2.jpg,https://thumb.wikimedia.org/wikipedia/commons/thumb/c/c4/Cheers_2.jpg/960px-Cheers_2.jpg?utm_source=commons.wikimedia.org&utm_campaign=imageinfo&utm_content=thumbnail
happiness_661_File_Cheers_3162940696.jpg,Category:Happiness,File:Cheers! (3162940696).jpg,"Jakob Montrasio from Saarbrücken, Germany",CC BY 2.0,https://commons.wikimedia.org/wiki/File%3ACheers%21_%283162940696%29.jpg,https://thumb.wikimedia.org/wikipedia/commons/thumb/2/2c/Cheers%21_%283162940696%29.jpg/960px-Cheers%21_%283162940696%29.jpg?utm_source=commons.wikimedia.org&utm_campaign=imageinfo&utm_content=thumbnail
happiness_739_File_Children_dancing_Geneva.jpg,Category:Happiness,"File:Children dancing, Geneva.jpg",Yann (talk),CC BY-SA 4.0,https://commons.wikimedia.org/wiki/File%3AChildren_dancing%2C_Geneva.jpg,https://thumb.wikimedia.org/wikipedia/commons/thumb/4/4d/Children_dancing%2C_Geneva.jpg/960px-Children_dancing%2C_Geneva.jpg?utm_source=commons.wikimedia.org&utm_campaign=imageinfo&utm_content=thumbnail
happiness_879_File_Children_of_Nivali.jpg,Category:Happiness,File:Children of Nivali.jpg,Stig Nygaard,CC BY 2.0,https://commons.wikimedia.org/wiki/File%3AChildren_of_Nivali.jpg,https://thumb.wikimedia.org/wikipedia/commons/thumb/c/cf/Children_of_Nivali.jpg/960px-Children_of_Nivali.jpg?utm_source=commons.wikimedia.org&utm_campaign=imageinfo&utm_content=thumbnail
happiness_163_File_Children_running_in_the_rain_2008.jpg,Category:Happiness,File:Children running in the rain 2008.jpg,Krolliami,CC BY-SA 3.0,https://commons.wikimedia.org/wiki/File%3AChildren_running_in_the_rain_2008.jpg,https://upload.wikimedia.org/wikipedia/commons/8/8a/Children_running_in_the_rain_2008.jpg?utm_source=commons.wikimedia.org&utm_campaign=imageinfo&utm_content=thumbnail_unscaled
happiness_357_File_China_3610472010.jpg,Category:Happiness,File:China (3610472010).jpg,Steve Evans from Citizen of the World,CC BY 2.0,https://commons.wikimedia.org/wiki/File%3AChina_%283610472010%29.jpg,https://upload.wikimedia.org/wikipedia/commons/0/0e/China_%283610472010%29.jpg?utm_source=commons.wikimedia.org&utm_campaign=imageinfo&utm_content=thumbnail_unscaled
happiness_637_File_Chmonya2022.jpg,Category:Happiness,File:Chmonya2022.jpg,Morashuur,CC BY-SA 4.0,https://commons.wikimedia.org/wiki/File%3AChmonya2022.jpg,https://upload.wikimedia.org/wikipedia/commons/c/c6/Chmonya2022.jpg?utm_source=commons.wikimedia.org&utm_campaign=imageinfo&utm_content=thumbnail_unscaled
happiness_045_File_Clara_s_Card.jpg,Category:Happiness,File:Clara's Card.jpg,"Frank Mayne from London, UK",CC BY-SA 2.0,https://commons.wikimedia.org/wiki/File%3AClara%27s_Card.jpg,https://thumb.wikimedia.org/wikipedia/commons/thumb/f/f4/Clara%27s_Card.jpg/960px-Clara%27s_Card.jpg?utm_source=commons.wikimedia.org&utm_campaign=imageinfo&utm_content=thumbnail
happiness_619_File_Classificazione_livello_di_felicit_nel_mondo.jpg,Category:Happiness,File:Classificazione livello di felicità nel mondo.png,Lovepeacejoy404,CC BY-SA 4.0,https://commons.wikimedia.org/wiki/File%3AClassificazione_livello_di_felicit%C3%A0_nel_mondo.png,https://upload.wikimedia.org/wikipedia/commons/9/92/Classificazione_livello_di_felicit%C3%A0_nel_mondo.png?utm_source=commons.wikimedia.org&utm_campaign=imageinfo&utm_content=thumbnail_unscaled
happiness_899_File_Clergy_sing_Happy_Birthday_to_Benedictus_XVI.jpg,Category:Happiness,File:Clergy sing Happy Birthday to Benedictus XVI.jpg,White House photo by David Bohrer,Public domain,https://commons.wikimedia.org/wiki/File%3AClergy_sing_Happy_Birthday_to_Benedictus_XVI.jpg,https://upload.wikimedia.org/wikipedia/commons/2/2d/Clergy_sing_Happy_Birthday_to_Benedictus_XVI.jpg?utm_source=commons.wikimedia.org&utm_campaign=imageinfo&utm_content=thumbnail_unscaled
laughing-in-art_453_File_Chinthang_Wahei_by_Samjetshabam_Tolchou_Ancie.jpg,Category:Laughing in art,"File:""Chinthang Wahei"" by Samjetshabam, Tolchou - Ancient Meitei Literature in Modern Meitei Language - Paorou & Paotak - Proverbs & Sayings (Moral Lessons) - Meetei Mayek script & Bengali script.jpg","Samjetshabam, Tolchou",CC0,https://commons.wikimedia.org/wiki/File%3A%22Chinthang_Wahei%22_by_Samjetshabam%2C_Tolchou_-_Ancient_Meitei_Literature_in_Modern_Meitei_Language_-_Paorou_%26_Paotak_-_Proverbs_%26_Sayings_%28Moral_Lessons%29_-_Meetei_Mayek_script_%26_Bengali_script.jpg,https://thumb.wikimedia.org/wikipedia/commons/thumb/b/b8/%22Chinthang_Wahei%22_by_Samjetshabam%2C_Tolchou_-_Ancient_Meitei_Literature_in_Modern_Meitei_Language_-_Paorou_%26_Paotak_-_Proverbs_%26_Sayings_%28Moral_Lessons%29_-_Meetei_Mayek_script_%26_Bengali_script.jpg/960px-thumbnail.jpg?utm_source=commons.wikimedia.org&utm_campaign=imageinfo&utm_content=thumbnail
laughing-in-art_423_File_Laughter_NARA_559132.jpg,Category:Laughing in art,"File:""Laughter"" - NARA - 559132.jpg",Unknown authorUnknown author or not provided,Public domain,https://commons.wikimedia.org/wiki/File%3A%22Laughter%22_-_NARA_-_559132.jpg,https://thumb.wikimedia.org/wikipedia/commons/thumb/0/0a/%22Laughter%22_-_NARA_-_559132.jpg/960px-%22Laughter%22_-_NARA_-_559132.jpg?utm_source=commons.wikimedia.org&utm_campaign=imageinfo&utm_content=thumbnail
laughing-in-art_929_File_Yet_I_cannot_chose_but_laugh_Woodcut_Romeo_an.jpg,Category:Laughing in art,"File:'Yet I cannot chose but laugh' Woodcut (Romeo and Juliet; The Illustrated Shakespeare, 1847).PNG",Henry W. Hewet,Public domain,https://commons.wikimedia.org/wiki/File%3A%27Yet_I_cannot_chose_but_laugh%27_Woodcut_%28Romeo_and_Juliet%3B_The_Illustrated_Shakespeare%2C_1847%29.PNG,https://thumb.wikimedia.org/wikipedia/commons/thumb/c/c2/%27Yet_I_cannot_chose_but_laugh%27_Woodcut_%28Romeo_and_Juliet%3B_The_Illustrated_Shakespeare%2C_1847%29.PNG/960px-%27Yet_I_cannot_chose_but_laugh%27_Woodcut_%28Romeo_and_Juliet%3B_The_Illustrated_Shakespeare%2C_1847%29.PNG?utm_source=commons.wikimedia.org&utm_campaign=imageinfo&utm_content=thumbnail
laughing-in-art_553_File_Jordaens_Adoration_of_the_Magi_detail.jpg,Category:Laughing in art,File:Jordaens Adoration of the Magi (detail).jpg,Jacob Jordaens,Public domain,https://commons.wikimedia.org/wiki/File%3AJordaens_Adoration_of_the_Magi_%28detail%29.jpg,https://thumb.wikimedia.org/wikipedia/commons/thumb/e/e1/Jordaens_Adoration_of_the_Magi_%28detail%29.jpg/960px-Jordaens_Adoration_of_the_Magi_%28detail%29.jpg?utm_source=commons.wikimedia.org&utm_campaign=imageinfo&utm_content=thumbnail
laughing-in-art_744_File_Jordaens_Adoration_of_the_Magi.jpg,Category:Laughing in art,File:Jordaens Adoration of the Magi.jpg,Jacob Jordaens,Public domain,https://commons.wikimedia.org/wiki/File%3AJordaens_Adoration_of_the_Magi.jpg,https://thumb.wikimedia.org/wikipedia/commons/thumb/f/f4/Jordaens_Adoration_of_the_Magi.jpg/960px-Jordaens_Adoration_of_the_Magi.jpg?utm_source=commons.wikimedia.org&utm_campaign=imageinfo&utm_content=thumbnail
laughing-in-art_065_File_Teniers_Laughing_peasant.jpg,Category:Laughing in art,File:Teniers Laughing peasant.jpg,David Teniers the Younger,Public domain,https://commons.wikimedia.org/wiki/File%3ATeniers_Laughing_peasant.jpg,https://thumb.wikimedia.org/wikipedia/commons/thumb/0/09/Teniers_Laughing_peasant.jpg/960px-Teniers_Laughing_peasant.jpg?utm_source=commons.wikimedia.org&utm_campaign=imageinfo&utm_content=thumbnail
laughing-in-art_933_File_Jean_Etienne_Liotard_Selfportrait_of_Liotard.jpg,Category:Laughing in art,File:Jean-Etienne Liotard - Selfportrait of Liotard laughing.jpg,Jean-Étienne Liotard,Public domain,https://commons.wikimedia.org/wiki/File%3AJean-Etienne_Liotard_-_Selfportrait_of_Liotard_laughing.jpg,https://thumb.wikimedia.org/wikipedia/commons/thumb/4/49/Jean-Etienne_Liotard_-_Selfportrait_of_Liotard_laughing.jpg/960px-Jean-Etienne_Liotard_-_Selfportrait_of_Liotard_laughing.jpg?utm_source=commons.wikimedia.org&utm_campaign=imageinfo&utm_content=thumbnail
laughing-in-art_625_File_Jean_Etienne_Liotard_01.jpg,Category:Laughing in art,File:Jean-Etienne Liotard 01.jpg,Jean-Étienne Liotard,Public domain,https://commons.wikimedia.org/wiki/File%3AJean-Etienne_Liotard_01.jpg,https://upload.wikimedia.org/wikipedia/commons/5/55/Jean-Etienne_Liotard_01.jpg?utm_source=commons.wikimedia.org&utm_campaign=imageinfo&utm_content=thumbnail_unscaled
laughing-in-art_123_File_Firmin_Baes_The_laughing_woman_La_rieuse.jpg,Category:Laughing in art,File:Firmin Baes - The laughing woman (La rieuse).jpg,Firmin Baes,Public domain,https://commons.wikimedia.org/wiki/File%3AFirmin_Baes_-_The_laughing_woman_%28La_rieuse%29.jpg,https://thumb.wikimedia.org/wikipedia/commons/thumb/b/be/Firmin_Baes_-_The_laughing_woman_%28La_rieuse%29.jpg/960px-Firmin_Baes_-_The_laughing_woman_%28La_rieuse%29.jpg?utm_source=commons.wikimedia.org&utm_campaign=imageinfo&utm_content=thumbnail
laughing-in-art_399_File_1907_04_20_Blanco_y_Negro_Al_aire_libre_Medin.jpg,Category:Laughing in art,"File:1907-04-20, Blanco y Negro, Al aire libre, Medina Vera.jpg",Inocencio Medina Vera,Public domain,https://commons.wikimedia.org/wiki/File%3A1907-04-20%2C_Blanco_y_Negro%2C_Al_aire_libre%2C_Medina_Vera.jpg,https://thumb.wikimedia.org/wikipedia/commons/thumb/1/11/1907-04-20%2C_Blanco_y_Negro%2C_Al_aire_libre%2C_Medina_Vera.jpg/960px-1907-04-20%2C_Blanco_y_Negro%2C_Al_aire_libre%2C_Medina_Vera.jpg?utm_source=commons.wikimedia.org&utm_campaign=imageinfo&utm_content=thumbnail
laughing-in-art_770_File_Grombecki_Bart_omiej_Sztosik.jpg,Category:Laughing in art,File:Grombecki Bartłomiej Sztosik.jpg,Henryk Grombecki,Public domain,https://commons.wikimedia.org/wiki/File%3AGrombecki_Bart%C5%82omiej_Sztosik.jpg,https://upload.wikimedia.org/wikipedia/commons/b/bc/Grombecki_Bart%C5%82omiej_Sztosik.jpg?utm_source=commons.wikimedia.org&utm_campaign=imageinfo&utm_content=thumbnail_unscaled
laughing-in-art_936_File_1919_03_02_BLANCO_Y_NEGRO_P09.jpg,Category:Laughing in art,File:1919-03-02 BLANCO Y NEGRO P09.jpg,"""H. Pipo"" (unidentified)",Public domain,https://commons.wikimedia.org/wiki/File%3A1919-03-02_BLANCO_Y_NEGRO_P09.jpg,https://thumb.wikimedia.org/wikipedia/commons/thumb/1/12/1919-03-02_BLANCO_Y_NEGRO_P09.jpg/960px-1919-03-02_BLANCO_Y_NEGRO_P09.jpg?utm_source=commons.wikimedia.org&utm_campaign=imageinfo&utm_content=thumbnail
laughing-in-art_945_File_1919_05_11_BLANCO_Y_NEGRO_04.jpg,Category:Laughing in art,File:1919-05-11 BLANCO Y NEGRO 04.jpg,Ángel Díaz Huertas,Public domain,https://commons.wikimedia.org/wiki/File%3A1919-05-11_BLANCO_Y_NEGRO_04.jpg,https://thumb.wikimedia.org/wikipedia/commons/thumb/e/e4/1919-05-11_BLANCO_Y_NEGRO_04.jpg/960px-1919-05-11_BLANCO_Y_NEGRO_04.jpg?utm_source=commons.wikimedia.org&utm_campaign=imageinfo&utm_content=thumbnail
laughing-in-art_035_File_A_laughing_face_left_and_a_face_expressing_ac.jpg,Category:Laughing in art,File:A laughing face (left) and a face expressing acute pain (rig Wellcome V0009322.jpg,,CC BY 4.0,https://commons.wikimedia.org/wiki/File%3AA_laughing_face_%28left%29_and_a_face_expressing_acute_pain_%28rig_Wellcome_V0009322.jpg,https://thumb.wikimedia.org/wikipedia/commons/thumb/f/f5/A_laughing_face_%28left%29_and_a_face_expressing_acute_pain_%28rig_Wellcome_V0009322.jpg/960px-A_laughing_face_%28left%29_and_a_face_expressing_acute_pain_%28rig_Wellcome_V0009322.jpg?utm_source=commons.wikimedia.org&utm_campaign=imageinfo&utm_content=thumbnail
laughing-in-art_371_File_A_laughing_face_Engraving_by_M_Engelbrecht_17.jpg,Category:Laughing in art,"File:A laughing face. Engraving by M. Engelbrecht (?), 1732, afte Wellcome V0009350.jpg",,CC BY 4.0,https://commons.wikimedia.org/wiki/File%3AA_laughing_face._Engraving_by_M._Engelbrecht_%28%3F%29%2C_1732%2C_afte_Wellcome_V0009350.jpg,https://thumb.wikimedia.org/wikipedia/commons/thumb/a/a1/A_laughing_face._Engraving_by_M._Engelbrecht_%28%3F%29%2C_1732%2C_afte_Wellcome_V0009350.jpg/960px-A_laughing_face._Engraving_by_M._Engelbrecht_%28%3F%29%2C_1732%2C_afte_Wellcome_V0009350.jpg?utm_source=commons.wikimedia.org&utm_campaign=imageinfo&utm_content=thumbnail
laughing-in-art_495_File_A_woman_diagnosed_as_suffering_from_hilarious.jpg,Category:Laughing in art,File:A woman diagnosed as suffering from hilarious mania. Colour Wellcome L0026687.jpg,J. Williamson (drawing),Public domain,https://commons.wikimedia.org/wiki/File%3AA_woman_diagnosed_as_suffering_from_hilarious_mania._Colour_Wellcome_L0026687.jpg,https://thumb.wikimedia.org/wikipedia/commons/thumb/c/c6/A_woman_diagnosed_as_suffering_from_hilarious_mania._Colour_Wellcome_L0026687.jpg/960px-A_woman_diagnosed_as_suffering_from_hilarious_mania._Colour_Wellcome_L0026687.jpg?utm_source=commons.wikimedia.org&utm_campaign=imageinfo&utm_content=thumbnail
laughing-in-art_929_File_Hans_von_Aachen_Two_Laughing_Men_Self_portrai.jpg,Category:Laughing in art,File:Hans von Aachen - Two Laughing Men (Self-portrait).jpg,Hans von Aachen,Public domain,https://commons.wikimedia.org/wiki/File%3AHans_von_Aachen_-_Two_Laughing_Men_%28Self-portrait%29.jpg,https://thumb.wikimedia.org/wikipedia/commons/thumb/4/40/Hans_von_Aachen_-_Two_Laughing_Men_%28Self-portrait%29.jpg/960px-Hans_von_Aachen_-_Two_Laughing_Men_%28Self-portrait%29.jpg?utm_source=commons.wikimedia.org&utm_campaign=imageinfo&utm_content=thumbnail
laughing-in-art_434_File_After_Frans_Hals_A_laughing_man_holding_a_mug.jpg,Category:Laughing in art,File:After Frans Hals - A laughing man holding a mug and raising his hat - KdK116 right.jpg,Possibly Frans Hals,Public domain,https://commons.wikimedia.org/wiki/File%3AAfter_Frans_Hals_-_A_laughing_man_holding_a_mug_and_raising_his_hat_-_KdK116_right.jpg,https://thumb.wikimedia.org/wikipedia/commons/thumb/7/7b/After_Frans_Hals_-_A_laughing_man_holding_a_mug_and_raising_his_hat_-_KdK116_right.jpg/960px-After_Frans_Hals_-_A_laughing_man_holding_a_mug_and_raising_his_hat_-_KdK116_right.jpg?utm_source=commons.wikimedia.org&utm_campaign=imageinfo&utm_content=thumbnail
laughing-in-art_956_File_Ancient_Meitei_old_wise_men_socialisation_gro.jpg,Category:Laughing in art,"File:Ancient Meitei old wise men - socialisation, group discussion - Cultural heritage of Early Kangleipak civilisation.jpg","Samjetshabam, Tolchou",CC0,https://commons.wikimedia.org/wiki/File%3AAncient_Meitei_old_wise_men_-_socialisation%2C_group_discussion_-_Cultural_heritage_of_Early_Kangleipak_civilisation.jpg,https://thumb.wikimedia.org/wikipedia/commons/thumb/1/11/Ancient_Meitei_old_wise_men_-_socialisation%2C_group_discussion_-_Cultural_heritage_of_Early_Kangleipak_civilisation.jpg/960px-Ancient_Meitei_old_wise_men_-_socialisation%2C_group_discussion_-_Cultural_heritage_of_Early_Kangleipak_civilisation.jpg?utm_source=commons.wikimedia.org&utm_campaign=imageinfo&utm_content=thumbnail
laughing-in-art_131_File_Antonia_de_Ba_uelos_Study_of_a_laughing_baby.jpg,Category:Laughing in art,File:Antonia de Bañuelos - Study of a laughing baby.jpg,Antonia de Bañuelos Thorndike,Public domain,https://commons.wikimedia.org/wiki/File%3AAntonia_de_Ba%C3%B1uelos_-_Study_of_a_laughing_baby.jpg,https://thumb.wikimedia.org/wikipedia/commons/thumb/8/86/Antonia_de_Ba%C3%B1uelos_-_Study_of_a_laughing_baby.jpg/960px-Antonia_de_Ba%C3%B1uelos_-_Study_of_a_laughing_baby.jpg?utm_source=commons.wikimedia.org&utm_campaign=imageinfo&utm_content=thumbnail
laughing-in-art_594_File_Arturo_Ricci_Nachmittagstee.jpg,Category:Laughing in art,File:Arturo Ricci Nachmittagstee.jpg,Arturo Ricci,Public domain,https://commons.wikimedia.org/wiki/File%3AArturo_Ricci_Nachmittagstee.jpg,https://thumb.wikimedia.org/wikipedia/commons/thumb/3/34/Arturo_Ricci_Nachmittagstee.jpg/960px-Arturo_Ricci_Nachmittagstee.jpg?utm_source=commons.wikimedia.org&utm_campaign=imageinfo&utm_content=thumbnail
laughing-in-art_909_File_Arturo_Ricci_NachmittagsteeFXD.jpg,Category:Laughing in art,File:Arturo Ricci NachmittagsteeFXD.jpg,Arturo Ricci,Public domain,https://commons.wikimedia.org/wiki/File%3AArturo_Ricci_NachmittagsteeFXD.jpg,https://thumb.wikimedia.org/wikipedia/commons/thumb/8/8b/Arturo_Ricci_NachmittagsteeFXD.jpg/960px-Arturo_Ricci_NachmittagsteeFXD.jpg?utm_source=commons.wikimedia.org&utm_campaign=imageinfo&utm_content=thumbnail
laughing-in-art_041_File_Bartolom_Esteban_Perez_Murillo_012.jpg,Category:Laughing in art,File:Bartolomé Esteban Perez Murillo 012.jpg,Bartolomé Esteban Murillo,Public domain,https://commons.wikimedia.org/wiki/File%3ABartolom%C3%A9_Esteban_Perez_Murillo_012.jpg,https://thumb.wikimedia.org/wikipedia/commons/thumb/3/30/Bartolom%C3%A9_Esteban_Perez_Murillo_012.jpg/960px-Bartolom%C3%A9_Esteban_Perez_Murillo_012.jpg?utm_source=commons.wikimedia.org&utm_campaign=imageinfo&utm_content=thumbnail
laughing-in-art_243_File_Bianca_Marias_Changeling_by_John_Bauer_1913.jpg,Category:Laughing in art,File:Bianca Marias Changeling by John Bauer 1913.jpg,John Bauer,Public domain,https://commons.wikimedia.org/wiki/File%3ABianca_Marias_Changeling_by_John_Bauer_1913.jpg,https://upload.wikimedia.org/wikipedia/commons/b/bc/Bianca_Marias_Changeling_by_John_Bauer_1913.jpg?utm_source=commons.wikimedia.org&utm_campaign=imageinfo&utm_content=thumbnail_unscaled
laughing-in-art_004_File_Bouffes_parisiens_cropped.jpg,Category:Laughing in art,File:Bouffes parisiens (cropped).jpg,Émile Bayard,Public domain,https://commons.wikimedia.org/wiki/File%3ABouffes_parisiens_%28cropped%29.jpg,https://upload.wikimedia.org/wikipedia/commons/7/71/Bouffes_parisiens_%28cropped%29.jpg?utm_source=commons.wikimedia.org&utm_campaign=imageinfo&utm_content=thumbnail_unscaled
laughing-in-art_566_File_Bouffes_parisiens.jpg,Category:Laughing in art,File:Bouffes parisiens.jpg,Émile Bayard,Public domain,https://commons.wikimedia.org/wiki/File%3ABouffes_parisiens.jpg,https://upload.wikimedia.org/wikipedia/commons/e/ef/Bouffes_parisiens.jpg?utm_source=commons.wikimedia.org&utm_campaign=imageinfo&utm_content=thumbnail_unscaled
laughing-in-art_215_File_Boyaryna_Morozova_by_V_Surikov_sketch_07_Muse.jpg,Category:Laughing in art,File:Boyaryna Morozova by V.Surikov - sketch 07 (Museum of Belarus).jpg,Vasily Surikov,Public domain,https://commons.wikimedia.org/wiki/File%3ABoyaryna_Morozova_by_V.Surikov_-_sketch_07_%28Museum_of_Belarus%29.jpg,https://upload.wikimedia.org/wikipedia/commons/5/5c/Boyaryna_Morozova_by_V.Surikov_-_sketch_07_%28Museum_of_Belarus%29.jpg?utm_source=commons.wikimedia.org&utm_campaign=imageinfo&utm_content=thumbnail_unscaled
laughing-in-art_461_File_Brooklyn_Museum_Album_Leaf_Painting_Three_Lau.jpg,Category:Laughing in art,File:Brooklyn Museum - Album Leaf Painting Three Laughing Figures.jpg,Unknown authorUnknown author,Public domain,https://commons.wikimedia.org/wiki/File%3ABrooklyn_Museum_-_Album_Leaf_Painting_Three_Laughing_Figures.jpg,https://upload.wikimedia.org/wikipedia/commons/0/08/Brooklyn_Museum_-_Album_Leaf_Painting_Three_Laughing_Figures.jpg?utm_source=commons.wikimedia.org&utm_campaign=imageinfo&utm_content=thumbnail_unscaled
laughing-in-art_132_File_Brooklyn_Museum_Laughing_Girl_Robert_Henri_ov.jpg,Category:Laughing in art,File:Brooklyn Museum - Laughing Girl - Robert Henri - overall.jpg,Robert Henri,Public domain,https://commons.wikimedia.org/wiki/File%3ABrooklyn_Museum_-_Laughing_Girl_-_Robert_Henri_-_overall.jpg,https://upload.wikimedia.org/wikipedia/commons/f/f2/Brooklyn_Museum_-_Laughing_Girl_-_Robert_Henri_-_overall.jpg?utm_source=commons.wikimedia.org&utm_campaign=imageinfo&utm_content=thumbnail_unscaled
laughing-in-art_455_File_Carl_bloch_to_leende_piger.jpg,Category:Laughing in art,File:Carl bloch to leende piger.jpg,Carl Bloch,Public domain,https://commons.wikimedia.org/wiki/File%3ACarl_bloch_to_leende_piger.jpg,https://thumb.wikimedia.org/wikipedia/commons/thumb/9/9c/Carl_bloch_to_leende_piger.jpg/960px-Carl_bloch_to_leende_piger.jpg?utm_source=commons.wikimedia.org&utm_campaign=imageinfo&utm_content=thumbnail
laughing-in-art_792_File_Annibale_Carracci_Giovane_che_ride_1583_Roma.jpg,Category:Laughing in art,"File:Annibale Carracci, Giovane che ride, 1583, Roma, Galleria Borghese.jpg",Annibale Carracci,Public domain,https://commons.wikimedia.org/wiki/File%3AAnnibale_Carracci%2C_Giovane_che_ride%2C_1583%2C_Roma%2C_Galleria_Borghese.jpg,https://upload.wikimedia.org/wikipedia/commons/2/20/Annibale_Carracci%2C_Giovane_che_ride%2C_1583%2C_Roma%2C_Galleria_Borghese.jpg?utm_source=commons.wikimedia.org&utm_campaign=imageinfo&utm_content=thumbnail_unscaled
laughing-in-art_780_File_Chrysippus_of_Soli_Delle_Vite_de_Filosofi_di.jpg,Category:Laughing in art,File:Chrysippus of Soli - Delle Vite de Filosofi di Diogene Laertio 1606.png,Giuseppe Porta,Public domain,https://commons.wikimedia.org/wiki/File%3AChrysippus_of_Soli_-_Delle_Vite_de_Filosofi_di_Diogene_Laertio_1606.png,https://thumb.wikimedia.org/wikipedia/commons/thumb/3/35/Chrysippus_of_Soli_-_Delle_Vite_de_Filosofi_di_Diogene_Laertio_1606.png/960px-Chrysippus_of_Soli_-_Delle_Vite_de_Filosofi_di_Diogene_Laertio_1606.png?utm_source=commons.wikimedia.org&utm_campaign=imageinfo&utm_content=thumbnail
