id,source_page,author,license,provenance,original_id,modifications,label,split,group,sha256
commons_104672739,https://commons.wikimedia.org/wiki/File%3A%D0%9A%D0%BE%D1%81%D0%BC%D0%BE%D1%81_%D0%B2_%D0%B3%D0%BB%D0%B0%D0%B7%D0%B0%D1%85_CC-BY-SA_4.0.jpg,Mikhina Angelina,CC BY-SA 4.0,,104672739,Commons thumbnail; EXIF transpose; RGB; maximum 800px; JPEG quality 95,0,val,commons_104672739,c96cd0dab0f1af2a8970c407ba1c5308f39066082387835257ca7395514d3421
commons_105241797,https://commons.wikimedia.org/wiki/File%3AIris_%2849597764638%29.jpg,Cristian Ibarra Santillan,CC BY 2.0,,105241797,Commons thumbnail; EXIF transpose; RGB; maximum 800px; JPEG quality 95,0,train,commons_105241797,f4ef580f21ed2c493827b3cfcc9b5ae8b42529bc8a2b04b806413b203aa261e5
commons_105271363,https://commons.wikimedia.org/wiki/File%3AAmberEye.jpg,Samb7293,CC0,,105271363,Commons thumbnail; EXIF transpose; RGB; maximum 800px; JPEG quality 95,0,test,commons_31091784,ebeee1b9bfd0916837544222d83c56dcfae73bf52abd81778ce1d417ae547ad9
commons_10627204,https://commons.wikimedia.org/wiki/File%3ADarkbluegreyiris.jpg,Exordium,CC BY-SA 3.0,,10627204,Commons thumbnail; EXIF transpose; RGB; maximum 800px; JPEG quality 95,0,train,commons_10627204,9bb66c283d843ea7447939edcec088ad9b0da996a307efecd9aebb8ab8f9fd96
commons_10748481,https://commons.wikimedia.org/wiki/File%3AEyeball-2.png,Eyeball.png: Intersofia derivative work: Angelarmandol (talk),CC BY-SA 2.5,,10748481,Commons thumbnail; EXIF transpose; RGB; maximum 800px; JPEG quality 95,0,train,commons_10748481,ac2234d5be890ce7e75adb4ce38ae737e8c977a6766400b37294929486a993f3
commons_10778333,https://commons.wikimedia.org/wiki/File%3ABlueye.png,Gberji fgerui0gb,Public domain,,10778333,Commons thumbnail; EXIF transpose; RGB; maximum 800px; JPEG quality 95,0,train,commons_10778333,38a7ca7d99f55518c21c442a39350a68d894afffe35cb12a15895d63700320e6
commons_10875825,https://commons.wikimedia.org/wiki/File%3AHigh-Eye.jpg,Psychonaught,Public domain,,10875825,Commons thumbnail; EXIF transpose; RGB; maximum 800px; JPEG quality 95,0,train,commons_10875825,41054de2f78eee6619d58024bfd77e22ee467785793184b2aa9cb6954e7a4916
commons_11034706,https://commons.wikimedia.org/wiki/File%3AColourIris.png,Smhossei,CC BY 3.0,,11034706,Commons thumbnail; EXIF transpose; RGB; maximum 800px; JPEG quality 95,0,val,commons_11034706,6f157a79ec2ee85672428ce4d2212bb469fdf15ae58cc4b7331a2c21e538de80
commons_11692843,https://commons.wikimedia.org/wiki/File%3AGreeneyeleft.jpg,Sare963 Sarah Illes,CC BY 3.0,,11692843,Commons thumbnail; EXIF transpose; RGB; maximum 800px; JPEG quality 95,0,train,commons_11692843,44a393d9b8eed4b6263ce3b28ed584ee61fb333ba3a4c7ea14aef6475d41f6b0
commons_117660027,https://commons.wikimedia.org/wiki/File%3A%D0%93%D0%BE%D0%BB%D1%83%D0%B1%D0%BE%D0%B9_%D0%B3%D0%BB%D0%B0%D0%B7.jpg,troncap,CC BY 4.0,,117660027,Commons thumbnail; EXIF transpose; RGB; maximum 800px; JPEG quality 95,0,train,commons_117660027,22d19f5cb6b00ef79196b6d9e88d3884d7205eaefc9990163d65c0b338c024d6
commons_12243392,https://commons.wikimedia.org/wiki/File%3AEye_iris_xx.jpg,"che (Please credit as ""Petr Novák, Wikipedia"" in case you use this outside Wikimedia projects.)",CC BY-SA 3.0,,12243392,Commons thumbnail; EXIF transpose; RGB; maximum 800px; JPEG quality 95,0,train,commons_12243392,5e56663fafeabddc5eba817f2d1387ba78309aea0f4d2a7170bf5eac35b5b393
commons_12531632,https://commons.wikimedia.org/wiki/File%3AEye_Heterochromia_Blue_Green.jpg,Cortexd,CC BY-SA 3.0,,12531632,Commons thumbnail; EXIF transpose; RGB; maximum 800px; JPEG quality 95,0,test,commons_12531632,2f15cb55d819e95f29d9102df72350ff52f4deb25354223def9bbc68e792e9d7
commons_12635970,https://commons.wikimedia.org/wiki/File%3AGrey-eye.jpg,Smurkst,CC BY-SA 3.0,,12635970,Commons thumbnail; EXIF transpose; RGB; maximum 800px; JPEG quality 95,0,test,commons_12635970,352413efa2ce2cde855e78ac3ddee8f78a7332d1760da32b2dc2e753c723952f
commons_12774469,https://commons.wikimedia.org/wiki/File%3ALeft_Blue_Eye.jpg,Psychonaught,Public domain,,12774469,Commons thumbnail; EXIF transpose; RGB; maximum 800px; JPEG quality 95,0,train,commons_12774469,7a831fd87e6e97fc55483dbaba86c3bd18406fa4c0b9f167c8bb34643bcd562a
commons_13400572,https://commons.wikimedia.org/wiki/File%3AGreeneye.jpg,Rick,CC0,,13400572,Commons thumbnail; EXIF transpose; RGB; maximum 800px; JPEG quality 95,0,train,commons_13400572,f4bd761da4976c34c2a67de2a954b5ab3f2f6db3251abc01f47e0fd6771682a7
commons_134178059,https://commons.wikimedia.org/wiki/File%3AOcchioRickyZ.jpg,RickyZ,CC BY-SA 3.0,,134178059,Commons thumbnail; EXIF transpose; RGB; maximum 800px; JPEG quality 95,0,train,commons_134178059,713498bdbb31f835a413ffdc48f84856b55d148ed4c736887340f578bef21271
commons_135379096,https://commons.wikimedia.org/wiki/File%3AHuman_eye_with_limbal_ring%2C_anterior_view.jpg,Rapidreflex,CC BY-SA 4.0,,135379096,Commons thumbnail; EXIF transpose; RGB; maximum 800px; JPEG quality 95,0,train,commons_135379096,32f596a252fc803b10813b06de1377be93e3cf51f5ec3ededb1d5651fe70f2d8
commons_136090100,https://commons.wikimedia.org/wiki/File%3AHuman_eye_in_bright_light.jpg,Rapidreflex,CC BY-SA 4.0,,136090100,Commons thumbnail; EXIF transpose; RGB; maximum 800px; JPEG quality 95,0,train,commons_136090100,2d1c676384509a4872f8b371879e710c1db958e3eacce2c60d1c36e105a289ad
commons_138104952,https://commons.wikimedia.org/wiki/File%3AMale_gray_eye_%2818554338933%29.jpg,fredrik Andreasson from Sweden,CC BY 2.0,,138104952,Commons thumbnail; EXIF transpose; RGB; maximum 800px; JPEG quality 95,0,train,commons_138104952,8e48b483477f43dcf54589f29d39fb48976bdd1628564c78bc43ad261c2a6c8e
commons_140785894,https://commons.wikimedia.org/wiki/File%3A%D0%A1%D1%82%D1%80%D1%83%D0%BA%D1%82%D1%83%D1%80%D0%B0_%D0%BD%D0%B0_%D0%BE%D0%BA%D0%BE.jpg,Iskra22,CC BY 4.0,,140785894,Commons thumbnail; EXIF transpose; RGB; maximum 800px; JPEG quality 95,0,train,commons_140785894,29635d258797b37ce1b3f341cfd9967637b8f7cea2e87b30994cb6128e703a8c
commons_143539057,https://commons.wikimedia.org/wiki/File%3AHuman_eye%2C_anterior_view.jpg,Rapidreflex,CC BY-SA 4.0,,143539057,Commons thumbnail; EXIF transpose; RGB; maximum 800px; JPEG quality 95,0,train,commons_143539057,20b430ba142d548e3a0a6e584b46994a6e4c23f2022e63e031e9c7644df16159
commons_144011475,https://commons.wikimedia.org/wiki/File%3AGray_eye%2C_Northern_Italy.jpg,Martin Mystère,CC BY-SA 4.0,,144011475,Commons thumbnail; EXIF transpose; RGB; maximum 800px; JPEG quality 95,0,val,commons_144011475,96715ef50ff7929a8ebc72f5a59cb78b103926ba2fa147ea21fd9d9bae9988a3
commons_14690298,https://commons.wikimedia.org/wiki/File%3AEye_01.jpg,BROlLy at Italian Wikipedia,Public domain,,14690298,Commons thumbnail; EXIF transpose; RGB; maximum 800px; JPEG quality 95,0,train,commons_14690298,d830991942f34d1e630c443fb48bb177d91337488242c6626b226d47d0056161
commons_151317373,https://commons.wikimedia.org/wiki/File%3AClose_up_shot_of_the_human_eye%2C_9_August_2024.jpg,Kookaaa,CC0,,151317373,Commons thumbnail; EXIF transpose; RGB; maximum 800px; JPEG quality 95,0,train,commons_151317373,3a1419373b025ac70e82527d8c7e6a8f27474d51d2aa07b3d1e1bc8a52226065
commons_15419080,https://commons.wikimedia.org/wiki/File%3AHazel-green_eye_2.jpg,Laurinemily at English Wikipedia,CC BY-SA 2.5,,15419080,Commons thumbnail; EXIF transpose; RGB; maximum 800px; JPEG quality 95,0,test,commons_15419080,554a3d3210ee509e552c249af514b5b194021800b779fa608b6ca1dd697faf7d
commons_15649088,https://commons.wikimedia.org/wiki/File%3AEye_macro.jpg,Micky Zlimen,CC BY-SA 2.0,,15649088,Commons thumbnail; EXIF transpose; RGB; maximum 800px; JPEG quality 95,0,train,commons_15649088,9ea8df4e5a60f93a82b6ced7903e1397635e976d3055193aa319ab8a726aa292
commons_15742803,https://commons.wikimedia.org/wiki/File%3AAnthony%27s_Green_Brown_Iris.jpg,Mobentec,CC BY-SA 3.0,,15742803,Commons thumbnail; EXIF transpose; RGB; maximum 800px; JPEG quality 95,0,val,commons_15742803,b8b23ca7241636d2d79be690d408fac27eb927406a055b707cbe260f0764b8a5
commons_16290248,https://commons.wikimedia.org/wiki/File%3AHumanAmberEye.jpg,Nicoleslaw23,CC BY-SA 3.0,,16290248,Commons thumbnail; EXIF transpose; RGB; maximum 800px; JPEG quality 95,0,val,commons_16290279,793b6a5e69ee9bafc0ae0a4044c44b9c2990592839793d56d670d9f3d82e67a7
commons_16290279,https://commons.wikimedia.org/wiki/File%3AHumanFemaleAmberEye.jpg,Nicoleslaw23,CC BY-SA 3.0,,16290279,Commons thumbnail; EXIF transpose; RGB; maximum 800px; JPEG quality 95,0,val,commons_16290279,4da2bc072ad3982a53046f820ccca85b29caf224f3b6221122a6b17a0a17b6a4
commons_16471838,https://commons.wikimedia.org/wiki/File%3AHazel_eye_%281%29.jpg,Sneakydaycrawler at en.wikipedia,Public domain,,16471838,Commons thumbnail; EXIF transpose; RGB; maximum 800px; JPEG quality 95,0,train,commons_16471838,1eff9af15db3e9fbff74ef6d03453855c664e0ed26ff1fd5186930d306d053c7
commons_16812670,https://commons.wikimedia.org/wiki/File%3AAmber_Brown_Eye.jpg,Manicjedi,CC BY-SA 3.0,,16812670,Commons thumbnail; EXIF transpose; RGB; maximum 800px; JPEG quality 95,0,train,commons_16812670,8a5cb420205cb9c5cc062c08a5491fc635ad55c722251d51ba8d816fd35222b4
commons_16812864,https://commons.wikimedia.org/wiki/File%3AAmber_Brown_Green.jpg,Manicjedi,CC BY-SA 3.0,,16812864,Commons thumbnail; EXIF transpose; RGB; maximum 800px; JPEG quality 95,0,train,commons_16812864,112319fb6fabf3112edf4d916778216f99a64b7c53c9d8bb56ee1ef8bdf82ea7
commons_17395044,https://commons.wikimedia.org/wiki/File%3ALook_after_me.jpg,The original uploader was Fouziks at French Wikipedia.,CC BY-SA 2.0 fr,,17395044,Commons thumbnail; EXIF transpose; RGB; maximum 800px; JPEG quality 95,0,test,commons_17395044,25b8b153abaffa1c3cc2baa570ae8c27df4d7f45575d95dc02039f000146ddcf
commons_174014874,https://commons.wikimedia.org/wiki/File%3ABlue_eye_%28cropped%29.jpg,"Steve Jurvetson from Menlo Park, USA",CC BY 2.0,,174014874,Commons thumbnail; EXIF transpose; RGB; maximum 800px; JPEG quality 95,0,train,commons_174014874,128cb03bc8c9359f4bb094e2780155384b2c798cfb208407bd843cdae17f4e1d
commons_1768126,https://commons.wikimedia.org/wiki/File%3AEyeball_%28sugarpond%29.jpg,"Sugar Pond, Brooklyn",CC BY-SA 2.0,,1768126,Commons thumbnail; EXIF transpose; RGB; maximum 800px; JPEG quality 95,0,train,commons_1768126,de4f5da204e95610e336e9bf803627b2969b9057ca7774778c8cb116ec3d1d7d
commons_181331444,https://commons.wikimedia.org/wiki/File%3AA_human_male_brown_eye.jpg,Bobbyphotographer,CC0,,181331444,Commons thumbnail; EXIF transpose; RGB; maximum 800px; JPEG quality 95,0,train,commons_181331444,bc6a66ce7be7d16a89beb8f7a7ec2bb18f78c1f2a1aa6bf652afa8a6ac412d83
commons_186403,https://commons.wikimedia.org/wiki/File%3AHeterochromia_iridis_01.jpg,No machine-readable author provided. Mike R assumed (based on copyright claims).,CC BY-SA 3.0,,186403,Commons thumbnail; EXIF transpose; RGB; maximum 800px; JPEG quality 95,0,val,commons_186403,ed54bc9f63c229fe93b181fc1dd87b97fb54f94fb966e95a60bd4e5a37b96907
commons_18847024,https://commons.wikimedia.org/wiki/File%3AClose-up_Image_of_a_Human_Iris.jpg,Shillier,CC BY-SA 3.0,,18847024,Commons thumbnail; EXIF transpose; RGB; maximum 800px; JPEG quality 95,0,train,commons_18847024,2b829acc7c5c51883371e00aecdaee297fed03ce7abfc2f6045ea5849c7a898c
commons_19329859,https://commons.wikimedia.org/wiki/File%3ABlue_Eye_Boy.jpg,Randen Pederson,CC BY 2.0,,19329859,Commons thumbnail; EXIF transpose; RGB; maximum 800px; JPEG quality 95,0,val,commons_19329859,b81e27dcc613325c893de53a6ddadf4965353ed3390cb65a7cf7ee1aff4f84ec
commons_19329913,https://commons.wikimedia.org/wiki/File%3ADeep_Blue_eye.jpg,Look Into My Eyes,CC BY 2.0,,19329913,Commons thumbnail; EXIF transpose; RGB; maximum 800px; JPEG quality 95,0,train,commons_19329913,62cdd80127a40489850431f5dc74c337f72f99ff15b1a7af1bf7d086e568771f
commons_19343374,https://commons.wikimedia.org/wiki/File%3AMature_cataract.jpg,Philipp Franko Zeitz,CC BY-SA 3.0,,19343374,Commons thumbnail; EXIF transpose; RGB; maximum 800px; JPEG quality 95,1,val,commons_19343374,d1bf7276a31d2a099b58abbe3380879500079d250faee34e62904a22c7a1c07d
commons_19343376,https://commons.wikimedia.org/wiki/File%3ABrunescent_cataract.jpg,Philipp Franko Zeitz,CC BY-SA 3.0,,19343376,Commons thumbnail; EXIF transpose; RGB; maximum 800px; JPEG quality 95,1,test,commons_19343376,fdb222154d5ee69a871c9cc87164ee0ee658ab5faa57bef013394dba5b477a00
commons_1944750,https://commons.wikimedia.org/wiki/File%3AA_blue_eye.jpg,8thstar at English Wikipedia.,CC BY-SA 3.0,,1944750,Commons thumbnail; EXIF transpose; RGB; maximum 800px; JPEG quality 95,0,train,commons_1944750,72fb7bfa3374780f0ad82fbda95979a1d16832c7f9ebd1f5b4f8269aa682d834
commons_19472208,https://commons.wikimedia.org/wiki/File%3AAugeMeiniges2.jpg,Hutson,CC BY-SA 3.0,,19472208,Commons thumbnail; EXIF transpose; RGB; maximum 800px; JPEG quality 95,0,train,commons_19472208,83e31b029825d4fafe2ac934723d20930c26972dc89028a62f8f62ea9f002311
commons_20606459,https://commons.wikimedia.org/wiki/File%3AWhite_congenital_cataract.tif,Unknown authorUnknown author,Public domain,,20606459,Commons thumbnail; EXIF transpose; RGB; maximum 800px; JPEG quality 95,1,train,commons_20606459,6a2e55af58e1df66f48e52731223bb197563012873971ab1018a0bec1cfa7c5b
commons_2221309,https://commons.wikimedia.org/wiki/File%3ADavinaseye.JPG,en:user:NightWingTNBA,CC BY-SA 3.0,,2221309,Commons thumbnail; EXIF transpose; RGB; maximum 800px; JPEG quality 95,0,train,commons_2221309,5223360d5677f7eddb7383bd1ec224178d4b69822df9720b6160e9028b2d0db8
commons_2221316,https://commons.wikimedia.org/wiki/File%3ACoppereyesyo.jpg,en:user:NightWingTNBA,CC BY-SA 3.0,,2221316,Commons thumbnail; EXIF transpose; RGB; maximum 800px; JPEG quality 95,0,train,commons_2221316,6cadeafedbe93394aa4da3eb808c3b55b0a44dae9565e7b88229d200536b94b0
commons_2221354,https://commons.wikimedia.org/wiki/File%3AMybluishgrayeye.JPG,en:user:Nick4gwen,Public domain,,2221354,Commons thumbnail; EXIF transpose; RGB; maximum 800px; JPEG quality 95,0,test,commons_2221354,6d5bbd73f18984da65aa83f888da610dfd077f54634f3d7002c5536cd3f707a6
commons_22281525,https://commons.wikimedia.org/wiki/File%3ABlue-green_eye_closeup.JPG,Larali21,CC BY-SA 3.0,,22281525,Commons thumbnail; EXIF transpose; RGB; maximum 800px; JPEG quality 95,0,train,commons_22281525,2f8781eaf989e21b181917ba36813a6465fb68c73224828832cdbb7c7b2ec845
commons_22281685,https://commons.wikimedia.org/wiki/File%3AGreen_light_mixed_type_B.JPG,Larali21,CC BY-SA 3.0,,22281685,Commons thumbnail; EXIF transpose; RGB; maximum 800px; JPEG quality 95,0,test,commons_22281685,53daebe23b0ab48dceba757828f15aa271b4d9bd79422c492b7121225d40da8e
commons_23079728,https://commons.wikimedia.org/wiki/File%3AEye_of_amber.jpg,Jeff Turner,CC BY 2.0,,23079728,Commons thumbnail; EXIF transpose; RGB; maximum 800px; JPEG quality 95,0,val,commons_23079728,e341f7e2312cccd281160d0688445ae5a6a00f958248e376d8211460e83673ba
commons_23187179,https://commons.wikimedia.org/wiki/File%3AHazel_Eyes_Iris_closeup%2C_Caucasian_male%2C_age_23.jpg,Stephenbalaban,CC BY-SA 3.0,,23187179,Commons thumbnail; EXIF transpose; RGB; maximum 800px; JPEG quality 95,0,test,commons_23187179,e5c033ca3966bf668ce4ca44f4c5cbf63e82a83914af5618634cf8f207f9ec66
commons_23890228,https://commons.wikimedia.org/wiki/File%3ACastle_using_eye_for_wide_angle_lens.jpg,D L,CC BY-SA 2.0,,23890228,Commons thumbnail; EXIF transpose; RGB; maximum 800px; JPEG quality 95,0,val,commons_23890228,a1ae3277ce80706017c1f90bee14d1a20d195ec34ed3705f9384df77d6bd7c55
commons_24120791,https://commons.wikimedia.org/wiki/File%3AIris_haematogenous_right.jpg,Frigar,CC BY-SA 3.0,,24120791,Commons thumbnail; EXIF transpose; RGB; maximum 800px; JPEG quality 95,0,train,commons_24120791,4e76fcd182ab259b856cd57bf9f75341edcd7602511546dbd618d6d56e8856e2
commons_24120792,https://commons.wikimedia.org/wiki/File%3AIris_lymphatic_right.jpg,Frigar,CC BY-SA 3.0,,24120792,Commons thumbnail; EXIF transpose; RGB; maximum 800px; JPEG quality 95,0,val,commons_24120792,5d48299c465d6128b20bc0dac152f579fe398a5334ccdf3067c5758f07376d34
commons_24120793,https://commons.wikimedia.org/wiki/File%3AIris_bilious_right.jpg,Frigar,CC BY-SA 3.0,,24120793,Commons thumbnail; EXIF transpose; RGB; maximum 800px; JPEG quality 95,0,test,commons_24120793,8aea21514daa099f566fcb511e3355cae28e6cbcbe9ddb3d06dca5aeeca40b88
commons_24322266,https://commons.wikimedia.org/wiki/File%3AGreen_%283239426963%29.jpg,"Serge Melki from Indianapolis, USA",CC BY 2.0,,24322266,Commons thumbnail; EXIF transpose; RGB; maximum 800px; JPEG quality 95,0,test,commons_24322266,96eda29af7ad2d1e7c7ccfde112c4b4fad315695c3d5ed3c9e5e5309632601eb
commons_24641895,https://commons.wikimedia.org/wiki/File%3AHazel_eye_of_a_mixed-ethnicity_female.jpg,Signalgoddess,CC BY-SA 3.0,,24641895,Commons thumbnail; EXIF transpose; RGB; maximum 800px; JPEG quality 95,0,test,commons_24641895,48282d5863526a4b344d38fcf5b6f57475fd5a4a93780b0a390524174cbd4a00
commons_25387397,https://commons.wikimedia.org/wiki/File%3AHazel_green_eye_close_up.jpg,TheSonoran,CC BY-SA 3.0,,25387397,Commons thumbnail; EXIF transpose; RGB; maximum 800px; JPEG quality 95,0,train,commons_25387397,2698be84561f70b12c80afe61da1df0fcb42fb80e90b1edeef723aa8fa284088
commons_26428937,https://commons.wikimedia.org/wiki/File%3AAuge_B%C3%B6hringer_A_1.JPG,"Feel free to use my photos, but please mention me as the author and if you want send me a message. or (rufre@lenz-nenning.at)",CC BY-SA 3.0 at,,26428937,Commons thumbnail; EXIF transpose; RGB; maximum 800px; JPEG quality 95,0,train,commons_26428937,da4b51917e33c77da470b44c08b8c844ae7781ef49338983d2c816300e4c87e7
commons_26428965,https://commons.wikimedia.org/wiki/File%3AAuge_B%C3%B6hringer_A_2.JPG,"Feel free to use my photos, but please mention me as the author and if you want send me a message. or (rufre@lenz-nenning.at)",CC BY-SA 3.0 at,,26428965,Commons thumbnail; EXIF transpose; RGB; maximum 800px; JPEG quality 95,0,train,commons_26428965,756c5e540f6bd42b199859d015fb0ce312a5c4b8032542f89e1bd5669e6bba41
commons_2738664,https://commons.wikimedia.org/wiki/File%3AHazel_eye.jpg,Tlf333 at English Wikipedia,Public domain,,2738664,Commons thumbnail; EXIF transpose; RGB; maximum 800px; JPEG quality 95,0,test,commons_2738664,c1f04e6fae37b1a7489675a02e38c1d6a17a4ebdbf24368a9ae18683979ab02d
commons_27603178,https://commons.wikimedia.org/wiki/File%3AHuman_eye_with_blood_vessels.jpg,ROTFLOLEB,CC BY-SA 3.0,,27603178,Commons thumbnail; EXIF transpose; RGB; maximum 800px; JPEG quality 95,0,train,commons_27603178,1b564a59530f35565fac813d9831b8194473dfaee030b2997629f02c34c1d13b
commons_28744218,https://commons.wikimedia.org/wiki/File%3ABrightBlueEyes.JPG,Lacobrigo,CC BY-SA 3.0,,28744218,Commons thumbnail; EXIF transpose; RGB; maximum 800px; JPEG quality 95,0,train,commons_28744218,08ec57a1a75253a1b1e28efbe0acc6896623d88f81b76c90ef1018fcc0c3d24b
commons_29046411,https://commons.wikimedia.org/wiki/File%3AOjo_experimentando_REM.jpg,Juan.maytorenab,CC BY-SA 3.0,,29046411,Commons thumbnail; EXIF transpose; RGB; maximum 800px; JPEG quality 95,0,test,commons_29046411,804fe9fcb5519ea9438796b29d353f13b0d6aee4a66e3e11886007390b2b9d2e
commons_2931162,https://commons.wikimedia.org/wiki/File%3AEye_big.JPG,M. Bloch,CC BY-SA 3.0,,2931162,Commons thumbnail; EXIF transpose; RGB; maximum 800px; JPEG quality 95,0,train,commons_2931162,53139b0a6ecac78cc96cada415f4fb2ee980c876ca7fe618df9c66eadc10ff62
commons_29504615,https://commons.wikimedia.org/wiki/File%3AHazel_eye1.png,Yoldasso,CC BY-SA 3.0,,29504615,Commons thumbnail; EXIF transpose; RGB; maximum 800px; JPEG quality 95,0,train,commons_29504615,57e173bd74fb7890ca55a4cdf691b95a1f25d84b925ce1a3a24c7ffa1287fd78
commons_30083524,https://commons.wikimedia.org/wiki/File%3AContact_Lens_Macro.JPG,Clarisselitiatco,CC BY-SA 3.0,,30083524,Commons thumbnail; EXIF transpose; RGB; maximum 800px; JPEG quality 95,0,val,commons_30083524,b209fabe7793fd820b38cc8101c58587ab49e78730939876dc7828e07e02ade2
commons_30294434,https://commons.wikimedia.org/wiki/File%3AOlhoAzul.jpg,Lacobrigo,CC BY-SA 3.0,,30294434,Commons thumbnail; EXIF transpose; RGB; maximum 800px; JPEG quality 95,0,train,commons_30294434,4749afdd1de73f7254a5ca5676ad5349ecfc98c830b138ecf537c2fb5b4f44a5
commons_30492694,https://commons.wikimedia.org/wiki/File%3AHazel_Eye_HD.JPG,User:Rapaceone,CC BY-SA 3.0,,30492694,Commons thumbnail; EXIF transpose; RGB; maximum 800px; JPEG quality 95,0,train,commons_30492694,060d98b978d4cae20e569d5f800ab24bb5d0d392bd61b49f90fdcf305781f235
commons_30837477,https://commons.wikimedia.org/wiki/File%3A%C4%B0ris_2014-01-27_20-53.jpg,User:Meddeto,CC BY-SA 3.0,,30837477,Commons thumbnail; EXIF transpose; RGB; maximum 800px; JPEG quality 95,0,train,commons_30837477,461ced53501fea20ef2814f2fe42c959edb0007ece3a22bf6ef267450ca811f2
commons_31091784,https://commons.wikimedia.org/wiki/File%3ALight_brown_amber_eye.JPG,Samb7293,CC0,,31091784,Commons thumbnail; EXIF transpose; RGB; maximum 800px; JPEG quality 95,0,test,commons_31091784,9de3b4b7771abb6880ace7ce5d4b51dee1bca8caade716ee5d582ec2cdd552df
commons_3117810,https://commons.wikimedia.org/wiki/File%3AHuman_Iris_JD052007.jpg,JDrewes,CC BY-SA 3.0,,3117810,Commons thumbnail; EXIF transpose; RGB; maximum 800px; JPEG quality 95,0,train,commons_30837477,a07ab81a9c5eb4e49baf75adb374a4986c3663e2020839f6b52024e71c0b9edd
commons_31468025,https://commons.wikimedia.org/wiki/File%3AHeterocromia.jpg,Dayana Gutierrez,CC BY-SA 3.0,,31468025,Commons thumbnail; EXIF transpose; RGB; maximum 800px; JPEG quality 95,0,train,commons_31468025,58b6d29bf07fdcec44d7c6af11f52261eb9d8ed5f2a7d509954b55a74e3b89d3
commons_31574994,https://commons.wikimedia.org/wiki/File%3ARkinch_persistent_pupillary_membrane.jpg,Richard J Kinch kinch@truetex.com / Rkinch at en.wikipedia,CC BY-SA 3.0,,31574994,Commons thumbnail; EXIF transpose; RGB; maximum 800px; JPEG quality 95,0,train,commons_31574994,29acf1423cb6ebd6c1373a4282bff88d75a6e1ff1911e2198cf21973df1347f5
commons_31648264,https://commons.wikimedia.org/wiki/File%3AIris_16032014.jpg,Mattis2412,CC BY-SA 3.0,,31648264,Commons thumbnail; EXIF transpose; RGB; maximum 800px; JPEG quality 95,0,val,commons_31648264,6d553500d5be82c1138b8e011c221aa4d042714e34b27dcadc6b523a638ed0bb
commons_3249421,https://commons.wikimedia.org/wiki/File%3AOjo_Azul.jpg,Gons,CC BY-SA 4.0,,3249421,Commons thumbnail; EXIF transpose; RGB; maximum 800px; JPEG quality 95,0,train,commons_3249421,d94c284a7fad715d631229b1f3e8acfc300985eaf78f9111cd161c125b5a6b17
commons_32655518,https://commons.wikimedia.org/wiki/File%3A%D0%9A%D0%B0%D1%82%D0%B0%D1%80%D0%B0%D0%BA%D1%82%D0%B0.jpg,Аружан Жамбулатова,CC BY-SA 3.0,,32655518,Commons thumbnail; EXIF transpose; RGB; maximum 800px; JPEG quality 95,1,train,commons_32655518,8bd4e11832624f0e8ebd990674af7e4ea5c64a58c7cac8095b143a50452a384a
commons_328730,https://commons.wikimedia.org/wiki/File%3AMy_eye.jpg,No machine-readable author provided. Gtanner~commonswiki assumed (based on copyright claims).,Public domain,,328730,Commons thumbnail; EXIF transpose; RGB; maximum 800px; JPEG quality 95,0,test,commons_328730,a9835c051a6cad6b8718ac1c9ff4235c62b6fae8a7cb23c822e69499534920fa
commons_33161519,https://commons.wikimedia.org/wiki/File%3A7842_test_iniziali_04.jpg,Gianfranco Passuello,CC BY-SA 3.0,,33161519,Commons thumbnail; EXIF transpose; RGB; maximum 800px; JPEG quality 95,0,train,commons_33161519,f7e9a61838e2104c344693ecb3011c995d2e1c6afdd55ff1410a407ab6e6559d
commons_33202972,https://commons.wikimedia.org/wiki/File%3ACentral_Heterochromia%2C_Blue_%26_Yellow_Eye.jpg,Mutasim0hourani,CC BY-SA 3.0,,33202972,Commons thumbnail; EXIF transpose; RGB; maximum 800px; JPEG quality 95,0,test,commons_33202972,9e1d8a465dfd69534d0a6884cc3624535c8d0fad4dbe8bbb4c4ecc5c8dba49d2
commons_34161446,https://commons.wikimedia.org/wiki/File%3AIris_cornea_adnexa_-_biomicroscope.jpg,Eric Wiessner,CC BY-SA 4.0,,34161446,Commons thumbnail; EXIF transpose; RGB; maximum 800px; JPEG quality 95,0,train,commons_34161446,faae8ba7dcaebef4efe39fcd73e36709d0e071928933aef4ebadfb38fb44fb80
commons_3490332,https://commons.wikimedia.org/wiki/File%3AKorwinpupil.jpg,Korwin,CC BY 3.0,,3490332,Commons thumbnail; EXIF transpose; RGB; maximum 800px; JPEG quality 95,0,test,commons_3490332,32b5758c0d46b45296a59b5de6ba2a4834183019da48c7f10dd86cc1252968a1
commons_3535104,https://commons.wikimedia.org/wiki/File%3ACorneal_transplant.jpg,John Ricks,Public domain,,3535104,Commons thumbnail; EXIF transpose; RGB; maximum 800px; JPEG quality 95,0,train,commons_3535104,fa77bf2efe01cdf6cf6b56f397a859a7477d1fb01f7181098ea88d3d777ba9e8
commons_36530322,https://commons.wikimedia.org/wiki/File%3AMairead_cropped.png,Paul Savage,CC BY 2.0,,36530322,Commons thumbnail; EXIF transpose; RGB; maximum 800px; JPEG quality 95,0,train,commons_36530322,1411371985943e65a640591b2a65ee58deea42b88de1b1797fbf8dd5565ccdb4
commons_3668502,https://commons.wikimedia.org/wiki/File%3AContact_Lens.jpg,Peter Clarke,CC BY-SA 4.0,,3668502,Commons thumbnail; EXIF transpose; RGB; maximum 800px; JPEG quality 95,0,train,commons_3668502,1b56b959539640773ab4ef5dd3802a71265fb9ffbbef9a6aef8f89022aff4438
commons_37295711,https://commons.wikimedia.org/wiki/File%3AAnangrygreygreeneye.JPG,Wrenchrox,CC BY-SA 4.0,,37295711,Commons thumbnail; EXIF transpose; RGB; maximum 800px; JPEG quality 95,0,train,commons_37295711,83da16c9984a3dbeb9afc6c3f93d7745b58b996bff3f9546fe116fcb0841b2b8
commons_3746702,https://commons.wikimedia.org/wiki/File%3A030608_Pupil.jpg,Ylem,Public domain,,3746702,Commons thumbnail; EXIF transpose; RGB; maximum 800px; JPEG quality 95,0,train,commons_3746702,bc5699c844b848e27f8a9fd0039b43aa8f2b611ceea310daf5635d9b053e9e2c
commons_37716022,https://commons.wikimedia.org/wiki/File%3AEhlers-danlos.png,National Eye Institute,Public domain,,37716022,Commons thumbnail; EXIF transpose; RGB; maximum 800px; JPEG quality 95,0,train,commons_37716022,c7deb698ebd1d8e623ad8b568e70d6cc6a7f00aaf321a5ce1a80245cb22704db
commons_38429009,https://commons.wikimedia.org/wiki/File%3AGrey-green_eye_detail.jpg,Beniben82,CC BY-SA 4.0,,38429009,Commons thumbnail; EXIF transpose; RGB; maximum 800px; JPEG quality 95,0,train,commons_38429009,e7e63cbad027e2d3410bac272f79583a34ee3fbb1198c1dd7593ba7d8bc20a09
commons_3854044,https://commons.wikimedia.org/wiki/File%3AClose-up_of_the_iris_of_the_eye.jpg,Chad Miller,CC BY-SA 2.0,,3854044,Commons thumbnail; EXIF transpose; RGB; maximum 800px; JPEG quality 95,0,train,commons_3854044,86d5f66080ec61b63913763dbd487c54458d17c6e544fdfbdc7910a2e41ea051
commons_441286,https://commons.wikimedia.org/wiki/File%3AEye_iris.jpg,"che (Please credit as ""Petr Novák, Wikipedia"" in case you use this outside Wikimedia projects.)",CC BY-SA 2.5,,441286,Commons thumbnail; EXIF transpose; RGB; maximum 800px; JPEG quality 95,0,train,commons_441286,0263cb572c774fa9bf9232032a0d5f0f376860be64e0ebf2e7a87928fd45a47d
commons_44318395,https://commons.wikimedia.org/wiki/File%3ACongenital_Cataract_of_the_Eye.jpg,Iceclanl,CC BY-SA 4.0,,44318395,Commons thumbnail; EXIF transpose; RGB; maximum 800px; JPEG quality 95,1,train,commons_44318399,b386902edd98ab3018a2dbecff3a7af835e93a84597a712ac195f721f9277e76
commons_44318396,https://commons.wikimedia.org/wiki/File%3ACongenital_Cataract_of_the_Eye_1.jpg,Iceclanl,CC BY-SA 4.0,,44318396,Commons thumbnail; EXIF transpose; RGB; maximum 800px; JPEG quality 95,1,train,commons_44318399,b44c7c91b342bd92b1131b50d3533b84454950cad8d90d280a746b3e01cc0ce9
commons_44318397,https://commons.wikimedia.org/wiki/File%3ACongenital_Cataract_of_the_Eye_2.jpg,Iceclanl,CC BY-SA 4.0,,44318397,Commons thumbnail; EXIF transpose; RGB; maximum 800px; JPEG quality 95,1,train,commons_44318399,62173335938a26ede011fe942fbdb08c84ab7e5d3e0bd9a5d00814ed502458fe
commons_44318398,https://commons.wikimedia.org/wiki/File%3ACongenital_Cataract_of_the_Eye_3.jpg,Iceclanl,CC BY-SA 4.0,,44318398,Commons thumbnail; EXIF transpose; RGB; maximum 800px; JPEG quality 95,1,train,commons_44318399,59ad45d4d8906e4dfecad0156609b15ecd714938a5abf7b0fc6f9c4f8f14dd4c
commons_44318399,https://commons.wikimedia.org/wiki/File%3ACongenital_Cataract_of_the_Eye_4.jpg,Iceclanl,CC BY-SA 4.0,,44318399,Commons thumbnail; EXIF transpose; RGB; maximum 800px; JPEG quality 95,1,train,commons_44318399,2a29ab2cec74293cfe3a1ef62d282445a911134e501e241ef0f3a7c15455e669
commons_4501553,https://commons.wikimedia.org/wiki/File%3AHigh-Resolution_Iris_Picture.jpg,User: jakemaheu,CC BY-SA 4.0,,4501553,Commons thumbnail; EXIF transpose; RGB; maximum 800px; JPEG quality 95,0,train,commons_4501553,eecbec7f068ea685b45b8c4163ce90fb351678292b644ca437271423750addd4
commons_4636741,https://commons.wikimedia.org/wiki/File%3ABlue_eye_Stephen.png,The original uploader was Stef48 at French Wikipedia.,CC BY-SA 2.0 fr,,4636741,Commons thumbnail; EXIF transpose; RGB; maximum 800px; JPEG quality 95,0,train,commons_4636741,3dbdd97302fa742f3af7c2f00c6eb57219ecd4bdfcc0184008b958f219ca6848
commons_46564491,https://commons.wikimedia.org/wiki/File%3AGreen_Eyes_Human.png,ParaSamaritan,CC BY-SA 4.0,,46564491,Commons thumbnail; EXIF transpose; RGB; maximum 800px; JPEG quality 95,0,train,commons_46564491,c0743f0c4de09d1045fbebe381fd0a248c44907eaf0cf12b003465b14979b7a8
commons_4946111,https://commons.wikimedia.org/wiki/File%3ADouble_colour_eye.jpg,Jesulio 91,Public domain,,4946111,Commons thumbnail; EXIF transpose; RGB; maximum 800px; JPEG quality 95,0,train,commons_4946111,c6fbc1331a73af7167cd0eea542f505b6960e35cdf1678600efa616a95c28dec
commons_4985888,https://commons.wikimedia.org/wiki/File%3AEye_closeup_greebrown.jpg,Stefan Schroeder,CC BY-SA 3.0,,4985888,Commons thumbnail; EXIF transpose; RGB; maximum 800px; JPEG quality 95,0,train,commons_4985888,9dca8d909442aa7105af4aca5258241a5bbe0513f6502f582efa67da6aea3a31
commons_53609370,https://commons.wikimedia.org/wiki/File%3ABlue_green_eyes_with_central_heterochromia.jpg,AlexandraS1967,CC BY-SA 4.0,,53609370,Commons thumbnail; EXIF transpose; RGB; maximum 800px; JPEG quality 95,0,train,commons_53609370,7480cee8aa6e11d8acd123c1e1ce302065ab126a4cacb0e8f2818496dda8657c
commons_5520770,https://commons.wikimedia.org/wiki/File%3ALins..PNG,Yoshi.28,CC BY-SA 3.0,,5520770,Commons thumbnail; EXIF transpose; RGB; maximum 800px; JPEG quality 95,0,train,commons_5520770,fcaacb2484a2ed34f0f75d018b08adbaa7fe3212f1a937ce61267c5500df79b7
commons_5627996,https://commons.wikimedia.org/wiki/File%3AUll2.jpg,Fajardoalacant,CC BY-SA 3.0,,5627996,Commons thumbnail; EXIF transpose; RGB; maximum 800px; JPEG quality 95,0,train,commons_5627996,164e0825f576a66e4489a647d84dda70c1983e1339ae3ca974a96268cbdeddd2
commons_5706255,https://commons.wikimedia.org/wiki/File%3AIris_-_left_eye_of_a_girl.jpg,Laitr Keiows,CC BY-SA 3.0,,5706255,Commons thumbnail; EXIF transpose; RGB; maximum 800px; JPEG quality 95,0,train,commons_5706255,9305d008082e35749bc7ed53e386bda59b9346b2a17bc384af76f94936d3d690
commons_5706280,https://commons.wikimedia.org/wiki/File%3AIris_-_right_eye_of_a_girl.jpg,Laitr Keiows,CC BY-SA 3.0,,5706280,Commons thumbnail; EXIF transpose; RGB; maximum 800px; JPEG quality 95,0,train,commons_5706280,1ae72f22da71d3a319c4da5a8e50df2b7efefb22f432cf95d7f12f00160ffddf
commons_57235752,https://commons.wikimedia.org/wiki/File%3AGrady_Sizemore_sweating_%283862693913%29.jpg,"Keith Allison from Hanover, MD, USA",CC BY-SA 2.0,,57235752,Commons thumbnail; EXIF transpose; RGB; maximum 800px; JPEG quality 95,0,train,commons_57235752,38d286a9e5f02a33e97b5769c19aff38a21815eaed9698bb93ecf6c37475358c
commons_5725303,https://commons.wikimedia.org/wiki/File%3AIris_close-up.jpg,derivative work: Laitr Keiows (talk) Iris_-_left_eye_of_a_girl.jpg: Laitr Keiows,CC BY-SA 3.0,,5725303,Commons thumbnail; EXIF transpose; RGB; maximum 800px; JPEG quality 95,0,train,kershrita_6a3073131fb432dd2c,76d32c2c10ebc9194e4f6684682f24139c33b08cfcf1d46dc71ce7325c7d0fdc
commons_59070799,https://commons.wikimedia.org/wiki/File%3APosterior_polar_cataract.jpg,Imrankabirhossain,CC BY-SA 4.0,,59070799,Commons thumbnail; EXIF transpose; RGB; maximum 800px; JPEG quality 95,1,train,commons_59070799,b698a1eb941d0b5fc3f69f81733aec17a29318f486058cf32f4590b53e156787
commons_59071126,https://commons.wikimedia.org/wiki/File%3ANuclear_sclerosis.jpg,Imrankabirhossain,CC BY-SA 4.0,,59071126,Commons thumbnail; EXIF transpose; RGB; maximum 800px; JPEG quality 95,1,val,commons_59071126,1fa3721e28f26f7a0725494ba7ded51717f86e30820534ccd4fcabd3e41d3591
commons_59072960,https://commons.wikimedia.org/wiki/File%3AChrismas_tree_cataract.jpg,Imrankabirhossain,CC BY-SA 4.0,,59072960,Commons thumbnail; EXIF transpose; RGB; maximum 800px; JPEG quality 95,1,test,commons_59072960,d3eb9480ef9943c50976ea0f649030dac7ededa4069e46f0e25e9eeddf44bb3a
commons_59104608,https://commons.wikimedia.org/wiki/File%3ARosette_cataract.jpg,Imrankabirhossain,CC BY-SA 4.0,,59104608,Commons thumbnail; EXIF transpose; RGB; maximum 800px; JPEG quality 95,1,val,commons_59104853,d51691835a51262bb56760b5b0d47b5f42b2c0289e080c28fb97a88bfc6a422d
commons_59104853,https://commons.wikimedia.org/wiki/File%3ASunflower_cataract.jpg,Imrankabirhossain,CC BY-SA 4.0,,59104853,Commons thumbnail; EXIF transpose; RGB; maximum 800px; JPEG quality 95,1,val,commons_59104853,c60942c53402c1376d9613fc7acb261a02351a44e8414e7986904e867dedb945
commons_59256909,https://commons.wikimedia.org/wiki/File%3APosterior_Subcapsular_Cataract.jpg,Imrankabirhossain,CC BY-SA 4.0,,59256909,Commons thumbnail; EXIF transpose; RGB; maximum 800px; JPEG quality 95,1,train,commons_59256909,50ea90a7e0ba258bfb03f8ac84423918563156029ff0640cbef6b53c356a8e8e
commons_59257278,https://commons.wikimedia.org/wiki/File%3AIntumescent_cataract.jpg,Imrankabirhossain,CC BY-SA 4.0,,59257278,Commons thumbnail; EXIF transpose; RGB; maximum 800px; JPEG quality 95,1,train,commons_59257278,71909663d9bc67c59759fc49d13cecac373753698203f713c9d359b9a122daa1
commons_59257558,https://commons.wikimedia.org/wiki/File%3ACortical_Cataract.jpg,Imrankabirhossain,CC BY-SA 4.0,,59257558,Commons thumbnail; EXIF transpose; RGB; maximum 800px; JPEG quality 95,1,train,commons_59257558,1f9a3b865724be0aac4f41d134a491ebfafc1617067bae4b7c4af25e615e0622
commons_59291092,https://commons.wikimedia.org/wiki/File%3AAnterior_subcapsular_cataract.jpg,Imrankabirhossain,CC BY-SA 4.0,,59291092,Commons thumbnail; EXIF transpose; RGB; maximum 800px; JPEG quality 95,1,test,commons_59291092,04d66e9cde1c6f1c02c05de84fb289e9ecc8f85acc515bb68982560028c4815c
commons_59307444,https://commons.wikimedia.org/wiki/File%3APosterior_subcapsular_cataract.jpg,Imrankabirhossain,CC BY-SA 4.0,,59307444,Commons thumbnail; EXIF transpose; RGB; maximum 800px; JPEG quality 95,1,train,commons_59307444,de6fe5299f98a08b468c4cd7dc85827f60f4476e88190d3d8032f6bc1f1d5ce9
commons_59404664,https://commons.wikimedia.org/wiki/File%3ANuclear_sclerosis_and_posterior_polar_cataract.jpg,Imrankabirhossain,CC BY-SA 4.0,,59404664,Commons thumbnail; EXIF transpose; RGB; maximum 800px; JPEG quality 95,1,train,commons_59404664,e907863d87e188387f043cd0ef21e0c66d64169d4d0aa75601c7a2808158068d
commons_59408737,https://commons.wikimedia.org/wiki/File%3ADense_white_mature_cataract.jpg,Imrankabirhossain,CC BY-SA 4.0,,59408737,Commons thumbnail; EXIF transpose; RGB; maximum 800px; JPEG quality 95,1,train,commons_59408737,7936c6ffef70fc43e8cf58d9114cf67d7c95ff7541bce4a662de0be5e5fa0e35
commons_59436588,https://commons.wikimedia.org/wiki/File%3ACortical_cataract.jpg,Imrankabirhossain,CC BY-SA 4.0,,59436588,Commons thumbnail; EXIF transpose; RGB; maximum 800px; JPEG quality 95,1,train,commons_59436588,d1c5f70d406654196b4b3e9605d766c3f571afae871abb653e40078de49e3991
commons_59440600,https://commons.wikimedia.org/wiki/File%3ARetro-illumination.jpg,Imrankabirhossain,CC BY-SA 4.0,,59440600,Commons thumbnail; EXIF transpose; RGB; maximum 800px; JPEG quality 95,1,train,commons_59440600,0dce57d220f97fcc4b00dbe31be182c2fbaec0556e3ea791f25bea397bf71ae0
commons_59916528,https://commons.wikimedia.org/wiki/File%3ABlue_eye_limbal_ring.jpg,Cat the Archangel,CC BY-SA 4.0,,59916528,Commons thumbnail; EXIF transpose; RGB; maximum 800px; JPEG quality 95,0,val,commons_59916528,b982737d1994eab792bbcbcdd5c2a3e43553c55724136bebb357b3f7d5b738dc
commons_6059250,https://commons.wikimedia.org/wiki/File%3AGrayeye.JPG,BoleroFire,Public domain,,6059250,Commons thumbnail; EXIF transpose; RGB; maximum 800px; JPEG quality 95,0,train,commons_6059250,901d92d2e3c898823cbcaf7478a7eac1297fe4c58759bfbdff43c6ec47227339
commons_60678468,https://commons.wikimedia.org/wiki/File%3AEye200961f1.jpg,Hoangtrunghien,CC BY-SA 4.0,,60678468,Commons thumbnail; EXIF transpose; RGB; maximum 800px; JPEG quality 95,1,train,commons_60678468,4050321d9ec88ca90075a7db2edd8b5677ab22ed236d80f59122bdee8f4e2154
commons_60746945,https://commons.wikimedia.org/wiki/File%3AOeil_h%C3%A9t%C3%A9rochrome.jpg,Jean-Paul Corlin,CC BY-SA 4.0,,60746945,Commons thumbnail; EXIF transpose; RGB; maximum 800px; JPEG quality 95,0,val,commons_60746945,229e30cbe9f9ea5534cc3b9c2e110eae378c02cc9fc8ebe6517e7f44ca06a71c
commons_6096055,https://commons.wikimedia.org/wiki/File%3AIris_centralheterochromy.jpg,SheLovesGhosts,CC BY-SA 3.0,,6096055,Commons thumbnail; EXIF transpose; RGB; maximum 800px; JPEG quality 95,0,train,commons_6096055,c84b2ea0b8cf3de44eb1daf0d51f8a2a6df776148c900fcbcc0d09e681188f6a
commons_617275,https://commons.wikimedia.org/wiki/File%3AOJOVIGILANTE.JPG,,Public domain,,617275,Commons thumbnail; EXIF transpose; RGB; maximum 800px; JPEG quality 95,0,train,commons_617275,4e7fcc096639297e77bbf6c5b1420626c4c83eedc7b1d15bee30e72c328b3462
commons_61830743,https://commons.wikimedia.org/wiki/File%3AEyes_tell_no_lies_%28Unsplash%29.jpg,Amanda Dalbjörn,CC0,,61830743,Commons thumbnail; EXIF transpose; RGB; maximum 800px; JPEG quality 95,0,val,commons_61830743,53fe2b22327229692299fa1b7b304508abd98770d8c8378e98578df3fc184d99
commons_6435885,https://commons.wikimedia.org/wiki/File%3AOog_met_twee_verschillende_kleuren1.JPG,No machine-readable author provided. Lene1973 assumed (based on copyright claims).,CC BY-SA 3.0,,6435885,Commons thumbnail; EXIF transpose; RGB; maximum 800px; JPEG quality 95,0,val,commons_6435885,966265a1166599e8ec7ad82dfe2065fe61dbbd6eac91fe9b8a9b9384310c201c
commons_64925362,https://commons.wikimedia.org/wiki/File%3ACataracta_avansata_alba_3.jpg,Diaconu Paul,CC BY-SA 4.0,,64925362,Commons thumbnail; EXIF transpose; RGB; maximum 800px; JPEG quality 95,1,train,commons_64925362,2218b0cf1d4b74724297a926f0fdda4cf3e344d97ec51d549ad6510143ad8a9a
commons_64925532,https://commons.wikimedia.org/wiki/File%3ACataracta_avansata.jpg,Diaconu Paul,CC BY-SA 4.0,,64925532,Commons thumbnail; EXIF transpose; RGB; maximum 800px; JPEG quality 95,1,train,commons_64925532,1a72470b324d235679f3f930cdc98e7ac29f91f19c952e5955e84c453dd944a8
commons_6532665,https://commons.wikimedia.org/wiki/File%3AIris_closeup.jpg,Nico0891,CC BY-SA 3.0,,6532665,Commons thumbnail; EXIF transpose; RGB; maximum 800px; JPEG quality 95,0,train,commons_6532665,67db6ffe537a0b382599a4545c5a349d61c8fd272a604a1defbf7fa98f992a55
commons_65786841,https://commons.wikimedia.org/wiki/File%3ACataratta_avanzata.jpg,Levai Lehar,CC BY-SA 4.0,,65786841,Commons thumbnail; EXIF transpose; RGB; maximum 800px; JPEG quality 95,1,train,commons_65786841,ba72d837b85127e562a7458afbb63f53d0c0f33d890fec40c6f5048c42c71290
commons_6584766,https://commons.wikimedia.org/wiki/File%3ASpojivka_popis.jpg,No machine-readable author provided. Bomber62 assumed (based on copyright claims).,Public domain,,6584766,Commons thumbnail; EXIF transpose; RGB; maximum 800px; JPEG quality 95,0,train,commons_6584766,c85cd507611ccd44212118055251ba2d728ee36e356c86362eb92a09861d7755
commons_66436125,https://commons.wikimedia.org/wiki/File%3AOjos_azules.png,Pollitoloco122ich,CC BY-SA 4.0,,66436125,Commons thumbnail; EXIF transpose; RGB; maximum 800px; JPEG quality 95,0,test,commons_66436125,3f44298130b2c76412a2074323b3958c9c6894ae512c59fc190aa528b518b65c
commons_69037588,https://commons.wikimedia.org/wiki/File%3AHazel_Eyes_%28marron_verdoso%29_Caracas_Venezuela_2018.jpg,QuinteroP,CC BY 4.0,,69037588,Commons thumbnail; EXIF transpose; RGB; maximum 800px; JPEG quality 95,0,val,commons_69037754,d95915f1b3cae8e93b8452bab74385dad468672a72306e768a80fcb1d6a34d89
commons_69037754,https://commons.wikimedia.org/wiki/File%3AHazel_Eyes_Ojos_Avellana_%28Marron-Verde%29_Caracas_Venezuela.jpg,QuinteroP,CC BY 4.0,,69037754,Commons thumbnail; EXIF transpose; RGB; maximum 800px; JPEG quality 95,0,val,commons_69037754,f74fd6fb82057aeb53607b514b3ede392673cc5798b56f4c3020f05326ee6b2e
commons_6985175,https://commons.wikimedia.org/wiki/File%3AColor_de_ojos.jpg,Giselle Cardozo,CC BY-SA 3.0,,6985175,Commons thumbnail; EXIF transpose; RGB; maximum 800px; JPEG quality 95,0,train,commons_6985175,59268e5ccd9ebc17e5ee32945a61e7e3a6e1f813903fb14fec3cb377cd454951
commons_7083456,https://commons.wikimedia.org/wiki/File%3AOeilguix.jpg,GuiX,CC BY-SA 3.0,,7083456,Commons thumbnail; EXIF transpose; RGB; maximum 800px; JPEG quality 95,0,train,commons_7083456,c924056fb2d6893c49f44be7f94d9882629ac8993930e629cbc60ee000a56840
commons_7213246,https://commons.wikimedia.org/wiki/File%3AGreeniris.png,Doortjah,CC BY-SA 3.0,,7213246,Commons thumbnail; EXIF transpose; RGB; maximum 800px; JPEG quality 95,0,test,commons_7213246,2484ca12703c1f8254b7139f36fabc011530b5934a69fbd675202f659871b9a6
commons_745351,https://commons.wikimedia.org/wiki/File%3ABlue_eye.jpg,"Steve Jurvetson from Menlo Park, USA",CC BY 2.0,,745351,Commons thumbnail; EXIF transpose; RGB; maximum 800px; JPEG quality 95,0,train,commons_745351,0f874b36818241bffbea43f02e80052a9d41e8467241815ea32fbd92763d085f
commons_75050998,https://commons.wikimedia.org/wiki/File%3ABright_green_eye.png,Ilanno,CC BY-SA 4.0,,75050998,Commons thumbnail; EXIF transpose; RGB; maximum 800px; JPEG quality 95,0,train,commons_75050998,0312d7a22511fd4380b1bb2df4dbfa5f6d7c6e02de87c324c244ef8bcff3b31d
commons_76251807,https://commons.wikimedia.org/wiki/File%3AEye_Lt_3_%28120040889%29.jpeg,Younis Hantouli,CC BY 3.0,,76251807,Commons thumbnail; EXIF transpose; RGB; maximum 800px; JPEG quality 95,0,val,commons_76251807,2c5d4e5215066833c2cfb05a85e2c1e5fdb30337f829b028bb8f9efc26bc851f
commons_7892294,https://commons.wikimedia.org/wiki/File%3AEye_closeup.jpg,Dzenanz,Public domain,,7892294,Commons thumbnail; EXIF transpose; RGB; maximum 800px; JPEG quality 95,0,train,commons_7892294,de3a840c12f9d152be8380930baa0009963137a4f6a183cd2b19f7bf4c6ebc78
commons_79274454,https://commons.wikimedia.org/wiki/File%3A%D0%93%D0%BB%D0%B0%D0%B7%D0%B0_%D1%86%D0%B2%D0%B5%D1%82%D0%BE%D0%BC_%D0%BC%D0%BE%D1%80%D1%8F.jpg,Petrovalera16,CC BY 4.0,,79274454,Commons thumbnail; EXIF transpose; RGB; maximum 800px; JPEG quality 95,0,train,commons_79274454,e79ceca78ee33c49ea937196058a4052289fd15701aa64a88445f8b8d5b03257
commons_8011909,https://commons.wikimedia.org/wiki/File%3AIris_of_the_Human_Eye.jpg,Mcorrens,CC BY-SA 3.0,,8011909,Commons thumbnail; EXIF transpose; RGB; maximum 800px; JPEG quality 95,0,train,commons_8011909,4769d5d26e1a23e30c766faa0f02f8af2ff0d2f0d5a554c3dbfff50848983639
commons_8051975,https://commons.wikimedia.org/wiki/File%3AColor_contact_lens_eye_brown.jpg,Cassiopeia sweet,Public domain,,8051975,Commons thumbnail; EXIF transpose; RGB; maximum 800px; JPEG quality 95,0,test,commons_8051975,75a68fcc9d96dc44308c3b596a4c5dc57c18602156783a7fe7c58e7fb89de375
commons_821959,https://commons.wikimedia.org/wiki/File%3ACataracts_due_to_Congenital_Rubella_Syndrome_%28CRS%29_PHIL_4284_lores.jpg,,Public domain,,821959,Commons thumbnail; EXIF transpose; RGB; maximum 800px; JPEG quality 95,1,train,commons_821959,e2b77d51cfe45ab2d51598ecfba7137b11590e590ce21dd7c693d2ff7f481c2e
commons_82905941,https://commons.wikimedia.org/wiki/File%3ACataracte_Corticale.png,Yoanmb,CC BY-SA 4.0,,82905941,Commons thumbnail; EXIF transpose; RGB; maximum 800px; JPEG quality 95,1,test,commons_82905941,6f86282fcc883905a791cabf1e0a599101dcff09183a62f5d9eb1ccfef52d3ab
commons_84461758,https://commons.wikimedia.org/wiki/File%3AGalaxy_Eye.jpg,PolskiausmBlock,CC BY-SA 4.0,,84461758,Commons thumbnail; EXIF transpose; RGB; maximum 800px; JPEG quality 95,0,train,commons_84461758,6a8464d5482e483775e05905f726c9a87507f5ece520c4ac56e20b89f4c53ea1
commons_8454146,https://commons.wikimedia.org/wiki/File%3ABloodshot_EyeBall.jpg,Psychonaught,Public domain,,8454146,Commons thumbnail; EXIF transpose; RGB; maximum 800px; JPEG quality 95,0,train,commons_8454146,ec9d5473249d4f4cdd52487c92fef0be7108309dafc506ced3ec0222f91fbdcd
commons_8767404,https://commons.wikimedia.org/wiki/File%3AHazel_Eye_-2.JPG,Ahodges7,CC BY-SA 3.0,,8767404,Commons thumbnail; EXIF transpose; RGB; maximum 800px; JPEG quality 95,0,train,commons_8767404,c84b05eeebed217bdc463f863726214627dc3724339cdb4de5afd04e6fbe44ef
commons_87788428,https://commons.wikimedia.org/wiki/File%3AHuman_eye_detail%2C_from-_A_blue_eye_%28cropped%29.jpg,8thstar at English Wikipedia.,CC BY-SA 3.0,,87788428,Commons thumbnail; EXIF transpose; RGB; maximum 800px; JPEG quality 95,0,train,commons_87788428,497a1e025415c24a33f9d15671891b74c1afe0df86a73478fd8d67aa782e5c29
commons_87788504,https://commons.wikimedia.org/wiki/File%3AHuman_eye_detail%2C_from-_Bloodshot_EyeBall_%28cropped%29.jpg,Psychonaught,Public domain,,87788504,Commons thumbnail; EXIF transpose; RGB; maximum 800px; JPEG quality 95,0,test,commons_87788504,fd59294a76320ebcd676ef2e21d9d551be3102a2ddd9446469e88c873586ab30
commons_87788595,https://commons.wikimedia.org/wiki/File%3AHuman_eye_detail%2C_from-_Brown_human_eye_%28cropped%29.jpg,Rnbc at English Wikipedia.,CC BY-SA 3.0,,87788595,Commons thumbnail; EXIF transpose; RGB; maximum 800px; JPEG quality 95,0,train,commons_87788595,7e898cdf27cf650871a01fdf1ed093d6b7a645c825c30b2af5b8261f9bb738b1
commons_87788673,https://commons.wikimedia.org/wiki/File%3AHuman_eye_detail%2C_from-_Boje_oka_%28cropped%29.jpg,BojanaIv,CC BY-SA 4.0,,87788673,Commons thumbnail; EXIF transpose; RGB; maximum 800px; JPEG quality 95,0,train,commons_87788673,dd65ceacd413c43f2da0b53b3a7f0f0ed45e214c986e275e1033658f2a186442
commons_87788813,https://commons.wikimedia.org/wiki/File%3AHuman_eye_detail%2C_from-_Eye_Central_Heterochromia_crop_and_lighter_%28cropped%29.jpg,"Adam Cuerden, modified by Greg A L",CC BY 3.0,,87788813,Commons thumbnail; EXIF transpose; RGB; maximum 800px; JPEG quality 95,0,val,commons_87788813,650c4587db2c33661b3d3449256c721c513c3656cfed04813bb26515dd050db5
commons_87788868,https://commons.wikimedia.org/wiki/File%3AHuman_eye_detail%2C_from-_Human_eye_close_up_%28cropped%29.jpg,Qirille,CC BY-SA 4.0,,87788868,Commons thumbnail; EXIF transpose; RGB; maximum 800px; JPEG quality 95,0,val,commons_87788868,f65a54468b003ad3d0c97acbc9966aca0411d3eebae03a5e192f88a65d4e046e
commons_882443,https://commons.wikimedia.org/wiki/File%3AHazeleye.jpg,No machine-readable author provided. Cgm~commonswiki assumed (based on copyright claims).,CC BY-SA 2.5,,882443,Commons thumbnail; EXIF transpose; RGB; maximum 800px; JPEG quality 95,0,train,commons_882443,271e4532bece150b934b2c432e606278a59262f1f75594e633c963f68ec2de3f
commons_8868194,https://commons.wikimedia.org/wiki/File%3AHumanFemalewithAmberIris.jpg,Ekbaros,CC BY-SA 3.0,,8868194,Commons thumbnail; EXIF transpose; RGB; maximum 800px; JPEG quality 95,0,train,commons_8868194,999f97c5f071f1440104895a1f50ac4916448514693f4300e01857117723b235
commons_8872853,https://commons.wikimedia.org/wiki/File%3AGreen_eye_glasses.jpg,Lonedoe,CC BY-SA 3.0,,8872853,Commons thumbnail; EXIF transpose; RGB; maximum 800px; JPEG quality 95,0,train,commons_8872853,d1ded8a6db8f763eb72532fde268b951061d9509d0c7984e5deeab4e3cc25aae
commons_8872854,https://commons.wikimedia.org/wiki/File%3AGreen_eye_lashes.jpg,No machine-readable author provided. Lonedoe assumed (based on copyright claims).,CC BY-SA 3.0,,8872854,Commons thumbnail; EXIF transpose; RGB; maximum 800px; JPEG quality 95,0,train,commons_8872854,ec408fb5cab5108755cf9b015906b9166729d2e41ddfc73c26698b5d39d465f5
commons_89179889,https://commons.wikimedia.org/wiki/File%3AGreat_blue_eye.jpg,Lizapopova143,CC BY 4.0,,89179889,Commons thumbnail; EXIF transpose; RGB; maximum 800px; JPEG quality 95,0,train,commons_89179889,f64cde4ac6d4487088f8695b508c49aed9b6ebe202263c06a7749d946a42071c
commons_9383377,https://commons.wikimedia.org/wiki/File%3ASpanishhazeleye.JPG,Rrraaammmooonnn,CC BY-SA 3.0,,9383377,Commons thumbnail; EXIF transpose; RGB; maximum 800px; JPEG quality 95,0,train,commons_9500493,f7b10b830a7ec3a38a4c93f3ed91133b02468f610ea5bb0c65a5d622abaf0534
commons_9461601,https://commons.wikimedia.org/wiki/File%3AOllo_02.jpg,Noel Feans,CC BY 2.0,,9461601,Commons thumbnail; EXIF transpose; RGB; maximum 800px; JPEG quality 95,0,train,commons_9461601,27a47fa07b40f42fcda2c317f0f45bdbb44e1a83f684f07c8ed9509eaab05fac
commons_9465430,https://commons.wikimedia.org/wiki/File%3AGrey_eye_G5wCD.jpg,Nether Animal,Public domain,,9465430,Commons thumbnail; EXIF transpose; RGB; maximum 800px; JPEG quality 95,0,test,commons_9465430,49fc3edcae6bd0decb8ea0026eb0d68dc2679713653ca7e5a78b7a9cf1123278
commons_9500493,https://commons.wikimedia.org/wiki/File%3ASpanishhazeleyeje.JPG,Rrraaammmooonnn91,CC BY-SA 3.0,,9500493,Commons thumbnail; EXIF transpose; RGB; maximum 800px; JPEG quality 95,0,train,commons_9500493,95906bf4b5cb00f285d41559b207de59d16295d06828698460240f90da5d63d9
commons_960157,https://commons.wikimedia.org/wiki/File%3AOjoVerde.JPG,ArquiWHAT,CC BY 2.5,,960157,Commons thumbnail; EXIF transpose; RGB; maximum 800px; JPEG quality 95,0,train,commons_960157,573a99c6060782f420f8601f575ac0a086853e3c6622a0a7a8f479c03bba7262
commons_966501,https://commons.wikimedia.org/wiki/File%3ACataract_in_human_eye.png,"Rakesh Ahuja, MD",CC BY-SA 3.0,,966501,Commons thumbnail; EXIF transpose; RGB; maximum 800px; JPEG quality 95,1,train,commons_966501,3ac9605e68e843f57dff5f68dd7e0b35b29d4cba423dde130dc0131ea7902777
commons_966512,https://commons.wikimedia.org/wiki/File%3ASlit_lamp_view_of_Cataract_in_Human_Eye.png,"Rakesh Ahuja, MD",CC BY-SA 3.0,,966512,Commons thumbnail; EXIF transpose; RGB; maximum 800px; JPEG quality 95,1,val,commons_966512,2710dfa197fdf96b62a69a0f1ad3a4c4c5d5947d855858c9386cfe425078334e
commons_96674,https://commons.wikimedia.org/wiki/File%3AIris1.jpg,No machine-readable author provided. JennaMarie83~commonswiki assumed (based on copyright claims).,CC BY-SA 3.0,,96674,Commons thumbnail; EXIF transpose; RGB; maximum 800px; JPEG quality 95,0,val,commons_96674,cac160ccb1f516c1909c8014d86d536d96828433a7095ee9eef7c7a9755e3a7b
commons_96676,https://commons.wikimedia.org/wiki/File%3AIris2.jpg,No machine-readable author provided. JennaMarie83~commonswiki assumed (based on copyright claims).,CC BY-SA 3.0,,96676,Commons thumbnail; EXIF transpose; RGB; maximum 800px; JPEG quality 95,0,train,commons_96676,59e646c612628c4a096c1ef7dd932c61f82870d0932011d89bc07cb3961c3c6b
commons_97931032,https://commons.wikimedia.org/wiki/File%3AOcchio_affetto_da_mosaicismo_somatico.jpg,Francesco Voci,CC BY-SA 4.0,,97931032,Commons thumbnail; EXIF transpose; RGB; maximum 800px; JPEG quality 95,0,train,commons_97931032,38219a34d4d7104696753516c4b9100f281301cd6bb972ebe345c52de19afa2d
commons_9839334,https://commons.wikimedia.org/wiki/File%3AElectric_Blue_Eye.jpg,Michael Phillips,CC BY 2.0,,9839334,Commons thumbnail; EXIF transpose; RGB; maximum 800px; JPEG quality 95,0,train,commons_9839334,29ecae9abf995522bfe18ab620ea737359521d5a0d65d516f2a1386f08a38d38
commons_9976700,https://commons.wikimedia.org/wiki/File%3AGreeneye2.jpg,Jrappy87,CC BY 3.0,,9976700,Commons thumbnail; EXIF transpose; RGB; maximum 800px; JPEG quality 95,0,train,commons_9976700,668d59ab945caf9315f69249695639ee34d18f60d76587dc793e7689e8075756
kershrita_00f133c90fffc7f38d,https://www.kaggle.com/datasets/kershrita/cataract,Ashraf Abdulkhaliq,MIT,publisher-declared; upstream unresolved,Normal/Normal (128).png,EXIF transpose; RGB; maximum 800px; JPEG quality 95,0,train,kershrita_6a3073131fb432dd2c,555f073b8cbc263ccacccaf85ff3325124db45336847e7ec30a9e42064d02915
kershrita_01212013d6b8fcf080,https://www.kaggle.com/datasets/kershrita/cataract,Ashraf Abdulkhaliq,MIT,publisher-declared; upstream unresolved,Cataract/Cataract (245).png,EXIF transpose; RGB; maximum 800px; JPEG quality 95,1,train,kershrita_01212013d6b8fcf080,910ab06c483f758cd560e73e83e7ac18e43a21bfd089e0fe738700b32b43e7a2
kershrita_01647bc2584a755e61,https://www.kaggle.com/datasets/kershrita/cataract,Ashraf Abdulkhaliq,MIT,publisher-declared; upstream unresolved,Cataract/image_259.png,EXIF transpose; RGB; maximum 800px; JPEG quality 95,1,train,kershrita_bc38d7ec89216eefd7,96009021227223564164a322a2cc84e1edd42d37697c7b6ec5dbe378c36d8305
kershrita_01ef0a257ea130c66b,https://www.kaggle.com/datasets/kershrita/cataract,Ashraf Abdulkhaliq,MIT,publisher-declared; upstream unresolved,Normal/Cataract (72).png,EXIF transpose; RGB; maximum 800px; JPEG quality 95,0,train,kershrita_01ef0a257ea130c66b,0977c397036ad681cd4fac9b5dccbcc9398cdd0d7a8b83e7f537ef3cd7df2e8e
kershrita_0297dbf5efd84782b4,https://www.kaggle.com/datasets/kershrita/cataract,Ashraf Abdulkhaliq,MIT,publisher-declared; upstream unresolved,Cataract/Cataract (91).png,EXIF transpose; RGB; maximum 800px; JPEG quality 95,1,train,kershrita_e8c0d0442fa14496f7,66891b13cd3d86813f99ba17f1fa3d393565963c845538fa2a5f46d2d7c87987
kershrita_032b1352e7d779fa4d,https://www.kaggle.com/datasets/kershrita/cataract,Ashraf Abdulkhaliq,MIT,publisher-declared; upstream unresolved,Cataract/Cataract (186).png,EXIF transpose; RGB; maximum 800px; JPEG quality 95,1,train,kershrita_2fe3f77070daaf087e,3afc6d8d7ff4dee6176251afa6ba168baf39c4c404d70a23d5c6713c11e56ab3
kershrita_0487c8028c4a84c4fa,https://www.kaggle.com/datasets/kershrita/cataract,Ashraf Abdulkhaliq,MIT,publisher-declared; upstream unresolved,Cataract/secondary cataract (2).jpg,EXIF transpose; RGB; maximum 800px; JPEG quality 95,1,train,kershrita_4b8af3923bb65b1f78,b355efdc4e3a5602a9ad04ed417b5525bcedf8bc614ec34fbc52f513c4f14c8d
kershrita_04aa25c0cfe4c5da54,https://www.kaggle.com/datasets/kershrita/cataract,Ashraf Abdulkhaliq,MIT,publisher-declared; upstream unresolved,Normal/Normal (173).png,EXIF transpose; RGB; maximum 800px; JPEG quality 95,0,train,kershrita_04aa25c0cfe4c5da54,5e6c091e6e30b5b965a0b0a1ce5e4227bf4d05978c0683b6f9b0314d8825ee8f
kershrita_055cc50b024f0907c4,https://www.kaggle.com/datasets/kershrita/cataract,Ashraf Abdulkhaliq,MIT,publisher-declared; upstream unresolved,Normal/Normal (158).png,EXIF transpose; RGB; maximum 800px; JPEG quality 95,0,train,kershrita_055cc50b024f0907c4,74c1d9d36028f7346b097a6820976aa0f1b3cbaeaf8b49f29dcf71773c53d5db
kershrita_06217f986db42e593a,https://www.kaggle.com/datasets/kershrita/cataract,Ashraf Abdulkhaliq,MIT,publisher-declared; upstream unresolved,Normal/Normal (240).png,EXIF transpose; RGB; maximum 800px; JPEG quality 95,0,train,kershrita_06217f986db42e593a,2d6cc705741b2a120b3dc4ce9e37f53106be85e8a5a9184e9bf4c6bbd89d723f
kershrita_0674ac96382c548393,https://www.kaggle.com/datasets/kershrita/cataract,Ashraf Abdulkhaliq,MIT,publisher-declared; upstream unresolved,Cataract/image_274.png,EXIF transpose; RGB; maximum 800px; JPEG quality 95,1,train,kershrita_4f590a591c144c3760,2c0326fe41bc346ef48f5a271b1e2eb91fa53593bdbbbff4385504239f55661e
kershrita_071b302517404d944c,https://www.kaggle.com/datasets/kershrita/cataract,Ashraf Abdulkhaliq,MIT,publisher-declared; upstream unresolved,Cataract/image_273.png,EXIF transpose; RGB; maximum 800px; JPEG quality 95,1,train,kershrita_071b302517404d944c,489223edd5ead8d700aba75474917f57adb11467887baaa834a9c6b80b6d2420
kershrita_09c53cd4726558aa09,https://www.kaggle.com/datasets/kershrita/cataract,Ashraf Abdulkhaliq,MIT,publisher-declared; upstream unresolved,Cataract/Cataract (159).png,EXIF transpose; RGB; maximum 800px; JPEG quality 95,1,train,kershrita_4da6cd721672a7f81d,3a808566fdd68ee2bc4866ff6da01c24a07ba25a6e92fe1d6bc9922461c66ab3
kershrita_09d891659ebaf3fd54,https://www.kaggle.com/datasets/kershrita/cataract,Ashraf Abdulkhaliq,MIT,publisher-declared; upstream unresolved,Normal/image_275.png,EXIF transpose; RGB; maximum 800px; JPEG quality 95,0,train,kershrita_09d891659ebaf3fd54,35a54c4a1cbf756b5d85a48e68087d340a554c6c9103d396884a567939b8470f
kershrita_0a3d81c4843b7a1d48,https://www.kaggle.com/datasets/kershrita/cataract,Ashraf Abdulkhaliq,MIT,publisher-declared; upstream unresolved,Cataract/Cataract (200).png,EXIF transpose; RGB; maximum 800px; JPEG quality 95,1,train,kershrita_4da6cd721672a7f81d,ee16b6598dd82680f47b91cdf60f57ac004d7d24175022a523b9e48e92867890
kershrita_0ab6854d274f28e9bb,https://www.kaggle.com/datasets/kershrita/cataract,Ashraf Abdulkhaliq,MIT,publisher-declared; upstream unresolved,Normal/Normal (79).png,EXIF transpose; RGB; maximum 800px; JPEG quality 95,0,train,kershrita_0ab6854d274f28e9bb,fb18211f81ef1015e8a1c1f125ed85e860fd86747d4a1363141dec252efe7797
kershrita_0b06db2a197abdef55,https://www.kaggle.com/datasets/kershrita/cataract,Ashraf Abdulkhaliq,MIT,publisher-declared; upstream unresolved,Cataract/image_292.png,EXIF transpose; RGB; maximum 800px; JPEG quality 95,1,val,kershrita_0ebab78b7becae9bc8,de0ba583cedfbc5c0f7d87099e03b5106612a8be5361b523f594e4bd60e37194
kershrita_0b8db2d7f326331c29,https://www.kaggle.com/datasets/kershrita/cataract,Ashraf Abdulkhaliq,MIT,publisher-declared; upstream unresolved,Cataract/Cataract (211).png,EXIF transpose; RGB; maximum 800px; JPEG quality 95,1,train,kershrita_0b8db2d7f326331c29,27b42b61a0bf0dd4b8d9e612b99f160123c5a7ea7e0ebd6c347fa63925153979
kershrita_0be4cef39c3ccde561,https://www.kaggle.com/datasets/kershrita/cataract,Ashraf Abdulkhaliq,MIT,publisher-declared; upstream unresolved,Cataract/Cataract (89).png,EXIF transpose; RGB; maximum 800px; JPEG quality 95,1,train,kershrita_0be4cef39c3ccde561,c3436808cda4aefe0d7fe6e7d80399a41b792fb52dc337dd218f833d29095d64
kershrita_0cee2eb5e9158b4fce,https://www.kaggle.com/datasets/kershrita/cataract,Ashraf Abdulkhaliq,MIT,publisher-declared; upstream unresolved,Cataract/Cataract (22).png,EXIF transpose; RGB; maximum 800px; JPEG quality 95,1,train,kershrita_dd76c00d1a6ad9065a,6fa2ad5127032f977aeaeea70fb8d8a41ad00dd64694b5d197c5781d491914a7
kershrita_0dfb58fa569d46e4ad,https://www.kaggle.com/datasets/kershrita/cataract,Ashraf Abdulkhaliq,MIT,publisher-declared; upstream unresolved,Normal/Normal (112).png,EXIF transpose; RGB; maximum 800px; JPEG quality 95,0,train,kershrita_0dfb58fa569d46e4ad,f454ac9e97a881ebe81d9dadb2bf84266c529ed2407fe6744913da930befc803
kershrita_0ebab78b7becae9bc8,https://www.kaggle.com/datasets/kershrita/cataract,Ashraf Abdulkhaliq,MIT,publisher-declared; upstream unresolved,Cataract/image_281.png,EXIF transpose; RGB; maximum 800px; JPEG quality 95,1,val,kershrita_0ebab78b7becae9bc8,489449befda1312f9f5c3f5d559757b68f3cfa2799bc2686e4a0e3ab7dc7dafe
kershrita_0f610c557244a2de62,https://www.kaggle.com/datasets/kershrita/cataract,Ashraf Abdulkhaliq,MIT,publisher-declared; upstream unresolved,Cataract/Cataract (12).png,EXIF transpose; RGB; maximum 800px; JPEG quality 95,1,train,kershrita_51d758a326a4521158,7656e7e163accc42ba118e4524b21df5a9ff1fe72b77ac5100362481dde6dae0
kershrita_0f9c8c34863d473acb,https://www.kaggle.com/datasets/kershrita/cataract,Ashraf Abdulkhaliq,MIT,publisher-declared; upstream unresolved,Normal/image_296.png,EXIF transpose; RGB; maximum 800px; JPEG quality 95,0,train,kershrita_0f9c8c34863d473acb,473ce6c63413e251d2bd6380cb2845cd21a19d742bc0ee7389acce956b991726
kershrita_0feb05b1c857e95595,https://www.kaggle.com/datasets/kershrita/cataract,Ashraf Abdulkhaliq,MIT,publisher-declared; upstream unresolved,Cataract/Cataract (18).png,EXIF transpose; RGB; maximum 800px; JPEG quality 95,1,train,kershrita_114119e0fc32494f9f,ed383058337c305704269d78627116237671b3ed2280de9d2a2b3d3b0b2834ed
kershrita_114119e0fc32494f9f,https://www.kaggle.com/datasets/kershrita/cataract,Ashraf Abdulkhaliq,MIT,publisher-declared; upstream unresolved,Cataract/image_294.png,EXIF transpose; RGB; maximum 800px; JPEG quality 95,1,train,kershrita_114119e0fc32494f9f,3ec8f3c3dfd48b78aafa2b9462ad9c6f31485e4f0071d35ae15b5c33d91eb673
kershrita_11b92c39e5bc2210b0,https://www.kaggle.com/datasets/kershrita/cataract,Ashraf Abdulkhaliq,MIT,publisher-declared; upstream unresolved,Normal/Cataract (208).png,EXIF transpose; RGB; maximum 800px; JPEG quality 95,0,train,kershrita_11b92c39e5bc2210b0,3c0a913156bd8ffd408c01de67adaa26fbf3cd8c77e87099df20ed96f274fea3
kershrita_11ed3b735667cf8715,https://www.kaggle.com/datasets/kershrita/cataract,Ashraf Abdulkhaliq,MIT,publisher-declared; upstream unresolved,Normal/Normal (40).png,EXIF transpose; RGB; maximum 800px; JPEG quality 95,0,train,kershrita_11ed3b735667cf8715,66dcb4186b82b93f7e16090a199cfe6473105caddff92457129bab493f61cef6
kershrita_13180bf55a0afc5c71,https://www.kaggle.com/datasets/kershrita/cataract,Ashraf Abdulkhaliq,MIT,publisher-declared; upstream unresolved,Cataract/Cataract (100).png,EXIF transpose; RGB; maximum 800px; JPEG quality 95,1,train,kershrita_501175a2be8874cdcb,2c5a18449423e001b83d22fe950965d951735ab17bad35afd2a80772073126ac
kershrita_13a26e41132d70a56b,https://www.kaggle.com/datasets/kershrita/cataract,Ashraf Abdulkhaliq,MIT,publisher-declared; upstream unresolved,Cataract/Cataract (112).png,EXIF transpose; RGB; maximum 800px; JPEG quality 95,1,train,kershrita_df79ad7f5ebe7bd637,cd7344c30f6d43869925c841961825b7e08f601c6f1937064589910abda7de6f
kershrita_13ac93a1b0573c98cb,https://www.kaggle.com/datasets/kershrita/cataract,Ashraf Abdulkhaliq,MIT,publisher-declared; upstream unresolved,Cataract/Cataract (240).png,EXIF transpose; RGB; maximum 800px; JPEG quality 95,1,train,kershrita_982a521de765df97b6,180586bac76157568773db70017ac381c9f3f44ca74fc483aace90e51f23b7d4
kershrita_13b5c4969e6b53b55b,https://www.kaggle.com/datasets/kershrita/cataract,Ashraf Abdulkhaliq,MIT,publisher-declared; upstream unresolved,Normal/Normal (164).png,EXIF transpose; RGB; maximum 800px; JPEG quality 95,0,val,kershrita_f2b2e41b413b935b22,9017d84f220d07f7677aadd8ec66b6645923a3aa29b7480b8e48d35c0d1f975b
kershrita_149c8b84fc8b417fa5,https://www.kaggle.com/datasets/kershrita/cataract,Ashraf Abdulkhaliq,MIT,publisher-declared; upstream unresolved,Normal/Normal (24).png,EXIF transpose; RGB; maximum 800px; JPEG quality 95,0,train,kershrita_149c8b84fc8b417fa5,dd785b55d7d02118e4c58dd1cab553e9759d70e5dfa2dbbd630054bd04142441
kershrita_151d9ef1aeceaa033e,https://www.kaggle.com/datasets/kershrita/cataract,Ashraf Abdulkhaliq,MIT,publisher-declared; upstream unresolved,Cataract/Cataract (35).png,EXIF transpose; RGB; maximum 800px; JPEG quality 95,1,train,kershrita_e9a676e028f906df2c,a73fb7fe8e353bd1c7adcb508b4a5ff7a8e972bb5ea37d8228f2ff047218fed1
kershrita_1539a7e129ec5c4b0f,https://www.kaggle.com/datasets/kershrita/cataract,Ashraf Abdulkhaliq,MIT,publisher-declared; upstream unresolved,Normal/Normal (203).png,EXIF transpose; RGB; maximum 800px; JPEG quality 95,0,train,kershrita_1539a7e129ec5c4b0f,d97f835af61ad6fa0bff27894876247800536c570a8fcc55d04d7bd371fd721c
kershrita_154984ebc3f8faa575,https://www.kaggle.com/datasets/kershrita/cataract,Ashraf Abdulkhaliq,MIT,publisher-declared; upstream unresolved,Cataract/Cataract (107).png,EXIF transpose; RGB; maximum 800px; JPEG quality 95,1,train,kershrita_ccfbace70c9e5037e6,966e609602598739d0e4d1b8272139b1f2fdc5467cd3ddbe30686bdd4fbee5a8
kershrita_15978b4146fa42a4bb,https://www.kaggle.com/datasets/kershrita/cataract,Ashraf Abdulkhaliq,MIT,publisher-declared; upstream unresolved,Cataract/Cataract (96).png,EXIF transpose; RGB; maximum 800px; JPEG quality 95,1,train,kershrita_c4fc5068cf38f7fc35,19bd276ae24530597ab4836c3013cc5cd5d48f333d16daa63db828a00726de59
kershrita_163a7c96951bfb5857,https://www.kaggle.com/datasets/kershrita/cataract,Ashraf Abdulkhaliq,MIT,publisher-declared; upstream unresolved,Cataract/Uveitic anterior opacity with posterior synechiae (2).jpg,EXIF transpose; RGB; maximum 800px; JPEG quality 95,1,train,kershrita_4b8af3923bb65b1f78,996f397e49a50a3c59aef29787550e4b977eb666a009f19931cb783a5870c17a
kershrita_164c7fc8edf36b4250,https://www.kaggle.com/datasets/kershrita/cataract,Ashraf Abdulkhaliq,MIT,publisher-declared; upstream unresolved,Cataract/Cataract (62).png,EXIF transpose; RGB; maximum 800px; JPEG quality 95,1,train,kershrita_b61027848b5efa9397,e937c8dcbce274a1f1d95eefcd11e892c5419b53b09a40f72ed8ff6e9aacf142
kershrita_16e79e33abc00bc123,https://www.kaggle.com/datasets/kershrita/cataract,Ashraf Abdulkhaliq,MIT,publisher-declared; upstream unresolved,Cataract/Cataract (242).png,EXIF transpose; RGB; maximum 800px; JPEG quality 95,1,train,kershrita_5ed1c602261be3cac9,63ea19245dc7def24971c3bf6ee7c253cf73fee63ec16ceccc1870409af137da
kershrita_18af25018c75083d9a,https://www.kaggle.com/datasets/kershrita/cataract,Ashraf Abdulkhaliq,MIT,publisher-declared; upstream unresolved,Cataract/Cataract (51).png,EXIF transpose; RGB; maximum 800px; JPEG quality 95,1,train,kershrita_18af25018c75083d9a,1f702998c5e4036ccb59214b1319e2591736eabba5f45910c840269620988fd6
kershrita_199039ffdf0d3f3659,https://www.kaggle.com/datasets/kershrita/cataract,Ashraf Abdulkhaliq,MIT,publisher-declared; upstream unresolved,Normal/Normal (170).png,EXIF transpose; RGB; maximum 800px; JPEG quality 95,0,train,kershrita_199039ffdf0d3f3659,0e6bf1c0403ed93ddc8a9135e0b5d63334e0ed2c4dbf5c944969829ffa1859d4
kershrita_19b6af239a26539dad,https://www.kaggle.com/datasets/kershrita/cataract,Ashraf Abdulkhaliq,MIT,publisher-declared; upstream unresolved,Normal/Normal (154).png,EXIF transpose; RGB; maximum 800px; JPEG quality 95,0,train,kershrita_19b6af239a26539dad,ece597922c232f2c1c0e27c6125a34eb5a54ea1f874ddb498a384d85c2b55d6f
kershrita_1a2f2120d9adb6f760,https://www.kaggle.com/datasets/kershrita/cataract,Ashraf Abdulkhaliq,MIT,publisher-declared; upstream unresolved,Cataract/Cataract (243).png,EXIF transpose; RGB; maximum 800px; JPEG quality 95,1,train,kershrita_1a2f2120d9adb6f760,7bd86b05b16cfbd1c0f827f0b3b4fde7821f33f057b7e3e160db0ccf57553b6e
kershrita_1a353a43a1ba12eace,https://www.kaggle.com/datasets/kershrita/cataract,Ashraf Abdulkhaliq,MIT,publisher-declared; upstream unresolved,Cataract/Cataract (138).png,EXIF transpose; RGB; maximum 800px; JPEG quality 95,1,val,kershrita_53360ed6c7a441b62a,197e2ba869110a904da0e5ffa3599466f3feae3ea5a589fc0c9658b24d92f3e2
kershrita_1a3c4b7467aadf306a,https://www.kaggle.com/datasets/kershrita/cataract,Ashraf Abdulkhaliq,MIT,publisher-declared; upstream unresolved,Normal/Normal (237).png,EXIF transpose; RGB; maximum 800px; JPEG quality 95,0,train,kershrita_1a3c4b7467aadf306a,0bb5f33b71fd8bb64cba35fabc2d257a15a65f27b4edc0b71bc29389504c7149
kershrita_1a7fa9aa22e3ae82f0,https://www.kaggle.com/datasets/kershrita/cataract,Ashraf Abdulkhaliq,MIT,publisher-declared; upstream unresolved,Cataract/Traumatic cataract (6).jpg,EXIF transpose; RGB; maximum 800px; JPEG quality 95,1,val,kershrita_4e196d38166de81cc2,01945e8d9e275d225687da119d9e6c5262dc78463bf6baea78adcc2125361a42
kershrita_1accbc917abe0923c3,https://www.kaggle.com/datasets/kershrita/cataract,Ashraf Abdulkhaliq,MIT,publisher-declared; upstream unresolved,Normal/Normal (231).png,EXIF transpose; RGB; maximum 800px; JPEG quality 95,0,train,kershrita_1accbc917abe0923c3,95ef21927f97e10f0c4d1cd4e752341e1a954fb1be9c9bcd38475b51a9da336a
kershrita_1c252e65cf98532758,https://www.kaggle.com/datasets/kershrita/cataract,Ashraf Abdulkhaliq,MIT,publisher-declared; upstream unresolved,Normal/Normal (242).png,EXIF transpose; RGB; maximum 800px; JPEG quality 95,0,train,kershrita_1c252e65cf98532758,5eabecd7c5541c485e9244182cf4b716f9a5c6397c0792bfce4af15f162a49a7
kershrita_1c6c7361c660aa5a0a,https://www.kaggle.com/datasets/kershrita/cataract,Ashraf Abdulkhaliq,MIT,publisher-declared; upstream unresolved,Cataract/Cataract (214).png,EXIF transpose; RGB; maximum 800px; JPEG quality 95,1,train,kershrita_114119e0fc32494f9f,216e5685a2d1e29356125d659501f72cb7b0ac43877021f362a53be2cb779c91
kershrita_1cba9a6fe703a9dfae,https://www.kaggle.com/datasets/kershrita/cataract,Ashraf Abdulkhaliq,MIT,publisher-declared; upstream unresolved,Cataract/Cataract (53).png,EXIF transpose; RGB; maximum 800px; JPEG quality 95,1,train,kershrita_edfbb4280c01fb5eba,5e71685cfff14237aad1a2908d80e0aaf184841fa9d6dabdb8fc341b99ee2fb3
kershrita_1e091472339b2dc4b0,https://www.kaggle.com/datasets/kershrita/cataract,Ashraf Abdulkhaliq,MIT,publisher-declared; upstream unresolved,Cataract/Cataract (158).png,EXIF transpose; RGB; maximum 800px; JPEG quality 95,1,val,kershrita_e2fbc2db72d5b7c5dd,9bfc6c5fd0b600198d704eacc6673b801f545f00a891f0e19b0bd3213fd82cbd
kershrita_1e622c5281b44514ea,https://www.kaggle.com/datasets/kershrita/cataract,Ashraf Abdulkhaliq,MIT,publisher-declared; upstream unresolved,Normal/Normal (190).png,EXIF transpose; RGB; maximum 800px; JPEG quality 95,0,val,kershrita_1e622c5281b44514ea,d906a9ebe40441b5539a23552f17f345f10be18d000b1503a1208393bfc23ba8
kershrita_1e9fb6382b5182aaa9,https://www.kaggle.com/datasets/kershrita/cataract,Ashraf Abdulkhaliq,MIT,publisher-declared; upstream unresolved,Cataract/image_280.png,EXIF transpose; RGB; maximum 800px; JPEG quality 95,1,val,kershrita_0ebab78b7becae9bc8,8cc81540d5214f575fc67a14fbfc5f61b3417a43a9628977c45decb2c7c8abc9
kershrita_1efb3957a678ebcca3,https://www.kaggle.com/datasets/kershrita/cataract,Ashraf Abdulkhaliq,MIT,publisher-declared; upstream unresolved,Normal/Normal (209).png,EXIF transpose; RGB; maximum 800px; JPEG quality 95,0,train,kershrita_1efb3957a678ebcca3,fb59369c400ee26aad8740a3d221157a39c6b07d6523c40c8aca59a168f4fb0e
kershrita_1f4785b5811c7b861c,https://www.kaggle.com/datasets/kershrita/cataract,Ashraf Abdulkhaliq,MIT,publisher-declared; upstream unresolved,Normal/Normal (53).png,EXIF transpose; RGB; maximum 800px; JPEG quality 95,0,train,kershrita_1f4785b5811c7b861c,ce98046d9752dfff686eacd5dde4455b8a6c6a6770fdd5dfc1d224380a0b9ef7
kershrita_1f963ab297026b8564,https://www.kaggle.com/datasets/kershrita/cataract,Ashraf Abdulkhaliq,MIT,publisher-declared; upstream unresolved,Normal/Normal (17).png,EXIF transpose; RGB; maximum 800px; JPEG quality 95,0,train,kershrita_1f963ab297026b8564,9a1907f689ceafa25136a97711e1c2aa3c862e02fdba15effcd349b2a12ae2fa
kershrita_207413970bf68001e2,https://www.kaggle.com/datasets/kershrita/cataract,Ashraf Abdulkhaliq,MIT,publisher-declared; upstream unresolved,Cataract/Cataract (30).png,EXIF transpose; RGB; maximum 800px; JPEG quality 95,1,train,kershrita_bd6e4dc999ab7ff18b,20c92ee1d9d70155c7bef3a9295ffb60d349a28c7ddd3cc15df45508153e0821
kershrita_20c52dd1cc2fcc14a5,https://www.kaggle.com/datasets/kershrita/cataract,Ashraf Abdulkhaliq,MIT,publisher-declared; upstream unresolved,Cataract/image_255.png,EXIF transpose; RGB; maximum 800px; JPEG quality 95,1,train,kershrita_20c52dd1cc2fcc14a5,f8874cde36beff914f7f5204361491a35eea8a11f057c898d1a131a9320e2f0f
kershrita_21bd23f8a2788f198c,https://www.kaggle.com/datasets/kershrita/cataract,Ashraf Abdulkhaliq,MIT,publisher-declared; upstream unresolved,Cataract/Cataract (4).png,EXIF transpose; RGB; maximum 800px; JPEG quality 95,1,train,kershrita_21bd23f8a2788f198c,14a29cf23b7075828f93156902b9e8bc795dcbad3ce985da598a09f6fa750720
kershrita_21c7b995771727c4e5,https://www.kaggle.com/datasets/kershrita/cataract,Ashraf Abdulkhaliq,MIT,publisher-declared; upstream unresolved,Cataract/Cataract (196).png,EXIF transpose; RGB; maximum 800px; JPEG quality 95,1,train,kershrita_18af25018c75083d9a,5f49ad33ac09650902e57ffacd0f15b71e5229017d33ebd51eccf66bdc227e3a
kershrita_21f111da2e7e651761,https://www.kaggle.com/datasets/kershrita/cataract,Ashraf Abdulkhaliq,MIT,publisher-declared; upstream unresolved,Normal/Normal (104).png,EXIF transpose; RGB; maximum 800px; JPEG quality 95,0,train,kershrita_21f111da2e7e651761,7f8caa555222c135b55baa23021605323d2799ab71abd0927024f80af9b45cbb
kershrita_225919e3a5a3235c67,https://www.kaggle.com/datasets/kershrita/cataract,Ashraf Abdulkhaliq,MIT,publisher-declared; upstream unresolved,Cataract/Traumatic cataract (3).jpg,EXIF transpose; RGB; maximum 800px; JPEG quality 95,1,val,kershrita_4e196d38166de81cc2,9d87f65a54d0fb18800c05c3552af0c93cb5e2bc8893fd4ea54c0558ebd3ad55
kershrita_238d1aa2ce6430e4c5,https://www.kaggle.com/datasets/kershrita/cataract,Ashraf Abdulkhaliq,MIT,publisher-declared; upstream unresolved,Normal/Normal (120).png,EXIF transpose; RGB; maximum 800px; JPEG quality 95,0,train,kershrita_618646bbdc1aa64ef3,0c48d5c71825936d3ab7bfe8706e5f6b4718259595526bdd8dd01f258a0b5c40
kershrita_24038eb70f5b6354b3,https://www.kaggle.com/datasets/kershrita/cataract,Ashraf Abdulkhaliq,MIT,publisher-declared; upstream unresolved,Cataract/Blue dot congenital cataract (3).jpg,EXIF transpose; RGB; maximum 800px; JPEG quality 95,1,train,kershrita_705aff7f57b0a98940,7af05b95efe73e0e41a93c83326f45e85f7f25703d8d5a2cafc2521b47a57f6a
kershrita_245a50d3f165e1d9a1,https://www.kaggle.com/datasets/kershrita/cataract,Ashraf Abdulkhaliq,MIT,publisher-declared; upstream unresolved,Cataract/Anterior polar cataract (3).jpg,EXIF transpose; RGB; maximum 800px; JPEG quality 95,1,train,kershrita_6267808b976c97d91a,309f65f5728b1cd81a64de2ee6bf847c1ea8ea48436e01a967ee64f794a7796a
kershrita_24be4046da566caf9c,https://www.kaggle.com/datasets/kershrita/cataract,Ashraf Abdulkhaliq,MIT,publisher-declared; upstream unresolved,Cataract/Cataract (232).png,EXIF transpose; RGB; maximum 800px; JPEG quality 95,1,train,kershrita_24be4046da566caf9c,0658c66d4430ffc2e5326958f2e3a315d4a4fdae8c3e7cc5279c93f6e0719a1c
kershrita_252f06a60a8f8957fb,https://www.kaggle.com/datasets/kershrita/cataract,Ashraf Abdulkhaliq,MIT,publisher-declared; upstream unresolved,Normal/Normal (108).png,EXIF transpose; RGB; maximum 800px; JPEG quality 95,0,train,kershrita_252f06a60a8f8957fb,d7f03401e4bd7a8a884b2b5a3d2a2e3d1829cd6e5faddfb442aa7dc5c719ca65
kershrita_25598a7f7cc3246542,https://www.kaggle.com/datasets/kershrita/cataract,Ashraf Abdulkhaliq,MIT,publisher-declared; upstream unresolved,Normal/Normal (83).png,EXIF transpose; RGB; maximum 800px; JPEG quality 95,0,train,kershrita_25598a7f7cc3246542,b95fd0a14e752141945d1424cd50fc1c120eed465d55db06df7dd360cd4e2328
kershrita_25fc64739bc286b74f,https://www.kaggle.com/datasets/kershrita/cataract,Ashraf Abdulkhaliq,MIT,publisher-declared; upstream unresolved,Normal/Normal (156).png,EXIF transpose; RGB; maximum 800px; JPEG quality 95,0,train,kershrita_89fcac85cfa2430e23,2aa2dfb897aa56ba17be0dd0d3e1b5c706b928e93bf8ae91f0462ceb205bf96f
kershrita_265f2200b9a35d1a9f,https://www.kaggle.com/datasets/kershrita/cataract,Ashraf Abdulkhaliq,MIT,publisher-declared; upstream unresolved,Cataract/Cataract (148).png,EXIF transpose; RGB; maximum 800px; JPEG quality 95,1,train,kershrita_51d758a326a4521158,8ab0aef4367fdcb1ec8fda1c4026f3350dd8877e1f0a0121f43172258e8f05d9
kershrita_26d0fdca4846f06aed,https://www.kaggle.com/datasets/kershrita/cataract,Ashraf Abdulkhaliq,MIT,publisher-declared; upstream unresolved,Normal/Normal (238).png,EXIF transpose; RGB; maximum 800px; JPEG quality 95,0,val,kershrita_26d0fdca4846f06aed,243370c5502a0cec1d65cbb6049befd8c08b536f739b7f62040a7b4df3721442
kershrita_272a0adac47f4a2561,https://www.kaggle.com/datasets/kershrita/cataract,Ashraf Abdulkhaliq,MIT,publisher-declared; upstream unresolved,Cataract/Cataract (75).png,EXIF transpose; RGB; maximum 800px; JPEG quality 95,1,train,kershrita_272a0adac47f4a2561,447ffb1aeaed7194c74a09431f0057505c1605a3f06763b1f0c04b0b5141c7ab
kershrita_27bf88a5614cef87d1,https://www.kaggle.com/datasets/kershrita/cataract,Ashraf Abdulkhaliq,MIT,publisher-declared; upstream unresolved,Normal/Normal (244).png,EXIF transpose; RGB; maximum 800px; JPEG quality 95,0,train,kershrita_27bf88a5614cef87d1,cf8ba423d628f77dbe7d7ed92efdc0067bce7285f3953fc2cf588a1c93f36089
kershrita_2841ef606fc64a839f,https://www.kaggle.com/datasets/kershrita/cataract,Ashraf Abdulkhaliq,MIT,publisher-declared; upstream unresolved,Normal/Normal (111).png,EXIF transpose; RGB; maximum 800px; JPEG quality 95,0,train,kershrita_961525ddf4dfe1dd1d,147d7b4bd7a58337527d182b49cbf89bb3c32404fa2e8fd54bd2bd78d9c840d4
kershrita_296da8858b67830c26,https://www.kaggle.com/datasets/kershrita/cataract,Ashraf Abdulkhaliq,MIT,publisher-declared; upstream unresolved,Cataract/secondary cataract (5).jpg,EXIF transpose; RGB; maximum 800px; JPEG quality 95,1,train,kershrita_4b8af3923bb65b1f78,ab02ae1360f7e36bc9590da8662fc5cf4c4fc6bbd0c882d44fbd6ac5eb27ef9b
kershrita_2992fc6fe42f3fd29d,https://www.kaggle.com/datasets/kershrita/cataract,Ashraf Abdulkhaliq,MIT,publisher-declared; upstream unresolved,Normal/Normal (222).png,EXIF transpose; RGB; maximum 800px; JPEG quality 95,0,val,kershrita_2992fc6fe42f3fd29d,0e3d747f1e78b7a95fab90a6942f5e57a56c0b83950c6b0f87b786b2c080971a
kershrita_2b0e6d175b35505427,https://www.kaggle.com/datasets/kershrita/cataract,Ashraf Abdulkhaliq,MIT,publisher-declared; upstream unresolved,Normal/Normal (15).png,EXIF transpose; RGB; maximum 800px; JPEG quality 95,0,train,kershrita_7d8c3eabd4d324a003,a7cce2822311e59680111e285cf766218713ddf9be5c1c140031c37b207f2c87
kershrita_2b35f6ae4e0dc8b055,https://www.kaggle.com/datasets/kershrita/cataract,Ashraf Abdulkhaliq,MIT,publisher-declared; upstream unresolved,Cataract/Cataract (83).png,EXIF transpose; RGB; maximum 800px; JPEG quality 95,1,train,kershrita_2b35f6ae4e0dc8b055,cb2986134609534b89e4fc1be73b13dbfe2f9b61b37da8fb939b735eef681288
kershrita_2c095e5c5e042fe03a,https://www.kaggle.com/datasets/kershrita/cataract,Ashraf Abdulkhaliq,MIT,publisher-declared; upstream unresolved,Cataract/Cataract (177).png,EXIF transpose; RGB; maximum 800px; JPEG quality 95,1,train,kershrita_2c095e5c5e042fe03a,01f83b993b7757356d024a563dae014e711c63c5bd2548fea462045e2ace6b9e
kershrita_2c75965c4a27e75098,https://www.kaggle.com/datasets/kershrita/cataract,Ashraf Abdulkhaliq,MIT,publisher-declared; upstream unresolved,Cataract/Cataract (84).png,EXIF transpose; RGB; maximum 800px; JPEG quality 95,1,val,kershrita_0ebab78b7becae9bc8,1e37269c6795c97577867e03679d3b31c9baccb1460c846b628ba76e2d233a9e
kershrita_2cab8ad5db69e91b1e,https://www.kaggle.com/datasets/kershrita/cataract,Ashraf Abdulkhaliq,MIT,publisher-declared; upstream unresolved,Cataract/Cataract (237).png,EXIF transpose; RGB; maximum 800px; JPEG quality 95,1,train,kershrita_114119e0fc32494f9f,f543c2e763dc069fbf92c758b8882c1814a3e07dbae86fae43bf37504ed97248
kershrita_2da34aa97a4675827a,https://www.kaggle.com/datasets/kershrita/cataract,Ashraf Abdulkhaliq,MIT,publisher-declared; upstream unresolved,Normal/Normal (42).png,EXIF transpose; RGB; maximum 800px; JPEG quality 95,0,train,kershrita_2da34aa97a4675827a,ae87ead101efd67907dd1cc5a7defb6031e76f33014e41bb3fab52b94caff2c5
kershrita_2de759e193f8819f92,https://www.kaggle.com/datasets/kershrita/cataract,Ashraf Abdulkhaliq,MIT,publisher-declared; upstream unresolved,Normal/Normal (54).png,EXIF transpose; RGB; maximum 800px; JPEG quality 95,0,train,kershrita_2de759e193f8819f92,8ecfadd55fae426d42aad8376812bd4843e1b9c3a17db11e6aaefb2ed089cedb
kershrita_2dfe5f205c7c6e241f,https://www.kaggle.com/datasets/kershrita/cataract,Ashraf Abdulkhaliq,MIT,publisher-declared; upstream unresolved,Cataract/Cataract (39).png,EXIF transpose; RGB; maximum 800px; JPEG quality 95,1,train,kershrita_2dfe5f205c7c6e241f,2426058490e1238b106ec2639f96f3c2e98af44d5dcc441c2c6ce57fe5e81d33
kershrita_2e1df5373741ba7d7b,https://www.kaggle.com/datasets/kershrita/cataract,Ashraf Abdulkhaliq,MIT,publisher-declared; upstream unresolved,Normal/Normal (223).png,EXIF transpose; RGB; maximum 800px; JPEG quality 95,0,train,kershrita_2e1df5373741ba7d7b,184b1daa06de3ee0f6c67d0edba8a2e04d2a7121c1afe2a87563ed6cc8556339
kershrita_2e7ec9eb933aa8995b,https://www.kaggle.com/datasets/kershrita/cataract,Ashraf Abdulkhaliq,MIT,publisher-declared; upstream unresolved,Normal/Normal (56).png,EXIF transpose; RGB; maximum 800px; JPEG quality 95,0,train,kershrita_2e7ec9eb933aa8995b,b46f4cbe4a8deccede62b55cb5b8b04b6ebd32fa1991c8f83adffe7302fa13d7
kershrita_2eb26645ae7fed8f2c,https://www.kaggle.com/datasets/kershrita/cataract,Ashraf Abdulkhaliq,MIT,publisher-declared; upstream unresolved,Cataract/Cataract (183).png,EXIF transpose; RGB; maximum 800px; JPEG quality 95,1,train,kershrita_114119e0fc32494f9f,c34fa23599aae81d92116ffdc1ee89f6a707cde3a344f9735db2ba2b09b042c9
kershrita_2edfec01d9b96e6164,https://www.kaggle.com/datasets/kershrita/cataract,Ashraf Abdulkhaliq,MIT,publisher-declared; upstream unresolved,Cataract/Cataract (176).png,EXIF transpose; RGB; maximum 800px; JPEG quality 95,1,train,kershrita_edfbb4280c01fb5eba,a9ac6bb4ae13901ee23862fa1a798cca307fd0b193f1fb203108ad7156210143
kershrita_2ee72732c0f17e6dbf,https://www.kaggle.com/datasets/kershrita/cataract,Ashraf Abdulkhaliq,MIT,publisher-declared; upstream unresolved,Normal/Normal (117).png,EXIF transpose; RGB; maximum 800px; JPEG quality 95,0,train,kershrita_5e9edaaad125d560c5,794be0fbbc7909290b6f5e9b466d95a5e42a762234c815ef1c5f5e0997e29912
kershrita_2fe3f77070daaf087e,https://www.kaggle.com/datasets/kershrita/cataract,Ashraf Abdulkhaliq,MIT,publisher-declared; upstream unresolved,Cataract/image_300.png,EXIF transpose; RGB; maximum 800px; JPEG quality 95,1,train,kershrita_2fe3f77070daaf087e,cadae90abf6890136cef8c1d3e930971342a2bac4355cefdb56e114394bc4401
kershrita_30e0c6db666a965f07,https://www.kaggle.com/datasets/kershrita/cataract,Ashraf Abdulkhaliq,MIT,publisher-declared; upstream unresolved,Cataract/image_264.png,EXIF transpose; RGB; maximum 800px; JPEG quality 95,1,train,kershrita_30e0c6db666a965f07,0ce1b4e6e9cdc1689c0d3098200fa2b0ff4f81c39ddaefc23e55f3c4ec4e8836
kershrita_3181607a3469269c79,https://www.kaggle.com/datasets/kershrita/cataract,Ashraf Abdulkhaliq,MIT,publisher-declared; upstream unresolved,Cataract/Cataract (213).png,EXIF transpose; RGB; maximum 800px; JPEG quality 95,1,train,kershrita_50ae13e205160aa622,b91542d2885df7315cb7dca3f50f0a04163661aa80bccb7ef0d89d13a24d4355
kershrita_31ff60bef0b0cc691a,https://www.kaggle.com/datasets/kershrita/cataract,Ashraf Abdulkhaliq,MIT,publisher-declared; upstream unresolved,Cataract/Normal (217).png,EXIF transpose; RGB; maximum 800px; JPEG quality 95,1,train,kershrita_31ff60bef0b0cc691a,b404275886ca1ddda8efbd7cd0782db48a28fa88315fa4f5c78ea3aa635023fd
kershrita_3264f47456f27c5a7e,https://www.kaggle.com/datasets/kershrita/cataract,Ashraf Abdulkhaliq,MIT,publisher-declared; upstream unresolved,Normal/Normal (37).png,EXIF transpose; RGB; maximum 800px; JPEG quality 95,0,train,kershrita_3264f47456f27c5a7e,61abb64bb12871a40291dd4f3e80d838297771a4baa28991104303c0eb4f0b4f
kershrita_32cfaece5e35e645e5,https://www.kaggle.com/datasets/kershrita/cataract,Ashraf Abdulkhaliq,MIT,publisher-declared; upstream unresolved,Cataract/Cataract (117).png,EXIF transpose; RGB; maximum 800px; JPEG quality 95,1,train,kershrita_9210ddbbcf99f8f319,6d0059d081b235c2d35230cf385954556e7444208f3b5cdf94acd6904ac21e5d
kershrita_33038cd9278ad3e89b,https://www.kaggle.com/datasets/kershrita/cataract,Ashraf Abdulkhaliq,MIT,publisher-declared; upstream unresolved,Cataract/Cataract (47).png,EXIF transpose; RGB; maximum 800px; JPEG quality 95,1,train,kershrita_50ae13e205160aa622,17b846a78755221b3884468c290fdbe06cc3e1e56d4afbc20c981972a6b84f12
kershrita_341fd9a13884612bf7,https://www.kaggle.com/datasets/kershrita/cataract,Ashraf Abdulkhaliq,MIT,publisher-declared; upstream unresolved,Cataract/Cataract (219).png,EXIF transpose; RGB; maximum 800px; JPEG quality 95,1,train,kershrita_341fd9a13884612bf7,f825267f03297c2196bce6a2075e121c213b3e864fe3433a912e2d91c5a1f2d0
kershrita_34b3d0f6ffc0e04ddc,https://www.kaggle.com/datasets/kershrita/cataract,Ashraf Abdulkhaliq,MIT,publisher-declared; upstream unresolved,Normal/Normal (234).png,EXIF transpose; RGB; maximum 800px; JPEG quality 95,0,train,kershrita_34b3d0f6ffc0e04ddc,b8d10ac1400cc614309a6578b7f72e5715cedf4b320fb8463e85395196b36543
kershrita_351470d35d20214e83,https://www.kaggle.com/datasets/kershrita/cataract,Ashraf Abdulkhaliq,MIT,publisher-declared; upstream unresolved,Normal/Normal (101).png,EXIF transpose; RGB; maximum 800px; JPEG quality 95,0,train,kershrita_351470d35d20214e83,60b55c5d5aa0a4a7ed5443d28d2dd2fc6254763f5ed188ae3649925f56e090ad
kershrita_35eff88cc38c6a399f,https://www.kaggle.com/datasets/kershrita/cataract,Ashraf Abdulkhaliq,MIT,publisher-declared; upstream unresolved,Cataract/Cataract (132).png,EXIF transpose; RGB; maximum 800px; JPEG quality 95,1,train,kershrita_35eff88cc38c6a399f,48e577056a96862d0d11ae410f3524ed9287f4bf723438b99be2266633902273
kershrita_36669251787fa52a43,https://www.kaggle.com/datasets/kershrita/cataract,Ashraf Abdulkhaliq,MIT,publisher-declared; upstream unresolved,Cataract/Traumatic cataract (1).jpg,EXIF transpose; RGB; maximum 800px; JPEG quality 95,1,val,kershrita_4e196d38166de81cc2,1783f2e54681fdfed7b34a79b44b66a3e74e63c526548d6edf50b0eced570a76
kershrita_37f27868e21978b7b0,https://www.kaggle.com/datasets/kershrita/cataract,Ashraf Abdulkhaliq,MIT,publisher-declared; upstream unresolved,Normal/Normal (183).png,EXIF transpose; RGB; maximum 800px; JPEG quality 95,0,train,kershrita_7029c84c655b78b193,eadf4c8451a308bb990a6bf07571950d4265dce58e9fc47d2be81dbdc31ac089
kershrita_380bb466165fef3395,https://www.kaggle.com/datasets/kershrita/cataract,Ashraf Abdulkhaliq,MIT,publisher-declared; upstream unresolved,Normal/Normal (135).png,EXIF transpose; RGB; maximum 800px; JPEG quality 95,0,train,kershrita_6f621eed562051cbad,ad8b801a5756808d4cd484f0f2d6ba0ccf09b0366fccf647b1d77943ce20bbb3
kershrita_389b04ce64d679a053,https://www.kaggle.com/datasets/kershrita/cataract,Ashraf Abdulkhaliq,MIT,publisher-declared; upstream unresolved,Cataract/Cataract (210).png,EXIF transpose; RGB; maximum 800px; JPEG quality 95,1,train,kershrita_389b04ce64d679a053,a653686a916d7eefcc3f7e9afa5412c3c9306fce09e64aaa0c3c38d2e11422e3
kershrita_38fe3c8e2dab7e6239,https://www.kaggle.com/datasets/kershrita/cataract,Ashraf Abdulkhaliq,MIT,publisher-declared; upstream unresolved,Normal/Normal (14).png,EXIF transpose; RGB; maximum 800px; JPEG quality 95,0,val,kershrita_d3bba14aab4f4fa6f9,723054e64c89ff0c62eeaece3fb37ebb52922b4f8928738b00e645543026fe8d
kershrita_3a69014bf7dc64fe18,https://www.kaggle.com/datasets/kershrita/cataract,Ashraf Abdulkhaliq,MIT,publisher-declared; upstream unresolved,Cataract/Cataract (103).png,EXIF transpose; RGB; maximum 800px; JPEG quality 95,1,train,kershrita_3a69014bf7dc64fe18,e005a39ebbac882b888cda8d9805a56e7b2e9692224cf548024fcee334eaee60
kershrita_3a9bf618303ea47910,https://www.kaggle.com/datasets/kershrita/cataract,Ashraf Abdulkhaliq,MIT,publisher-declared; upstream unresolved,Normal/Normal (198).png,EXIF transpose; RGB; maximum 800px; JPEG quality 95,0,val,kershrita_3a9bf618303ea47910,b125dce0a1d1dae37849606899fe7cd4bf3f95c1d6e99da174ad45e34148143a
kershrita_3c1386a3e37251c064,https://www.kaggle.com/datasets/kershrita/cataract,Ashraf Abdulkhaliq,MIT,publisher-declared; upstream unresolved,Cataract/image_282.png,EXIF transpose; RGB; maximum 800px; JPEG quality 95,1,val,kershrita_0ebab78b7becae9bc8,2452020b926c8557197affb48adeb6bcf423efe1ace00245b58e57738a2bfa1e
kershrita_3c75308162582b5d81,https://www.kaggle.com/datasets/kershrita/cataract,Ashraf Abdulkhaliq,MIT,publisher-declared; upstream unresolved,Normal/Normal (67).png,EXIF transpose; RGB; maximum 800px; JPEG quality 95,0,train,kershrita_3c75308162582b5d81,8671cd7035eb586e968fc45ea61be350a0cd757f06e53828e66d847d580d7142
kershrita_3d207aca59ad5fe98f,https://www.kaggle.com/datasets/kershrita/cataract,Ashraf Abdulkhaliq,MIT,publisher-declared; upstream unresolved,Normal/Normal (34).png,EXIF transpose; RGB; maximum 800px; JPEG quality 95,0,train,kershrita_3d207aca59ad5fe98f,5c238016876079eec86550bcc46fc2b76a6ef72b0a79588ec92f05d6ed8b9ecf
kershrita_3e3ee3c3d67a730841,https://www.kaggle.com/datasets/kershrita/cataract,Ashraf Abdulkhaliq,MIT,publisher-declared; upstream unresolved,Normal/Normal (139).png,EXIF transpose; RGB; maximum 800px; JPEG quality 95,0,train,kershrita_3e3ee3c3d67a730841,0eb689de84fa3524c68e3de3ac491d5e0f3c1d2ddd44dea91bcb2a2e15e4d142
kershrita_3fef4a15f82059a336,https://www.kaggle.com/datasets/kershrita/cataract,Ashraf Abdulkhaliq,MIT,publisher-declared; upstream unresolved,Cataract/Cataract (16).png,EXIF transpose; RGB; maximum 800px; JPEG quality 95,1,train,kershrita_6cc2d7f819e6a164fb,394b400d6756cf8eccfd4b9e9cf1069e47272e943d9d1752078b53e6b244535c
kershrita_40d6a696495122542e,https://www.kaggle.com/datasets/kershrita/cataract,Ashraf Abdulkhaliq,MIT,publisher-declared; upstream unresolved,Cataract/Cataract (27).png,EXIF transpose; RGB; maximum 800px; JPEG quality 95,1,train,kershrita_114119e0fc32494f9f,4b726ff9eaec40a37e2b7788f758d068a340ff06d84e0d1ad94a49816b916e1b
kershrita_413d09501cf4ffba53,https://www.kaggle.com/datasets/kershrita/cataract,Ashraf Abdulkhaliq,MIT,publisher-declared; upstream unresolved,Normal/Normal (218).png,EXIF transpose; RGB; maximum 800px; JPEG quality 95,0,val,kershrita_413d09501cf4ffba53,9e591326f8ff021e097f1c562bf2675f023d9e11978fdddab6f974e398d9cd86
kershrita_41a2d4aa3052dd9783,https://www.kaggle.com/datasets/kershrita/cataract,Ashraf Abdulkhaliq,MIT,publisher-declared; upstream unresolved,Normal/Normal (119).png,EXIF transpose; RGB; maximum 800px; JPEG quality 95,0,train,kershrita_d1de252ea0bb3bb5ca,36072d04583ae92bb2217894b7350d3760276d08d346e7ec1dbdedefb53c26e7
kershrita_41e7c45d17786604bc,https://www.kaggle.com/datasets/kershrita/cataract,Ashraf Abdulkhaliq,MIT,publisher-declared; upstream unresolved,Normal/Normal (26).png,EXIF transpose; RGB; maximum 800px; JPEG quality 95,0,train,kershrita_41e7c45d17786604bc,a6bbcaf2d6988164275d680eb2bb259fb84a0f5ef630b67e7ce241b379075dec
kershrita_42585222863722b0f8,https://www.kaggle.com/datasets/kershrita/cataract,Ashraf Abdulkhaliq,MIT,publisher-declared; upstream unresolved,Normal/Normal (7).png,EXIF transpose; RGB; maximum 800px; JPEG quality 95,0,val,kershrita_42585222863722b0f8,b34ba77b731792667b7fbb4dfcfe55e9411e1e1555186167c73b225405350b04
kershrita_42fd8273f5b84f7547,https://www.kaggle.com/datasets/kershrita/cataract,Ashraf Abdulkhaliq,MIT,publisher-declared; upstream unresolved,Cataract/Cataract (140).png,EXIF transpose; RGB; maximum 800px; JPEG quality 95,1,train,kershrita_42fd8273f5b84f7547,a22929a72602b52f9fa653c2d33436561c08f0b0183eedb108a251399416b744
kershrita_4360db28858b0a0558,https://www.kaggle.com/datasets/kershrita/cataract,Ashraf Abdulkhaliq,MIT,publisher-declared; upstream unresolved,Normal/Normal (163).png,EXIF transpose; RGB; maximum 800px; JPEG quality 95,0,train,kershrita_4360db28858b0a0558,f45ec5b0189de8e68b5698d304cb83953a157f7563dd451edd85afcb339b97b8
kershrita_43764d309de23bcd7c,https://www.kaggle.com/datasets/kershrita/cataract,Ashraf Abdulkhaliq,MIT,publisher-declared; upstream unresolved,Normal/Normal (176).png,EXIF transpose; RGB; maximum 800px; JPEG quality 95,0,train,kershrita_ac16d3424c76accc86,6dadf13947c2c03d6a103807a11f84262a99785b2d08f8eb2937c05a868cfa8f
kershrita_4402f87e4f7f4ff1a5,https://www.kaggle.com/datasets/kershrita/cataract,Ashraf Abdulkhaliq,MIT,publisher-declared; upstream unresolved,Cataract/Cataract (6).png,EXIF transpose; RGB; maximum 800px; JPEG quality 95,1,train,kershrita_114119e0fc32494f9f,46b1eb9497c4c47d8fb04a07bd65695f78dc4a67d4fe6f2da0af6f10ddc354b4
kershrita_45d9d8958373830a00,https://www.kaggle.com/datasets/kershrita/cataract,Ashraf Abdulkhaliq,MIT,publisher-declared; upstream unresolved,Normal/Normal (63).png,EXIF transpose; RGB; maximum 800px; JPEG quality 95,0,train,kershrita_45d9d8958373830a00,ca811c72f41070b580b8419f1e13e517c92eeafcf63cda9f7db694b77d070dab
kershrita_466ba1e77cd39d1911,https://www.kaggle.com/datasets/kershrita/cataract,Ashraf Abdulkhaliq,MIT,publisher-declared; upstream unresolved,Normal/image_291.png,EXIF transpose; RGB; maximum 800px; JPEG quality 95,0,val,kershrita_466ba1e77cd39d1911,412ec4519e3bb53ceea482df7c1b31a1e29f45dbcc79b56bdfc340cf61befbf7
kershrita_485f9423b3c1721dee,https://www.kaggle.com/datasets/kershrita/cataract,Ashraf Abdulkhaliq,MIT,publisher-declared; upstream unresolved,Normal/Normal (36).png,EXIF transpose; RGB; maximum 800px; JPEG quality 95,0,val,kershrita_e5728418043393d8a5,1e28bf0201a8bb56f681922f1718dedd117832fbceffea35a8a6b41f000452a9
kershrita_488f8428ac1323b879,https://www.kaggle.com/datasets/kershrita/cataract,Ashraf Abdulkhaliq,MIT,publisher-declared; upstream unresolved,Cataract/Blue dot congenital cataract (1).jpg,EXIF transpose; RGB; maximum 800px; JPEG quality 95,1,train,kershrita_705aff7f57b0a98940,c8d3097a0ee7c23fcd3e024c6d3e18e78fa328bec22a5354dca01fb7695bbcdf
kershrita_48d34b436936a3fe56,https://www.kaggle.com/datasets/kershrita/cataract,Ashraf Abdulkhaliq,MIT,publisher-declared; upstream unresolved,Cataract/Cataract (178).png,EXIF transpose; RGB; maximum 800px; JPEG quality 95,1,val,kershrita_c62c07220fc2e35dca,02f2b1dd8640faa8c911b383bca4ce9f73ff614ad3521e5b0e469533e2a3137b
kershrita_48ff1114f9f46556e1,https://www.kaggle.com/datasets/kershrita/cataract,Ashraf Abdulkhaliq,MIT,publisher-declared; upstream unresolved,Normal/Normal (105).png,EXIF transpose; RGB; maximum 800px; JPEG quality 95,0,train,kershrita_48ff1114f9f46556e1,a374b36d4171b4698296eba047ac27cd659cdba4e266e2019dcc2c490edc41b0
kershrita_4992e7015553f0d963,https://www.kaggle.com/datasets/kershrita/cataract,Ashraf Abdulkhaliq,MIT,publisher-declared; upstream unresolved,Cataract/Cataract (121).png,EXIF transpose; RGB; maximum 800px; JPEG quality 95,1,train,kershrita_edfbb4280c01fb5eba,d6c7134e240bb73e976cb281049ff8c2a57d0157b080b50096ff1499a01f7546
kershrita_4b0b87a73a58e44f07,https://www.kaggle.com/datasets/kershrita/cataract,Ashraf Abdulkhaliq,MIT,publisher-declared; upstream unresolved,Normal/Normal (46).png,EXIF transpose; RGB; maximum 800px; JPEG quality 95,0,train,kershrita_4b0b87a73a58e44f07,f51e7398f89bdc5467de057081ccf1e98d7946d231dd0df343c2202deffca5e6
kershrita_4b6fe814369c850eba,https://www.kaggle.com/datasets/kershrita/cataract,Ashraf Abdulkhaliq,MIT,publisher-declared; upstream unresolved,Normal/Normal (45).png,EXIF transpose; RGB; maximum 800px; JPEG quality 95,0,train,kershrita_4b6fe814369c850eba,e04b412f548573e04fdbda8ea37af1584137bc35d4a35f6d796f0941175b6eb7
kershrita_4b8af3923bb65b1f78,https://www.kaggle.com/datasets/kershrita/cataract,Ashraf Abdulkhaliq,MIT,publisher-declared; upstream unresolved,Cataract/secondary cataract (7).jpg,EXIF transpose; RGB; maximum 800px; JPEG quality 95,1,train,kershrita_4b8af3923bb65b1f78,7b9a54cfeaeef4150ac42e352732e471487169af279378480211342d7176695a
kershrita_4c9a16167e379274e9,https://www.kaggle.com/datasets/kershrita/cataract,Ashraf Abdulkhaliq,MIT,publisher-declared; upstream unresolved,Normal/Normal (69).png,EXIF transpose; RGB; maximum 800px; JPEG quality 95,0,train,kershrita_4c9a16167e379274e9,cb429b64d8fb8547da404c0d73f952c29047d49a8281d3d291fdd086dc229a52
kershrita_4d27c52f849dfdaa73,https://www.kaggle.com/datasets/kershrita/cataract,Ashraf Abdulkhaliq,MIT,publisher-declared; upstream unresolved,Normal/Normal (80).png,EXIF transpose; RGB; maximum 800px; JPEG quality 95,0,train,kershrita_4d27c52f849dfdaa73,b5bf312892a46cecf3f8abfae86388d9d864cbe506b957db9290eb293a67e416
kershrita_4da6cd721672a7f81d,https://www.kaggle.com/datasets/kershrita/cataract,Ashraf Abdulkhaliq,MIT,publisher-declared; upstream unresolved,Cataract/image_286.png,EXIF transpose; RGB; maximum 800px; JPEG quality 95,1,train,kershrita_4da6cd721672a7f81d,987550daeb2cb1dfa33ef9e4e69082f582e63f4b19dcbf98f90650dc85edc749
kershrita_4e196d38166de81cc2,https://www.kaggle.com/datasets/kershrita/cataract,Ashraf Abdulkhaliq,MIT,publisher-declared; upstream unresolved,Cataract/Traumatic cataract in Blunt trauma.jpg,EXIF transpose; RGB; maximum 800px; JPEG quality 95,1,val,kershrita_4e196d38166de81cc2,bd1935b746378761571a5559a421f39aa28b316a6d70bf58125eb45feeb21ae7
kershrita_4e4ecc88e8ae667d4b,https://www.kaggle.com/datasets/kershrita/cataract,Ashraf Abdulkhaliq,MIT,publisher-declared; upstream unresolved,Normal/Normal (65).png,EXIF transpose; RGB; maximum 800px; JPEG quality 95,0,train,kershrita_4e4ecc88e8ae667d4b,cf832a69aeb7216481c92abdfccf15ba7218388795880aa13b296fb3ea217d37
kershrita_4f5acd8482b7db97f2,https://www.kaggle.com/datasets/kershrita/cataract,Ashraf Abdulkhaliq,MIT,publisher-declared; upstream unresolved,Normal/Normal (92).png,EXIF transpose; RGB; maximum 800px; JPEG quality 95,0,train,kershrita_4f5acd8482b7db97f2,b18d7f3d1c704095da46415d6cfe8993cc2e4e5461d4930ea5c8f4229c4714fc
kershrita_5113f6c31910d8784a,https://www.kaggle.com/datasets/kershrita/cataract,Ashraf Abdulkhaliq,MIT,publisher-declared; upstream unresolved,Cataract/Anterior polar cataract (4).jpg,EXIF transpose; RGB; maximum 800px; JPEG quality 95,1,train,kershrita_6267808b976c97d91a,fee7ab9ad280d9008f7b791f2c0283df3f5702a7849fa7faf3438d91fdd50f8e
kershrita_51f57c28a1c6f90d71,https://www.kaggle.com/datasets/kershrita/cataract,Ashraf Abdulkhaliq,MIT,publisher-declared; upstream unresolved,Normal/Normal (114).png,EXIF transpose; RGB; maximum 800px; JPEG quality 95,0,train,kershrita_51f57c28a1c6f90d71,979eeec8918b7faf9c283edcffbbfd0a6c50ca1e1784ca6dd6683a41ee5f0b90
kershrita_5290aa3e4273a59a65,https://www.kaggle.com/datasets/kershrita/cataract,Ashraf Abdulkhaliq,MIT,publisher-declared; upstream unresolved,Cataract/Cataract (36).png,EXIF transpose; RGB; maximum 800px; JPEG quality 95,1,train,kershrita_5290aa3e4273a59a65,5d44534a2aaacd91d9d58c9cd4a178d4b3643a19b7de6c85550cc0add4b0bc15
kershrita_52d43e653975911619,https://www.kaggle.com/datasets/kershrita/cataract,Ashraf Abdulkhaliq,MIT,publisher-declared; upstream unresolved,Cataract/Posterior-polar-cataract-PPC-characterized-by-dense-white-well-demarcated-disk-shaped.png,EXIF transpose; RGB; maximum 800px; JPEG quality 95,1,train,kershrita_52d43e653975911619,5c7ed1fdb15f4e54af6e5326f39b3da9002b42b9b51edc596776c5e9d6041b7e
kershrita_541bdf53673895bef3,https://www.kaggle.com/datasets/kershrita/cataract,Ashraf Abdulkhaliq,MIT,publisher-declared; upstream unresolved,Cataract/Traumatic cataract (9).jpg,EXIF transpose; RGB; maximum 800px; JPEG quality 95,1,val,kershrita_4e196d38166de81cc2,fbe74ec61c3d19126518a1328a4ad39d31b0748948f21e589e35584aeb50c111
kershrita_549869c911dfcc923d,https://www.kaggle.com/datasets/kershrita/cataract,Ashraf Abdulkhaliq,MIT,publisher-declared; upstream unresolved,Cataract/Cataract (194).png,EXIF transpose; RGB; maximum 800px; JPEG quality 95,1,train,kershrita_ed0bac5b1b29679001,8a9c7c2d0257382e6b7b98f22767ee4f26b03c7b06e7643e5721486a4ad94c4a
kershrita_549b49704e1bbbb8ab,https://www.kaggle.com/datasets/kershrita/cataract,Ashraf Abdulkhaliq,MIT,publisher-declared; upstream unresolved,Normal/Normal (51).png,EXIF transpose; RGB; maximum 800px; JPEG quality 95,0,train,kershrita_549b49704e1bbbb8ab,19474a712617268744402d8d281d482c09abfe6ff6c278a6368e6a7659c0ae41
kershrita_555c58c6eaf59cd023,https://www.kaggle.com/datasets/kershrita/cataract,Ashraf Abdulkhaliq,MIT,publisher-declared; upstream unresolved,Normal/Normal (239).png,EXIF transpose; RGB; maximum 800px; JPEG quality 95,0,train,kershrita_555c58c6eaf59cd023,d56d36687e1cc44a3f3a03ae2cab15047feb81f1bca379f519a0e361ae2d2d4c
kershrita_55714014af48cd45e2,https://www.kaggle.com/datasets/kershrita/cataract,Ashraf Abdulkhaliq,MIT,publisher-declared; upstream unresolved,Normal/Normal (20).png,EXIF transpose; RGB; maximum 800px; JPEG quality 95,0,train,kershrita_55714014af48cd45e2,51a5208d184a4e8f166009f79caf96084bc43f78fc56317c3cb909c7c7f7ae16
kershrita_55f01b3cabd9165ae2,https://www.kaggle.com/datasets/kershrita/cataract,Ashraf Abdulkhaliq,MIT,publisher-declared; upstream unresolved,Cataract/Cataract (111).png,EXIF transpose; RGB; maximum 800px; JPEG quality 95,1,train,kershrita_df79ad7f5ebe7bd637,e935cb04eaab3a1427003ed449689513139ae0b98b3a8092bb27bb2594d86e17
kershrita_564f184d66be16b737,https://www.kaggle.com/datasets/kershrita/cataract,Ashraf Abdulkhaliq,MIT,publisher-declared; upstream unresolved,Normal/Normal (52).png,EXIF transpose; RGB; maximum 800px; JPEG quality 95,0,train,kershrita_564f184d66be16b737,a7fbca738dc50d7202b4d350f3d83f9928ec081040d18520830d30554a7ce904
kershrita_573c1f3868cdef3e41,https://www.kaggle.com/datasets/kershrita/cataract,Ashraf Abdulkhaliq,MIT,publisher-declared; upstream unresolved,Cataract/Cataract (17).png,EXIF transpose; RGB; maximum 800px; JPEG quality 95,1,train,kershrita_c7b68d405d285efd9b,458aafda110a7ae32107cc08a8e29ec5a9e3ebf35d28e25417836086fea3bba7
kershrita_5859e3cace53e13f6b,https://www.kaggle.com/datasets/kershrita/cataract,Ashraf Abdulkhaliq,MIT,publisher-declared; upstream unresolved,Cataract/Cataract (175).png,EXIF transpose; RGB; maximum 800px; JPEG quality 95,1,train,kershrita_dd66675aff4930dd9a,5c7dac00d7870aa284ac2db0efb0a4b6613614a2419dad89a2d30393dedd028b
kershrita_592f9cda144564cc37,https://www.kaggle.com/datasets/kershrita/cataract,Ashraf Abdulkhaliq,MIT,publisher-declared; upstream unresolved,Normal/Normal (125).png,EXIF transpose; RGB; maximum 800px; JPEG quality 95,0,train,kershrita_592f9cda144564cc37,bd2ed7692315d2a2e43510485b0573daf2d3872c088fa9ffb48d886aedb9a714
kershrita_592ff207a4dc15487c,https://www.kaggle.com/datasets/kershrita/cataract,Ashraf Abdulkhaliq,MIT,publisher-declared; upstream unresolved,Normal/Normal (44).png,EXIF transpose; RGB; maximum 800px; JPEG quality 95,0,train,kershrita_592ff207a4dc15487c,18273c65005d0c54de631c3b05522a970daec8f17671b0fcf293d0ce80d77bba
kershrita_59360ed0297cad4764,https://www.kaggle.com/datasets/kershrita/cataract,Ashraf Abdulkhaliq,MIT,publisher-declared; upstream unresolved,Normal/Normal (11).png,EXIF transpose; RGB; maximum 800px; JPEG quality 95,0,train,kershrita_59360ed0297cad4764,f8d796424e8fbe663063c1e48942cfaa5c3a16d74ebacb69f1de8359054436a2
kershrita_597a0d4ec8f0ed1ddb,https://www.kaggle.com/datasets/kershrita/cataract,Ashraf Abdulkhaliq,MIT,publisher-declared; upstream unresolved,Cataract/Blue dot congenital cataract (5).jpg,EXIF transpose; RGB; maximum 800px; JPEG quality 95,1,train,kershrita_705aff7f57b0a98940,bf330b4ce812a8dd22e2dee9e1d59794935bf10edb1de57036e0f84dfa0ca923
kershrita_59e5c8d60f2cf5b1d9,https://www.kaggle.com/datasets/kershrita/cataract,Ashraf Abdulkhaliq,MIT,publisher-declared; upstream unresolved,Normal/Normal (74).png,EXIF transpose; RGB; maximum 800px; JPEG quality 95,0,train,kershrita_59e5c8d60f2cf5b1d9,e53906dce5bd715c84f04c05e69979ae60b3100d97316f6a560eff4a09159b93
kershrita_5a77c2f8ba15ee6a99,https://www.kaggle.com/datasets/kershrita/cataract,Ashraf Abdulkhaliq,MIT,publisher-declared; upstream unresolved,Cataract/secondary cataract (3).jpg,EXIF transpose; RGB; maximum 800px; JPEG quality 95,1,train,kershrita_4b8af3923bb65b1f78,c0a2e8693ab8fb8060a4eb1bc4bf67a805ada9a85c77e1b12682c811f403d8f4
kershrita_5adb7f9cf157823bbd,https://www.kaggle.com/datasets/kershrita/cataract,Ashraf Abdulkhaliq,MIT,publisher-declared; upstream unresolved,Normal/Normal (1).png,EXIF transpose; RGB; maximum 800px; JPEG quality 95,0,train,kershrita_5adb7f9cf157823bbd,245123c91625a740b1976dc686441e74b3d98c101abdd4f1e7f90eab6297b52b
kershrita_5aec1ff739685a1686,https://www.kaggle.com/datasets/kershrita/cataract,Ashraf Abdulkhaliq,MIT,publisher-declared; upstream unresolved,Normal/Normal (62).png,EXIF transpose; RGB; maximum 800px; JPEG quality 95,0,train,kershrita_5aec1ff739685a1686,3d9de9511cb5dbbd10324123f351283d1a5b56f9eef2efde1376e0f2acac14c8
kershrita_5b92ce06eabd5ac7bb,https://www.kaggle.com/datasets/kershrita/cataract,Ashraf Abdulkhaliq,MIT,publisher-declared; upstream unresolved,Normal/Normal (9).png,EXIF transpose; RGB; maximum 800px; JPEG quality 95,0,train,kershrita_5b92ce06eabd5ac7bb,d7862407441bde4488704edd79b0f0b2ee4ec6dc22b64a4e6837a85752ab0820
kershrita_5b9b828cb3535ca131,https://www.kaggle.com/datasets/kershrita/cataract,Ashraf Abdulkhaliq,MIT,publisher-declared; upstream unresolved,Cataract/image_283.png,EXIF transpose; RGB; maximum 800px; JPEG quality 95,1,val,kershrita_5b9b828cb3535ca131,92bee5494c292c69a94564142d8b2d491c52429fa6041195eabaa63b349cd4cb
kershrita_5cc0fd6b5e24e1a2ce,https://www.kaggle.com/datasets/kershrita/cataract,Ashraf Abdulkhaliq,MIT,publisher-declared; upstream unresolved,Normal/Normal (12).png,EXIF transpose; RGB; maximum 800px; JPEG quality 95,0,train,kershrita_5cc0fd6b5e24e1a2ce,7944500a01a43ac8940fa11062a6454248e4d2fb97704f5492cc1cd93788e530
kershrita_5d63f17efcdc0703d3,https://www.kaggle.com/datasets/kershrita/cataract,Ashraf Abdulkhaliq,MIT,publisher-declared; upstream unresolved,Normal/Normal (214).png,EXIF transpose; RGB; maximum 800px; JPEG quality 95,0,train,kershrita_5d63f17efcdc0703d3,6a48d7eb7ccc760306c3153cbba138e3ee86a0c2e304a72cf8ba28f54529dc6e
kershrita_5e930114b8b127a5c7,https://www.kaggle.com/datasets/kershrita/cataract,Ashraf Abdulkhaliq,MIT,publisher-declared; upstream unresolved,Cataract/Cataract (67).png,EXIF transpose; RGB; maximum 800px; JPEG quality 95,1,train,kershrita_5e930114b8b127a5c7,14a9fc32a112324ef168494bb416d19df51578220a916a3908a63b75d41c5f63
kershrita_5f7e8a3d3fcc373c5e,https://www.kaggle.com/datasets/kershrita/cataract,Ashraf Abdulkhaliq,MIT,publisher-declared; upstream unresolved,Normal/Normal (87).png,EXIF transpose; RGB; maximum 800px; JPEG quality 95,0,train,kershrita_5f7e8a3d3fcc373c5e,c88684574d33134ff553ae9afa526a26bc67af1130ed1973da1d71673294c36d
kershrita_5fc684eee72b8d6783,https://www.kaggle.com/datasets/kershrita/cataract,Ashraf Abdulkhaliq,MIT,publisher-declared; upstream unresolved,Normal/Normal (133).png,EXIF transpose; RGB; maximum 800px; JPEG quality 95,0,train,kershrita_8dacd9ba8085c2fa6f,34ffacd30ecc2efb18b99bec39c496d6338672172e56a83674feacf1c8de248b
kershrita_6060e31cd60128af4c,https://www.kaggle.com/datasets/kershrita/cataract,Ashraf Abdulkhaliq,MIT,publisher-declared; upstream unresolved,Normal/Normal (98).png,EXIF transpose; RGB; maximum 800px; JPEG quality 95,0,train,kershrita_6060e31cd60128af4c,cfd057c35e800a1c1662adf1124a8f2858aaded6502a0889d100a4eaec222a53
kershrita_608158bbbe016e3755,https://www.kaggle.com/datasets/kershrita/cataract,Ashraf Abdulkhaliq,MIT,publisher-declared; upstream unresolved,Normal/Normal (57).png,EXIF transpose; RGB; maximum 800px; JPEG quality 95,0,train,kershrita_608158bbbe016e3755,0d3671563ca76aed32903f62f5a4780671f4510a1906903cd600949f47cd64e2
kershrita_60816fce3a20aa8441,https://www.kaggle.com/datasets/kershrita/cataract,Ashraf Abdulkhaliq,MIT,publisher-declared; upstream unresolved,Cataract/Cataract (206).png,EXIF transpose; RGB; maximum 800px; JPEG quality 95,1,train,kershrita_edfbb4280c01fb5eba,7d50504a9a565000941e2c484c236518cdb9553aff2912bbbd402f01df26302d
kershrita_60a9fbcc726eefc0d8,https://www.kaggle.com/datasets/kershrita/cataract,Ashraf Abdulkhaliq,MIT,publisher-declared; upstream unresolved,Cataract/image_251.png,EXIF transpose; RGB; maximum 800px; JPEG quality 95,1,val,kershrita_0ebab78b7becae9bc8,a8ffe2a9fef3b65815a384bd0c238ac05c301470224c8b4b25b65034372458b7
kershrita_6224c25870019eca8d,https://www.kaggle.com/datasets/kershrita/cataract,Ashraf Abdulkhaliq,MIT,publisher-declared; upstream unresolved,Cataract/Cataract (134).png,EXIF transpose; RGB; maximum 800px; JPEG quality 95,1,train,kershrita_95ac83331ae7e37bfc,3e17af7f1b8e8bb5c03cefc2106809805f93536afac1a8f50f0c1b9217ceec65
kershrita_62257e0ca8f0bf19f7,https://www.kaggle.com/datasets/kershrita/cataract,Ashraf Abdulkhaliq,MIT,publisher-declared; upstream unresolved,Normal/Normal (106).png,EXIF transpose; RGB; maximum 800px; JPEG quality 95,0,train,kershrita_62257e0ca8f0bf19f7,6ce0dc9369575e211300ec2b78edd65ce1665a9bf98ffe6a480429dbdbeb0f56
kershrita_6267808b976c97d91a,https://www.kaggle.com/datasets/kershrita/cataract,Ashraf Abdulkhaliq,MIT,publisher-declared; upstream unresolved,Cataract/Anterior polar cataract.jpg,EXIF transpose; RGB; maximum 800px; JPEG quality 95,1,train,kershrita_6267808b976c97d91a,6f6fc11fce5c1efd5c108a132967e71403ed500547f24f737b05a70862d06068
kershrita_62e71247fbac0d445e,https://www.kaggle.com/datasets/kershrita/cataract,Ashraf Abdulkhaliq,MIT,publisher-declared; upstream unresolved,Cataract/Cataract (14).png,EXIF transpose; RGB; maximum 800px; JPEG quality 95,1,val,kershrita_62e71247fbac0d445e,592990961be8c0374997695052bdb3c438499fac37e8e656d5b75fb787bd99cd
kershrita_640f4c85f574262f06,https://www.kaggle.com/datasets/kershrita/cataract,Ashraf Abdulkhaliq,MIT,publisher-declared; upstream unresolved,Cataract/image_254.png,EXIF transpose; RGB; maximum 800px; JPEG quality 95,1,train,kershrita_640f4c85f574262f06,972415613825dc48e97b27e763c89713c1d268f818794d33f0feb59581f3bd8b
kershrita_653d3ea000867219b2,https://www.kaggle.com/datasets/kershrita/cataract,Ashraf Abdulkhaliq,MIT,publisher-declared; upstream unresolved,Normal/Normal (202).png,EXIF transpose; RGB; maximum 800px; JPEG quality 95,0,val,kershrita_653d3ea000867219b2,bbc6b295e7d3cab4b53d096640fa96aeb2ee82c2a5e157d785f174c06aeacd02
kershrita_664505f5f62faca733,https://www.kaggle.com/datasets/kershrita/cataract,Ashraf Abdulkhaliq,MIT,publisher-declared; upstream unresolved,Cataract/Cataract (241).png,EXIF transpose; RGB; maximum 800px; JPEG quality 95,1,train,kershrita_664505f5f62faca733,16198b4fb86842cd9d8f442d956994ec2dd189b28502893ec3d43ae828e81b96
kershrita_67aa25bc1dd81fa094,https://www.kaggle.com/datasets/kershrita/cataract,Ashraf Abdulkhaliq,MIT,publisher-declared; upstream unresolved,Normal/Normal (77).png,EXIF transpose; RGB; maximum 800px; JPEG quality 95,0,train,kershrita_67aa25bc1dd81fa094,9a716b4b4fb775180ed41097f93b4cd0abf4de97b198bc40da00da029eb3ddab
kershrita_67e0e611d5eba81449,https://www.kaggle.com/datasets/kershrita/cataract,Ashraf Abdulkhaliq,MIT,publisher-declared; upstream unresolved,Cataract/image_271.png,EXIF transpose; RGB; maximum 800px; JPEG quality 95,1,train,kershrita_67e0e611d5eba81449,848c033bf73f52a866b2ec9343e8c05136f67d98f13df8dcd7cbbd63dd3bb1db
kershrita_689d967301d88f44fc,https://www.kaggle.com/datasets/kershrita/cataract,Ashraf Abdulkhaliq,MIT,publisher-declared; upstream unresolved,Normal/Normal (215).png,EXIF transpose; RGB; maximum 800px; JPEG quality 95,0,train,kershrita_689d967301d88f44fc,426506f0379c0c7b3f62349fb592c54f5a6148c325907b92ddeec7e1de352cb6
kershrita_6bedf7f568c4fb8313,https://www.kaggle.com/datasets/kershrita/cataract,Ashraf Abdulkhaliq,MIT,publisher-declared; upstream unresolved,Normal/Normal (109).png,EXIF transpose; RGB; maximum 800px; JPEG quality 95,0,train,kershrita_6bedf7f568c4fb8313,5b517b96697da8d06899a1f317aefb6b90bc46b274772c7e0e4e87ee00924a8e
kershrita_6bf53bc903774c5f18,https://www.kaggle.com/datasets/kershrita/cataract,Ashraf Abdulkhaliq,MIT,publisher-declared; upstream unresolved,Normal/Normal (86).png,EXIF transpose; RGB; maximum 800px; JPEG quality 95,0,train,kershrita_6bf53bc903774c5f18,762822be1587966b5b6d039ce42e5da7977632a87276a0e4caeed2daa1a18b57
kershrita_6c1fb0a9bb3689540a,https://www.kaggle.com/datasets/kershrita/cataract,Ashraf Abdulkhaliq,MIT,publisher-declared; upstream unresolved,Cataract/Cataract (235).png,EXIF transpose; RGB; maximum 800px; JPEG quality 95,1,train,kershrita_1a2f2120d9adb6f760,5dc9155ae9508a655332c28fc9fe77fb05f83ea814dfb5044ff5845161ea9858
kershrita_6e4ed8f1e3af3f27d0,https://www.kaggle.com/datasets/kershrita/cataract,Ashraf Abdulkhaliq,MIT,publisher-declared; upstream unresolved,Normal/Normal (122).png,EXIF transpose; RGB; maximum 800px; JPEG quality 95,0,train,kershrita_6e4ed8f1e3af3f27d0,41dc242c0efa4d21d5b63044115905097dd21ce554d0cc9fa94bd4ed3a747d30
kershrita_6e5d48f2f6584cba81,https://www.kaggle.com/datasets/kershrita/cataract,Ashraf Abdulkhaliq,MIT,publisher-declared; upstream unresolved,Normal/Normal (85).png,EXIF transpose; RGB; maximum 800px; JPEG quality 95,0,train,kershrita_6e5d48f2f6584cba81,677303ac8c5bc4d8a762a08a72e3f1a96ede7456bbc48be8d741c998b751a4e5
kershrita_7010138acb87f5aa95,https://www.kaggle.com/datasets/kershrita/cataract,Ashraf Abdulkhaliq,MIT,publisher-declared; upstream unresolved,Normal/Normal (48).png,EXIF transpose; RGB; maximum 800px; JPEG quality 95,0,train,kershrita_7010138acb87f5aa95,2db4c247fad85287814d8a1969f6ed27181b4d67ba186f84ccc604f86f86fc66
kershrita_7029c84c655b78b193,https://www.kaggle.com/datasets/kershrita/cataract,Ashraf Abdulkhaliq,MIT,publisher-declared; upstream unresolved,Normal/Normal (245).png,EXIF transpose; RGB; maximum 800px; JPEG quality 95,0,train,kershrita_7029c84c655b78b193,3702229e566c48b3e259025682dbe84a056136d5e6380ffc046abcdc94d467b8
kershrita_7053920ef155ec4e27,https://www.kaggle.com/datasets/kershrita/cataract,Ashraf Abdulkhaliq,MIT,publisher-declared; upstream unresolved,Normal/Normal (246).png,EXIF transpose; RGB; maximum 800px; JPEG quality 95,0,train,kershrita_7053920ef155ec4e27,c88423ce824c470d296fa44118adf55fb5d07cd960990bd0d67956dce47daa0a
kershrita_705aff7f57b0a98940,https://www.kaggle.com/datasets/kershrita/cataract,Ashraf Abdulkhaliq,MIT,publisher-declared; upstream unresolved,Cataract/Blue dot congenital cataract (7).jpg,EXIF transpose; RGB; maximum 800px; JPEG quality 95,1,train,kershrita_705aff7f57b0a98940,00777a4abed083f6c01316fcc6cce4a752dc811612774f47f0fa49067efd2b7a
kershrita_7080f8cf34d15ba5d3,https://www.kaggle.com/datasets/kershrita/cataract,Ashraf Abdulkhaliq,MIT,publisher-declared; upstream unresolved,Normal/Normal (236).png,EXIF transpose; RGB; maximum 800px; JPEG quality 95,0,val,kershrita_7080f8cf34d15ba5d3,a5e8ea43dd2bcc624f098ba66e8a69939c9c17f97313d34b4b6f9997e1d438a5
kershrita_70cd0da66b9fba835d,https://www.kaggle.com/datasets/kershrita/cataract,Ashraf Abdulkhaliq,MIT,publisher-declared; upstream unresolved,Normal/Normal (113).png,EXIF transpose; RGB; maximum 800px; JPEG quality 95,0,train,kershrita_70cd0da66b9fba835d,a81564aa38acf461dc6e7299bd00b81889b9f5178fa6e2891b93a4d452594ed0
kershrita_71fb718e7775f8c489,https://www.kaggle.com/datasets/kershrita/cataract,Ashraf Abdulkhaliq,MIT,publisher-declared; upstream unresolved,Cataract/Anterior subcapsular in atopic dermatitis (3).jpg,EXIF transpose; RGB; maximum 800px; JPEG quality 95,1,train,kershrita_e022103ce71e03c11e,0aac035e1b66d90cd5c982c38c3cbd01eac5347b5506618dff1ce572b33f130f
kershrita_72753ef5a53bcd895e,https://www.kaggle.com/datasets/kershrita/cataract,Ashraf Abdulkhaliq,MIT,publisher-declared; upstream unresolved,Cataract/Cataract (49).png,EXIF transpose; RGB; maximum 800px; JPEG quality 95,1,train,kershrita_982a521de765df97b6,e6d54e1091f3979c424dbe11c2f2e6a33a79d493e225b0bc73ab9494652cb9bf
kershrita_72a0a4402afd40048b,https://www.kaggle.com/datasets/kershrita/cataract,Ashraf Abdulkhaliq,MIT,publisher-declared; upstream unresolved,Cataract/image_263.png,EXIF transpose; RGB; maximum 800px; JPEG quality 95,1,train,kershrita_72a0a4402afd40048b,9c9fcb4a3e936a5f50db60a18cd641bdeb3d314a4c68b36ccb0c400ae3fc06a8
kershrita_734b30ec473add5be3,https://www.kaggle.com/datasets/kershrita/cataract,Ashraf Abdulkhaliq,MIT,publisher-declared; upstream unresolved,Cataract/5621050615_85cc77061a_o.jpg,EXIF transpose; RGB; maximum 800px; JPEG quality 95,1,train,kershrita_734b30ec473add5be3,18d1edf4ba3855155e94e5f4b58b9990856fcca8e0483486af7a6a5fc394b348
kershrita_74272c9fb95c01fbcb,https://www.kaggle.com/datasets/kershrita/cataract,Ashraf Abdulkhaliq,MIT,publisher-declared; upstream unresolved,Cataract/Cataract (136).png,EXIF transpose; RGB; maximum 800px; JPEG quality 95,1,val,kershrita_ea9675d12b1a132c49,00716f75c0f446bc57fc79505173d72895c5e9db8e59e9a25d03332efec5908c
kershrita_74cbd4edf5d6ad7f7e,https://www.kaggle.com/datasets/kershrita/cataract,Ashraf Abdulkhaliq,MIT,publisher-declared; upstream unresolved,Normal/Normal (64).png,EXIF transpose; RGB; maximum 800px; JPEG quality 95,0,train,kershrita_74cbd4edf5d6ad7f7e,e3e7fe51e92ccdf51a0ae88e70aca06c8f4519d26af5f91a5b052727e246c28a
kershrita_74f02832cefc19c49d,https://www.kaggle.com/datasets/kershrita/cataract,Ashraf Abdulkhaliq,MIT,publisher-declared; upstream unresolved,Cataract/Cataract (224).png,EXIF transpose; RGB; maximum 800px; JPEG quality 95,1,val,kershrita_74f02832cefc19c49d,12efc8636602a0e0940cd711cf2ddbba53c178ba4a0fa23eddaaac63ebffe79f
kershrita_754d988a5b56872ab4,https://www.kaggle.com/datasets/kershrita/cataract,Ashraf Abdulkhaliq,MIT,publisher-declared; upstream unresolved,Cataract/Cataract (182).png,EXIF transpose; RGB; maximum 800px; JPEG quality 95,1,train,kershrita_982a521de765df97b6,7ed5760c6a0dd47fe0bea833b1b54203c27e6b1e13d630eee7f9ca26a4451c4e
kershrita_76771d7ce31dc09fa6,https://www.kaggle.com/datasets/kershrita/cataract,Ashraf Abdulkhaliq,MIT,publisher-declared; upstream unresolved,Cataract/image_277.png,EXIF transpose; RGB; maximum 800px; JPEG quality 95,1,train,kershrita_76771d7ce31dc09fa6,b18d5754c3458531c4bf5eae22460e191927d43ad4c961960e1d438c52207968
kershrita_77c2261af3566953f0,https://www.kaggle.com/datasets/kershrita/cataract,Ashraf Abdulkhaliq,MIT,publisher-declared; upstream unresolved,Cataract/Traumatic cataract (10).jpg,EXIF transpose; RGB; maximum 800px; JPEG quality 95,1,val,kershrita_4e196d38166de81cc2,f61cfb459e20d40162574609b041bb883cf3f10c242bea670617453736a4ee1b
kershrita_7873c041c08fb19bcb,https://www.kaggle.com/datasets/kershrita/cataract,Ashraf Abdulkhaliq,MIT,publisher-declared; upstream unresolved,Cataract/Cataract (61).png,EXIF transpose; RGB; maximum 800px; JPEG quality 95,1,train,kershrita_7873c041c08fb19bcb,0042748652d5d35bf2e47f0c8783a44dfc7599abe59f7e88f6fc2a528ba62d24
kershrita_789f297908464025e6,https://www.kaggle.com/datasets/kershrita/cataract,Ashraf Abdulkhaliq,MIT,publisher-declared; upstream unresolved,Cataract/Cataract (105).png,EXIF transpose; RGB; maximum 800px; JPEG quality 95,1,val,kershrita_e2fbc2db72d5b7c5dd,3e8f7ef868e2a1e57cff7a9a51a101e17f4c1d9ab3e57359337d61792e9ce0ba
kershrita_7937866635a62483ef,https://www.kaggle.com/datasets/kershrita/cataract,Ashraf Abdulkhaliq,MIT,publisher-declared; upstream unresolved,Cataract/Cataract (74).png,EXIF transpose; RGB; maximum 800px; JPEG quality 95,1,train,kershrita_114119e0fc32494f9f,053194de31e23a0771d8b54cbca56c25a2634f830f1bd3ffa23aa04e1ca35055
kershrita_793d2ada5a6d00ea2b,https://www.kaggle.com/datasets/kershrita/cataract,Ashraf Abdulkhaliq,MIT,publisher-declared; upstream unresolved,Cataract/Cataract (228).png,EXIF transpose; RGB; maximum 800px; JPEG quality 95,1,train,kershrita_793d2ada5a6d00ea2b,b39c56894093d57c419da91ecf97c5c6bd4d4174259e5d5f2e0a76e05c5012a3
kershrita_7962f14ddf14e720a0,https://www.kaggle.com/datasets/kershrita/cataract,Ashraf Abdulkhaliq,MIT,publisher-declared; upstream unresolved,Normal/Normal (210).png,EXIF transpose; RGB; maximum 800px; JPEG quality 95,0,train,kershrita_7962f14ddf14e720a0,3be16ff044c792d6480b903307e2c4721b9a3b42f884e94ae7277d9d3b5206cd
kershrita_79ebff24377c999ad9,https://www.kaggle.com/datasets/kershrita/cataract,Ashraf Abdulkhaliq,MIT,publisher-declared; upstream unresolved,Cataract/Cataract (239).png,EXIF transpose; RGB; maximum 800px; JPEG quality 95,1,train,kershrita_79ebff24377c999ad9,1f51e6bda32aa14d6dd76fdd1860f10e57c384716131f0fde7a63b998b026920
kershrita_7a1366077acfed3150,https://www.kaggle.com/datasets/kershrita/cataract,Ashraf Abdulkhaliq,MIT,publisher-declared; upstream unresolved,Normal/Normal (185).png,EXIF transpose; RGB; maximum 800px; JPEG quality 95,0,train,kershrita_7a1366077acfed3150,0da58cdcf6dba92d72ee031798d8efb8331ca4ebe95d788324d521d15e57e51e
kershrita_7a27c15d9d7290b313,https://www.kaggle.com/datasets/kershrita/cataract,Ashraf Abdulkhaliq,MIT,publisher-declared; upstream unresolved,Cataract/Cataract (69).png,EXIF transpose; RGB; maximum 800px; JPEG quality 95,1,val,kershrita_0ebab78b7becae9bc8,2c82a93a487dedeaf227467186da0b0ce7ec45bbfb798697e3afbd93119bed69
kershrita_7a37541978e2466651,https://www.kaggle.com/datasets/kershrita/cataract,Ashraf Abdulkhaliq,MIT,publisher-declared; upstream unresolved,Cataract/image_261.png,EXIF transpose; RGB; maximum 800px; JPEG quality 95,1,train,kershrita_edfbb4280c01fb5eba,ac614a3c0bb8a00487e5d772398ae757fe5f16cc351527b67da19f54bb0b0645
kershrita_7a3f6f89808bac9fd8,https://www.kaggle.com/datasets/kershrita/cataract,Ashraf Abdulkhaliq,MIT,publisher-declared; upstream unresolved,Cataract/Cataract (149).png,EXIF transpose; RGB; maximum 800px; JPEG quality 95,1,train,kershrita_edfbb4280c01fb5eba,cdd86c76836ed9d0f3697a470c43bbc3c9312c5ebce3e0a05c4375914c59c9d3
kershrita_7ad82980748f7440ce,https://www.kaggle.com/datasets/kershrita/cataract,Ashraf Abdulkhaliq,MIT,publisher-declared; upstream unresolved,Cataract/image_290.png,EXIF transpose; RGB; maximum 800px; JPEG quality 95,1,train,kershrita_7ad82980748f7440ce,98d4dd35b7cfc31797042668b6fe3da6482ffccb5e3f5155934e02452eb40670
kershrita_7be9c0a311ccbb3fb2,https://www.kaggle.com/datasets/kershrita/cataract,Ashraf Abdulkhaliq,MIT,publisher-declared; upstream unresolved,Normal/Normal (182).png,EXIF transpose; RGB; maximum 800px; JPEG quality 95,0,train,kershrita_7be9c0a311ccbb3fb2,a323bf1bc98eb3f96c745847adf211f29039129fd321094bcd95ab677ea23349
kershrita_7c18f5be3df82709ea,https://www.kaggle.com/datasets/kershrita/cataract,Ashraf Abdulkhaliq,MIT,publisher-declared; upstream unresolved,Cataract/Traumatic cataract (4).jpg,EXIF transpose; RGB; maximum 800px; JPEG quality 95,1,val,kershrita_4e196d38166de81cc2,897ec55ff262d130b582ec1313d464c4bd69d0428f866548ecdbf95e75e3870e
kershrita_7d94d333f010319629,https://www.kaggle.com/datasets/kershrita/cataract,Ashraf Abdulkhaliq,MIT,publisher-declared; upstream unresolved,Cataract/secondary cataract (4).jpg,EXIF transpose; RGB; maximum 800px; JPEG quality 95,1,train,kershrita_4b8af3923bb65b1f78,9b63b9d2581ae5f5b2f6468c3b1e5b1a92dabb2a35cb2212b86711d7f1fd3dc6
kershrita_7daa0e83a4b6f77ce6,https://www.kaggle.com/datasets/kershrita/cataract,Ashraf Abdulkhaliq,MIT,publisher-declared; upstream unresolved,Normal/Normal (142).png,EXIF transpose; RGB; maximum 800px; JPEG quality 95,0,train,kershrita_f9d082fb4ff9fe4e50,060d5467d55e158aaa0ef482054dc45de924f07bbd2ddcc13b971ff0622dcddd
kershrita_7fb6e0a52422317e01,https://www.kaggle.com/datasets/kershrita/cataract,Ashraf Abdulkhaliq,MIT,publisher-declared; upstream unresolved,Normal/Normal (166).png,EXIF transpose; RGB; maximum 800px; JPEG quality 95,0,train,kershrita_ff4a6474405dd7c883,b252c608476ce72db97acef7d2b9b046fb942b27770432bcf0aefbe18c0c171e
kershrita_80d9aca32e02ed1326,https://www.kaggle.com/datasets/kershrita/cataract,Ashraf Abdulkhaliq,MIT,publisher-declared; upstream unresolved,Normal/Normal (66).png,EXIF transpose; RGB; maximum 800px; JPEG quality 95,0,train,kershrita_80d9aca32e02ed1326,ea5f980f11d83c7f4f97f692a40029d8c67d83430016821b5a981cff111d9e47
kershrita_83c5055410afac3196,https://www.kaggle.com/datasets/kershrita/cataract,Ashraf Abdulkhaliq,MIT,publisher-declared; upstream unresolved,Normal/Normal (107).png,EXIF transpose; RGB; maximum 800px; JPEG quality 95,0,train,kershrita_83c5055410afac3196,a52b1b3eeeea294b6ee30df9aec904f3421d995d7bc80226cd277c67d4073204
kershrita_83cdbafc61f632e199,https://www.kaggle.com/datasets/kershrita/cataract,Ashraf Abdulkhaliq,MIT,publisher-declared; upstream unresolved,Cataract/Cataract (222).png,EXIF transpose; RGB; maximum 800px; JPEG quality 95,1,train,kershrita_d1300b3a4452b318a0,40ae6d51a6240c41a1aa6753c442e0f57caf9adb8575df74a31bb1e99ef08033
kershrita_84ac6199287fac9de2,https://www.kaggle.com/datasets/kershrita/cataract,Ashraf Abdulkhaliq,MIT,publisher-declared; upstream unresolved,Cataract/image_250.png,EXIF transpose; RGB; maximum 800px; JPEG quality 95,1,val,kershrita_5b9b828cb3535ca131,76a6d50b5bf8db2ff292305b4b2732aaee1f01c0cf241be047d621f5eed59c5a
kershrita_85a79d91f2787a1460,https://www.kaggle.com/datasets/kershrita/cataract,Ashraf Abdulkhaliq,MIT,publisher-declared; upstream unresolved,Normal/Normal (89).png,EXIF transpose; RGB; maximum 800px; JPEG quality 95,0,train,kershrita_85a79d91f2787a1460,b976c029533d65a0d6c0c16486d5dba824ad1b05126285107818cf4125cbc3ea
kershrita_85cd88f353009074be,https://www.kaggle.com/datasets/kershrita/cataract,Ashraf Abdulkhaliq,MIT,publisher-declared; upstream unresolved,Normal/Normal (216).png,EXIF transpose; RGB; maximum 800px; JPEG quality 95,0,train,kershrita_85cd88f353009074be,eff2e576f31c196d4503ab3aa633e437869f48efacebe957f765e282d0e58cfd
kershrita_86b4d96afc7df440b0,https://www.kaggle.com/datasets/kershrita/cataract,Ashraf Abdulkhaliq,MIT,publisher-declared; upstream unresolved,Normal/Cataract (48).png,EXIF transpose; RGB; maximum 800px; JPEG quality 95,0,train,kershrita_86b4d96afc7df440b0,1f848b8240ffeb4f02a0b7596c6c01f52958a9fdd72f5240dade1d38e7d11b0f
kershrita_86fc4180265df2b7c3,https://www.kaggle.com/datasets/kershrita/cataract,Ashraf Abdulkhaliq,MIT,publisher-declared; upstream unresolved,Normal/Normal (28).png,EXIF transpose; RGB; maximum 800px; JPEG quality 95,0,train,kershrita_86fc4180265df2b7c3,513b38b3ee587f1faac44f76105cbfe54f4d01ebef23a0210efd34d31dfd8c41
kershrita_88950f8e4caf9fa777,https://www.kaggle.com/datasets/kershrita/cataract,Ashraf Abdulkhaliq,MIT,publisher-declared; upstream unresolved,Normal/Normal (227).png,EXIF transpose; RGB; maximum 800px; JPEG quality 95,0,train,kershrita_88950f8e4caf9fa777,59e6351c52c9466dbd8f4180180f4455e7bb851a5817510e43c847bf32a16813
kershrita_88bb0953e6c1c1717f,https://www.kaggle.com/datasets/kershrita/cataract,Ashraf Abdulkhaliq,MIT,publisher-declared; upstream unresolved,Normal/Normal (94).png,EXIF transpose; RGB; maximum 800px; JPEG quality 95,0,train,kershrita_88bb0953e6c1c1717f,ad2451e2135ecba50be8517d624bfb0194319661d02962b2dd5c508d94551dd7
kershrita_891704006e4a1adccf,https://www.kaggle.com/datasets/kershrita/cataract,Ashraf Abdulkhaliq,MIT,publisher-declared; upstream unresolved,Cataract/Cataract (66).png,EXIF transpose; RGB; maximum 800px; JPEG quality 95,1,train,kershrita_c39cee16ebfe7737f7,523134523969c594c06ad91c6538576099d47a094a0d8b1fe969ddfdec1e9158
kershrita_8935ecf1793bade242,https://www.kaggle.com/datasets/kershrita/cataract,Ashraf Abdulkhaliq,MIT,publisher-declared; upstream unresolved,Normal/Normal (147).png,EXIF transpose; RGB; maximum 800px; JPEG quality 95,0,train,kershrita_8935ecf1793bade242,74ccd1272eac13874778b68b4ad91b4210d760ee58db41ede0ca620e81b28f9d
kershrita_89cf72884aab72cabb,https://www.kaggle.com/datasets/kershrita/cataract,Ashraf Abdulkhaliq,MIT,publisher-declared; upstream unresolved,Cataract/Cataract (174).png,EXIF transpose; RGB; maximum 800px; JPEG quality 95,1,train,kershrita_89cf72884aab72cabb,49082e978b42579661cd8934eafe360b38621eac0ad0998b23e3bc4dc8668845
kershrita_89d852de932a043078,https://www.kaggle.com/datasets/kershrita/cataract,Ashraf Abdulkhaliq,MIT,publisher-declared; upstream unresolved,Cataract/Cataract (109).png,EXIF transpose; RGB; maximum 800px; JPEG quality 95,1,val,kershrita_5b9b828cb3535ca131,7c142bcac0a98ff167fffdf5e7ff7121f0367d72336957d713468496721d0bc6
kershrita_8a465a75a822008039,https://www.kaggle.com/datasets/kershrita/cataract,Ashraf Abdulkhaliq,MIT,publisher-declared; upstream unresolved,Cataract/Cataract (87).png,EXIF transpose; RGB; maximum 800px; JPEG quality 95,1,val,kershrita_8a465a75a822008039,7b177aefd8430972440f0203adca24f5190abedd8c06ad2fd56f5be4f933869c
kershrita_8b10e090984d278d1d,https://www.kaggle.com/datasets/kershrita/cataract,Ashraf Abdulkhaliq,MIT,publisher-declared; upstream unresolved,Cataract/Cataract (168).png,EXIF transpose; RGB; maximum 800px; JPEG quality 95,1,train,kershrita_114119e0fc32494f9f,3657d044881011bb91a090b49ad96a72dc5a803d2ed647126929e9fa99f853ed
kershrita_8b427bd15ab54ffddf,https://www.kaggle.com/datasets/kershrita/cataract,Ashraf Abdulkhaliq,MIT,publisher-declared; upstream unresolved,Normal/Normal (228).png,EXIF transpose; RGB; maximum 800px; JPEG quality 95,0,train,kershrita_8b427bd15ab54ffddf,70b9e7fa26b45db5315f647e400ece47564698b5ccfd71f49e669f89c1653f2b
kershrita_8b716e624ce9b39b2e,https://www.kaggle.com/datasets/kershrita/cataract,Ashraf Abdulkhaliq,MIT,publisher-declared; upstream unresolved,Cataract/Cataract (46).png,EXIF transpose; RGB; maximum 800px; JPEG quality 95,1,train,kershrita_8b716e624ce9b39b2e,589ed6a4a81c8b661ce23804da4c75addc4847acf8fccadd66a8e25c15514b5f
kershrita_8d77a58343ac9b741d,https://www.kaggle.com/datasets/kershrita/cataract,Ashraf Abdulkhaliq,MIT,publisher-declared; upstream unresolved,Cataract/Cataract (68).png,EXIF transpose; RGB; maximum 800px; JPEG quality 95,1,train,kershrita_2fe3f77070daaf087e,c732ac9e81298e0e4f521b264edbccbcfd27bc1d8258be029efd4cac29eae8b7
kershrita_8dacd9ba8085c2fa6f,https://www.kaggle.com/datasets/kershrita/cataract,Ashraf Abdulkhaliq,MIT,publisher-declared; upstream unresolved,Normal/Normal (146).png,EXIF transpose; RGB; maximum 800px; JPEG quality 95,0,train,kershrita_8dacd9ba8085c2fa6f,3013d002acd5e7c8abe62a906ff01eafd2e2fbcc728f0337710be9b46c6dad78
kershrita_8e603d0f5532a5315e,https://www.kaggle.com/datasets/kershrita/cataract,Ashraf Abdulkhaliq,MIT,publisher-declared; upstream unresolved,Cataract/secondary cataract (1).jpg,EXIF transpose; RGB; maximum 800px; JPEG quality 95,1,train,kershrita_4b8af3923bb65b1f78,86be16ba77d080dfc114f510accd88ff5eff4244fa2fd228545be5ec879b8e05
kershrita_8ec7d7b90b443fdc6e,https://www.kaggle.com/datasets/kershrita/cataract,Ashraf Abdulkhaliq,MIT,publisher-declared; upstream unresolved,Cataract/Cataract (191).png,EXIF transpose; RGB; maximum 800px; JPEG quality 95,1,train,kershrita_9d2c600b981251a89d,fb47b2c0c09ff9cd070fb5d1ab4666a869af2dbf2fe31bb3fec264b3727eb5dc
kershrita_8f89c478c07c65e4c3,https://www.kaggle.com/datasets/kershrita/cataract,Ashraf Abdulkhaliq,MIT,publisher-declared; upstream unresolved,Cataract/Cataract (2).png,EXIF transpose; RGB; maximum 800px; JPEG quality 95,1,train,kershrita_c4fc5068cf38f7fc35,5807601d0a456024a679df7bda6a5eb7221b0b0b6a3714f44fccd8c73fff855f
kershrita_8f8e021a9d6b12319a,https://www.kaggle.com/datasets/kershrita/cataract,Ashraf Abdulkhaliq,MIT,publisher-declared; upstream unresolved,Normal/Normal (160).png,EXIF transpose; RGB; maximum 800px; JPEG quality 95,0,train,kershrita_8f8e021a9d6b12319a,01160c694d5e4c7bda19bd8ac222d896af8d56607b24f64d42b5e8694525ea1d
kershrita_92732de930f2ece1ac,https://www.kaggle.com/datasets/kershrita/cataract,Ashraf Abdulkhaliq,MIT,publisher-declared; upstream unresolved,Cataract/image_301.png,EXIF transpose; RGB; maximum 800px; JPEG quality 95,1,train,kershrita_92732de930f2ece1ac,94de4d025cee4aa04706400b4ae440551bdc57e53eceeb60d23f0d2abf2c2eaa
kershrita_92e4174af98c414ef0,https://www.kaggle.com/datasets/kershrita/cataract,Ashraf Abdulkhaliq,MIT,publisher-declared; upstream unresolved,Cataract/Cataract (131).png,EXIF transpose; RGB; maximum 800px; JPEG quality 95,1,train,kershrita_bc38d7ec89216eefd7,5e8d2ba7713c4157d626e255c47cc396990216a428134ea911f58961c21541ed
kershrita_9318e2f2acc0e9afaa,https://www.kaggle.com/datasets/kershrita/cataract,Ashraf Abdulkhaliq,MIT,publisher-declared; upstream unresolved,Normal/Normal (5).png,EXIF transpose; RGB; maximum 800px; JPEG quality 95,0,train,kershrita_9318e2f2acc0e9afaa,ead64f8204e76caa60ff3a6178c9b58be15a44b28c58d47233b42eecf4437aea
kershrita_941e0ee6fd28019f75,https://www.kaggle.com/datasets/kershrita/cataract,Ashraf Abdulkhaliq,MIT,publisher-declared; upstream unresolved,Normal/Normal (23).png,EXIF transpose; RGB; maximum 800px; JPEG quality 95,0,train,kershrita_941e0ee6fd28019f75,7f93d968897adae2baa7bb5c0951d262439cc84ea7ac145b0729a6e0a42c94c9
kershrita_945dace5898c9dd9f8,https://www.kaggle.com/datasets/kershrita/cataract,Ashraf Abdulkhaliq,MIT,publisher-declared; upstream unresolved,Normal/Normal (6).png,EXIF transpose; RGB; maximum 800px; JPEG quality 95,0,val,kershrita_945dace5898c9dd9f8,95a1f0cd19c2ec57c36f3f899a5575a3abf1cd108423c15b75b5aa794615a19c
kershrita_95ac83331ae7e37bfc,https://www.kaggle.com/datasets/kershrita/cataract,Ashraf Abdulkhaliq,MIT,publisher-declared; upstream unresolved,Cataract/image_253.png,EXIF transpose; RGB; maximum 800px; JPEG quality 95,1,train,kershrita_95ac83331ae7e37bfc,16223403f2ffa344d032b61fee66bcd2f2bae0376452531534b7ef46c315142e
kershrita_95e15ec59360a224f8,https://www.kaggle.com/datasets/kershrita/cataract,Ashraf Abdulkhaliq,MIT,publisher-declared; upstream unresolved,Normal/Normal (184).png,EXIF transpose; RGB; maximum 800px; JPEG quality 95,0,train,kershrita_95e15ec59360a224f8,060e3b2770ae724af0224da060ee7e94e9f64670dc50ad0faa6b4e134b69a72f
kershrita_9650cad600c0bd89bb,https://www.kaggle.com/datasets/kershrita/cataract,Ashraf Abdulkhaliq,MIT,publisher-declared; upstream unresolved,Normal/Normal (103).png,EXIF transpose; RGB; maximum 800px; JPEG quality 95,0,train,kershrita_9650cad600c0bd89bb,f72b6637e13a3b042dde37720cb725a6ff782523944f8adb995d298ec988f8bc
kershrita_966de0e0d0b3b840ba,https://www.kaggle.com/datasets/kershrita/cataract,Ashraf Abdulkhaliq,MIT,publisher-declared; upstream unresolved,Normal/Normal (16).png,EXIF transpose; RGB; maximum 800px; JPEG quality 95,0,train,kershrita_966de0e0d0b3b840ba,73a2087747d04efd30eb887a7a4e0c6bfce720182549991afdaf45bae976e1bb
kershrita_97cdb9a74fd53ca38f,https://www.kaggle.com/datasets/kershrita/cataract,Ashraf Abdulkhaliq,MIT,publisher-declared; upstream unresolved,Cataract/Cataract (207).png,EXIF transpose; RGB; maximum 800px; JPEG quality 95,1,train,kershrita_eeeb5cecf1b650d2eb,263905534c23ad6be50e95392c321a1b2e62d74cd1ccaf77bd1156b701205c25
kershrita_982a521de765df97b6,https://www.kaggle.com/datasets/kershrita/cataract,Ashraf Abdulkhaliq,MIT,publisher-declared; upstream unresolved,Cataract/Normal (144).png,EXIF transpose; RGB; maximum 800px; JPEG quality 95,1,train,kershrita_982a521de765df97b6,2e51bd13a50c629ffb5f3b9226aafe3386bc8d5144b3361d19a9b5751f893d4c
kershrita_988b5d50e28ff06f89,https://www.kaggle.com/datasets/kershrita/cataract,Ashraf Abdulkhaliq,MIT,publisher-declared; upstream unresolved,Normal/Normal (169).png,EXIF transpose; RGB; maximum 800px; JPEG quality 95,0,train,kershrita_988b5d50e28ff06f89,a82f101836e8b11dc968e22269a3bbbc4c6b6d435eb2f1e3a29f88cbc8192d24
kershrita_99060262616c320cb3,https://www.kaggle.com/datasets/kershrita/cataract,Ashraf Abdulkhaliq,MIT,publisher-declared; upstream unresolved,Cataract/Cataract (1).png,EXIF transpose; RGB; maximum 800px; JPEG quality 95,1,val,kershrita_99060262616c320cb3,c07cb163673b88e883ace8d7a449236b7b94977bb7cfd5addf6a46ccbf8e8ccc
kershrita_99ecbcbce86c53e2b3,https://www.kaggle.com/datasets/kershrita/cataract,Ashraf Abdulkhaliq,MIT,publisher-declared; upstream unresolved,Normal/Normal (76).png,EXIF transpose; RGB; maximum 800px; JPEG quality 95,0,train,kershrita_99ecbcbce86c53e2b3,8f8f17f7b2fb2aeb09801eec82f4a7b2d55d5c6e8cc2f8b559b118c70016ab0a
kershrita_99f1282f8cfb69cb0f,https://www.kaggle.com/datasets/kershrita/cataract,Ashraf Abdulkhaliq,MIT,publisher-declared; upstream unresolved,Normal/Normal (195).png,EXIF transpose; RGB; maximum 800px; JPEG quality 95,0,train,kershrita_961525ddf4dfe1dd1d,0d590da04735d6fbe48221a6c6201059c1168f300d56c4586438cc9b30e4016b
kershrita_9a5e92fe7fd92fbf75,https://www.kaggle.com/datasets/kershrita/cataract,Ashraf Abdulkhaliq,MIT,publisher-declared; upstream unresolved,Normal/Normal (32).png,EXIF transpose; RGB; maximum 800px; JPEG quality 95,0,train,kershrita_9a5e92fe7fd92fbf75,cbd204f45c1f67a80b964e69715a34293ae33d4738cae7de88a3e3da7bfa80d6
kershrita_9a75db4acc0554c877,https://www.kaggle.com/datasets/kershrita/cataract,Ashraf Abdulkhaliq,MIT,publisher-declared; upstream unresolved,Normal/Normal (21).png,EXIF transpose; RGB; maximum 800px; JPEG quality 95,0,train,kershrita_9a75db4acc0554c877,5325211afcbcf514e7976f49badc83db16a0e6be0a4e86729adc6c3415c7edd2
kershrita_9b650119ba13229df0,https://www.kaggle.com/datasets/kershrita/cataract,Ashraf Abdulkhaliq,MIT,publisher-declared; upstream unresolved,Cataract/Anterior polar cataract (1).jpg,EXIF transpose; RGB; maximum 800px; JPEG quality 95,1,train,kershrita_6267808b976c97d91a,4d1b404e6cb2d214f2fa460dec4f02d93d8586c4b022ee9988eaf29e83e13ce1
kershrita_9c0b39e25a98c69ff2,https://www.kaggle.com/datasets/kershrita/cataract,Ashraf Abdulkhaliq,MIT,publisher-declared; upstream unresolved,Normal/Normal (43).png,EXIF transpose; RGB; maximum 800px; JPEG quality 95,0,train,kershrita_9c0b39e25a98c69ff2,98d833636bb24094ea052cdd4341fc33e2ab9c3ce09fd558667b649b5ff3aa30
kershrita_9c762824a72c1fe573,https://www.kaggle.com/datasets/kershrita/cataract,Ashraf Abdulkhaliq,MIT,publisher-declared; upstream unresolved,Normal/Normal (171).png,EXIF transpose; RGB; maximum 800px; JPEG quality 95,0,train,kershrita_9c762824a72c1fe573,9987dc3c39b8bc060543d97aee3ed45b28b80fbf5ea183ddd1442425342148bf
kershrita_9ce3bd5565c02552c3,https://www.kaggle.com/datasets/kershrita/cataract,Ashraf Abdulkhaliq,MIT,publisher-declared; upstream unresolved,Cataract/600px-Cerulean_Cataract_3.jpg,EXIF transpose; RGB; maximum 800px; JPEG quality 95,1,train,kershrita_705aff7f57b0a98940,c9fcad035e489ccaff4e29f1e6d4d41ade236bd65ec6fdac49ddcbadb9259813
kershrita_9cfa4aceaaed6262e7,https://www.kaggle.com/datasets/kershrita/cataract,Ashraf Abdulkhaliq,MIT,publisher-declared; upstream unresolved,Cataract/Cataract (231).png,EXIF transpose; RGB; maximum 800px; JPEG quality 95,1,train,kershrita_9cfa4aceaaed6262e7,a13d9d78409241e8a22a1dbaa1285be3b40d7edeaba0e5a053eaae093e621e5d
kershrita_9eda8d38fdb8dc7884,https://www.kaggle.com/datasets/kershrita/cataract,Ashraf Abdulkhaliq,MIT,publisher-declared; upstream unresolved,Normal/Normal (124).png,EXIF transpose; RGB; maximum 800px; JPEG quality 95,0,train,kershrita_9eda8d38fdb8dc7884,62f3d0511c6534abe2a2125764555f7617f26492b30e665433cebc3211aaa080
kershrita_9f2a51eab4404944b2,https://www.kaggle.com/datasets/kershrita/cataract,Ashraf Abdulkhaliq,MIT,publisher-declared; upstream unresolved,Normal/Normal (72).png,EXIF transpose; RGB; maximum 800px; JPEG quality 95,0,train,kershrita_9f2a51eab4404944b2,54028ea6b1d24a62de945d059dd31e98bdb76ae693729e12bffcf27ff5106fd6
kershrita_a00e0011721e9c3164,https://www.kaggle.com/datasets/kershrita/cataract,Ashraf Abdulkhaliq,MIT,publisher-declared; upstream unresolved,Normal/Normal (221).png,EXIF transpose; RGB; maximum 800px; JPEG quality 95,0,train,kershrita_a00e0011721e9c3164,1ee8ab3aa8cdf31930821c17634951842813e815d6139a3a8ab11baa2c79fcac
kershrita_a15fcef9aedf91c30a,https://www.kaggle.com/datasets/kershrita/cataract,Ashraf Abdulkhaliq,MIT,publisher-declared; upstream unresolved,Cataract/Cataract (127).png,EXIF transpose; RGB; maximum 800px; JPEG quality 95,1,val,kershrita_0ebab78b7becae9bc8,f38149f8235eaac60aa5c5b523a76ccc67b741d1912201c10d3aed7e682d0ed8
kershrita_a2cefc3e795e84e2a1,https://www.kaggle.com/datasets/kershrita/cataract,Ashraf Abdulkhaliq,MIT,publisher-declared; upstream unresolved,Normal/Normal (196).png,EXIF transpose; RGB; maximum 800px; JPEG quality 95,0,val,kershrita_a2cefc3e795e84e2a1,68746d6ae176f9006260ee85edc12195f4b16a38219703a91c6bee250fd424ff
kershrita_a2f065837852c8bcdf,https://www.kaggle.com/datasets/kershrita/cataract,Ashraf Abdulkhaliq,MIT,publisher-declared; upstream unresolved,Normal/Normal (49).png,EXIF transpose; RGB; maximum 800px; JPEG quality 95,0,val,kershrita_a2f065837852c8bcdf,0c599f6ac1a42458b9802ee2df97399a301b24638b5338939537a4d29f907871
kershrita_a3ab9628147161c533,https://www.kaggle.com/datasets/kershrita/cataract,Ashraf Abdulkhaliq,MIT,publisher-declared; upstream unresolved,Normal/Normal (167).png,EXIF transpose; RGB; maximum 800px; JPEG quality 95,0,val,kershrita_a3ab9628147161c533,278f1a043bdc94e3e4e95a114907ba49556ad73f5aaa6480c5c4311e9295f986
kershrita_a4627848ba1476c99b,https://www.kaggle.com/datasets/kershrita/cataract,Ashraf Abdulkhaliq,MIT,publisher-declared; upstream unresolved,Normal/Normal (224).png,EXIF transpose; RGB; maximum 800px; JPEG quality 95,0,train,kershrita_a4627848ba1476c99b,cb45b03ec802862ba451f666fe1dd04abde78a53c3eafafbcafaf4d8274cb8f0
kershrita_a490569dabb799f0ea,https://www.kaggle.com/datasets/kershrita/cataract,Ashraf Abdulkhaliq,MIT,publisher-declared; upstream unresolved,Normal/Normal (115).png,EXIF transpose; RGB; maximum 800px; JPEG quality 95,0,val,kershrita_a490569dabb799f0ea,9a9101d9513029c1348ff38d123378cdaff0de539533d7f4b6bb2d94c1cf9803
kershrita_a4a0c7e7436f107cc9,https://www.kaggle.com/datasets/kershrita/cataract,Ashraf Abdulkhaliq,MIT,publisher-declared; upstream unresolved,Normal/Normal (8).png,EXIF transpose; RGB; maximum 800px; JPEG quality 95,0,train,kershrita_a4a0c7e7436f107cc9,6ab03a3488215f5752aed548740d44a920303df67b59a3dcd4b935ffe80dee4d
kershrita_a5b88bc525266d77d3,https://www.kaggle.com/datasets/kershrita/cataract,Ashraf Abdulkhaliq,MIT,publisher-declared; upstream unresolved,Normal/Cataract (97).png,EXIF transpose; RGB; maximum 800px; JPEG quality 95,0,train,kershrita_a5b88bc525266d77d3,83bd244023f3db76d657181bbd4ca3a71f5bb56c1eb52628eb018bb7176992af
kershrita_a69e738baebfe17cd5,https://www.kaggle.com/datasets/kershrita/cataract,Ashraf Abdulkhaliq,MIT,publisher-declared; upstream unresolved,Normal/Normal (143).png,EXIF transpose; RGB; maximum 800px; JPEG quality 95,0,val,kershrita_a2cefc3e795e84e2a1,7fe331719d03d8057651e4cf4ff06f74fbd82dc329f7e99cdd0b646f66f08644
kershrita_a7ad382c4cac76b934,https://www.kaggle.com/datasets/kershrita/cataract,Ashraf Abdulkhaliq,MIT,publisher-declared; upstream unresolved,Normal/Normal (220).png,EXIF transpose; RGB; maximum 800px; JPEG quality 95,0,train,kershrita_a7ad382c4cac76b934,51502412d354b7bab0489f8278b68b07fbdb1fc95392ed1d1df3a6ec692c2a8c
kershrita_a8069dddd076dab4a0,https://www.kaggle.com/datasets/kershrita/cataract,Ashraf Abdulkhaliq,MIT,publisher-declared; upstream unresolved,Cataract/Cataract (184).png,EXIF transpose; RGB; maximum 800px; JPEG quality 95,1,train,kershrita_fc2592d52fdbd3b802,3c1293779aa32ee86a96554b34e241874f3936b3761ebad7cbbe9562b66cc841
kershrita_a83b5adea52223bb21,https://www.kaggle.com/datasets/kershrita/cataract,Ashraf Abdulkhaliq,MIT,publisher-declared; upstream unresolved,Cataract/Cataract (50).png,EXIF transpose; RGB; maximum 800px; JPEG quality 95,1,train,kershrita_a83b5adea52223bb21,87e42c7a3bb4c80421acee035bb463a025e250ccdcdee27aa07ed976a969a991
kershrita_a8f05fc62c05574a1c,https://www.kaggle.com/datasets/kershrita/cataract,Ashraf Abdulkhaliq,MIT,publisher-declared; upstream unresolved,Normal/Normal (219).png,EXIF transpose; RGB; maximum 800px; JPEG quality 95,0,train,kershrita_a8f05fc62c05574a1c,5eeea962c0e6c9af55b7190e4d083ba5a10a6ba9f308847db66e803001f83d0b
kershrita_aa8a29ed102666034c,https://www.kaggle.com/datasets/kershrita/cataract,Ashraf Abdulkhaliq,MIT,publisher-declared; upstream unresolved,Normal/Cataract (78).png,EXIF transpose; RGB; maximum 800px; JPEG quality 95,0,train,kershrita_aa8a29ed102666034c,66b40363446c4e9dca5e4038cc5f5f762ff8493c80faacb5ffd4ae4e65703347
kershrita_aabdac921e2c227812,https://www.kaggle.com/datasets/kershrita/cataract,Ashraf Abdulkhaliq,MIT,publisher-declared; upstream unresolved,Normal/Normal (35).png,EXIF transpose; RGB; maximum 800px; JPEG quality 95,0,train,kershrita_aabdac921e2c227812,536cf3586369594f22128b2b8d4226e1cce22a59899af411faedef64fc9bf4a4
kershrita_abff11c92033e29fb8,https://www.kaggle.com/datasets/kershrita/cataract,Ashraf Abdulkhaliq,MIT,publisher-declared; upstream unresolved,Cataract/image_262.png,EXIF transpose; RGB; maximum 800px; JPEG quality 95,1,train,kershrita_f065d25b233d77fa68,a3a6af6c6124f08c1b14fd55c89bb9b3b0506facb2c48c37bb0e2a79b6e69ac5
kershrita_ac99652180d2dbfd65,https://www.kaggle.com/datasets/kershrita/cataract,Ashraf Abdulkhaliq,MIT,publisher-declared; upstream unresolved,Normal/Normal (68).png,EXIF transpose; RGB; maximum 800px; JPEG quality 95,0,train,kershrita_ac99652180d2dbfd65,8a1f87f6918884c0f9ff28665a6d42e9dbc571f53ef925e6857953764a6d4517
kershrita_aceae896fa9bce41db,https://www.kaggle.com/datasets/kershrita/cataract,Ashraf Abdulkhaliq,MIT,publisher-declared; upstream unresolved,Cataract/Cataract (135).png,EXIF transpose; RGB; maximum 800px; JPEG quality 95,1,train,kershrita_edfbb4280c01fb5eba,c94ead357dadfe91bbcf0ac1f63079e6a710f5b1b30ae95318663fb361ba0c5c
kershrita_ae242dc67f05e58c6b,https://www.kaggle.com/datasets/kershrita/cataract,Ashraf Abdulkhaliq,MIT,publisher-declared; upstream unresolved,Normal/Normal (10).png,EXIF transpose; RGB; maximum 800px; JPEG quality 95,0,train,kershrita_ae242dc67f05e58c6b,b80b6344e39f2fbef88c8a02fa1552103a2ec0253c9fdf76ef01408016c9e6bd
kershrita_aeaab64292ff3c713f,https://www.kaggle.com/datasets/kershrita/cataract,Ashraf Abdulkhaliq,MIT,publisher-declared; upstream unresolved,Normal/Normal (41).png,EXIF transpose; RGB; maximum 800px; JPEG quality 95,0,train,kershrita_aeaab64292ff3c713f,df4ece2b00800a06804fd02fd6f0c30ddac80dc015239f2d36ee294c87b3d96c
kershrita_af2aa17ce98bbbb994,https://www.kaggle.com/datasets/kershrita/cataract,Ashraf Abdulkhaliq,MIT,publisher-declared; upstream unresolved,Cataract/Cataract (44).png,EXIF transpose; RGB; maximum 800px; JPEG quality 95,1,val,kershrita_0ebab78b7becae9bc8,b40949f57fe1275157cb2e4580272bef5e6ba820ce8a5223a3a32c7069e76c02
kershrita_af998ef8ebec4f78aa,https://www.kaggle.com/datasets/kershrita/cataract,Ashraf Abdulkhaliq,MIT,publisher-declared; upstream unresolved,Cataract/Cataract (137).png,EXIF transpose; RGB; maximum 800px; JPEG quality 95,1,train,kershrita_d71c3df9da5ddd4367,623fe94f664c555326f2923754de2071b97d9462537c743cb09d81323aa059f7
kershrita_afb676b781c18f867a,https://www.kaggle.com/datasets/kershrita/cataract,Ashraf Abdulkhaliq,MIT,publisher-declared; upstream unresolved,Normal/Normal (243).png,EXIF transpose; RGB; maximum 800px; JPEG quality 95,0,train,kershrita_afb676b781c18f867a,5ab23112e58b296dffa93ffb1c9316cc9c0088e36d5e6100935d982886301082
kershrita_b0306a7ba4a00956c3,https://www.kaggle.com/datasets/kershrita/cataract,Ashraf Abdulkhaliq,MIT,publisher-declared; upstream unresolved,Normal/Normal (205).png,EXIF transpose; RGB; maximum 800px; JPEG quality 95,0,train,kershrita_b0306a7ba4a00956c3,f6213f60814968c9e89e43fc0c6351f5316a26c3c5941901b527a5fd9948a76c
kershrita_b04c7210c2334f0e8f,https://www.kaggle.com/datasets/kershrita/cataract,Ashraf Abdulkhaliq,MIT,publisher-declared; upstream unresolved,Cataract/Cataract (57).png,EXIF transpose; RGB; maximum 800px; JPEG quality 95,1,train,kershrita_b04c7210c2334f0e8f,f7df3540a0fb023852bc888f02fccabdd28355c7daa303d717dde88ffaed88fd
kershrita_b0f928eb4e9494c0a0,https://www.kaggle.com/datasets/kershrita/cataract,Ashraf Abdulkhaliq,MIT,publisher-declared; upstream unresolved,Normal/Normal (110).png,EXIF transpose; RGB; maximum 800px; JPEG quality 95,0,train,kershrita_b0f928eb4e9494c0a0,f43f69818c3096b873790bd9566d34c986aca5089c55668ccb5f1ea8068b52c1
kershrita_b11d212df5103fc5ca,https://www.kaggle.com/datasets/kershrita/cataract,Ashraf Abdulkhaliq,MIT,publisher-declared; upstream unresolved,Cataract/Cataract (147).png,EXIF transpose; RGB; maximum 800px; JPEG quality 95,1,val,kershrita_b11d212df5103fc5ca,df058389324d9cf850db5590b47a3d493cd30dcad426ca549d7d3fdb74fdec18
kershrita_b1fef82e546fbb64bf,https://www.kaggle.com/datasets/kershrita/cataract,Ashraf Abdulkhaliq,MIT,publisher-declared; upstream unresolved,Normal/Normal (59).png,EXIF transpose; RGB; maximum 800px; JPEG quality 95,0,val,kershrita_b1fef82e546fbb64bf,bdc0cd30335b60f7b3a2a42d9dbeadd0731efaff3db08ebbcbaf8c9c47d638a3
kershrita_b2f66384438f2e2b49,https://www.kaggle.com/datasets/kershrita/cataract,Ashraf Abdulkhaliq,MIT,publisher-declared; upstream unresolved,Cataract/Cataract (233).png,EXIF transpose; RGB; maximum 800px; JPEG quality 95,1,train,kershrita_20c52dd1cc2fcc14a5,451994a9f24a2f6e6ccf7eb53746451acb74ff8bca4a72c623381b4216283e59
kershrita_b4a6b26d5f743c54bb,https://www.kaggle.com/datasets/kershrita/cataract,Ashraf Abdulkhaliq,MIT,publisher-declared; upstream unresolved,Normal/Normal (78).png,EXIF transpose; RGB; maximum 800px; JPEG quality 95,0,val,kershrita_b4a6b26d5f743c54bb,88b2002bcbd22d2fa0c0ffeee3e708d99bb2dbc4ddc4b49f6b6bdfb55f3dd998
kershrita_b5113e5ca180ade0fe,https://www.kaggle.com/datasets/kershrita/cataract,Ashraf Abdulkhaliq,MIT,publisher-declared; upstream unresolved,Cataract/Cataract (71).png,EXIF transpose; RGB; maximum 800px; JPEG quality 95,1,train,kershrita_b5113e5ca180ade0fe,0873fb80cbf07966954221171823aea77a29a8c819057f089dd8b0c692862967
kershrita_b59fd94e7bc8332c3f,https://www.kaggle.com/datasets/kershrita/cataract,Ashraf Abdulkhaliq,MIT,publisher-declared; upstream unresolved,Cataract/image_260.png,EXIF transpose; RGB; maximum 800px; JPEG quality 95,1,val,kershrita_53360ed6c7a441b62a,38f517cca349a1e63c42cdef33a1cc86a9678214d6479fcbd72c7d103fa267f1
kershrita_b61ec85773f66039d7,https://www.kaggle.com/datasets/kershrita/cataract,Ashraf Abdulkhaliq,MIT,publisher-declared; upstream unresolved,Cataract/Cataract (123).png,EXIF transpose; RGB; maximum 800px; JPEG quality 95,1,train,kershrita_20c52dd1cc2fcc14a5,922eb16371bc8b961b4c9bfd79efc0fe6dd8425dfad0d4b444a48b532c44827b
kershrita_b726a3c3bd8d06c971,https://www.kaggle.com/datasets/kershrita/cataract,Ashraf Abdulkhaliq,MIT,publisher-declared; upstream unresolved,Normal/Normal (208).png,EXIF transpose; RGB; maximum 800px; JPEG quality 95,0,train,kershrita_b726a3c3bd8d06c971,268e6d466803ce64023b6cd4885329fdb179f137b37fe616163ad8cd019bdf06
kershrita_b73b1718375abc3cd6,https://www.kaggle.com/datasets/kershrita/cataract,Ashraf Abdulkhaliq,MIT,publisher-declared; upstream unresolved,Cataract/Cataract (45).png,EXIF transpose; RGB; maximum 800px; JPEG quality 95,1,train,kershrita_dd76c00d1a6ad9065a,68a6f78bd91ce3cfe678eb7429c3bc92b001f6551d9d0f031fe3a2d05c8d53a5
kershrita_b77bd0dfd5e3bfe2f5,https://www.kaggle.com/datasets/kershrita/cataract,Ashraf Abdulkhaliq,MIT,publisher-declared; upstream unresolved,Cataract/Cataract (92).png,EXIF transpose; RGB; maximum 800px; JPEG quality 95,1,train,kershrita_b77bd0dfd5e3bfe2f5,b4d7c2c2f5c5d5c9f61f1c5d5ffb2dec6abc29b125d8b1c58cb7802403e74656
kershrita_b909faddaf3dd65bfe,https://www.kaggle.com/datasets/kershrita/cataract,Ashraf Abdulkhaliq,MIT,publisher-declared; upstream unresolved,Normal/Normal (60).png,EXIF transpose; RGB; maximum 800px; JPEG quality 95,0,train,kershrita_b909faddaf3dd65bfe,06770f388f9f4053c035fa9affbdbedb7aa489a9472d5880accb20219cce2c5c
kershrita_b9308617d9fc3558e7,https://www.kaggle.com/datasets/kershrita/cataract,Ashraf Abdulkhaliq,MIT,publisher-declared; upstream unresolved,Normal/Normal (180).png,EXIF transpose; RGB; maximum 800px; JPEG quality 95,0,val,kershrita_b9308617d9fc3558e7,652002d373a7c51a03f11e2f0a6e716c5aa981f6d3aa3ee18a5791a97d63d7ca
kershrita_ba219df5eb40fd70da,https://www.kaggle.com/datasets/kershrita/cataract,Ashraf Abdulkhaliq,MIT,publisher-declared; upstream unresolved,Normal/Normal (96).png,EXIF transpose; RGB; maximum 800px; JPEG quality 95,0,train,kershrita_ba219df5eb40fd70da,3b65522fc78365f3c30d67e797298c19abd2f01662cb62895b3ff7ae1850f59c
kershrita_bb7a3f0f2e0d3990bf,https://www.kaggle.com/datasets/kershrita/cataract,Ashraf Abdulkhaliq,MIT,publisher-declared; upstream unresolved,Normal/Normal (2).png,EXIF transpose; RGB; maximum 800px; JPEG quality 95,0,train,kershrita_bb7a3f0f2e0d3990bf,17c9fdb3cfd1b88ed3a06083e57e355a9ba33d2ac6e0c63cf1b6b45f61fb6c51
kershrita_bc03fc15fdd13b3876,https://www.kaggle.com/datasets/kershrita/cataract,Ashraf Abdulkhaliq,MIT,publisher-declared; upstream unresolved,Cataract/Blue dot congenital cataract (4).jpg,EXIF transpose; RGB; maximum 800px; JPEG quality 95,1,train,kershrita_705aff7f57b0a98940,57a7ffc39347b6deddbb5007a65074da50b85359f8fd9bfaf795e1cbe09c8174
kershrita_bc69f2fa601db0b0af,https://www.kaggle.com/datasets/kershrita/cataract,Ashraf Abdulkhaliq,MIT,publisher-declared; upstream unresolved,Cataract/Anterior subcapsular in atopic dermatitis (2).jpg,EXIF transpose; RGB; maximum 800px; JPEG quality 95,1,train,kershrita_e022103ce71e03c11e,1c0b93ade9749ff1451b80716f2dca256a44d8eda2a7485759ec066da68bf348
kershrita_bf0b51a2e54480e7b0,https://www.kaggle.com/datasets/kershrita/cataract,Ashraf Abdulkhaliq,MIT,publisher-declared; upstream unresolved,Normal/Normal (175).png,EXIF transpose; RGB; maximum 800px; JPEG quality 95,0,train,kershrita_bf0b51a2e54480e7b0,3057ae46a5c8f112acd46480e3c4c54f4a542c0b0eb61486eb5a9e32f77c3e24
kershrita_bfbc4273a514adf0e6,https://www.kaggle.com/datasets/kershrita/cataract,Ashraf Abdulkhaliq,MIT,publisher-declared; upstream unresolved,Normal/Normal (70).png,EXIF transpose; RGB; maximum 800px; JPEG quality 95,0,train,kershrita_bfbc4273a514adf0e6,256ccc5d9b4bd87282f7a659f13a62226fa96e0ed5c7a58eb71bff0c3bfa66d0
kershrita_bfdc3aeb4c9e53cbe1,https://www.kaggle.com/datasets/kershrita/cataract,Ashraf Abdulkhaliq,MIT,publisher-declared; upstream unresolved,Cataract/Traumatic cataract (2).jpg,EXIF transpose; RGB; maximum 800px; JPEG quality 95,1,val,kershrita_4e196d38166de81cc2,411b9da3ac62d27e5350f17845d5c1bd9400a797a79fcbfbffcfc787c85cd483
kershrita_c08d439df31a3c273d,https://www.kaggle.com/datasets/kershrita/cataract,Ashraf Abdulkhaliq,MIT,publisher-declared; upstream unresolved,Cataract/Cataract (153).png,EXIF transpose; RGB; maximum 800px; JPEG quality 95,1,val,kershrita_c08d439df31a3c273d,796ea902d079eeb8e698cb001394eb3e55329d5e7132b0d709c1faa76189031c
kershrita_c38cce50df26d5f0e2,https://www.kaggle.com/datasets/kershrita/cataract,Ashraf Abdulkhaliq,MIT,publisher-declared; upstream unresolved,Cataract/Blue dot congenital cataract (6).jpg,EXIF transpose; RGB; maximum 800px; JPEG quality 95,1,train,kershrita_705aff7f57b0a98940,727883354ff4dbe6911de979aa0151ee7efb773d520f4a291c91cc867dca7f3a
kershrita_c465ce9de161c44a43,https://www.kaggle.com/datasets/kershrita/cataract,Ashraf Abdulkhaliq,MIT,publisher-declared; upstream unresolved,Normal/Normal (226).png,EXIF transpose; RGB; maximum 800px; JPEG quality 95,0,train,kershrita_c465ce9de161c44a43,6773af9a7ea0a9853a655277c1b5a13a25522fde2a26af0f96fb0133a09333d0
kershrita_c4dbe5c5280a19f05f,https://www.kaggle.com/datasets/kershrita/cataract,Ashraf Abdulkhaliq,MIT,publisher-declared; upstream unresolved,Normal/Normal (229).png,EXIF transpose; RGB; maximum 800px; JPEG quality 95,0,train,kershrita_c4dbe5c5280a19f05f,9d11083b5837aba0013af4dc1ea4f70c549ce1a8aba34c33a3a358b0b09e9a16
kershrita_c7c597c8885660468e,https://www.kaggle.com/datasets/kershrita/cataract,Ashraf Abdulkhaliq,MIT,publisher-declared; upstream unresolved,Normal/Normal (187).png,EXIF transpose; RGB; maximum 800px; JPEG quality 95,0,train,kershrita_c7c597c8885660468e,bf16ad5ce7e6cb50535a650f670e5533939cf4ff76aa71ce7c0267ebac29587e
kershrita_c83690ce6aa822f494,https://www.kaggle.com/datasets/kershrita/cataract,Ashraf Abdulkhaliq,MIT,publisher-declared; upstream unresolved,Cataract/Cataract (125).png,EXIF transpose; RGB; maximum 800px; JPEG quality 95,1,train,kershrita_cb0bb4468a412e7c36,421f755105809327362efc625276b138f9a964844d3723a2db83de52f8de5dd7
kershrita_c8a747722ee220e5df,https://www.kaggle.com/datasets/kershrita/cataract,Ashraf Abdulkhaliq,MIT,publisher-declared; upstream unresolved,Normal/Normal (199).png,EXIF transpose; RGB; maximum 800px; JPEG quality 95,0,train,kershrita_c8a747722ee220e5df,54d9fc9aaf0d19d0e64684fca73ad0accf88afb7d9e253ed5b03ee7234948f10
kershrita_c9b7f50212e2b2e811,https://www.kaggle.com/datasets/kershrita/cataract,Ashraf Abdulkhaliq,MIT,publisher-declared; upstream unresolved,Cataract/image_293.png,EXIF transpose; RGB; maximum 800px; JPEG quality 95,1,train,kershrita_c9b7f50212e2b2e811,b18110b91093edb4552a4b55095ab52bf9970103a05f90dba28a14920dbada13
kershrita_ca08900d54b24364e6,https://www.kaggle.com/datasets/kershrita/cataract,Ashraf Abdulkhaliq,MIT,publisher-declared; upstream unresolved,Normal/Normal (197).png,EXIF transpose; RGB; maximum 800px; JPEG quality 95,0,val,kershrita_ca08900d54b24364e6,cbf739c0794f977fdfc74bbd0a52fc20d3561520b1da546968a50cf0818c5e4d
kershrita_ca66426a901ecae3e0,https://www.kaggle.com/datasets/kershrita/cataract,Ashraf Abdulkhaliq,MIT,publisher-declared; upstream unresolved,Normal/Normal (30).png,EXIF transpose; RGB; maximum 800px; JPEG quality 95,0,train,kershrita_ca66426a901ecae3e0,46d146049fd221f1d41f5a027b4e864274bae814acc6ba0705df5f632e10f0a8
kershrita_cb1226b85044718eed,https://www.kaggle.com/datasets/kershrita/cataract,Ashraf Abdulkhaliq,MIT,publisher-declared; upstream unresolved,Normal/Normal (55).png,EXIF transpose; RGB; maximum 800px; JPEG quality 95,0,train,kershrita_cb1226b85044718eed,27e33c844180e687bf19872e98dd727bb3f9b11930dc19c4e060d0f58043793e
kershrita_cb7eab34f3a4f80be3,https://www.kaggle.com/datasets/kershrita/cataract,Ashraf Abdulkhaliq,MIT,publisher-declared; upstream unresolved,Cataract/Cataract (43).png,EXIF transpose; RGB; maximum 800px; JPEG quality 95,1,train,kershrita_72a0a4402afd40048b,1596feac4d09b04474b6f806861aea815216fddb22e6bc94895e76266c94131f
kershrita_cb98bc9e4952ac700c,https://www.kaggle.com/datasets/kershrita/cataract,Ashraf Abdulkhaliq,MIT,publisher-declared; upstream unresolved,Normal/Normal (191).png,EXIF transpose; RGB; maximum 800px; JPEG quality 95,0,train,kershrita_cb98bc9e4952ac700c,b68c499bfd4e18ccd9ebf3b30242b72dcded5e61606c31180d6b2d2a366339f5
kershrita_cbb8a362f87c27f1a7,https://www.kaggle.com/datasets/kershrita/cataract,Ashraf Abdulkhaliq,MIT,publisher-declared; upstream unresolved,Normal/Normal (31).png,EXIF transpose; RGB; maximum 800px; JPEG quality 95,0,val,kershrita_cbb8a362f87c27f1a7,b9f332b64cd7ecb4b1a970b32609342c8c2f8811a4a429d74b3fd048165a6077
kershrita_ccbfdeba01d170cdf5,https://www.kaggle.com/datasets/kershrita/cataract,Ashraf Abdulkhaliq,MIT,publisher-declared; upstream unresolved,Cataract/Traumatic cataract (5).jpg,EXIF transpose; RGB; maximum 800px; JPEG quality 95,1,val,kershrita_4e196d38166de81cc2,e6a3cb4a4f86251868b1b4f53e35f5cb091a02adba360d94748190ed3451c97c
kershrita_cd0298855b51ad6257,https://www.kaggle.com/datasets/kershrita/cataract,Ashraf Abdulkhaliq,MIT,publisher-declared; upstream unresolved,Cataract/Cataract (77).png,EXIF transpose; RGB; maximum 800px; JPEG quality 95,1,train,kershrita_2fe3f77070daaf087e,6705eab7f0eafa0f7da64e86a6e46266269178a453f772cdcb56139d983d97ad
kershrita_cd9186a5ab68f5d93e,https://www.kaggle.com/datasets/kershrita/cataract,Ashraf Abdulkhaliq,MIT,publisher-declared; upstream unresolved,Cataract/Cataract (195).png,EXIF transpose; RGB; maximum 800px; JPEG quality 95,1,train,kershrita_b04c7210c2334f0e8f,76730ab576044a5b8c4f4fac3dd11cc7f89b38097cda725a0c5509d4be3fc8ca
kershrita_ce0f1d26f0c603a92d,https://www.kaggle.com/datasets/kershrita/cataract,Ashraf Abdulkhaliq,MIT,publisher-declared; upstream unresolved,Normal/Normal (179).png,EXIF transpose; RGB; maximum 800px; JPEG quality 95,0,train,kershrita_ce0f1d26f0c603a92d,8e96d7db31473a3c9f22ce650e4740f3a546cfcadfffd557862ff0f37c954977
kershrita_d1300b3a4452b318a0,https://www.kaggle.com/datasets/kershrita/cataract,Ashraf Abdulkhaliq,MIT,publisher-declared; upstream unresolved,Cataract/Cataract (94).png,EXIF transpose; RGB; maximum 800px; JPEG quality 95,1,train,kershrita_d1300b3a4452b318a0,963dc4afbca08d054ccb02d2beb25c3504a7a28caadbfd6991da3875f5e82310
kershrita_d1831b4a377bfafa43,https://www.kaggle.com/datasets/kershrita/cataract,Ashraf Abdulkhaliq,MIT,publisher-declared; upstream unresolved,Normal/Normal (29).png,EXIF transpose; RGB; maximum 800px; JPEG quality 95,0,train,kershrita_d1831b4a377bfafa43,c98034adc070c3e44c1fea73fb2cae6641a38d2a6d11d6a7b3ec2d0a50662651
kershrita_d27b66ccb0c753a6f8,https://www.kaggle.com/datasets/kershrita/cataract,Ashraf Abdulkhaliq,MIT,publisher-declared; upstream unresolved,Cataract/Anterior subcapsular in atopic dermatitis (1).jpg,EXIF transpose; RGB; maximum 800px; JPEG quality 95,1,train,kershrita_e022103ce71e03c11e,fc99912780bff867f384aa7d4999c719e29ed6262d06b5afdeb7e69c3c5bbb5b
kershrita_d39f00f2175f030a1a,https://www.kaggle.com/datasets/kershrita/cataract,Ashraf Abdulkhaliq,MIT,publisher-declared; upstream unresolved,Cataract/Cataract (118).png,EXIF transpose; RGB; maximum 800px; JPEG quality 95,1,train,kershrita_d39f00f2175f030a1a,d33d0ae5e2c18f4ef0cba28094e5b17fb692e1ab7251029579c919eb3ce6633c
kershrita_d5d7b0a37d81a72050,https://www.kaggle.com/datasets/kershrita/cataract,Ashraf Abdulkhaliq,MIT,publisher-declared; upstream unresolved,Cataract/image_276.png,EXIF transpose; RGB; maximum 800px; JPEG quality 95,1,val,kershrita_0ebab78b7becae9bc8,8c9048543c8c39964b8d60ae1eb546afaaba7d4b522e32a05fcd736c0a5008ca
kershrita_d63316be30311d7532,https://www.kaggle.com/datasets/kershrita/cataract,Ashraf Abdulkhaliq,MIT,publisher-declared; upstream unresolved,Cataract/Cataract (151).png,EXIF transpose; RGB; maximum 800px; JPEG quality 95,1,val,kershrita_d63316be30311d7532,a4bf2a03d59dd540ca499c882f191bff174d5be79047f31838e08b2beb9e59b7
kershrita_d6998f2787fab57539,https://www.kaggle.com/datasets/kershrita/cataract,Ashraf Abdulkhaliq,MIT,publisher-declared; upstream unresolved,Cataract/Cataract (81).png,EXIF transpose; RGB; maximum 800px; JPEG quality 95,1,val,kershrita_d6998f2787fab57539,1a5f3315787be6d7603e3ad598686f5d01f92fa036902d9d8e952f32bcaefc7b
kershrita_d6c8953d15e35384d3,https://www.kaggle.com/datasets/kershrita/cataract,Ashraf Abdulkhaliq,MIT,publisher-declared; upstream unresolved,Cataract/Cataract (38).png,EXIF transpose; RGB; maximum 800px; JPEG quality 95,1,train,kershrita_d6c8953d15e35384d3,22728bcd8ac51e3cc8e55cb2ccd8068300aa5ad69df8d889fea7cec8ed9afd1d
kershrita_d7e4fd09f03b986122,https://www.kaggle.com/datasets/kershrita/cataract,Ashraf Abdulkhaliq,MIT,publisher-declared; upstream unresolved,Normal/Normal (88).png,EXIF transpose; RGB; maximum 800px; JPEG quality 95,0,train,kershrita_d7e4fd09f03b986122,33d2403383901242ec5566cfea73c60d292098dcd6b54080a815aebf86147d94
kershrita_da740d789613e9907c,https://www.kaggle.com/datasets/kershrita/cataract,Ashraf Abdulkhaliq,MIT,publisher-declared; upstream unresolved,Normal/Normal (50).png,EXIF transpose; RGB; maximum 800px; JPEG quality 95,0,train,kershrita_da740d789613e9907c,0ccd04719248ede7cfa1e4d1cbc47eb352eaf486270f5d2e74d2f32f54bb2142
kershrita_db247af10b839b0731,https://www.kaggle.com/datasets/kershrita/cataract,Ashraf Abdulkhaliq,MIT,publisher-declared; upstream unresolved,Cataract/Complicated-cataract-in-a-patient-with-idiopathic-anterior-uveitis-with-posterior.png,EXIF transpose; RGB; maximum 800px; JPEG quality 95,1,train,kershrita_db247af10b839b0731,f452ba25e6ddfe769df72e015e5214c54518ff630b9780f8fe82d8af0056f49f
kershrita_db3527e455a18e9b7b,https://www.kaggle.com/datasets/kershrita/cataract,Ashraf Abdulkhaliq,MIT,publisher-declared; upstream unresolved,Cataract/Cataract (55).png,EXIF transpose; RGB; maximum 800px; JPEG quality 95,1,val,kershrita_db3527e455a18e9b7b,6a5ce5762a47d621b78dcce26ec3164674e33c7b767cadf6e6bbf885f0b67e94
kershrita_db82bc46e5e0d6f0f1,https://www.kaggle.com/datasets/kershrita/cataract,Ashraf Abdulkhaliq,MIT,publisher-declared; upstream unresolved,Normal/Normal (38).png,EXIF transpose; RGB; maximum 800px; JPEG quality 95,0,train,kershrita_db82bc46e5e0d6f0f1,d146b32cb4aae2e1eceb157a9b2380a5df503b03c636fb2af237a10e191e0c4a
kershrita_dcbae85570853644f4,https://www.kaggle.com/datasets/kershrita/cataract,Ashraf Abdulkhaliq,MIT,publisher-declared; upstream unresolved,Normal/Normal (4).png,EXIF transpose; RGB; maximum 800px; JPEG quality 95,0,val,kershrita_dcbae85570853644f4,28639d0435c9b6c9a122920415d4c779bebee4a1aa814e20bda7f8e5afd0ea28
kershrita_dd66675aff4930dd9a,https://www.kaggle.com/datasets/kershrita/cataract,Ashraf Abdulkhaliq,MIT,publisher-declared; upstream unresolved,Cataract/Cataract (185).png,EXIF transpose; RGB; maximum 800px; JPEG quality 95,1,train,kershrita_dd66675aff4930dd9a,7ddd868ff3fe817655559aded9a27ecc4f7b1a4fb8cf1b2071b7484bc9b1668a
kershrita_ddf794cb3ca6d2a3ea,https://www.kaggle.com/datasets/kershrita/cataract,Ashraf Abdulkhaliq,MIT,publisher-declared; upstream unresolved,Normal/Normal (39).png,EXIF transpose; RGB; maximum 800px; JPEG quality 95,0,train,kershrita_ddf794cb3ca6d2a3ea,bd8e1e39cb2955e8664f269541af26db4a8926347e662041c6145ce05dca9b9f
kershrita_dec7faebed5c5dc67a,https://www.kaggle.com/datasets/kershrita/cataract,Ashraf Abdulkhaliq,MIT,publisher-declared; upstream unresolved,Normal/Normal (95).png,EXIF transpose; RGB; maximum 800px; JPEG quality 95,0,train,kershrita_dec7faebed5c5dc67a,43fde5d11bdef605db93b09bdefc4b4da05985e441ce5ea8bd83512041a59a44
kershrita_e168601590befce096,https://www.kaggle.com/datasets/kershrita/cataract,Ashraf Abdulkhaliq,MIT,publisher-declared; upstream unresolved,Cataract/Cataract (82).png,EXIF transpose; RGB; maximum 800px; JPEG quality 95,1,train,kershrita_e168601590befce096,ce93dfbd2f196be816f3ea97d27d6e79b5f9bc6f9f312d1a06a5613139463ab3
kershrita_e2b3a0fd5d4eb2e7de,https://www.kaggle.com/datasets/kershrita/cataract,Ashraf Abdulkhaliq,MIT,publisher-declared; upstream unresolved,Normal/Normal (33).png,EXIF transpose; RGB; maximum 800px; JPEG quality 95,0,train,kershrita_e2b3a0fd5d4eb2e7de,857238558fed3e903d4837ebabc13e27779b9cadb377c29d70e4cb7195fca4ff
kershrita_e422f696e78c43f3b4,https://www.kaggle.com/datasets/kershrita/cataract,Ashraf Abdulkhaliq,MIT,publisher-declared; upstream unresolved,Normal/Normal (58).png,EXIF transpose; RGB; maximum 800px; JPEG quality 95,0,train,kershrita_e422f696e78c43f3b4,3d0cd20c678bb5fbf7c81565a5adbb80db6787a9bf3a9b4d128e638e4acc5671
kershrita_e4bd56d8f7e74f8edd,https://www.kaggle.com/datasets/kershrita/cataract,Ashraf Abdulkhaliq,MIT,publisher-declared; upstream unresolved,Normal/Normal (22).png,EXIF transpose; RGB; maximum 800px; JPEG quality 95,0,train,kershrita_e4bd56d8f7e74f8edd,16878b2e6d5c5a71cad5238c5146add819074be454eeacd71e49f23f93a0da9a
kershrita_e5728418043393d8a5,https://www.kaggle.com/datasets/kershrita/cataract,Ashraf Abdulkhaliq,MIT,publisher-declared; upstream unresolved,Normal/Normal (47).png,EXIF transpose; RGB; maximum 800px; JPEG quality 95,0,val,kershrita_e5728418043393d8a5,75d8f0a4562d31cab880fb62db2eaf334f11141ffabdfbec10e4ae5b78e63dc2
kershrita_e5932e9e9b10fb892d,https://www.kaggle.com/datasets/kershrita/cataract,Ashraf Abdulkhaliq,MIT,publisher-declared; upstream unresolved,Normal/Normal (102).png,EXIF transpose; RGB; maximum 800px; JPEG quality 95,0,val,kershrita_e5932e9e9b10fb892d,613c54625a600190ed805ac87c0ad2c0d242d0f439f179fdea8114bd28e4f952
kershrita_e5edb54a12f5281899,https://www.kaggle.com/datasets/kershrita/cataract,Ashraf Abdulkhaliq,MIT,publisher-declared; upstream unresolved,Cataract/Cataract (124).png,EXIF transpose; RGB; maximum 800px; JPEG quality 95,1,train,kershrita_e5edb54a12f5281899,c85d7d8066c5b502106ec15247a680e86dc93ea784dec1f1732ab0ed2f074eab
kershrita_e6520f7704112a09ee,https://www.kaggle.com/datasets/kershrita/cataract,Ashraf Abdulkhaliq,MIT,publisher-declared; upstream unresolved,Cataract/Cataract (108).png,EXIF transpose; RGB; maximum 800px; JPEG quality 95,1,train,kershrita_bd6e4dc999ab7ff18b,ad2e27411137c22f1f9b12cd71c56128b405f4716c9d5e0eff4cf8475eb52127
kershrita_e7ddff955602063ab8,https://www.kaggle.com/datasets/kershrita/cataract,Ashraf Abdulkhaliq,MIT,publisher-declared; upstream unresolved,Cataract/Cataract (113).png,EXIF transpose; RGB; maximum 800px; JPEG quality 95,1,train,kershrita_e7ddff955602063ab8,6c8b00fc862f83eb5590eb22392849516859f800d99dc2f0ef56b6cecffdaf35
kershrita_e8fa8adb23d8fca575,https://www.kaggle.com/datasets/kershrita/cataract,Ashraf Abdulkhaliq,MIT,publisher-declared; upstream unresolved,Cataract/Cataract (179).png,EXIF transpose; RGB; maximum 800px; JPEG quality 95,1,train,kershrita_6cc2d7f819e6a164fb,d5f1fccf5567900e13d5bcf697f38ef498b4352519293504acaab83c93ed68c9
kershrita_e951757d1b762f68d2,https://www.kaggle.com/datasets/kershrita/cataract,Ashraf Abdulkhaliq,MIT,publisher-declared; upstream unresolved,Cataract/Cataract (161).png,EXIF transpose; RGB; maximum 800px; JPEG quality 95,1,train,kershrita_e951757d1b762f68d2,807b0c90391ca046c93b264db874f97d4b01f2e56b75ad47f75ad06e425a9b84
kershrita_ebc8c746e09c5b56cb,https://www.kaggle.com/datasets/kershrita/cataract,Ashraf Abdulkhaliq,MIT,publisher-declared; upstream unresolved,Normal/Normal (19).png,EXIF transpose; RGB; maximum 800px; JPEG quality 95,0,val,kershrita_ebc8c746e09c5b56cb,80753980e837a96234692daabf56adc6a237d7f1ccb97edaaae2ea7174e8a5c4
kershrita_eeb7c3dc027293405d,https://www.kaggle.com/datasets/kershrita/cataract,Ashraf Abdulkhaliq,MIT,publisher-declared; upstream unresolved,Normal/Normal (73).png,EXIF transpose; RGB; maximum 800px; JPEG quality 95,0,train,kershrita_eeb7c3dc027293405d,2032aab80ea1ace683339245b010fba890fe247748818df554b7d3fbfac8eaab
kershrita_efa964d183dce51aac,https://www.kaggle.com/datasets/kershrita/cataract,Ashraf Abdulkhaliq,MIT,publisher-declared; upstream unresolved,Normal/Normal (186).png,EXIF transpose; RGB; maximum 800px; JPEG quality 95,0,train,kershrita_efa964d183dce51aac,59cd511620c823c72e90bb788a88c582e0cca24e02d055b2158f9f2bba0db6f8
kershrita_f16a710b58434adba8,https://www.kaggle.com/datasets/kershrita/cataract,Ashraf Abdulkhaliq,MIT,publisher-declared; upstream unresolved,Cataract/Cataract (7).png,EXIF transpose; RGB; maximum 800px; JPEG quality 95,1,train,kershrita_982a521de765df97b6,7efb01f3f6490f1ad480fa43ab9a6dfd15c874e752e6ea9b8a7bae677694f670
kershrita_f1ca4af7e81593221e,https://www.kaggle.com/datasets/kershrita/cataract,Ashraf Abdulkhaliq,MIT,publisher-declared; upstream unresolved,Cataract/Cataract (23).png,EXIF transpose; RGB; maximum 800px; JPEG quality 95,1,train,kershrita_4da6cd721672a7f81d,30707edfa6afd6f8aae55c9adccbeed03b4e5099fe9b3abba0aa224141e51f80
kershrita_f44bc3049cd2edf509,https://www.kaggle.com/datasets/kershrita/cataract,Ashraf Abdulkhaliq,MIT,publisher-declared; upstream unresolved,Normal/Normal (18).png,EXIF transpose; RGB; maximum 800px; JPEG quality 95,0,train,kershrita_f44bc3049cd2edf509,bcf4d8434af81617d244e6ef0d996a2261810ff7fc5e04e5a5616aa833b0e565
kershrita_f5c96670e19111f7e6,https://www.kaggle.com/datasets/kershrita/cataract,Ashraf Abdulkhaliq,MIT,publisher-declared; upstream unresolved,Normal/Normal (130).png,EXIF transpose; RGB; maximum 800px; JPEG quality 95,0,val,kershrita_f5c96670e19111f7e6,a9b0203a0494ed32bda2637257b72551bd46ea46cacacb47643167218a688a37
kershrita_f629c08cd0dfe3607c,https://www.kaggle.com/datasets/kershrita/cataract,Ashraf Abdulkhaliq,MIT,publisher-declared; upstream unresolved,Cataract/Cataract (212).png,EXIF transpose; RGB; maximum 800px; JPEG quality 95,1,train,kershrita_f629c08cd0dfe3607c,9a29ffca8312f775386405ddbbb34845d3f137918dc35f886ff518af57591eb5
kershrita_f9c56499218f0b8217,https://www.kaggle.com/datasets/kershrita/cataract,Ashraf Abdulkhaliq,MIT,publisher-declared; upstream unresolved,Normal/Normal (193).png,EXIF transpose; RGB; maximum 800px; JPEG quality 95,0,val,kershrita_f9c56499218f0b8217,08170e7bf3434b0f6d96de41927aa6357db7ba04aed73b3b0b91a8e5bb967f9a
kershrita_f9d556e6fb50283333,https://www.kaggle.com/datasets/kershrita/cataract,Ashraf Abdulkhaliq,MIT,publisher-declared; upstream unresolved,Cataract/Traumatic cataract (8).jpg,EXIF transpose; RGB; maximum 800px; JPEG quality 95,1,val,kershrita_4e196d38166de81cc2,1200f2c7db7332ea66b0aab956f6fe520764e0102cc37e509abeacf7f8ec6695
kershrita_fa3f03f760f9be0ac6,https://www.kaggle.com/datasets/kershrita/cataract,Ashraf Abdulkhaliq,MIT,publisher-declared; upstream unresolved,Normal/Normal (206).png,EXIF transpose; RGB; maximum 800px; JPEG quality 95,0,train,kershrita_fa3f03f760f9be0ac6,0a7f128b7491a4e7f79c6dd6b1397432242ab0c5edf64027dacec426284b71ae
kershrita_fadfd9aa4e368a1963,https://www.kaggle.com/datasets/kershrita/cataract,Ashraf Abdulkhaliq,MIT,publisher-declared; upstream unresolved,Normal/Normal (61).png,EXIF transpose; RGB; maximum 800px; JPEG quality 95,0,train,kershrita_fadfd9aa4e368a1963,aed8de0da68fc8d80fda84a1fa62a05082b146aaa2e09ceec3b0364bd362fd66
kershrita_fb6bae259a0adf0cd7,https://www.kaggle.com/datasets/kershrita/cataract,Ashraf Abdulkhaliq,MIT,publisher-declared; upstream unresolved,Normal/Normal (84).png,EXIF transpose; RGB; maximum 800px; JPEG quality 95,0,train,kershrita_fb6bae259a0adf0cd7,52c9fe1b62aec765bba06a1b445337e3f7037ee95c82988a8488b13728f9505e
kershrita_fccf39370edbf0dd95,https://www.kaggle.com/datasets/kershrita/cataract,Ashraf Abdulkhaliq,MIT,publisher-declared; upstream unresolved,Cataract/Traumatic cataract (7).jpg,EXIF transpose; RGB; maximum 800px; JPEG quality 95,1,val,kershrita_4e196d38166de81cc2,bc347b526da8f7e40c02c027f18956be3a0188f5b550e138863f82acb99b715b
kershrita_fcf5e9aba0ea75fe0b,https://www.kaggle.com/datasets/kershrita/cataract,Ashraf Abdulkhaliq,MIT,publisher-declared; upstream unresolved,Cataract/Untitled.jpg,EXIF transpose; RGB; maximum 800px; JPEG quality 95,1,train,kershrita_fcf5e9aba0ea75fe0b,bd55bc49284b04512b0817d7b2492ec7472cbfe51397b475dd40a38192ba2e25
kershrita_fd7839d5a9896f7336,https://www.kaggle.com/datasets/kershrita/cataract,Ashraf Abdulkhaliq,MIT,publisher-declared; upstream unresolved,Cataract/Cataract (189).png,EXIF transpose; RGB; maximum 800px; JPEG quality 95,1,train,kershrita_fd7839d5a9896f7336,b5460d87a20bd118bd69d7422b1b5735967f00df6c96abf38a49241b880c59c5
kershrita_ff500543403943ef95,https://www.kaggle.com/datasets/kershrita/cataract,Ashraf Abdulkhaliq,MIT,publisher-declared; upstream unresolved,Cataract/Cataract (59).png,EXIF transpose; RGB; maximum 800px; JPEG quality 95,1,train,kershrita_20c52dd1cc2fcc14a5,103e38db8071c5ee4c29b99ac3681423acaf451fbdf19709f41cb91922de4eb2
sheemazain_004d14affab0841a14,https://www.kaggle.com/datasets/sheemazain/cataract-classification-dataset-in-ds,Sheema Zain,Apache 2.0,publisher-declared; upstream unresolved,train/immature/24_JPG.rf.bcdf5ddd887689cba38407f579748e81.jpg,EXIF transpose; RGB; maximum 800px; JPEG quality 95,1,val,sheemazain_81fe607a0aac456a23,cfaff30c3178b69fd9a7e02e7aa68fbf715c49d61c8d30466a6e5dc3a37d33a6
sheemazain_006db1fc4aad5a5352,https://www.kaggle.com/datasets/sheemazain/cataract-classification-dataset-in-ds,Sheema Zain,Apache 2.0,publisher-declared; upstream unresolved,train/immature/20_jpg.rf.1964a36e7b21ad9119bd818b7c7b02cd.jpg,EXIF transpose; RGB; maximum 800px; JPEG quality 95,1,train,sheemazain_cc1b0bea12347377a4,c0c8ac723b2789a8d3035cb8f05d57d95719ed854aff6601d2c595a6d96d40f4
sheemazain_010ec11bdae3802c68,https://www.kaggle.com/datasets/sheemazain/cataract-classification-dataset-in-ds,Sheema Zain,Apache 2.0,publisher-declared; upstream unresolved,train/mature/13_JPG_jpg.rf.43d14bdf12e06d10cd31a82f106e442f.jpg,EXIF transpose; RGB; maximum 800px; JPEG quality 95,1,val,sheemazain_d7331e398bb743807e,d1b072fac63fa946033ca9f25c9592ef127a1711364081d5f903487031b5a4fa
sheemazain_01a7d76b5374d9f5ed,https://www.kaggle.com/datasets/sheemazain/cataract-classification-dataset-in-ds,Sheema Zain,Apache 2.0,publisher-declared; upstream unresolved,train/mature/12_jpg.rf.8b5ab90d95136ec57f57550663f31d35.jpg,EXIF transpose; RGB; maximum 800px; JPEG quality 95,1,train,sheemazain_ef412f4bc9798b3aed,9b1263cc5c36073dfae7f85e42e5023d85c31c9492fc1b95353b07b455004a02
sheemazain_01b4475e21992c96af,https://www.kaggle.com/datasets/sheemazain/cataract-classification-dataset-in-ds,Sheema Zain,Apache 2.0,publisher-declared; upstream unresolved,train/mature/25_jpg.rf.c29c948e571b6eab8daeaed61b2070da.jpg,EXIF transpose; RGB; maximum 800px; JPEG quality 95,1,train,sheemazain_f3c81bde03ea681961,5300680c156bed80032fd48b1976c6ed19700f2cb5c01aa433f76fa46aa8f6dc
sheemazain_028f5a4b69eb60f214,https://www.kaggle.com/datasets/sheemazain/cataract-classification-dataset-in-ds,Sheema Zain,Apache 2.0,publisher-declared; upstream unresolved,train/immature/17_jpg.rf.06c90624c4d430462c223e47e334fa9b.jpg,EXIF transpose; RGB; maximum 800px; JPEG quality 95,1,train,sheemazain_4ee1162f0153a20f79,a414b6706569e53b5d355735d22099d0a5130962488007967058de9bc698e7e3
sheemazain_02b5219ae43aeb136c,https://www.kaggle.com/datasets/sheemazain/cataract-classification-dataset-in-ds,Sheema Zain,Apache 2.0,publisher-declared; upstream unresolved,train/mature/19_jpg.rf.d562bc5864d78f7e904a845665945232.jpg,EXIF transpose; RGB; maximum 800px; JPEG quality 95,1,train,sheemazain_02b5219ae43aeb136c,f169b9d7150e60cb825de4614253c811375fd48baa892a13e0ea7efa81185650
sheemazain_02e5aa8fb6e8ebb518,https://www.kaggle.com/datasets/sheemazain/cataract-classification-dataset-in-ds,Sheema Zain,Apache 2.0,publisher-declared; upstream unresolved,train/mature/24_jpg.rf.a7c1587bf831650c7243ee3be17a912c.jpg,EXIF transpose; RGB; maximum 800px; JPEG quality 95,1,val,sheemazain_81fe607a0aac456a23,d812272ce28ae1c1e0bc03271f9258e88efce860c09aa03612ea65c2afe62952
sheemazain_03036d1a38fbcaca19,https://www.kaggle.com/datasets/sheemazain/cataract-classification-dataset-in-ds,Sheema Zain,Apache 2.0,publisher-declared; upstream unresolved,train/mature/15_jpg.rf.ff19e7cc5561bffa15851cf0211cb741.jpg,EXIF transpose; RGB; maximum 800px; JPEG quality 95,1,train,sheemazain_4ee1162f0153a20f79,90f2c514f1892beabc4074e38b38e7f6a2b60c6e15d9646e61ad8000fc4a319e
sheemazain_04782efa1de0744e39,https://www.kaggle.com/datasets/sheemazain/cataract-classification-dataset-in-ds,Sheema Zain,Apache 2.0,publisher-declared; upstream unresolved,train/immature/17_jpg.rf.424670697852372959fda33ada2f4110.jpg,EXIF transpose; RGB; maximum 800px; JPEG quality 95,1,train,sheemazain_4ee1162f0153a20f79,08a129886aae41000e9c1bc3aa966027cfd58ce2511a22cf09f2a71d44bf4697
sheemazain_051e48acbda41c0378,https://www.kaggle.com/datasets/sheemazain/cataract-classification-dataset-in-ds,Sheema Zain,Apache 2.0,publisher-declared; upstream unresolved,train/immature/5_jpg.rf.bc0e97ee4b19276fa3d4a223afa537b8.jpg,EXIF transpose; RGB; maximum 800px; JPEG quality 95,1,train,sheemazain_46fa18ca5bf4d24707,d076b07325cd7c289466f014f52d865e9aa00b927d76cf0f6e9dbd0a5de2f49d
sheemazain_05854429fb722e577b,https://www.kaggle.com/datasets/sheemazain/cataract-classification-dataset-in-ds,Sheema Zain,Apache 2.0,publisher-declared; upstream unresolved,train/immature/18_jpg.rf.381f82c4c5c6d4d9071296478b88a324.jpg,EXIF transpose; RGB; maximum 800px; JPEG quality 95,1,train,sheemazain_e0da485e22abfe0ba9,09a62caf3295a2b2d9dd979045ca1e783497c2800c3fc9103850a1ae814c860a
sheemazain_0657f677186420614d,https://www.kaggle.com/datasets/sheemazain/cataract-classification-dataset-in-ds,Sheema Zain,Apache 2.0,publisher-declared; upstream unresolved,train/immature/3_JPG_jpg.rf.d130296354de30e798f3f3d6dca32752.jpg,EXIF transpose; RGB; maximum 800px; JPEG quality 95,1,train,sheemazain_0e41667bbd788de79f,45e8ab9dfc2d26bf72452d9f7f2fdf32f8c43b898899ed7f62746f188bb8a3db
sheemazain_06844b06470856c4ca,https://www.kaggle.com/datasets/sheemazain/cataract-classification-dataset-in-ds,Sheema Zain,Apache 2.0,publisher-declared; upstream unresolved,train/mature/15_jpg.rf.bd621cbc34728e36abff2297344ab9ff.jpg,EXIF transpose; RGB; maximum 800px; JPEG quality 95,1,train,sheemazain_4ee1162f0153a20f79,73bbb5698939df9c5a9d927d146625d8689f6b865a9cbd50a70ec6bad2114461
sheemazain_06ab5d6d18a3bac773,https://www.kaggle.com/datasets/sheemazain/cataract-classification-dataset-in-ds,Sheema Zain,Apache 2.0,publisher-declared; upstream unresolved,train/mature/6_jpg.rf.908c5f2259efbbe0da6fb4f8b94e5d57.jpg,EXIF transpose; RGB; maximum 800px; JPEG quality 95,1,train,sheemazain_46a723932b191a207e,f491cfdf835a905d646d672c59cf9c951914061331771adb7b198e21b9da528c
sheemazain_07b8f97bef745e5d9d,https://www.kaggle.com/datasets/sheemazain/cataract-classification-dataset-in-ds,Sheema Zain,Apache 2.0,publisher-declared; upstream unresolved,train/immature/10_JPG_jpg.rf.c6b04a42d93b417a623a86ef92bc0616.jpg,EXIF transpose; RGB; maximum 800px; JPEG quality 95,1,train,sheemazain_a2e41d209ca8da49de,42b811d8b0a9b0565f25b264274c99475909a45b6529ff51fe9339efc9ef4b27
sheemazain_07bbbc92aa623f63b4,https://www.kaggle.com/datasets/sheemazain/cataract-classification-dataset-in-ds,Sheema Zain,Apache 2.0,publisher-declared; upstream unresolved,train/immature/16_jpg.rf.7431030511a11658ad1a13abc5d57d49.jpg,EXIF transpose; RGB; maximum 800px; JPEG quality 95,1,train,sheemazain_b023e89b5ea7347f93,4102e1cf8ba59444b3169ab42bee09016404ec3c2a51d7d96dd7832b7db98d5c
sheemazain_081f5efae762e82d00,https://www.kaggle.com/datasets/sheemazain/cataract-classification-dataset-in-ds,Sheema Zain,Apache 2.0,publisher-declared; upstream unresolved,train/mature/2_JPG_jpg.rf.50cc07e9706590e66544a4d10ead1cf1.jpg,EXIF transpose; RGB; maximum 800px; JPEG quality 95,1,train,sheemazain_57f5881ec69ab60fb8,2a9f813c73e6c716e2b2bb6395dde4f9fa7afecc6914d6559ca6e1141eb07d41
sheemazain_0841c1dc4e3193679b,https://www.kaggle.com/datasets/sheemazain/cataract-classification-dataset-in-ds,Sheema Zain,Apache 2.0,publisher-declared; upstream unresolved,train/mature/27_jpg.rf.1c71ac7925c8daaf84c09d80f147fdd0.jpg,EXIF transpose; RGB; maximum 800px; JPEG quality 95,1,train,sheemazain_2061575ca0fde207d1,d277a1a7ab6752995bdd9559e6da3fbc94db740767727fde2f23df3696500ba5
sheemazain_085e592f318e8a8d4a,https://www.kaggle.com/datasets/sheemazain/cataract-classification-dataset-in-ds,Sheema Zain,Apache 2.0,publisher-declared; upstream unresolved,train/mature/3_jpg.rf.ade6d1885f70c257787563754bb10b7f.jpg,EXIF transpose; RGB; maximum 800px; JPEG quality 95,1,train,sheemazain_0e41667bbd788de79f,33f4ec35e492d97486b235974ac4fa034980d2e26f020f8cedf02c8934cf3d1d
sheemazain_0863c46b1f3a82515c,https://www.kaggle.com/datasets/sheemazain/cataract-classification-dataset-in-ds,Sheema Zain,Apache 2.0,publisher-declared; upstream unresolved,train/mature/26_jpg.rf.19b3d0e0716bb242591afba339a502cd.jpg,EXIF transpose; RGB; maximum 800px; JPEG quality 95,1,train,sheemazain_a2e41d209ca8da49de,8d359dd3df4e46651516c3a25fd3a5fc3e004a96c998c28503bed7b95e1a7542
sheemazain_08ab17f954ee4de90f,https://www.kaggle.com/datasets/sheemazain/cataract-classification-dataset-in-ds,Sheema Zain,Apache 2.0,publisher-declared; upstream unresolved,train/mature/5_jpg.rf.f8d81fadefc6aed267b9aa720e852532.jpg,EXIF transpose; RGB; maximum 800px; JPEG quality 95,1,train,sheemazain_46fa18ca5bf4d24707,ea0461344a0871dc6c86d9dd6e42603f8c6ec8864df42e6908d8033a03381279
sheemazain_096e342956f3be1d06,https://www.kaggle.com/datasets/sheemazain/cataract-classification-dataset-in-ds,Sheema Zain,Apache 2.0,publisher-declared; upstream unresolved,train/mature/18_jpg.rf.1fe5839997eb4880a2a2c340dd3df50f.jpg,EXIF transpose; RGB; maximum 800px; JPEG quality 95,1,train,sheemazain_e0da485e22abfe0ba9,4fa5d9525891723306f9fbc3a8d084a69af244242c1aaff39caa6da875d32ead
sheemazain_09730a25723adf00bf,https://www.kaggle.com/datasets/sheemazain/cataract-classification-dataset-in-ds,Sheema Zain,Apache 2.0,publisher-declared; upstream unresolved,train/mature/13_JPG_jpg.rf.1ededfc4b57b527c3a5767bd665d2c91.jpg,EXIF transpose; RGB; maximum 800px; JPEG quality 95,1,val,sheemazain_d7331e398bb743807e,e20d098170ed676151e54a9dcc58c3b0d64c67136b468d1b2d029d15c3b478db
sheemazain_0acc2dbd3ac71ce53c,https://www.kaggle.com/datasets/sheemazain/cataract-classification-dataset-in-ds,Sheema Zain,Apache 2.0,publisher-declared; upstream unresolved,train/mature/2_JPG_jpg.rf.5b4f7b287f89ccccabfcf5fa4bc78701.jpg,EXIF transpose; RGB; maximum 800px; JPEG quality 95,1,train,sheemazain_57f5881ec69ab60fb8,4df98ea27186b8ce6780e025fe74a7f1534731efbf4ad212b49502c8a552f88b
sheemazain_0b96e1832ed57ff915,https://www.kaggle.com/datasets/sheemazain/cataract-classification-dataset-in-ds,Sheema Zain,Apache 2.0,publisher-declared; upstream unresolved,train/immature/26_JPG_jpg.rf.71c6d886e8b474cc868d7d9260623e3f.jpg,EXIF transpose; RGB; maximum 800px; JPEG quality 95,1,train,sheemazain_a2e41d209ca8da49de,eeb10da14977266d07388d1bb4f70348a43adc55967537eccb871fec96ac0b13
sheemazain_0bd768a5ef0a9dfc84,https://www.kaggle.com/datasets/sheemazain/cataract-classification-dataset-in-ds,Sheema Zain,Apache 2.0,publisher-declared; upstream unresolved,train/immature/16_jpg.rf.ed0525bb95e59a72cd54bfa7c30fdd65.jpg,EXIF transpose; RGB; maximum 800px; JPEG quality 95,1,train,sheemazain_b023e89b5ea7347f93,d70b7ea1a8fca770c22b8777ca7da5b1108144c85eb2bed47893e1c00c52113e
sheemazain_0dda1a4fd3bcb1c8ef,https://www.kaggle.com/datasets/sheemazain/cataract-classification-dataset-in-ds,Sheema Zain,Apache 2.0,publisher-declared; upstream unresolved,train/immature/8_jpg.rf.282b76cecf61ed8cd64ee894f2ac9b7c.jpg,EXIF transpose; RGB; maximum 800px; JPEG quality 95,1,train,sheemazain_6ac10ae4d850ea6504,8a68f9e38da241aa9adb95215d28cfe2325742112dbc62c5e70ed6a51a5a6814
sheemazain_0e1d6884fe5429df90,https://www.kaggle.com/datasets/sheemazain/cataract-classification-dataset-in-ds,Sheema Zain,Apache 2.0,publisher-declared; upstream unresolved,train/mature/29_jpg.rf.a40bc0a216d873f6dcfcc6cf7d1801c5.jpg,EXIF transpose; RGB; maximum 800px; JPEG quality 95,1,train,sheemazain_15d67e9b75864bf3b1,535c9fa2a935759bdcc7173f707bacd559d85bf698cc04e5ec577691702d5d7a
sheemazain_0e41667bbd788de79f,https://www.kaggle.com/datasets/sheemazain/cataract-classification-dataset-in-ds,Sheema Zain,Apache 2.0,publisher-declared; upstream unresolved,train/mature/3_jpg.rf.c8dcf1f90e9b7a9e14916b44982461b1.jpg,EXIF transpose; RGB; maximum 800px; JPEG quality 95,1,train,sheemazain_0e41667bbd788de79f,ee3971bc4c048893053ce579b58a771ed7b0b2a65903e2c60fe0d3b26dd13dfe
sheemazain_0e7d41f61071d124b4,https://www.kaggle.com/datasets/sheemazain/cataract-classification-dataset-in-ds,Sheema Zain,Apache 2.0,publisher-declared; upstream unresolved,train/mature/27_jpg.rf.67de52a86b5a772f7a216d1d31201c2b.jpg,EXIF transpose; RGB; maximum 800px; JPEG quality 95,1,train,sheemazain_2061575ca0fde207d1,fd3d1b48d2cbfbbc9b9659f66743f2d5ddf881a647841bff94366c010023f523
sheemazain_0f13338e7474ff2726,https://www.kaggle.com/datasets/sheemazain/cataract-classification-dataset-in-ds,Sheema Zain,Apache 2.0,publisher-declared; upstream unresolved,train/immature/9_jpg.rf.d2b42e28031f49632d2d2f8faf4e7362.jpg,EXIF transpose; RGB; maximum 800px; JPEG quality 95,1,train,sheemazain_89498ae14eb1c3fde1,e2d9e5153a361211969e023b33ffc6b8b37c215f9be55caa62ff03f15dcea56e
sheemazain_0febb61e4cb07f2354,https://www.kaggle.com/datasets/sheemazain/cataract-classification-dataset-in-ds,Sheema Zain,Apache 2.0,publisher-declared; upstream unresolved,train/mature/11_JPG_jpg.rf.9a75a00765953f0b8be6075b43999e8d.jpg,EXIF transpose; RGB; maximum 800px; JPEG quality 95,1,train,sheemazain_5163aa129d8db75bc6,39ed3569d7459065508c7383cb093f67f02918d20777ccb2fd8c7d42ebbe2740
sheemazain_0ff3eff783789a96c3,https://www.kaggle.com/datasets/sheemazain/cataract-classification-dataset-in-ds,Sheema Zain,Apache 2.0,publisher-declared; upstream unresolved,train/mature/25_jpg.rf.aa9b7077007c872966b4ce8a0a92600e.jpg,EXIF transpose; RGB; maximum 800px; JPEG quality 95,1,train,sheemazain_f3c81bde03ea681961,11e19c5498e1e37759d13a3b7a508c0486e83b551a043f8d5e412a6aa350c24b
sheemazain_105e76b5926cad6ce8,https://www.kaggle.com/datasets/sheemazain/cataract-classification-dataset-in-ds,Sheema Zain,Apache 2.0,publisher-declared; upstream unresolved,train/immature/12_JPG_jpg.rf.ad53afcdeb9891e3c7e03fc1b95eda89.jpg,EXIF transpose; RGB; maximum 800px; JPEG quality 95,1,train,sheemazain_ef412f4bc9798b3aed,b5a0767b9e2263b779ba3395ccdf3f4286da9051bc2eed51b7020c230af5c114
sheemazain_10b1130862e09d10c0,https://www.kaggle.com/datasets/sheemazain/cataract-classification-dataset-in-ds,Sheema Zain,Apache 2.0,publisher-declared; upstream unresolved,train/mature/27_jpg.rf.a68f37ae1c0603d29e7b2b849357e670.jpg,EXIF transpose; RGB; maximum 800px; JPEG quality 95,1,train,sheemazain_2061575ca0fde207d1,cd9f6990560b7f9c8e1e3d9ab91b904cf2b79c52acd92776696846bc79c6d49e
sheemazain_10cb274d564cabedf2,https://www.kaggle.com/datasets/sheemazain/cataract-classification-dataset-in-ds,Sheema Zain,Apache 2.0,publisher-declared; upstream unresolved,train/mature/4_JPG_jpg.rf.ab8d3ae93d5f29d8dd61c52ea80e230c.jpg,EXIF transpose; RGB; maximum 800px; JPEG quality 95,1,train,sheemazain_d287e27cb1da5b3171,51d15dcf31f702ef6e1c7a6a59249671c9edb1c02748985224e6d8b936262d1d
sheemazain_112c8cdffe7f105b83,https://www.kaggle.com/datasets/sheemazain/cataract-classification-dataset-in-ds,Sheema Zain,Apache 2.0,publisher-declared; upstream unresolved,train/mature/9_JPG_jpg.rf.75ad7d8441ef8faae9db412ac817a80e.jpg,EXIF transpose; RGB; maximum 800px; JPEG quality 95,1,train,sheemazain_89498ae14eb1c3fde1,5edc82a3e85f70a9ec538696d1403ea1e89259bc795f564b57900351d98791c0
sheemazain_14b8ea84ad9b0cdb30,https://www.kaggle.com/datasets/sheemazain/cataract-classification-dataset-in-ds,Sheema Zain,Apache 2.0,publisher-declared; upstream unresolved,train/mature/11_JPG.rf.3208e92a87b783827a744caf289f3c78.jpg,EXIF transpose; RGB; maximum 800px; JPEG quality 95,1,train,sheemazain_5163aa129d8db75bc6,bf2eb78ad22fe6abd71ef53e1fd4d236769e41d7c2c2a650161469d66b788e49
sheemazain_15660917e6ed1187fe,https://www.kaggle.com/datasets/sheemazain/cataract-classification-dataset-in-ds,Sheema Zain,Apache 2.0,publisher-declared; upstream unresolved,train/mature/7_jpg.rf.61cb8ac4f13e56f0e58177aa1993d8c4.jpg,EXIF transpose; RGB; maximum 800px; JPEG quality 95,1,train,sheemazain_162e6827d3fb3ca36a,d1693be1d7892fee856f73ae2d27ebd6816d85a3887f4209ef809c4d56eae17e
sheemazain_15d0808854c2afb7a6,https://www.kaggle.com/datasets/sheemazain/cataract-classification-dataset-in-ds,Sheema Zain,Apache 2.0,publisher-declared; upstream unresolved,train/immature/28_JPG_jpg.rf.aee887af67a776c4ba39f2705b90b622.jpg,EXIF transpose; RGB; maximum 800px; JPEG quality 95,1,val,sheemazain_22173a14aa39441a1b,8a8d136977396c106630d4d052486476d39ce59e95e326b37206cb9c9f5353e2
sheemazain_15d67e9b75864bf3b1,https://www.kaggle.com/datasets/sheemazain/cataract-classification-dataset-in-ds,Sheema Zain,Apache 2.0,publisher-declared; upstream unresolved,train/mature/29_jpg.rf.e6414e109be2759f3bfe2b24a005ab1f.jpg,EXIF transpose; RGB; maximum 800px; JPEG quality 95,1,train,sheemazain_15d67e9b75864bf3b1,613d57a74a4ad11b21e86bebf36ee3164994018252417e222dcb84405de53a9a
sheemazain_162e6827d3fb3ca36a,https://www.kaggle.com/datasets/sheemazain/cataract-classification-dataset-in-ds,Sheema Zain,Apache 2.0,publisher-declared; upstream unresolved,train/mature/7_jpg.rf.b6138dd035617040e368abca96a478d5.jpg,EXIF transpose; RGB; maximum 800px; JPEG quality 95,1,train,sheemazain_162e6827d3fb3ca36a,a0f722c9d09018af45c57cc49840cbba140cd9d6cee615e6b0862a1f7868dfbf
sheemazain_17392a39704709ca08,https://www.kaggle.com/datasets/sheemazain/cataract-classification-dataset-in-ds,Sheema Zain,Apache 2.0,publisher-declared; upstream unresolved,train/immature/15_jpg.rf.c5dea923f32ca51ab10705415fd34fdb.jpg,EXIF transpose; RGB; maximum 800px; JPEG quality 95,1,train,sheemazain_4ee1162f0153a20f79,c68cbc08f9bcb2e89ded75706cbc291bbd6a264b517f0146ff6e2e4b7f33efae
sheemazain_178121512b3142947a,https://www.kaggle.com/datasets/sheemazain/cataract-classification-dataset-in-ds,Sheema Zain,Apache 2.0,publisher-declared; upstream unresolved,train/immature/8_jpg.rf.2b93e2030beab329eda95fdb66b3da44.jpg,EXIF transpose; RGB; maximum 800px; JPEG quality 95,1,train,sheemazain_6ac10ae4d850ea6504,8d39fdb09c221f39f9d62807c95a8ac73a9973e0d7a277a3dd19619759cfc54d
sheemazain_199668b51df0449539,https://www.kaggle.com/datasets/sheemazain/cataract-classification-dataset-in-ds,Sheema Zain,Apache 2.0,publisher-declared; upstream unresolved,train/mature/29_jpg.rf.45d3614f4f975bf189223a158bca7ea7.jpg,EXIF transpose; RGB; maximum 800px; JPEG quality 95,1,train,sheemazain_15d67e9b75864bf3b1,d78b7d718810ce5f6ace8b933a23ca119c63a23a15a8f58bc270a21655d676e3
sheemazain_1a3f6f85ff74f43ffc,https://www.kaggle.com/datasets/sheemazain/cataract-classification-dataset-in-ds,Sheema Zain,Apache 2.0,publisher-declared; upstream unresolved,train/mature/2_JPG.rf.5130f9b077ed0654a1c354154459df62.jpg,EXIF transpose; RGB; maximum 800px; JPEG quality 95,1,train,sheemazain_57f5881ec69ab60fb8,99f63a1277cc1325cab513e0e00fc11453fd60d82c8e0e202ee3c342b3dde4e2
sheemazain_1c250c3e7a1e0679c3,https://www.kaggle.com/datasets/sheemazain/cataract-classification-dataset-in-ds,Sheema Zain,Apache 2.0,publisher-declared; upstream unresolved,train/mature/16_jpg.rf.a4c0c7351fcb66fcd67b3a40ca110735.jpg,EXIF transpose; RGB; maximum 800px; JPEG quality 95,1,train,sheemazain_b023e89b5ea7347f93,f77cee7be4e475eae7989ba9b4d8881cd10ca581b234cff15b59493f0ecfd148
sheemazain_1c2d57df0db7fda6a8,https://www.kaggle.com/datasets/sheemazain/cataract-classification-dataset-in-ds,Sheema Zain,Apache 2.0,publisher-declared; upstream unresolved,train/mature/5_jpg.rf.9ad1b053a0a36f1356f0b6a771667eba.jpg,EXIF transpose; RGB; maximum 800px; JPEG quality 95,1,train,sheemazain_46fa18ca5bf4d24707,3e4fe33e687f78784ffefdf0f2b0fc888cc96b304b5cb95f71f6af63df5cc218
sheemazain_1c43666337cc5eb2dd,https://www.kaggle.com/datasets/sheemazain/cataract-classification-dataset-in-ds,Sheema Zain,Apache 2.0,publisher-declared; upstream unresolved,train/mature/7_jpg.rf.82c2f521027689afed4ce8b559c133cd.jpg,EXIF transpose; RGB; maximum 800px; JPEG quality 95,1,train,sheemazain_162e6827d3fb3ca36a,0205fd32f615b89a614e26f580adc2e02494e3f354fcf9083fb17d4988d6a778
sheemazain_1cc941ae0a9f7d7007,https://www.kaggle.com/datasets/sheemazain/cataract-classification-dataset-in-ds,Sheema Zain,Apache 2.0,publisher-declared; upstream unresolved,train/mature/14_JPG_jpg.rf.4e6374291a69cf82ba246c6885127161.jpg,EXIF transpose; RGB; maximum 800px; JPEG quality 95,1,train,sheemazain_fe5b2b47901532b838,b09aa10cf7e7184001bdb4c55b9d5a25a8d91d5a81d533e61f0fa03efd56e988
sheemazain_1cdb42ff8076cf5c76,https://www.kaggle.com/datasets/sheemazain/cataract-classification-dataset-in-ds,Sheema Zain,Apache 2.0,publisher-declared; upstream unresolved,train/immature/8_jpg.rf.854f9e69d5229db20d1de0d398dbb5cd.jpg,EXIF transpose; RGB; maximum 800px; JPEG quality 95,1,train,sheemazain_6ac10ae4d850ea6504,2f8dbc40a44c4441bedced34c99cb4df35c0cb0a48d2adb7f390bf12556b3f98
sheemazain_1d23e87d2ac8cdae59,https://www.kaggle.com/datasets/sheemazain/cataract-classification-dataset-in-ds,Sheema Zain,Apache 2.0,publisher-declared; upstream unresolved,train/mature/15_jpg.rf.75becdb449fcb348584ac6ee1e88f76f.jpg,EXIF transpose; RGB; maximum 800px; JPEG quality 95,1,train,sheemazain_4ee1162f0153a20f79,f81cd5918a4272ef2f0f0a858f1a4f8ede38bd4c839b3aa546f590e64b3ce25d
sheemazain_1d4d5a566cfcdbdc9c,https://www.kaggle.com/datasets/sheemazain/cataract-classification-dataset-in-ds,Sheema Zain,Apache 2.0,publisher-declared; upstream unresolved,train/immature/1_JPG_jpg.rf.ef0f661c396745abf3f0fce257594c14.jpg,EXIF transpose; RGB; maximum 800px; JPEG quality 95,1,train,sheemazain_0e41667bbd788de79f,ffee6ea58d2aa691bc32765702c9e0a8c5c19611750919b1ccbe8847ea1a5970
sheemazain_1d7d3ad32d0f4df830,https://www.kaggle.com/datasets/sheemazain/cataract-classification-dataset-in-ds,Sheema Zain,Apache 2.0,publisher-declared; upstream unresolved,train/mature/22_jpg.rf.c63f80aa7b39c86ec29a84fca7962b57.jpg,EXIF transpose; RGB; maximum 800px; JPEG quality 95,1,train,sheemazain_acb2c8c057f775d31f,08566e58056f22afddfa3c50f2d6cf79b1ebdc4f7b71cf8447d4ef5fdf829b3f
sheemazain_1f3e7e5a454dfd204d,https://www.kaggle.com/datasets/sheemazain/cataract-classification-dataset-in-ds,Sheema Zain,Apache 2.0,publisher-declared; upstream unresolved,train/mature/22_jpg.rf.3c64422b20eafaf27b318b19382da155.jpg,EXIF transpose; RGB; maximum 800px; JPEG quality 95,1,train,sheemazain_acb2c8c057f775d31f,75460205f1fb4f61483abd799e1a8a091c0c37ece87415e8513b081855ae3c4e
sheemazain_1fd44539fc0ab58306,https://www.kaggle.com/datasets/sheemazain/cataract-classification-dataset-in-ds,Sheema Zain,Apache 2.0,publisher-declared; upstream unresolved,train/immature/7_jpg.rf.b2127412ba7796f541153b16c087197f.jpg,EXIF transpose; RGB; maximum 800px; JPEG quality 95,1,train,sheemazain_162e6827d3fb3ca36a,8b3242fe9438c01bd55b35f68a15b473ce632e91c54f174f5033220370cf89b7
sheemazain_2061575ca0fde207d1,https://www.kaggle.com/datasets/sheemazain/cataract-classification-dataset-in-ds,Sheema Zain,Apache 2.0,publisher-declared; upstream unresolved,train/mature/27_jpg.rf.eb4e182b357fb57c6fbb1ad2c4e0507d.jpg,EXIF transpose; RGB; maximum 800px; JPEG quality 95,1,train,sheemazain_2061575ca0fde207d1,454f8e69dfa9ad84148764e4c59cdcc5b4be2ce109822622e2347f112390de6c
sheemazain_20ecd831babcd5aa49,https://www.kaggle.com/datasets/sheemazain/cataract-classification-dataset-in-ds,Sheema Zain,Apache 2.0,publisher-declared; upstream unresolved,train/mature/11_JPG.rf.0a42a9d8b4745252580619da447efd83.jpg,EXIF transpose; RGB; maximum 800px; JPEG quality 95,1,train,sheemazain_5163aa129d8db75bc6,9a939233db09aa7094b93c295b0635669c61387458b9915276598c4dabcf9748
sheemazain_2114017313c89251a7,https://www.kaggle.com/datasets/sheemazain/cataract-classification-dataset-in-ds,Sheema Zain,Apache 2.0,publisher-declared; upstream unresolved,train/mature/14_JPG.rf.6e118ea6887c9ad052d710ab0b829a61.jpg,EXIF transpose; RGB; maximum 800px; JPEG quality 95,1,train,sheemazain_fe5b2b47901532b838,8ab900a07f8c1e25fd20dec66eaf8e798926b7e3c5635dd3d6e3d9535d7253b4
sheemazain_21237100bda759e968,https://www.kaggle.com/datasets/sheemazain/cataract-classification-dataset-in-ds,Sheema Zain,Apache 2.0,publisher-declared; upstream unresolved,train/immature/12_JPG.rf.7bff49e873d00acf11234fccfd05e7e1.jpg,EXIF transpose; RGB; maximum 800px; JPEG quality 95,1,train,sheemazain_ef412f4bc9798b3aed,bf26e31f3b93d49d659407396d659041c9df6f8da83b8788e11e3bcc26430024
sheemazain_21944e37ea4d2140fe,https://www.kaggle.com/datasets/sheemazain/cataract-classification-dataset-in-ds,Sheema Zain,Apache 2.0,publisher-declared; upstream unresolved,train/mature/23_jpg.rf.deed17558b0dbb5d150d11a2b1443213.jpg,EXIF transpose; RGB; maximum 800px; JPEG quality 95,1,train,sheemazain_5524e04c6a781a0b9a,6ee2cb05951a5887c69624f7f51b806d06b3d6e45e0ea0a6dc091aaa27d3473d
sheemazain_22173a14aa39441a1b,https://www.kaggle.com/datasets/sheemazain/cataract-classification-dataset-in-ds,Sheema Zain,Apache 2.0,publisher-declared; upstream unresolved,train/mature/28_jpg.rf.aeca7b9d03536f3568b4a8d34b15cb8d.jpg,EXIF transpose; RGB; maximum 800px; JPEG quality 95,1,val,sheemazain_22173a14aa39441a1b,fe2553b1a7d8801e5547fecb564146f1f33ba2a31f7b8ab7facaed27ad6b45dd
sheemazain_24aee9de529659b99a,https://www.kaggle.com/datasets/sheemazain/cataract-classification-dataset-in-ds,Sheema Zain,Apache 2.0,publisher-declared; upstream unresolved,train/mature/14_JPG_jpg.rf.6b137365bfa1420edbbff84edf99c6b5.jpg,EXIF transpose; RGB; maximum 800px; JPEG quality 95,1,train,sheemazain_fe5b2b47901532b838,2e2d46f64a7ed38de9930b2560d0e4f2d743cb2c87229c9abc5726021a34e7d9
sheemazain_253b5a6babb3a392fe,https://www.kaggle.com/datasets/sheemazain/cataract-classification-dataset-in-ds,Sheema Zain,Apache 2.0,publisher-declared; upstream unresolved,train/immature/20_jpg.rf.7e2a4799ba40c1ed55af849750c7d80c.jpg,EXIF transpose; RGB; maximum 800px; JPEG quality 95,1,train,sheemazain_cc1b0bea12347377a4,30f36413430da501dc6511cbfacd5d4b43e8d179f42a8e3d9401b3489b7c1c68
sheemazain_261a4fe66cf57f803d,https://www.kaggle.com/datasets/sheemazain/cataract-classification-dataset-in-ds,Sheema Zain,Apache 2.0,publisher-declared; upstream unresolved,train/mature/19_jpg.rf.03c747e46c3ea5c98cd7bba5eb2940d1.jpg,EXIF transpose; RGB; maximum 800px; JPEG quality 95,1,train,sheemazain_02b5219ae43aeb136c,370f0106002e2395f91299b6253a2f1b1594f1944fbb2feaeb7cc123b58ef5fb
sheemazain_274d4447f0466a3040,https://www.kaggle.com/datasets/sheemazain/cataract-classification-dataset-in-ds,Sheema Zain,Apache 2.0,publisher-declared; upstream unresolved,train/immature/8_jpg.rf.33d7686626f157f7b4c00b8f329fd113.jpg,EXIF transpose; RGB; maximum 800px; JPEG quality 95,1,train,sheemazain_6ac10ae4d850ea6504,95c7eba4430f1ec9e49d4e10967fc70355696ba2351fcd6e198e312a700558db
sheemazain_27f1e13b8ed06f6163,https://www.kaggle.com/datasets/sheemazain/cataract-classification-dataset-in-ds,Sheema Zain,Apache 2.0,publisher-declared; upstream unresolved,train/mature/4_JPG_jpg.rf.2a6ea4d1423ec0dd36345d1512107274.jpg,EXIF transpose; RGB; maximum 800px; JPEG quality 95,1,train,sheemazain_d287e27cb1da5b3171,02bff35a1c029e95f520676a1f11513c99460c3420c315aa005eeb2e247be84c
sheemazain_27f3dbbf39467d9555,https://www.kaggle.com/datasets/sheemazain/cataract-classification-dataset-in-ds,Sheema Zain,Apache 2.0,publisher-declared; upstream unresolved,train/immature/21_JPG_jpg.rf.9a69257e71a43bfad07dd5e476fed8bc.jpg,EXIF transpose; RGB; maximum 800px; JPEG quality 95,1,train,sheemazain_32a19f181003e33a6b,1eec73afb347d289a36e4633523053adc2b923bc24789be4aff26f61fc61303c
sheemazain_281e0b926377774cdb,https://www.kaggle.com/datasets/sheemazain/cataract-classification-dataset-in-ds,Sheema Zain,Apache 2.0,publisher-declared; upstream unresolved,train/immature/22_JPG_jpg.rf.a2e8b5c9e51db92764ad8ceeef12c1c2.jpg,EXIF transpose; RGB; maximum 800px; JPEG quality 95,1,train,sheemazain_acb2c8c057f775d31f,5dac815332129e5c8ef844a449ffbdbe658ad0ff8fffb881d84e898192685876
sheemazain_2863dd23436aee3a06,https://www.kaggle.com/datasets/sheemazain/cataract-classification-dataset-in-ds,Sheema Zain,Apache 2.0,publisher-declared; upstream unresolved,train/immature/1_JPG.rf.1424a82813628fc477f0be584c3cb984.jpg,EXIF transpose; RGB; maximum 800px; JPEG quality 95,1,train,sheemazain_0e41667bbd788de79f,c743db16ceab55f589e48a97a686212d8e1267a5e060acca388705f4f78b0ddc
sheemazain_29942c316574cc79ea,https://www.kaggle.com/datasets/sheemazain/cataract-classification-dataset-in-ds,Sheema Zain,Apache 2.0,publisher-declared; upstream unresolved,train/immature/8_jpg.rf.5466b1ea57c587888499f9dc5fed2d8c.jpg,EXIF transpose; RGB; maximum 800px; JPEG quality 95,1,train,sheemazain_6ac10ae4d850ea6504,d5c8db73289c1d5c22ae367fb53cea3e6637289996bf646ef369554a9a302e0a
sheemazain_29c9c15165af59b291,https://www.kaggle.com/datasets/sheemazain/cataract-classification-dataset-in-ds,Sheema Zain,Apache 2.0,publisher-declared; upstream unresolved,train/mature/10_JPG_jpg.rf.60c0165f6221e7d3b7bc8e16b9214652.jpg,EXIF transpose; RGB; maximum 800px; JPEG quality 95,1,train,sheemazain_a2e41d209ca8da49de,f083f030625944d549f11e71b6f44f729b1fe5f43501ff5db0f572887d152dba
sheemazain_29dd6682e4d0e21970,https://www.kaggle.com/datasets/sheemazain/cataract-classification-dataset-in-ds,Sheema Zain,Apache 2.0,publisher-declared; upstream unresolved,train/mature/1_JPG_jpg.rf.873b48f435e1e5bfba1d167ae8755918.jpg,EXIF transpose; RGB; maximum 800px; JPEG quality 95,1,train,sheemazain_0e41667bbd788de79f,c006a578b59b55859e199ffa189838c393cec7a3bb575412f20108f4cc9d1da8
sheemazain_2a8cf31af443f86e66,https://www.kaggle.com/datasets/sheemazain/cataract-classification-dataset-in-ds,Sheema Zain,Apache 2.0,publisher-declared; upstream unresolved,train/mature/24_jpg.rf.3c181f2946e53ba0de169b16a295dc94.jpg,EXIF transpose; RGB; maximum 800px; JPEG quality 95,1,val,sheemazain_81fe607a0aac456a23,4c96875fa3ee0b75172573c2a862c3f8d511c9c54fe5b0da41e744991580cea1
sheemazain_2bc96b0a1b5365c79b,https://www.kaggle.com/datasets/sheemazain/cataract-classification-dataset-in-ds,Sheema Zain,Apache 2.0,publisher-declared; upstream unresolved,train/immature/11_JPG_jpg.rf.3784a42805e53bb68b9412f3d7c0051f.jpg,EXIF transpose; RGB; maximum 800px; JPEG quality 95,1,train,sheemazain_5163aa129d8db75bc6,c38999e4a847c945e591bf9c50138a44e48ed58f5f294576b801300a9eb2aa29
sheemazain_2cd6c7a838eb3b965a,https://www.kaggle.com/datasets/sheemazain/cataract-classification-dataset-in-ds,Sheema Zain,Apache 2.0,publisher-declared; upstream unresolved,train/mature/22_jpg.rf.59d1a37734487f67d38d08c477a3a26d.jpg,EXIF transpose; RGB; maximum 800px; JPEG quality 95,1,train,sheemazain_acb2c8c057f775d31f,0f74617e1a20797af8b4c626e893d733f787d8760782fd70c26a977df34ee1ac
sheemazain_2cea0e544579c43e22,https://www.kaggle.com/datasets/sheemazain/cataract-classification-dataset-in-ds,Sheema Zain,Apache 2.0,publisher-declared; upstream unresolved,train/immature/28_JPG.rf.f6b6eabacd9ab5a2fa04a3958b0ef3cc.jpg,EXIF transpose; RGB; maximum 800px; JPEG quality 95,1,val,sheemazain_22173a14aa39441a1b,e4374bebb62ead2c8eabaed400a7ddc91c2438bcbdcaa4b2ff23371023feb156
sheemazain_2d47a0fbd774d264bb,https://www.kaggle.com/datasets/sheemazain/cataract-classification-dataset-in-ds,Sheema Zain,Apache 2.0,publisher-declared; upstream unresolved,train/mature/7_jpg.rf.62f46a1c9ee6c2eae6c7ca44adde7f24.jpg,EXIF transpose; RGB; maximum 800px; JPEG quality 95,1,train,sheemazain_162e6827d3fb3ca36a,c6b4e314c311004285f4ce4b219fe90a6b3d2bd333f74e4969f5612e45b6b181
sheemazain_2f4628a06e5202958f,https://www.kaggle.com/datasets/sheemazain/cataract-classification-dataset-in-ds,Sheema Zain,Apache 2.0,publisher-declared; upstream unresolved,train/immature/16_jpg.rf.78f5e1411ab3982e040699cce17c14fd.jpg,EXIF transpose; RGB; maximum 800px; JPEG quality 95,1,train,sheemazain_b023e89b5ea7347f93,3a4b5b35087f8bf9758e0d2a419d6c4dc702606e3f859c786519cdec52ca9b1b
sheemazain_2f7a96efbe5a257f62,https://www.kaggle.com/datasets/sheemazain/cataract-classification-dataset-in-ds,Sheema Zain,Apache 2.0,publisher-declared; upstream unresolved,train/mature/19_jpg.rf.5d6356077bfcdd9fc1dc1065ea1c3aff.jpg,EXIF transpose; RGB; maximum 800px; JPEG quality 95,1,train,sheemazain_02b5219ae43aeb136c,266afe59f82f624167a7910fe6a4d20b5b01aacb7b9a672bcde6bc71083077f5
sheemazain_2fe806025751b77aab,https://www.kaggle.com/datasets/sheemazain/cataract-classification-dataset-in-ds,Sheema Zain,Apache 2.0,publisher-declared; upstream unresolved,train/mature/4_JPG.rf.0f6f534d789b616a06bdd3bd19b87af6.jpg,EXIF transpose; RGB; maximum 800px; JPEG quality 95,1,train,sheemazain_d287e27cb1da5b3171,33e9e6014a8f9944cc3391e19795b21b9652f609f9bcbeac98dd5f8503742375
sheemazain_30a5f1d6cf5f2fa577,https://www.kaggle.com/datasets/sheemazain/cataract-classification-dataset-in-ds,Sheema Zain,Apache 2.0,publisher-declared; upstream unresolved,train/immature/9_jpg.rf.24fb9e3c55f0c6e0ff25e93124ef61d8.jpg,EXIF transpose; RGB; maximum 800px; JPEG quality 95,1,train,sheemazain_89498ae14eb1c3fde1,5d09d4181f1f64835df5371359ce59a8485695f6a0a74f712112f0a552349f46
sheemazain_30bba512d5cb2fa4a7,https://www.kaggle.com/datasets/sheemazain/cataract-classification-dataset-in-ds,Sheema Zain,Apache 2.0,publisher-declared; upstream unresolved,train/immature/1_JPG_jpg.rf.b641f17f8f3ba05bb83202fd07c07252.jpg,EXIF transpose; RGB; maximum 800px; JPEG quality 95,1,train,sheemazain_0e41667bbd788de79f,dd8cfa12cf9c31a364b3f82d2630f9beee4c60f99a64e81072fe05d6e5fbe7ec
sheemazain_31e21512e303634d0d,https://www.kaggle.com/datasets/sheemazain/cataract-classification-dataset-in-ds,Sheema Zain,Apache 2.0,publisher-declared; upstream unresolved,train/mature/12_jpg.rf.b29592e2794837f775fedc5fdacb6488.jpg,EXIF transpose; RGB; maximum 800px; JPEG quality 95,1,train,sheemazain_ef412f4bc9798b3aed,4376dec08ec5fbc1ffca0bea6dfc126881cdb71b90cb13ef1ab7f10e567824ff
sheemazain_3209ad108c32d6772b,https://www.kaggle.com/datasets/sheemazain/cataract-classification-dataset-in-ds,Sheema Zain,Apache 2.0,publisher-declared; upstream unresolved,train/immature/7_jpg.rf.2eadd3ebffaf220f626c438aa05f3700.jpg,EXIF transpose; RGB; maximum 800px; JPEG quality 95,1,train,sheemazain_162e6827d3fb3ca36a,e1e7955d53f9f118e6befc6c0c79346436e3a69a1d9b4c562f68f0fdcfa5e843
sheemazain_325756d74b74f94057,https://www.kaggle.com/datasets/sheemazain/cataract-classification-dataset-in-ds,Sheema Zain,Apache 2.0,publisher-declared; upstream unresolved,train/mature/9_JPG_jpg.rf.143970959eeb7af2e189e7a68e196ee8.jpg,EXIF transpose; RGB; maximum 800px; JPEG quality 95,1,train,sheemazain_89498ae14eb1c3fde1,ca0163626bdaf3a02fe75f95725af19e62d493e6e5dfadbdd30ca5921719d191
sheemazain_32a19f181003e33a6b,https://www.kaggle.com/datasets/sheemazain/cataract-classification-dataset-in-ds,Sheema Zain,Apache 2.0,publisher-declared; upstream unresolved,train/immature/21_JPG_jpg.rf.fa61e2f232d83f2f2c36c3a3906bf483.jpg,EXIF transpose; RGB; maximum 800px; JPEG quality 95,1,train,sheemazain_32a19f181003e33a6b,8ee81316bc72679dbf46c7dc8d44a663c3d40f8d44e7cd9de16703245c9e57ca
sheemazain_332617c9a89a1eba61,https://www.kaggle.com/datasets/sheemazain/cataract-classification-dataset-in-ds,Sheema Zain,Apache 2.0,publisher-declared; upstream unresolved,train/immature/23_JPG_jpg.rf.8c1d0b045e3d130413089cd86cd41ce5.jpg,EXIF transpose; RGB; maximum 800px; JPEG quality 95,1,train,sheemazain_5524e04c6a781a0b9a,4d0131845f63ab35cdc78fa7eba5e0f843d6066ce2bcdc705b6074d42025b1d5
sheemazain_33c8687cc8a942a352,https://www.kaggle.com/datasets/sheemazain/cataract-classification-dataset-in-ds,Sheema Zain,Apache 2.0,publisher-declared; upstream unresolved,train/immature/12_JPG_jpg.rf.d33fc498dd2a1549e993fb430215c965.jpg,EXIF transpose; RGB; maximum 800px; JPEG quality 95,1,train,sheemazain_ef412f4bc9798b3aed,20ed8174806e35e7feb2c928c99dd369edf30e85ae7094801d6436ea24009d58
sheemazain_34d362ed8113c89cca,https://www.kaggle.com/datasets/sheemazain/cataract-classification-dataset-in-ds,Sheema Zain,Apache 2.0,publisher-declared; upstream unresolved,train/immature/30_jpg.rf.508f1bd79690015a9faa6b9db6b3c2a5.jpg,EXIF transpose; RGB; maximum 800px; JPEG quality 95,1,train,sheemazain_e74e58e838b903c3d4,0e7aa76c074bf0ccf68cc99784e20425be199c8741971fb74d94a84a00ec087a
sheemazain_3635b1017c6c205e36,https://www.kaggle.com/datasets/sheemazain/cataract-classification-dataset-in-ds,Sheema Zain,Apache 2.0,publisher-declared; upstream unresolved,train/immature/20_jpg.rf.1dc202e2c9bd2f7f81635870d0c27262.jpg,EXIF transpose; RGB; maximum 800px; JPEG quality 95,1,train,sheemazain_cc1b0bea12347377a4,77dc99244e6094cca1c59be0e9751153452d58d210b98407fa10e12129a66463
sheemazain_37148a33826763f5ec,https://www.kaggle.com/datasets/sheemazain/cataract-classification-dataset-in-ds,Sheema Zain,Apache 2.0,publisher-declared; upstream unresolved,train/immature/22_JPG.rf.d917048762c05ddeca193721b6f16683.jpg,EXIF transpose; RGB; maximum 800px; JPEG quality 95,1,train,sheemazain_acb2c8c057f775d31f,914e9f6a67f3c79bc0006f8177fbe164852798aa20eb4907d43e5e8a905bd5f5
sheemazain_38e1c9041dbcaf0720,https://www.kaggle.com/datasets/sheemazain/cataract-classification-dataset-in-ds,Sheema Zain,Apache 2.0,publisher-declared; upstream unresolved,train/immature/13_jpg.rf.21a0b6c3e064f6769771bc7a1e512b58.jpg,EXIF transpose; RGB; maximum 800px; JPEG quality 95,1,val,sheemazain_d7331e398bb743807e,14330d8a593b7c95aa6d061b8b5bf599eb972b139877261a26d09ee20a4a95b2
sheemazain_3a7d6d4b01908574ae,https://www.kaggle.com/datasets/sheemazain/cataract-classification-dataset-in-ds,Sheema Zain,Apache 2.0,publisher-declared; upstream unresolved,train/immature/10_JPG_jpg.rf.80e6e9a166ac6e6389968cdc408be82c.jpg,EXIF transpose; RGB; maximum 800px; JPEG quality 95,1,train,sheemazain_a2e41d209ca8da49de,69f10bf3fe4a778a13359e4ae447907f45e9562a924790ca5c743500e4da92bf
sheemazain_3b13c778e99821431a,https://www.kaggle.com/datasets/sheemazain/cataract-classification-dataset-in-ds,Sheema Zain,Apache 2.0,publisher-declared; upstream unresolved,train/mature/6_jpg.rf.4379946035a06c34ec8cfebeca215c44.jpg,EXIF transpose; RGB; maximum 800px; JPEG quality 95,1,train,sheemazain_46a723932b191a207e,d4280ff1eb1d62971c41fcb25ff3ede1388803d8441d14b6810e42109a02cb9e
sheemazain_3b69a4a69ff244e7b8,https://www.kaggle.com/datasets/sheemazain/cataract-classification-dataset-in-ds,Sheema Zain,Apache 2.0,publisher-declared; upstream unresolved,train/mature/3_jpg.rf.44819e739f03aee669e649496ce915a0.jpg,EXIF transpose; RGB; maximum 800px; JPEG quality 95,1,train,sheemazain_0e41667bbd788de79f,a455ab7608cec2db4eab58fb65dc3ffbf4a17ff6ff4da13ee066afe31993c505
sheemazain_3c9a55fe12323bfd24,https://www.kaggle.com/datasets/sheemazain/cataract-classification-dataset-in-ds,Sheema Zain,Apache 2.0,publisher-declared; upstream unresolved,train/mature/22_jpg.rf.8afb2fd044848cccd29c5535147a0f55.jpg,EXIF transpose; RGB; maximum 800px; JPEG quality 95,1,train,sheemazain_acb2c8c057f775d31f,592f02083543e96d5cce97bd4b6fe4aceea8c3bd9ae8476c562ef7f4675b6135
sheemazain_3ca4064edafa6a65d8,https://www.kaggle.com/datasets/sheemazain/cataract-classification-dataset-in-ds,Sheema Zain,Apache 2.0,publisher-declared; upstream unresolved,train/mature/28_jpg.rf.6f5257c4c7e1753ec4037712bef4db62.jpg,EXIF transpose; RGB; maximum 800px; JPEG quality 95,1,val,sheemazain_22173a14aa39441a1b,073275c40aa580acd20fce23cb45fa9c27958aae7279d053348621c66ba8c7d1
sheemazain_3d6d7bcfb311ad007c,https://www.kaggle.com/datasets/sheemazain/cataract-classification-dataset-in-ds,Sheema Zain,Apache 2.0,publisher-declared; upstream unresolved,train/immature/26_JPG_jpg.rf.d40734c4eb9704d0b74e70aa34f2a782.jpg,EXIF transpose; RGB; maximum 800px; JPEG quality 95,1,train,sheemazain_a2e41d209ca8da49de,e2304d0a95f573de541c0e810be81b5714c8966fcb6d0477c228da26d8542fb2
sheemazain_3d927ebbb9e9276138,https://www.kaggle.com/datasets/sheemazain/cataract-classification-dataset-in-ds,Sheema Zain,Apache 2.0,publisher-declared; upstream unresolved,train/immature/6_jpg.rf.7b14aa9315ac4090a77e16a67858823a.jpg,EXIF transpose; RGB; maximum 800px; JPEG quality 95,1,train,sheemazain_46a723932b191a207e,b12140bedba1dafb7e66e44c7184976215e06da77b55b2dc142cb5f99990dbaf
sheemazain_3dc8e476c82082ee49,https://www.kaggle.com/datasets/sheemazain/cataract-classification-dataset-in-ds,Sheema Zain,Apache 2.0,publisher-declared; upstream unresolved,train/immature/9_jpg.rf.55ebe39a1c3c761c6b140141789b7cdf.jpg,EXIF transpose; RGB; maximum 800px; JPEG quality 95,1,train,sheemazain_89498ae14eb1c3fde1,d129fcbc625c2999565431cec86023defdcbe7966d693e0768a7840566d3b88a
sheemazain_3e6a2c4c4f0cde23fb,https://www.kaggle.com/datasets/sheemazain/cataract-classification-dataset-in-ds,Sheema Zain,Apache 2.0,publisher-declared; upstream unresolved,train/immature/1_JPG_jpg.rf.437dad54a39d113594b8976e7c3ef6b9.jpg,EXIF transpose; RGB; maximum 800px; JPEG quality 95,1,train,sheemazain_0e41667bbd788de79f,2e6a24b12b446be9851c92fc05298af115a73f96c02158da01d0f0e7a2373e9e
sheemazain_3e9c9cc9d400abd10f,https://www.kaggle.com/datasets/sheemazain/cataract-classification-dataset-in-ds,Sheema Zain,Apache 2.0,publisher-declared; upstream unresolved,train/mature/28_jpg.rf.4b61b48b99843f79f571b9b8e1e2218a.jpg,EXIF transpose; RGB; maximum 800px; JPEG quality 95,1,val,sheemazain_22173a14aa39441a1b,5c10bff73fa95fe94b03a26a2424b0461ff656098244b88a739e7345b8010c4b
sheemazain_3ef5b39eb00b3caf6b,https://www.kaggle.com/datasets/sheemazain/cataract-classification-dataset-in-ds,Sheema Zain,Apache 2.0,publisher-declared; upstream unresolved,train/immature/24_JPG_jpg.rf.e668cfd306c4b5aac8a44ba6a8c740c7.jpg,EXIF transpose; RGB; maximum 800px; JPEG quality 95,1,val,sheemazain_81fe607a0aac456a23,dbb04de197fcf1e7215a27eb0f811dc0996d39393199cb3b73d1c8db25248055
sheemazain_3f4f8125d3ce5ed71b,https://www.kaggle.com/datasets/sheemazain/cataract-classification-dataset-in-ds,Sheema Zain,Apache 2.0,publisher-declared; upstream unresolved,train/mature/24_jpg.rf.1d90e4ec45681670fcb76f8b2ee4dbfe.jpg,EXIF transpose; RGB; maximum 800px; JPEG quality 95,1,val,sheemazain_81fe607a0aac456a23,bc06267493b5994ce6057b2129ff64be6b491c98feadb295c882a7d78b0d28d9
sheemazain_4040c8f8e694242046,https://www.kaggle.com/datasets/sheemazain/cataract-classification-dataset-in-ds,Sheema Zain,Apache 2.0,publisher-declared; upstream unresolved,train/immature/28_JPG_jpg.rf.178412347a5b2245b3c5a89d32f55d9d.jpg,EXIF transpose; RGB; maximum 800px; JPEG quality 95,1,val,sheemazain_22173a14aa39441a1b,6391f0d85f071d6570684e8f06a04a70e906e7875e2fdc9793d6f2ac11721250
sheemazain_40af93d36a4e17e90c,https://www.kaggle.com/datasets/sheemazain/cataract-classification-dataset-in-ds,Sheema Zain,Apache 2.0,publisher-declared; upstream unresolved,train/mature/14_JPG.rf.6e285fae3dc513db2c241b9dc525d389.jpg,EXIF transpose; RGB; maximum 800px; JPEG quality 95,1,train,sheemazain_fe5b2b47901532b838,7e2f199d80460479d40fba4533d6dbd5ea702fd3356154b76fc98ab5f6dd07e6
sheemazain_412663ddf0a3a3159e,https://www.kaggle.com/datasets/sheemazain/cataract-classification-dataset-in-ds,Sheema Zain,Apache 2.0,publisher-declared; upstream unresolved,train/mature/19_jpg.rf.8ebd05e454229a9690f4e10f732302cf.jpg,EXIF transpose; RGB; maximum 800px; JPEG quality 95,1,train,sheemazain_02b5219ae43aeb136c,d1ce4c990703632d93766f365aff566865b610638f2458d5067c87079f0000c2
sheemazain_41697e806caca86778,https://www.kaggle.com/datasets/sheemazain/cataract-classification-dataset-in-ds,Sheema Zain,Apache 2.0,publisher-declared; upstream unresolved,train/immature/14_jpg.rf.f7c829e05d4597fbb35f35140280c0fc.jpg,EXIF transpose; RGB; maximum 800px; JPEG quality 95,1,train,sheemazain_fe5b2b47901532b838,62de622a6b00180ae98fe0511704cd6fc76c5d519c9d8c761dcca68e999ac978
sheemazain_41b0817f5739422868,https://www.kaggle.com/datasets/sheemazain/cataract-classification-dataset-in-ds,Sheema Zain,Apache 2.0,publisher-declared; upstream unresolved,train/mature/30_jpg.rf.a0082a27f10826276c3be4063a60a733.jpg,EXIF transpose; RGB; maximum 800px; JPEG quality 95,1,train,sheemazain_e74e58e838b903c3d4,bd253ae05c88e6af114cd8e8aba2a1acd569743d464a80ef307ddecfe0d9ad13
sheemazain_41d8ad61a5dbdab9aa,https://www.kaggle.com/datasets/sheemazain/cataract-classification-dataset-in-ds,Sheema Zain,Apache 2.0,publisher-declared; upstream unresolved,train/immature/22_JPG_jpg.rf.c4fe92c7ab0977a78c9a51ce57475402.jpg,EXIF transpose; RGB; maximum 800px; JPEG quality 95,1,train,sheemazain_acb2c8c057f775d31f,5fe47ce58fdc127177fd16e430ee7791579079573a60c2ee38c59bdcf25fd2c2
sheemazain_42843929b6deb97cfb,https://www.kaggle.com/datasets/sheemazain/cataract-classification-dataset-in-ds,Sheema Zain,Apache 2.0,publisher-declared; upstream unresolved,train/mature/18_jpg.rf.753eb47ec891095663c701fb349edefd.jpg,EXIF transpose; RGB; maximum 800px; JPEG quality 95,1,train,sheemazain_e0da485e22abfe0ba9,4f98e9a579c68347f2ff075a059c6f2ed538360c426ecd0b4aa57f169e30136b
sheemazain_429660c7f76cdf632b,https://www.kaggle.com/datasets/sheemazain/cataract-classification-dataset-in-ds,Sheema Zain,Apache 2.0,publisher-declared; upstream unresolved,train/immature/14_jpg.rf.fc50349dd57776b7330b487f6ff6725b.jpg,EXIF transpose; RGB; maximum 800px; JPEG quality 95,1,train,sheemazain_fe5b2b47901532b838,ea9c407d3e0fb24335bf3a863ae44bbd1ceda8d66f112477e0f6c305a1327412
sheemazain_42cdac2ffc1d8922df,https://www.kaggle.com/datasets/sheemazain/cataract-classification-dataset-in-ds,Sheema Zain,Apache 2.0,publisher-declared; upstream unresolved,train/immature/4_jpg.rf.4ea52b6d663dcc3327cb859827a6303d.jpg,EXIF transpose; RGB; maximum 800px; JPEG quality 95,1,train,sheemazain_d287e27cb1da5b3171,3766df7dcee45207b5b9cb92de02addcf79f445b2565b0ad0e938542d7ece76b
sheemazain_42ea8abc49eef02214,https://www.kaggle.com/datasets/sheemazain/cataract-classification-dataset-in-ds,Sheema Zain,Apache 2.0,publisher-declared; upstream unresolved,train/immature/27_JPG_jpg.rf.9919d54b1a239d8097baaeae9ac0c32c.jpg,EXIF transpose; RGB; maximum 800px; JPEG quality 95,1,train,sheemazain_2061575ca0fde207d1,ae569e5e46e60d13689fe5771c5242716831d28bc54acbfb05312ca700533b0d
sheemazain_430e2bdcfb9c5c7dd5,https://www.kaggle.com/datasets/sheemazain/cataract-classification-dataset-in-ds,Sheema Zain,Apache 2.0,publisher-declared; upstream unresolved,train/immature/17_jpg.rf.5c831ff21640695f4b85e1a16064bf5b.jpg,EXIF transpose; RGB; maximum 800px; JPEG quality 95,1,train,sheemazain_4ee1162f0153a20f79,08770c8953a525137776f9a804305b4290da9f452b77035aa73b74ce18706ffb
sheemazain_438bd4f6c697d04aa3,https://www.kaggle.com/datasets/sheemazain/cataract-classification-dataset-in-ds,Sheema Zain,Apache 2.0,publisher-declared; upstream unresolved,train/mature/22_jpg.rf.669e7c2f53c86f64dc22e36ab2e34469.jpg,EXIF transpose; RGB; maximum 800px; JPEG quality 95,1,train,sheemazain_acb2c8c057f775d31f,1e9b95ecd25c0ed7b32458a4e3c18be96b3e26c44855b43d2b9098997e1fda1e
sheemazain_43eb360dfd9162344d,https://www.kaggle.com/datasets/sheemazain/cataract-classification-dataset-in-ds,Sheema Zain,Apache 2.0,publisher-declared; upstream unresolved,train/immature/9_jpg.rf.f250bbb6e8316b8eaccaabacdfe2210e.jpg,EXIF transpose; RGB; maximum 800px; JPEG quality 95,1,train,sheemazain_89498ae14eb1c3fde1,ed9532a8e6ff6946a9331935a70cfae5057f03bdfac37b9efd5183419b8afd47
sheemazain_44991adf62969b9b88,https://www.kaggle.com/datasets/sheemazain/cataract-classification-dataset-in-ds,Sheema Zain,Apache 2.0,publisher-declared; upstream unresolved,train/immature/15_jpg.rf.500e72cc8ff0ac84c00934b91666f0e4.jpg,EXIF transpose; RGB; maximum 800px; JPEG quality 95,1,train,sheemazain_4ee1162f0153a20f79,0046b21eacbf2d5d8b2251ea064d88457cb73967767ff47e35e61148f84d710b
sheemazain_45574847d85a4acdd2,https://www.kaggle.com/datasets/sheemazain/cataract-classification-dataset-in-ds,Sheema Zain,Apache 2.0,publisher-declared; upstream unresolved,train/mature/15_jpg.rf.a66b538250e1acffcd47d0092f30dcf7.jpg,EXIF transpose; RGB; maximum 800px; JPEG quality 95,1,train,sheemazain_4ee1162f0153a20f79,67733ef3d0da6d6f1dc4045b13c1e6f2f5585ebf7672ccd5a20878e03a2f50b8
sheemazain_461f79668807b59479,https://www.kaggle.com/datasets/sheemazain/cataract-classification-dataset-in-ds,Sheema Zain,Apache 2.0,publisher-declared; upstream unresolved,train/immature/26_JPG_jpg.rf.ed57555eee6f1e281ebf6b648bff71e5.jpg,EXIF transpose; RGB; maximum 800px; JPEG quality 95,1,train,sheemazain_a2e41d209ca8da49de,f3f39e036c43a0bc1ed8610b3c2df7d41fa90786f5e030bace324bd02ddd6c93
sheemazain_46a723932b191a207e,https://www.kaggle.com/datasets/sheemazain/cataract-classification-dataset-in-ds,Sheema Zain,Apache 2.0,publisher-declared; upstream unresolved,train/mature/6_jpg.rf.fa0100ba279d0908021fd46c6f2de7a2.jpg,EXIF transpose; RGB; maximum 800px; JPEG quality 95,1,train,sheemazain_46a723932b191a207e,73dd2cc6fbbe1c45904d3d22769ed5774b16629d5126105e0fee7cb59f45d7cb
sheemazain_46fa18ca5bf4d24707,https://www.kaggle.com/datasets/sheemazain/cataract-classification-dataset-in-ds,Sheema Zain,Apache 2.0,publisher-declared; upstream unresolved,train/mature/5_jpg.rf.fcc9af7cdd5846dcc8be8affb2105024.jpg,EXIF transpose; RGB; maximum 800px; JPEG quality 95,1,train,sheemazain_46fa18ca5bf4d24707,a4cbc64f07a04c32b1e0eb4675409d632cb357a17acb54b838a0a5d9ba87cee8
sheemazain_498fc8e5e555daa01d,https://www.kaggle.com/datasets/sheemazain/cataract-classification-dataset-in-ds,Sheema Zain,Apache 2.0,publisher-declared; upstream unresolved,train/immature/6_jpg.rf.f4de0374544f8105aa80dc81d41a65c8.jpg,EXIF transpose; RGB; maximum 800px; JPEG quality 95,1,train,sheemazain_46a723932b191a207e,56279d8d6ed25e9242d023cbb80fef68d9e7cf148cdd2f5a6f4a2195ecedc948
sheemazain_4a7a736daa807b4347,https://www.kaggle.com/datasets/sheemazain/cataract-classification-dataset-in-ds,Sheema Zain,Apache 2.0,publisher-declared; upstream unresolved,train/immature/25_JPG_jpg.rf.b7c994c0fdd302025fc2110274658382.jpg,EXIF transpose; RGB; maximum 800px; JPEG quality 95,1,train,sheemazain_f3c81bde03ea681961,1ee2726a717ea44185c931207e398ae8cbffb8008f5edb397ab5864908b19a06
sheemazain_4aa64fc50873ca220e,https://www.kaggle.com/datasets/sheemazain/cataract-classification-dataset-in-ds,Sheema Zain,Apache 2.0,publisher-declared; upstream unresolved,train/mature/14_JPG_jpg.rf.27c7b6e03ce134a2640147c47684f6ff.jpg,EXIF transpose; RGB; maximum 800px; JPEG quality 95,1,train,sheemazain_fe5b2b47901532b838,d6fc3b695c2615f9824c8dcc0accb40ff2efb7668248b93607b93de2b033aa15
sheemazain_4b03f19653b3d0b294,https://www.kaggle.com/datasets/sheemazain/cataract-classification-dataset-in-ds,Sheema Zain,Apache 2.0,publisher-declared; upstream unresolved,train/mature/23_jpg.rf.8bfcfd08bc495f3ea858a66102f4694f.jpg,EXIF transpose; RGB; maximum 800px; JPEG quality 95,1,train,sheemazain_5524e04c6a781a0b9a,c616f02489c34c37e56e364b6fcc93ee4044f41b018524541b5071bc82ec9073
sheemazain_4ba3ea12f676b4b9f0,https://www.kaggle.com/datasets/sheemazain/cataract-classification-dataset-in-ds,Sheema Zain,Apache 2.0,publisher-declared; upstream unresolved,train/immature/6_jpg.rf.032faa3fad9ccfcc03ba1606e1aaa95e.jpg,EXIF transpose; RGB; maximum 800px; JPEG quality 95,1,train,sheemazain_46a723932b191a207e,1fb91a54f2fb701965bc357c9224954ffc342934b6c590ab110304a5510314cf
sheemazain_4cde3677b823574400,https://www.kaggle.com/datasets/sheemazain/cataract-classification-dataset-in-ds,Sheema Zain,Apache 2.0,publisher-declared; upstream unresolved,train/mature/22_jpg.rf.28aedd43fbb7727115944789d64bdeb5.jpg,EXIF transpose; RGB; maximum 800px; JPEG quality 95,1,train,sheemazain_acb2c8c057f775d31f,dc276189af8838a29c4cfade627dea80265d817d8a866dbfc22090351196a13a
sheemazain_4d17c66e922d6e44ef,https://www.kaggle.com/datasets/sheemazain/cataract-classification-dataset-in-ds,Sheema Zain,Apache 2.0,publisher-declared; upstream unresolved,train/immature/23_JPG.rf.0e8fbdf3cb0374bb9740eccd2ac48adf.jpg,EXIF transpose; RGB; maximum 800px; JPEG quality 95,1,train,sheemazain_5524e04c6a781a0b9a,a3ed53aaf649f4398bb797e4f7982af44870d69a0c588bb0cdd18403d6f30ca3
sheemazain_4d6d5a5eb2e254dedd,https://www.kaggle.com/datasets/sheemazain/cataract-classification-dataset-in-ds,Sheema Zain,Apache 2.0,publisher-declared; upstream unresolved,train/immature/5_jpg.rf.dc162a19791a062542236d22c35ff18c.jpg,EXIF transpose; RGB; maximum 800px; JPEG quality 95,1,train,sheemazain_46fa18ca5bf4d24707,9e742c908bf319815b3992f7abf3a2d3884c25fe99ca1abcdb98cc9f6cfcea6e
sheemazain_4d9a7acbdf0b316028,https://www.kaggle.com/datasets/sheemazain/cataract-classification-dataset-in-ds,Sheema Zain,Apache 2.0,publisher-declared; upstream unresolved,train/immature/18_jpg.rf.a52b0e9d819201357c15e893059443be.jpg,EXIF transpose; RGB; maximum 800px; JPEG quality 95,1,train,sheemazain_e0da485e22abfe0ba9,892e074b7cf7276fe4b42a027cf22d6f3237a1f2181da9b4c942ef901e1beb91
sheemazain_4e494ba715f56724d2,https://www.kaggle.com/datasets/sheemazain/cataract-classification-dataset-in-ds,Sheema Zain,Apache 2.0,publisher-declared; upstream unresolved,train/mature/3_jpg.rf.6937ec1ce1658277de55e5a01e09fe71.jpg,EXIF transpose; RGB; maximum 800px; JPEG quality 95,1,train,sheemazain_0e41667bbd788de79f,1e7de804afbecf8f131e9a7eeace30bc059e75e3261e1197b191fb6c8b1f4fae
sheemazain_4ee1162f0153a20f79,https://www.kaggle.com/datasets/sheemazain/cataract-classification-dataset-in-ds,Sheema Zain,Apache 2.0,publisher-declared; upstream unresolved,train/mature/17_jpg.rf.dc11be3003cfb8290b1d06d48b320856.jpg,EXIF transpose; RGB; maximum 800px; JPEG quality 95,1,train,sheemazain_4ee1162f0153a20f79,abff5b272562a729db362602124d712fe52ce6d87b1302c1e1e9d2333c9bf91f
sheemazain_4f82792732963c1eed,https://www.kaggle.com/datasets/sheemazain/cataract-classification-dataset-in-ds,Sheema Zain,Apache 2.0,publisher-declared; upstream unresolved,train/mature/25_jpg.rf.4a4b5ea975869b5802db76cf62c7ad28.jpg,EXIF transpose; RGB; maximum 800px; JPEG quality 95,1,train,sheemazain_f3c81bde03ea681961,8ec85041b123e8063ab581b28e325e4ae848c24bfb53b89e0c658fd91c02a06b
sheemazain_4f88bf8c44e20fda33,https://www.kaggle.com/datasets/sheemazain/cataract-classification-dataset-in-ds,Sheema Zain,Apache 2.0,publisher-declared; upstream unresolved,train/mature/20_jpg.rf.ce8a1db81fcb2056d1e689d542d5ee7c.jpg,EXIF transpose; RGB; maximum 800px; JPEG quality 95,1,train,sheemazain_cc1b0bea12347377a4,869c4347c669ffae6b81c6ce3e12a956dac218fc6aea87949a9f770ffc773bef
sheemazain_4fa617339d6ef5bdf6,https://www.kaggle.com/datasets/sheemazain/cataract-classification-dataset-in-ds,Sheema Zain,Apache 2.0,publisher-declared; upstream unresolved,train/mature/26_jpg.rf.a06ded7c46df4e16ed2b8da2795bfb82.jpg,EXIF transpose; RGB; maximum 800px; JPEG quality 95,1,train,sheemazain_a2e41d209ca8da49de,53239889e045252a3592104209c12c275a88e9196c1f4f3b1d1d33dd4690859e
sheemazain_4fb39b3969480ac2c4,https://www.kaggle.com/datasets/sheemazain/cataract-classification-dataset-in-ds,Sheema Zain,Apache 2.0,publisher-declared; upstream unresolved,train/immature/27_JPG.rf.278df23cce2bcceb69c43af7827a0c74.jpg,EXIF transpose; RGB; maximum 800px; JPEG quality 95,1,train,sheemazain_2061575ca0fde207d1,5f6dc40ec9d181e9041e0f354b8b5737e971c57b4edae45084cd66ee599fc866
sheemazain_4fe47e333d12b0ea8f,https://www.kaggle.com/datasets/sheemazain/cataract-classification-dataset-in-ds,Sheema Zain,Apache 2.0,publisher-declared; upstream unresolved,train/mature/30_jpg.rf.84eb631b8da1d52ced04c757098de9d8.jpg,EXIF transpose; RGB; maximum 800px; JPEG quality 95,1,train,sheemazain_e74e58e838b903c3d4,a595fc3c4e20a04f418baf63d096841f8f799a8837545af2bdd193957175d080
sheemazain_504e2321ad274e1b59,https://www.kaggle.com/datasets/sheemazain/cataract-classification-dataset-in-ds,Sheema Zain,Apache 2.0,publisher-declared; upstream unresolved,train/immature/2_jpg.rf.53925197ad7e90852b4edc6cc290530c.jpg,EXIF transpose; RGB; maximum 800px; JPEG quality 95,1,train,sheemazain_57f5881ec69ab60fb8,92686e739ea039ad5255eec4772b3b32d2934f8bd676df217fddac19c72d748d
sheemazain_50c1dd0837bef8ab9a,https://www.kaggle.com/datasets/sheemazain/cataract-classification-dataset-in-ds,Sheema Zain,Apache 2.0,publisher-declared; upstream unresolved,train/mature/23_jpg.rf.5f0082bda0976f6fff00308b90c7e1a0.jpg,EXIF transpose; RGB; maximum 800px; JPEG quality 95,1,train,sheemazain_5524e04c6a781a0b9a,24aba98e6905e27f6d70c2e1ffd2f403870a71643d7c76a2a3d61911722c8135
sheemazain_511c2acdc19b91470b,https://www.kaggle.com/datasets/sheemazain/cataract-classification-dataset-in-ds,Sheema Zain,Apache 2.0,publisher-declared; upstream unresolved,train/mature/26_jpg.rf.539177c8f38151418ce8945ba6337cc9.jpg,EXIF transpose; RGB; maximum 800px; JPEG quality 95,1,train,sheemazain_a2e41d209ca8da49de,24a95126458ab6b5e1b0b547fd0f0ce8e3d8035f695c372c5e15450b34149274
sheemazain_5163aa129d8db75bc6,https://www.kaggle.com/datasets/sheemazain/cataract-classification-dataset-in-ds,Sheema Zain,Apache 2.0,publisher-declared; upstream unresolved,train/mature/11_JPG_jpg.rf.b9cd66f9e7dd9c6808a834497d642304.jpg,EXIF transpose; RGB; maximum 800px; JPEG quality 95,1,train,sheemazain_5163aa129d8db75bc6,e42e6e2c240d2b9f275a251e109360cdd8f89439d2678d5acede3db5b3068375
sheemazain_51745197af36070cfe,https://www.kaggle.com/datasets/sheemazain/cataract-classification-dataset-in-ds,Sheema Zain,Apache 2.0,publisher-declared; upstream unresolved,train/immature/5_jpg.rf.eced89049c835881cdb79561d1f8fd00.jpg,EXIF transpose; RGB; maximum 800px; JPEG quality 95,1,train,sheemazain_46fa18ca5bf4d24707,3f52f48a0cf2acd76ab9505ac94a62a2db0136330905630de4d10f1f8f6f727b
sheemazain_51945b22a1299c3aab,https://www.kaggle.com/datasets/sheemazain/cataract-classification-dataset-in-ds,Sheema Zain,Apache 2.0,publisher-declared; upstream unresolved,train/immature/26_JPG.rf.2f31d66154032842fed15d64fd975c9a.jpg,EXIF transpose; RGB; maximum 800px; JPEG quality 95,1,train,sheemazain_a2e41d209ca8da49de,75ba1d769b7a9cbf9a7e1d874537edf0b381c315214a9603520186c522955db2
sheemazain_542514ca6b54529551,https://www.kaggle.com/datasets/sheemazain/cataract-classification-dataset-in-ds,Sheema Zain,Apache 2.0,publisher-declared; upstream unresolved,train/mature/14_JPG_jpg.rf.10a3961882d7846f1f28e8b23eb13a27.jpg,EXIF transpose; RGB; maximum 800px; JPEG quality 95,1,train,sheemazain_fe5b2b47901532b838,8a9af3f03af989c59ba61ac56247a6de7c1404b2add0f2f7bc9807503dc93889
sheemazain_5441c396d489afd272,https://www.kaggle.com/datasets/sheemazain/cataract-classification-dataset-in-ds,Sheema Zain,Apache 2.0,publisher-declared; upstream unresolved,train/immature/30_jpg.rf.c5a55deceef06ce07e97911933b9490d.jpg,EXIF transpose; RGB; maximum 800px; JPEG quality 95,1,train,sheemazain_e74e58e838b903c3d4,92c27eb5a20c37ad35a8e8a93952585cd6855b210bc955f8023572a2facda20c
sheemazain_54783aa70956e69280,https://www.kaggle.com/datasets/sheemazain/cataract-classification-dataset-in-ds,Sheema Zain,Apache 2.0,publisher-declared; upstream unresolved,train/mature/16_jpg.rf.ef4275d7bb28d2402f97d24d17bb59b1.jpg,EXIF transpose; RGB; maximum 800px; JPEG quality 95,1,train,sheemazain_b023e89b5ea7347f93,614d626ac1f9920c53d31ec2ca6514e6d55ce2e7b8e9939fdfe07064b160e489
sheemazain_5524e04c6a781a0b9a,https://www.kaggle.com/datasets/sheemazain/cataract-classification-dataset-in-ds,Sheema Zain,Apache 2.0,publisher-declared; upstream unresolved,train/mature/23_jpg.rf.f146abfd070e063a6a1f03f9ca55bbf2.jpg,EXIF transpose; RGB; maximum 800px; JPEG quality 95,1,train,sheemazain_5524e04c6a781a0b9a,ae731fa3a5846cbead0dc8b87ada3f5dae1591cc2c4078e6dcd45ae612e5e77d
sheemazain_57f5881ec69ab60fb8,https://www.kaggle.com/datasets/sheemazain/cataract-classification-dataset-in-ds,Sheema Zain,Apache 2.0,publisher-declared; upstream unresolved,train/mature/2_JPG_jpg.rf.de84499bed4764c860da8417cc498176.jpg,EXIF transpose; RGB; maximum 800px; JPEG quality 95,1,train,sheemazain_57f5881ec69ab60fb8,5650c8fbf50ea81637769fe7e6f5dd0b1694bd320d769f32b953b372b9217329
sheemazain_5833d91e18ed27b8a1,https://www.kaggle.com/datasets/sheemazain/cataract-classification-dataset-in-ds,Sheema Zain,Apache 2.0,publisher-declared; upstream unresolved,train/immature/26_JPG.rf.e6e1b5c016beac83bcd15d3e8abb4e36.jpg,EXIF transpose; RGB; maximum 800px; JPEG quality 95,1,train,sheemazain_a2e41d209ca8da49de,47733141be22571cb1d8cf8935de9f8e7d0def986209c821e5d0d187d00249c2
sheemazain_58a4beab8d3b12ae1c,https://www.kaggle.com/datasets/sheemazain/cataract-classification-dataset-in-ds,Sheema Zain,Apache 2.0,publisher-declared; upstream unresolved,train/mature/25_jpg.rf.1b1a7747b33d850dfbb6bd98a615dcb3.jpg,EXIF transpose; RGB; maximum 800px; JPEG quality 95,1,train,sheemazain_f3c81bde03ea681961,0ccfcdb2308df8b789c86939efd81f012feaed0d696873bac3d4ddac2562f7b6
sheemazain_58e3ee51c0e94fe7b9,https://www.kaggle.com/datasets/sheemazain/cataract-classification-dataset-in-ds,Sheema Zain,Apache 2.0,publisher-declared; upstream unresolved,train/mature/8_JPG_jpg.rf.20279f531e20114187ed174f62d0cba5.jpg,EXIF transpose; RGB; maximum 800px; JPEG quality 95,1,train,sheemazain_6ac10ae4d850ea6504,7c4c8f7589d29df8bf86235ec28a37214b6704f8dc16e87d38ce5364bcb00b87
sheemazain_599aa5fc4256072a42,https://www.kaggle.com/datasets/sheemazain/cataract-classification-dataset-in-ds,Sheema Zain,Apache 2.0,publisher-declared; upstream unresolved,train/mature/28_jpg.rf.31991986e9f2ba062a85c2b9c52888c9.jpg,EXIF transpose; RGB; maximum 800px; JPEG quality 95,1,val,sheemazain_22173a14aa39441a1b,daf9251493987434d8ef15f751a8627d4ebda53de463ce03f62b30ee2366381e
sheemazain_59aec0324b9872d080,https://www.kaggle.com/datasets/sheemazain/cataract-classification-dataset-in-ds,Sheema Zain,Apache 2.0,publisher-declared; upstream unresolved,train/immature/30_jpg.rf.19e51c51f019a1d1972c54991ac2263d.jpg,EXIF transpose; RGB; maximum 800px; JPEG quality 95,1,train,sheemazain_e74e58e838b903c3d4,d8549b1c3dde7d996dc064cf3a1c88b028f019087c42e2594203c9cbfba2af84
sheemazain_5a423df68fcbcc43fd,https://www.kaggle.com/datasets/sheemazain/cataract-classification-dataset-in-ds,Sheema Zain,Apache 2.0,publisher-declared; upstream unresolved,train/immature/21_JPG_jpg.rf.cf6675fdd7fa2555c8d20555f21ba3eb.jpg,EXIF transpose; RGB; maximum 800px; JPEG quality 95,1,train,sheemazain_32a19f181003e33a6b,fa67d503acbd7a02d5b4f63125f1d7197853255cd5ecba8648e5520b00e1d71f
sheemazain_5a4f296b6b18a48a3a,https://www.kaggle.com/datasets/sheemazain/cataract-classification-dataset-in-ds,Sheema Zain,Apache 2.0,publisher-declared; upstream unresolved,train/immature/23_JPG_jpg.rf.e648a8aa3f62d0d98eb188cd4faabdfd.jpg,EXIF transpose; RGB; maximum 800px; JPEG quality 95,1,train,sheemazain_5524e04c6a781a0b9a,cda3b7dcff632e1ab11344375c3d065c45756305e00182cc3ef66b7c31eeb3de
sheemazain_5ab311a4dacfa18715,https://www.kaggle.com/datasets/sheemazain/cataract-classification-dataset-in-ds,Sheema Zain,Apache 2.0,publisher-declared; upstream unresolved,train/immature/22_JPG_jpg.rf.3aaa70b59d1b5a335baf045a1c4c9e63.jpg,EXIF transpose; RGB; maximum 800px; JPEG quality 95,1,train,sheemazain_acb2c8c057f775d31f,fbd28fd37f3cda79b1a0264db431bc8020b1b6a371ad83b0521d4d1597ac16cc
sheemazain_5b29682c45a92af17e,https://www.kaggle.com/datasets/sheemazain/cataract-classification-dataset-in-ds,Sheema Zain,Apache 2.0,publisher-declared; upstream unresolved,train/immature/10_JPG.rf.840164aaa4c671343934474b85f3372c.jpg,EXIF transpose; RGB; maximum 800px; JPEG quality 95,1,train,sheemazain_a2e41d209ca8da49de,776ff9b5b1796bc573cb020b24046eceb82db78965e6145f6fd88ef1c90c8ba1
sheemazain_5b4b4fbea8758ddd3c,https://www.kaggle.com/datasets/sheemazain/cataract-classification-dataset-in-ds,Sheema Zain,Apache 2.0,publisher-declared; upstream unresolved,train/immature/10_JPG_jpg.rf.a3b10d94e424c24a0da12f09b50d5eac.jpg,EXIF transpose; RGB; maximum 800px; JPEG quality 95,1,train,sheemazain_a2e41d209ca8da49de,31df4f74a63828809eaf0173ad3a8e620c7561d17f5781fa047a9267d0ee639b
sheemazain_5b57d647f9477eadab,https://www.kaggle.com/datasets/sheemazain/cataract-classification-dataset-in-ds,Sheema Zain,Apache 2.0,publisher-declared; upstream unresolved,train/mature/29_jpg.rf.5356e5084ed8ee9689b9eb656b5d8f1f.jpg,EXIF transpose; RGB; maximum 800px; JPEG quality 95,1,train,sheemazain_15d67e9b75864bf3b1,2481fefbcc36ee783f821dfd3edb94d1b45f3a9dc1ef612449d5f72017a145bc
sheemazain_5b8393eb12436d8e76,https://www.kaggle.com/datasets/sheemazain/cataract-classification-dataset-in-ds,Sheema Zain,Apache 2.0,publisher-declared; upstream unresolved,train/immature/18_jpg.rf.c5d8af4773d10421fe7f8e64db7536bf.jpg,EXIF transpose; RGB; maximum 800px; JPEG quality 95,1,train,sheemazain_e0da485e22abfe0ba9,13089189014592a54259c60880c6943c21f80e2fdc4077c5ae03b91e99c19c25
sheemazain_5c8bafaa8a64e96311,https://www.kaggle.com/datasets/sheemazain/cataract-classification-dataset-in-ds,Sheema Zain,Apache 2.0,publisher-declared; upstream unresolved,train/immature/21_JPG.rf.6a1ca5eb96308ec23ba6e43cb2ca092b.jpg,EXIF transpose; RGB; maximum 800px; JPEG quality 95,1,train,sheemazain_32a19f181003e33a6b,2bc289b32ce23355e3c896a13e514c9da9bafddf2af836c134f0aa64b643a864
sheemazain_5cced555e3971b2a19,https://www.kaggle.com/datasets/sheemazain/cataract-classification-dataset-in-ds,Sheema Zain,Apache 2.0,publisher-declared; upstream unresolved,train/immature/28_JPG.rf.3fe57f5acc591ffb091e940bc0700410.jpg,EXIF transpose; RGB; maximum 800px; JPEG quality 95,1,val,sheemazain_22173a14aa39441a1b,bb16a0dfcc7f5b5a745954e44a20897c5107ae1c400d62ea887c3fdf58ddb99f
sheemazain_5d34bce7bdd6ac6e31,https://www.kaggle.com/datasets/sheemazain/cataract-classification-dataset-in-ds,Sheema Zain,Apache 2.0,publisher-declared; upstream unresolved,train/immature/13_jpg.rf.edd117f3e0dbb2b9b93f07ac22b31b47.jpg,EXIF transpose; RGB; maximum 800px; JPEG quality 95,1,val,sheemazain_d7331e398bb743807e,6ab83a691416230f1c527494ffd006f5f6f755caf7f064a79e79bfab4be87a4f
sheemazain_5d88bbe6b412ef7742,https://www.kaggle.com/datasets/sheemazain/cataract-classification-dataset-in-ds,Sheema Zain,Apache 2.0,publisher-declared; upstream unresolved,train/immature/17_jpg.rf.1647b2de4602848b3cf08841c9d27ea4.jpg,EXIF transpose; RGB; maximum 800px; JPEG quality 95,1,train,sheemazain_4ee1162f0153a20f79,ae770570fa336215900ad42ac73eed160c0ea3656e2a56df508dcdd0e7437c7e
sheemazain_5d93609b9e9fb3a460,https://www.kaggle.com/datasets/sheemazain/cataract-classification-dataset-in-ds,Sheema Zain,Apache 2.0,publisher-declared; upstream unresolved,train/immature/20_jpg.rf.59ed229e866aa20d703a92f4ec82fd7f.jpg,EXIF transpose; RGB; maximum 800px; JPEG quality 95,1,train,sheemazain_cc1b0bea12347377a4,d69f0061a92fa7f6739250dd4de4b2b9c70a51cf9152fc049ce1d2102cbe0529
sheemazain_5e96088314d8b97656,https://www.kaggle.com/datasets/sheemazain/cataract-classification-dataset-in-ds,Sheema Zain,Apache 2.0,publisher-declared; upstream unresolved,train/immature/23_JPG_jpg.rf.0f0c1e41dab87942292310faf0f590c2.jpg,EXIF transpose; RGB; maximum 800px; JPEG quality 95,1,train,sheemazain_5524e04c6a781a0b9a,1c7ef5a6952559cdcf790df8a593ff175b536dcdc56a9ab2c77c320a7215dcd9
sheemazain_5f10f09e794fe28881,https://www.kaggle.com/datasets/sheemazain/cataract-classification-dataset-in-ds,Sheema Zain,Apache 2.0,publisher-declared; upstream unresolved,train/mature/30_jpg.rf.1853b054c6b4afbd26ebade618b6f30e.jpg,EXIF transpose; RGB; maximum 800px; JPEG quality 95,1,train,sheemazain_e74e58e838b903c3d4,08279772c44017bd8df1bd62402ec246fda4f0514a49d76c3b3fe689c1511d7c
sheemazain_5f812657cf01dc4192,https://www.kaggle.com/datasets/sheemazain/cataract-classification-dataset-in-ds,Sheema Zain,Apache 2.0,publisher-declared; upstream unresolved,train/immature/12_JPG.rf.a1b97c84d78fd6dd3942b69f484fa3d3.jpg,EXIF transpose; RGB; maximum 800px; JPEG quality 95,1,train,sheemazain_ef412f4bc9798b3aed,b7ace5cb42de616e0cf8f0abc32eb0753112710b027d09686da8ed0b2f421876
sheemazain_5fa56cdddab7cb9b38,https://www.kaggle.com/datasets/sheemazain/cataract-classification-dataset-in-ds,Sheema Zain,Apache 2.0,publisher-declared; upstream unresolved,train/immature/30_jpg.rf.23d2873240b7938c0080b2e0fcd51b64.jpg,EXIF transpose; RGB; maximum 800px; JPEG quality 95,1,train,sheemazain_e74e58e838b903c3d4,4d5b26d24a7edb3d28cbef9c76d660bf0c4e43875196fc926fc7e99f73179cae
sheemazain_60cb113f612c67cbd0,https://www.kaggle.com/datasets/sheemazain/cataract-classification-dataset-in-ds,Sheema Zain,Apache 2.0,publisher-declared; upstream unresolved,train/immature/27_JPG_jpg.rf.f91dc945e0e651eeafeb26417d410776.jpg,EXIF transpose; RGB; maximum 800px; JPEG quality 95,1,train,sheemazain_2061575ca0fde207d1,98e4917beff7601a0adac88fcc9b50ee98e877b07080c80822f9e2f8bf2c1d3f
sheemazain_6110024b9869fb129d,https://www.kaggle.com/datasets/sheemazain/cataract-classification-dataset-in-ds,Sheema Zain,Apache 2.0,publisher-declared; upstream unresolved,train/immature/12_JPG_jpg.rf.51955abb91490dbe8a900417e5eacc3e.jpg,EXIF transpose; RGB; maximum 800px; JPEG quality 95,1,train,sheemazain_ef412f4bc9798b3aed,61fc4cbff62c3b5ef7fcfa197a8b69cadc2d577a830045e74441b2ac0aafb405
sheemazain_61b145763d41d80449,https://www.kaggle.com/datasets/sheemazain/cataract-classification-dataset-in-ds,Sheema Zain,Apache 2.0,publisher-declared; upstream unresolved,train/immature/9_jpg.rf.9b5405b87ee71661119aff475a2227ab.jpg,EXIF transpose; RGB; maximum 800px; JPEG quality 95,1,train,sheemazain_89498ae14eb1c3fde1,9610e0d969c4ddc6b56bc5b11eca28bd57a269bf36b943bdfc7a4ccb38e39b0a
sheemazain_625d3f42fb63136f54,https://www.kaggle.com/datasets/sheemazain/cataract-classification-dataset-in-ds,Sheema Zain,Apache 2.0,publisher-declared; upstream unresolved,train/immature/10_JPG_jpg.rf.6b59db7b0080ada861843fb977df29a1.jpg,EXIF transpose; RGB; maximum 800px; JPEG quality 95,1,train,sheemazain_a2e41d209ca8da49de,0cd34ff1b9f93994b2aa8e48e22951d18be4fa673196d7fe929080f4673c6659
sheemazain_62fdaa094102743df5,https://www.kaggle.com/datasets/sheemazain/cataract-classification-dataset-in-ds,Sheema Zain,Apache 2.0,publisher-declared; upstream unresolved,train/mature/12_jpg.rf.040c319b21aafa742f267217d30202ee.jpg,EXIF transpose; RGB; maximum 800px; JPEG quality 95,1,train,sheemazain_ef412f4bc9798b3aed,a58b244dc4dc1f9fbadcbcab3ef359ed71dd15eff3182478e5776c500bf64354
sheemazain_6326c0789ac573aab0,https://www.kaggle.com/datasets/sheemazain/cataract-classification-dataset-in-ds,Sheema Zain,Apache 2.0,publisher-declared; upstream unresolved,train/immature/10_JPG_jpg.rf.c5647f4bd0393652db6102d377bff5a4.jpg,EXIF transpose; RGB; maximum 800px; JPEG quality 95,1,train,sheemazain_a2e41d209ca8da49de,e36ac8276519b665fed69fd2a0f70ab34ba8f621b5b57588af865e61736e7ddf
sheemazain_6408ce6b82ef0c414b,https://www.kaggle.com/datasets/sheemazain/cataract-classification-dataset-in-ds,Sheema Zain,Apache 2.0,publisher-declared; upstream unresolved,train/mature/23_jpg.rf.34a347366f5ac1211d8d8629a51d168c.jpg,EXIF transpose; RGB; maximum 800px; JPEG quality 95,1,train,sheemazain_5524e04c6a781a0b9a,cb0ee19e25bb281f6f9b5dba2bc222e9b959e483bb63f93bd78623fad560fc7e
sheemazain_64b9b6f7785b32134e,https://www.kaggle.com/datasets/sheemazain/cataract-classification-dataset-in-ds,Sheema Zain,Apache 2.0,publisher-declared; upstream unresolved,train/immature/15_jpg.rf.19685a1d5851b1a611db90bd16dceb5d.jpg,EXIF transpose; RGB; maximum 800px; JPEG quality 95,1,train,sheemazain_4ee1162f0153a20f79,236b547bd75f0792ecb6407990316c06747f5383045332d02b33ca4770c63f94
sheemazain_64f28f8f38d67365f4,https://www.kaggle.com/datasets/sheemazain/cataract-classification-dataset-in-ds,Sheema Zain,Apache 2.0,publisher-declared; upstream unresolved,train/immature/20_jpg.rf.10879bc73f3e7d9facb101a37dfcbeb8.jpg,EXIF transpose; RGB; maximum 800px; JPEG quality 95,1,train,sheemazain_cc1b0bea12347377a4,d27d4ed64ab493a60090222398158aab8e019b10d5a24a2b265f6a61d77afac9
sheemazain_65968511595f47e02c,https://www.kaggle.com/datasets/sheemazain/cataract-classification-dataset-in-ds,Sheema Zain,Apache 2.0,publisher-declared; upstream unresolved,train/mature/6_jpg.rf.0ea0338f9a17a6da8e1bf373cfe73c72.jpg,EXIF transpose; RGB; maximum 800px; JPEG quality 95,1,train,sheemazain_46a723932b191a207e,98504bfb13fc9302d6698e13e74ac586da63acfd73a816647b18e9dcd2eb427e
sheemazain_65d2ac66858fe90fd1,https://www.kaggle.com/datasets/sheemazain/cataract-classification-dataset-in-ds,Sheema Zain,Apache 2.0,publisher-declared; upstream unresolved,train/immature/14_jpg.rf.51ac1bc8088ee74b286ab8dc66c0971e.jpg,EXIF transpose; RGB; maximum 800px; JPEG quality 95,1,train,sheemazain_fe5b2b47901532b838,ffd3ecd7fd8a4631bcb66ad14a61b93fbc2f7e05100b4e6e90bb67a7e8f04af8
sheemazain_67bee9f486deb9075c,https://www.kaggle.com/datasets/sheemazain/cataract-classification-dataset-in-ds,Sheema Zain,Apache 2.0,publisher-declared; upstream unresolved,train/mature/9_JPG_jpg.rf.299c7aac590797b8408d427b7826e881.jpg,EXIF transpose; RGB; maximum 800px; JPEG quality 95,1,train,sheemazain_89498ae14eb1c3fde1,de0e489ea6595f06edb123ebe55850f883fb8bee7fde7d1859e7b5a8588a6125
sheemazain_6984da1a07edcb39fb,https://www.kaggle.com/datasets/sheemazain/cataract-classification-dataset-in-ds,Sheema Zain,Apache 2.0,publisher-declared; upstream unresolved,train/immature/2_jpg.rf.b55536158b36975a8c5f75f038caca3f.jpg,EXIF transpose; RGB; maximum 800px; JPEG quality 95,1,train,sheemazain_57f5881ec69ab60fb8,4c41a1662886eb251239095f96efbc430125f0a3f6f1ddc0bd206854d48425df
sheemazain_6a0954c3d1a477406b,https://www.kaggle.com/datasets/sheemazain/cataract-classification-dataset-in-ds,Sheema Zain,Apache 2.0,publisher-declared; upstream unresolved,train/immature/30_jpg.rf.2ccac28bdf5fe7e4d7d9cc64c07e2cc1.jpg,EXIF transpose; RGB; maximum 800px; JPEG quality 95,1,train,sheemazain_e74e58e838b903c3d4,35aa796a91096cbe2b76035fba0877858ace4c478c331878fdd0116a681498a2
sheemazain_6ac10ae4d850ea6504,https://www.kaggle.com/datasets/sheemazain/cataract-classification-dataset-in-ds,Sheema Zain,Apache 2.0,publisher-declared; upstream unresolved,train/mature/8_JPG_jpg.rf.eadd3c78e339635dd5daf52b26156fda.jpg,EXIF transpose; RGB; maximum 800px; JPEG quality 95,1,train,sheemazain_6ac10ae4d850ea6504,98c2f3cbcbf7220fe6198c6233db87769d5c6f8221f32e1bb5bbe843a3218ee5
sheemazain_6b0daf9912b91f7c0e,https://www.kaggle.com/datasets/sheemazain/cataract-classification-dataset-in-ds,Sheema Zain,Apache 2.0,publisher-declared; upstream unresolved,train/mature/2_JPG_jpg.rf.403f70b5ee020d956c2b4e9df49af803.jpg,EXIF transpose; RGB; maximum 800px; JPEG quality 95,1,train,sheemazain_57f5881ec69ab60fb8,818736008129edc9d93f3dbf049891e0dd6c73e9af65fb358b6c7c590c2cedfe
sheemazain_6b1eced8d43bef7d66,https://www.kaggle.com/datasets/sheemazain/cataract-classification-dataset-in-ds,Sheema Zain,Apache 2.0,publisher-declared; upstream unresolved,train/mature/10_JPG.rf.20ec8d62d6f05afac7ac62a95ac10264.jpg,EXIF transpose; RGB; maximum 800px; JPEG quality 95,1,train,sheemazain_a2e41d209ca8da49de,0202152b11d7f21dc1ad09163d43b921bd967ac4f5f972c940261b8f7d194309
sheemazain_6b3bb21c1be6968678,https://www.kaggle.com/datasets/sheemazain/cataract-classification-dataset-in-ds,Sheema Zain,Apache 2.0,publisher-declared; upstream unresolved,train/immature/18_jpg.rf.01fa3a921118f5a178e226c69f1b7edf.jpg,EXIF transpose; RGB; maximum 800px; JPEG quality 95,1,train,sheemazain_e0da485e22abfe0ba9,3a6f402367cfdbdb6222977da0337b90650fd49e6f1f0984f8510e5228b8c17e
sheemazain_6b75e4af9e24c51464,https://www.kaggle.com/datasets/sheemazain/cataract-classification-dataset-in-ds,Sheema Zain,Apache 2.0,publisher-declared; upstream unresolved,train/immature/12_JPG_jpg.rf.e40aff3ab2048433a4dbe5914de2131d.jpg,EXIF transpose; RGB; maximum 800px; JPEG quality 95,1,train,sheemazain_ef412f4bc9798b3aed,cd6c312629bc2be752a560fc10697c54fa7ed9bc9d4632a4189935fd1f441337
sheemazain_6b871db12aa0b57cd5,https://www.kaggle.com/datasets/sheemazain/cataract-classification-dataset-in-ds,Sheema Zain,Apache 2.0,publisher-declared; upstream unresolved,train/mature/28_jpg.rf.102a729692e5fb72ed56aeafadc3646c.jpg,EXIF transpose; RGB; maximum 800px; JPEG quality 95,1,val,sheemazain_22173a14aa39441a1b,859b10d1f7ebef48e3f45e4d147ededfc7ccfa640c8662f276599cdf75359e9a
sheemazain_6bfe3a0005dcb815de,https://www.kaggle.com/datasets/sheemazain/cataract-classification-dataset-in-ds,Sheema Zain,Apache 2.0,publisher-declared; upstream unresolved,train/mature/16_jpg.rf.43026778f65bcb881a583227682c1807.jpg,EXIF transpose; RGB; maximum 800px; JPEG quality 95,1,train,sheemazain_b023e89b5ea7347f93,9cf44e8ce9c8a0b8437721f41dd35ee407cd343350ab7cd47d55636d3665ad28
sheemazain_6c05b2bb9b85fe9a99,https://www.kaggle.com/datasets/sheemazain/cataract-classification-dataset-in-ds,Sheema Zain,Apache 2.0,publisher-declared; upstream unresolved,train/immature/18_jpg.rf.fd8a1f32e1bd8d10ad419fab244ca979.jpg,EXIF transpose; RGB; maximum 800px; JPEG quality 95,1,train,sheemazain_e0da485e22abfe0ba9,bb42f623fa95356420d69e56ce6674f53f1b8d6b675c1815cb3d7a076965f365
sheemazain_6c36fd3f941a63e4d9,https://www.kaggle.com/datasets/sheemazain/cataract-classification-dataset-in-ds,Sheema Zain,Apache 2.0,publisher-declared; upstream unresolved,train/immature/3_JPG_jpg.rf.21bbb173c18c5c6bf28ba607284222a1.jpg,EXIF transpose; RGB; maximum 800px; JPEG quality 95,1,train,sheemazain_0e41667bbd788de79f,926a2fb9c155dbe5cf93d6710bd58a6893ab1479e4d827026c89d57567773b6c
sheemazain_6c3a69b65e0d5bbe66,https://www.kaggle.com/datasets/sheemazain/cataract-classification-dataset-in-ds,Sheema Zain,Apache 2.0,publisher-declared; upstream unresolved,train/immature/26_JPG_jpg.rf.fd99304c0e79db1204be0e615e9846e5.jpg,EXIF transpose; RGB; maximum 800px; JPEG quality 95,1,train,sheemazain_a2e41d209ca8da49de,cd9566c6a4e9107598699a919e502d3b3630f4cdaeb924f181bb082da13c934c
sheemazain_6ea74f8ea82a171fd2,https://www.kaggle.com/datasets/sheemazain/cataract-classification-dataset-in-ds,Sheema Zain,Apache 2.0,publisher-declared; upstream unresolved,train/mature/15_jpg.rf.a383159fdadc6713adb037f572c82c74.jpg,EXIF transpose; RGB; maximum 800px; JPEG quality 95,1,train,sheemazain_4ee1162f0153a20f79,b6ff93771cb638a5d0de9ae7bfa57d7465912e30ee5ef909615b9b61dc26ba30
sheemazain_6fc16784f92a64158c,https://www.kaggle.com/datasets/sheemazain/cataract-classification-dataset-in-ds,Sheema Zain,Apache 2.0,publisher-declared; upstream unresolved,train/mature/9_JPG.rf.7d47d773078e9d8d8da83b60e48159e3.jpg,EXIF transpose; RGB; maximum 800px; JPEG quality 95,1,train,sheemazain_89498ae14eb1c3fde1,c1d4f459067977546409398fd8acb09e5f9ffd39ede71d451ed0799c19c5531f
sheemazain_70b580ed5e7559617e,https://www.kaggle.com/datasets/sheemazain/cataract-classification-dataset-in-ds,Sheema Zain,Apache 2.0,publisher-declared; upstream unresolved,train/mature/23_jpg.rf.8648bd1263f14822864ef360de6ee205.jpg,EXIF transpose; RGB; maximum 800px; JPEG quality 95,1,train,sheemazain_5524e04c6a781a0b9a,1ea1144d4d3178424a4002361c963f1b275f74545a2cf571eb74999abbc6c879
sheemazain_70c78888920ce7c234,https://www.kaggle.com/datasets/sheemazain/cataract-classification-dataset-in-ds,Sheema Zain,Apache 2.0,publisher-declared; upstream unresolved,train/mature/4_JPG_jpg.rf.1626d2eb3534ea301c11e88c1949d9ae.jpg,EXIF transpose; RGB; maximum 800px; JPEG quality 95,1,train,sheemazain_d287e27cb1da5b3171,03156f0ce5ef8b0be391d10ac91f6d8b30169299178b2838f5847c8b84254dfc
sheemazain_71d42d38288d873bb9,https://www.kaggle.com/datasets/sheemazain/cataract-classification-dataset-in-ds,Sheema Zain,Apache 2.0,publisher-declared; upstream unresolved,train/immature/14_jpg.rf.037bdc94b058f7abc3f06a4fcf3453ed.jpg,EXIF transpose; RGB; maximum 800px; JPEG quality 95,1,train,sheemazain_fe5b2b47901532b838,c22e38509e505c62732e599196dc41537507a4d2db3a5cbdd1f2b286b65ff8f1
sheemazain_722bfd67c554d1641f,https://www.kaggle.com/datasets/sheemazain/cataract-classification-dataset-in-ds,Sheema Zain,Apache 2.0,publisher-declared; upstream unresolved,train/immature/23_JPG_jpg.rf.845ad8284fd174e04416c7fe1403fbe2.jpg,EXIF transpose; RGB; maximum 800px; JPEG quality 95,1,train,sheemazain_5524e04c6a781a0b9a,5b82a37cc34a3cee29d178abc5ea8950734885edc1fa5607c7f4940ee547c108
sheemazain_733476fea572f0fe6c,https://www.kaggle.com/datasets/sheemazain/cataract-classification-dataset-in-ds,Sheema Zain,Apache 2.0,publisher-declared; upstream unresolved,train/mature/7_jpg.rf.50f14abc0dfbe77dca279db264038d13.jpg,EXIF transpose; RGB; maximum 800px; JPEG quality 95,1,train,sheemazain_162e6827d3fb3ca36a,329dc5ff1ba8e736828f999774f7acbfb95eac7651a1a2fe2fa9334a3d8e26e7
sheemazain_737f00cb6b614403e2,https://www.kaggle.com/datasets/sheemazain/cataract-classification-dataset-in-ds,Sheema Zain,Apache 2.0,publisher-declared; upstream unresolved,train/mature/15_jpg.rf.4fb960d511ef9a7d842912a68a860f1f.jpg,EXIF transpose; RGB; maximum 800px; JPEG quality 95,1,train,sheemazain_4ee1162f0153a20f79,a61a1ad9ca3601facd76e245f5ca6dbbaf7538f652cb09cff10ef219456bd48e
sheemazain_739480738f6c2a6ec3,https://www.kaggle.com/datasets/sheemazain/cataract-classification-dataset-in-ds,Sheema Zain,Apache 2.0,publisher-declared; upstream unresolved,train/mature/30_jpg.rf.c247d0494ed60dff37764b7b751e0dd8.jpg,EXIF transpose; RGB; maximum 800px; JPEG quality 95,1,train,sheemazain_e74e58e838b903c3d4,ef0025b6794e5f1e040002648185ffe729c4991f273a320d6e4bcbc895d3f84e
sheemazain_74496d1acb6426f9cd,https://www.kaggle.com/datasets/sheemazain/cataract-classification-dataset-in-ds,Sheema Zain,Apache 2.0,publisher-declared; upstream unresolved,train/immature/28_JPG_jpg.rf.305ee66e2c755392c14b6f94a933b332.jpg,EXIF transpose; RGB; maximum 800px; JPEG quality 95,1,val,sheemazain_22173a14aa39441a1b,feb9d21766527b97ad7f5dfa890e5364d3e18fcc1f4531b999dd0c378187dda4
sheemazain_74ebfdf66947185665,https://www.kaggle.com/datasets/sheemazain/cataract-classification-dataset-in-ds,Sheema Zain,Apache 2.0,publisher-declared; upstream unresolved,train/immature/17_jpg.rf.8fbca65f09934efb647f6a14a0d20f78.jpg,EXIF transpose; RGB; maximum 800px; JPEG quality 95,1,train,sheemazain_4ee1162f0153a20f79,5a75d57508accbc69612496493a886182569af20c3995794882f211ba0d2c09c
sheemazain_760d287be87c77a90b,https://www.kaggle.com/datasets/sheemazain/cataract-classification-dataset-in-ds,Sheema Zain,Apache 2.0,publisher-declared; upstream unresolved,train/immature/11_JPG_jpg.rf.fd899edbc03500ae75db47d554df89c2.jpg,EXIF transpose; RGB; maximum 800px; JPEG quality 95,1,train,sheemazain_5163aa129d8db75bc6,5237eee185d7c8ccf64e678aec0141dfab9343466d3e9dbf30d1753f0e83b9d6
sheemazain_769cacce5f828a2b66,https://www.kaggle.com/datasets/sheemazain/cataract-classification-dataset-in-ds,Sheema Zain,Apache 2.0,publisher-declared; upstream unresolved,train/immature/11_JPG_jpg.rf.ae891d7edd8905204ef28bd44de829d5.jpg,EXIF transpose; RGB; maximum 800px; JPEG quality 95,1,train,sheemazain_5163aa129d8db75bc6,5c00b7f669adfdda492c89f686323a1cbc02dd93e0a892f857ff977275503ea1
sheemazain_76c9170af3ba343a7f,https://www.kaggle.com/datasets/sheemazain/cataract-classification-dataset-in-ds,Sheema Zain,Apache 2.0,publisher-declared; upstream unresolved,train/immature/3_JPG_jpg.rf.7907d87b8ae750927107c223436945ca.jpg,EXIF transpose; RGB; maximum 800px; JPEG quality 95,1,train,sheemazain_0e41667bbd788de79f,b434f1375cf3377ac68f901c3e79ec7527729e74363a9cc40318e0edd65db4dd
sheemazain_77158d9f1250f3cbc8,https://www.kaggle.com/datasets/sheemazain/cataract-classification-dataset-in-ds,Sheema Zain,Apache 2.0,publisher-declared; upstream unresolved,train/mature/26_jpg.rf.86706a47974ebf3076cc12f8c8874637.jpg,EXIF transpose; RGB; maximum 800px; JPEG quality 95,1,train,sheemazain_a2e41d209ca8da49de,4095897c9da59ebd5613d7519ac5e7b63cdf1ae39a3fb33bea1f65c23ce4e86f
sheemazain_772c3ed1ded25e41a7,https://www.kaggle.com/datasets/sheemazain/cataract-classification-dataset-in-ds,Sheema Zain,Apache 2.0,publisher-declared; upstream unresolved,train/mature/3_jpg.rf.b9174bee8db24c346295a8f6ea3ae9f1.jpg,EXIF transpose; RGB; maximum 800px; JPEG quality 95,1,train,sheemazain_0e41667bbd788de79f,6582f518761d71fcf79d97501d1802113c5276d0dc5cb6039047d16d15715678
sheemazain_77381502f337383740,https://www.kaggle.com/datasets/sheemazain/cataract-classification-dataset-in-ds,Sheema Zain,Apache 2.0,publisher-declared; upstream unresolved,train/mature/18_jpg.rf.99834067321f0713d29b9abc51de68cc.jpg,EXIF transpose; RGB; maximum 800px; JPEG quality 95,1,train,sheemazain_e0da485e22abfe0ba9,c82a3775c6a13862dc57727e98b5f817fbb23727f63ef4e583a34d2c2f7ff471
sheemazain_7800621b26dadd84aa,https://www.kaggle.com/datasets/sheemazain/cataract-classification-dataset-in-ds,Sheema Zain,Apache 2.0,publisher-declared; upstream unresolved,train/immature/1_JPG.rf.12736a1e7f886c3318fa3b7587f127ac.jpg,EXIF transpose; RGB; maximum 800px; JPEG quality 95,1,train,sheemazain_0e41667bbd788de79f,40969fb189be3906169abc952dfac758839f5a42ce020d37eea6eb08eced9d0f
sheemazain_78313e4f3807786b63,https://www.kaggle.com/datasets/sheemazain/cataract-classification-dataset-in-ds,Sheema Zain,Apache 2.0,publisher-declared; upstream unresolved,train/immature/21_JPG_jpg.rf.5c804570d5313ed7bb04650830369d40.jpg,EXIF transpose; RGB; maximum 800px; JPEG quality 95,1,train,sheemazain_32a19f181003e33a6b,98c74b183377798f6e06e1887b732c3c17b23b8a685a297ac30659a091f9cb4d
sheemazain_78716a5901a64b00f4,https://www.kaggle.com/datasets/sheemazain/cataract-classification-dataset-in-ds,Sheema Zain,Apache 2.0,publisher-declared; upstream unresolved,train/immature/23_JPG_jpg.rf.d63bea53a000854c377e0974c7d093ad.jpg,EXIF transpose; RGB; maximum 800px; JPEG quality 95,1,train,sheemazain_5524e04c6a781a0b9a,e8469eb5a073dfda045d16002d7c69c64f8f214a1e39fecbb1d121eadfcad633
sheemazain_78fc480e55543cf6d2,https://www.kaggle.com/datasets/sheemazain/cataract-classification-dataset-in-ds,Sheema Zain,Apache 2.0,publisher-declared; upstream unresolved,train/mature/24_jpg.rf.0b7712181fd34c01f8e4e6c44980252f.jpg,EXIF transpose; RGB; maximum 800px; JPEG quality 95,1,val,sheemazain_81fe607a0aac456a23,999b5365eafa7feff542dea99e221dcf8bf7639b1dc2cc301c62ef7864b785e6
sheemazain_79178cebe230332742,https://www.kaggle.com/datasets/sheemazain/cataract-classification-dataset-in-ds,Sheema Zain,Apache 2.0,publisher-declared; upstream unresolved,train/immature/8_jpg.rf.875182167fd0da2d49ebe4909d28678b.jpg,EXIF transpose; RGB; maximum 800px; JPEG quality 95,1,train,sheemazain_6ac10ae4d850ea6504,3e679374cb96e772fedb03f4f07098ef02ffcea563b8b5861850d27f8f729cf2
sheemazain_793fd6d5e0bd66d29f,https://www.kaggle.com/datasets/sheemazain/cataract-classification-dataset-in-ds,Sheema Zain,Apache 2.0,publisher-declared; upstream unresolved,train/mature/27_jpg.rf.0202f6420ff709336546ce51415e26eb.jpg,EXIF transpose; RGB; maximum 800px; JPEG quality 95,1,train,sheemazain_2061575ca0fde207d1,3a78573b3e01b983e9c2a3620bea75fc3cc82305b8d1bd38f2759aeabe2c77c7
sheemazain_7a1ccdb585401a9dc6,https://www.kaggle.com/datasets/sheemazain/cataract-classification-dataset-in-ds,Sheema Zain,Apache 2.0,publisher-declared; upstream unresolved,train/immature/11_JPG_jpg.rf.01285fc505435b28c10b59e714523f18.jpg,EXIF transpose; RGB; maximum 800px; JPEG quality 95,1,train,sheemazain_5163aa129d8db75bc6,7da6dc83c2fba33e7a97b004c991205d2b5f0603de75f751a252b39aeb7b4796
sheemazain_7a2759e0a9c1aec93d,https://www.kaggle.com/datasets/sheemazain/cataract-classification-dataset-in-ds,Sheema Zain,Apache 2.0,publisher-declared; upstream unresolved,train/mature/17_jpg.rf.d34f7a84576b563c9b7bb0120650d972.jpg,EXIF transpose; RGB; maximum 800px; JPEG quality 95,1,train,sheemazain_4ee1162f0153a20f79,511147038dcc8d65c0eada643c8ec4fdae061ced05f927c686d7f85eecb6d446
sheemazain_7aac24db6002824f53,https://www.kaggle.com/datasets/sheemazain/cataract-classification-dataset-in-ds,Sheema Zain,Apache 2.0,publisher-declared; upstream unresolved,train/immature/4_jpg.rf.624deb92fe7d83929f1666baff1f07d0.jpg,EXIF transpose; RGB; maximum 800px; JPEG quality 95,1,train,sheemazain_d287e27cb1da5b3171,367ab48e50b0700d30ddf1363eb06b65d5fd5a7fa44afefdb516b0f94c802ab1
sheemazain_7adad99ac8bec03f2b,https://www.kaggle.com/datasets/sheemazain/cataract-classification-dataset-in-ds,Sheema Zain,Apache 2.0,publisher-declared; upstream unresolved,train/immature/30_jpg.rf.982854f958e44bdc2b42f3fcf5665a9f.jpg,EXIF transpose; RGB; maximum 800px; JPEG quality 95,1,train,sheemazain_e74e58e838b903c3d4,27631e312dd93d1678dfaf2807ffff6469e2ee16d4823e8740ef132ee752243f
sheemazain_7b03cfd2c454b0eb0a,https://www.kaggle.com/datasets/sheemazain/cataract-classification-dataset-in-ds,Sheema Zain,Apache 2.0,publisher-declared; upstream unresolved,train/immature/7_jpg.rf.80ae6fadcad5a6190d0ee82e4a044fb5.jpg,EXIF transpose; RGB; maximum 800px; JPEG quality 95,1,train,sheemazain_162e6827d3fb3ca36a,6ef84e8a4361104e7108c0374d1377439df11e36ce38fe75cf5e9277e4302af4
sheemazain_7bffaa44dd6da30ef7,https://www.kaggle.com/datasets/sheemazain/cataract-classification-dataset-in-ds,Sheema Zain,Apache 2.0,publisher-declared; upstream unresolved,train/mature/8_JPG_jpg.rf.045c04736ac86c70dc2f7b9ffb659dc4.jpg,EXIF transpose; RGB; maximum 800px; JPEG quality 95,1,train,sheemazain_6ac10ae4d850ea6504,f0d40a211c83913d7d9a5783705ecd709acea7857ddc4406770f1afd1a10e7af
sheemazain_7c32d9ccab96d1dbf6,https://www.kaggle.com/datasets/sheemazain/cataract-classification-dataset-in-ds,Sheema Zain,Apache 2.0,publisher-declared; upstream unresolved,train/immature/20_jpg.rf.0ebe787506c76c1550fdec3f31b6dedd.jpg,EXIF transpose; RGB; maximum 800px; JPEG quality 95,1,train,sheemazain_cc1b0bea12347377a4,b978d86a5d7318fe50e9fd9a4c659b6642625c30afd1f83f6ccb5c3d6fdc4eed
sheemazain_7d478780143bd0dfc4,https://www.kaggle.com/datasets/sheemazain/cataract-classification-dataset-in-ds,Sheema Zain,Apache 2.0,publisher-declared; upstream unresolved,train/immature/13_jpg.rf.faed7739c19210a1f733112658f5c421.jpg,EXIF transpose; RGB; maximum 800px; JPEG quality 95,1,val,sheemazain_d7331e398bb743807e,2df0ff3e5897a582e47b22195d493f4bbc6ec435d07128f5dbcf72ded100cb15
sheemazain_7d5e959e24590337f4,https://www.kaggle.com/datasets/sheemazain/cataract-classification-dataset-in-ds,Sheema Zain,Apache 2.0,publisher-declared; upstream unresolved,train/immature/2_jpg.rf.b827a08e1092588caf9e13ae2e35cfc1.jpg,EXIF transpose; RGB; maximum 800px; JPEG quality 95,1,train,sheemazain_57f5881ec69ab60fb8,4ac86b739d76cef30a588fca1d83a924038f6388599c790c6f9bc110b032bfc6
sheemazain_7dce09485e4f8ec5af,https://www.kaggle.com/datasets/sheemazain/cataract-classification-dataset-in-ds,Sheema Zain,Apache 2.0,publisher-declared; upstream unresolved,train/immature/14_jpg.rf.c93499ad654fee7600c7a6089ad623d1.jpg,EXIF transpose; RGB; maximum 800px; JPEG quality 95,1,train,sheemazain_fe5b2b47901532b838,046f30cc2435affa9cd77335697788cd0ab172233a024c4e786d54c80b6c5f54
sheemazain_7e52c040bec2a52f46,https://www.kaggle.com/datasets/sheemazain/cataract-classification-dataset-in-ds,Sheema Zain,Apache 2.0,publisher-declared; upstream unresolved,train/immature/12_JPG_jpg.rf.dc4498141774cee3408e84eab32b72a3.jpg,EXIF transpose; RGB; maximum 800px; JPEG quality 95,1,train,sheemazain_ef412f4bc9798b3aed,fb4cdd9f59acdf3e0a2f0e531bedf799ef15879c5993c7e1596450343fdc6cbd
sheemazain_7e9492074a8beee446,https://www.kaggle.com/datasets/sheemazain/cataract-classification-dataset-in-ds,Sheema Zain,Apache 2.0,publisher-declared; upstream unresolved,train/immature/2_jpg.rf.98d9bd68e563c61a8ea4b4a1c1d4ef1b.jpg,EXIF transpose; RGB; maximum 800px; JPEG quality 95,1,train,sheemazain_57f5881ec69ab60fb8,373e6c3429689ca557fea1896d186270c1899cdd5b70b7d0b0c3e3de6975b6dd
sheemazain_7f9d35d9cee6116f04,https://www.kaggle.com/datasets/sheemazain/cataract-classification-dataset-in-ds,Sheema Zain,Apache 2.0,publisher-declared; upstream unresolved,train/immature/27_JPG_jpg.rf.7d6369561c657b7def1630d3cb1fa6ee.jpg,EXIF transpose; RGB; maximum 800px; JPEG quality 95,1,train,sheemazain_2061575ca0fde207d1,d591e2659967c48d5edf3b3668f2f17083751c1bd15c406cb74f31e6dd8c2c0b
sheemazain_7fcffd2547934fae85,https://www.kaggle.com/datasets/sheemazain/cataract-classification-dataset-in-ds,Sheema Zain,Apache 2.0,publisher-declared; upstream unresolved,train/immature/28_JPG_jpg.rf.7e4bb82f185840af7a00ce3e88f80644.jpg,EXIF transpose; RGB; maximum 800px; JPEG quality 95,1,val,sheemazain_22173a14aa39441a1b,0d2e39971d5eaeb245b1c987f0eb08dfd82035e6277e328a6e248e6c696f707d
sheemazain_802e1c5d73af4618d3,https://www.kaggle.com/datasets/sheemazain/cataract-classification-dataset-in-ds,Sheema Zain,Apache 2.0,publisher-declared; upstream unresolved,train/immature/13_jpg.rf.969296cd7378368fa30d7a11591c8986.jpg,EXIF transpose; RGB; maximum 800px; JPEG quality 95,1,val,sheemazain_d7331e398bb743807e,6c7c46b8dec72398b724399b8377f2a0fee2b7c47d71cd57bedea9a567ba10b2
sheemazain_814ccf6bdf1d7a8352,https://www.kaggle.com/datasets/sheemazain/cataract-classification-dataset-in-ds,Sheema Zain,Apache 2.0,publisher-declared; upstream unresolved,train/immature/15_jpg.rf.aacec39497c7b8f67797a0dbf2f17d70.jpg,EXIF transpose; RGB; maximum 800px; JPEG quality 95,1,train,sheemazain_4ee1162f0153a20f79,b442f1cf5729f838d977408df506fe88fb8718769b62852c4baf39b1b5a0dfb4
sheemazain_81fe607a0aac456a23,https://www.kaggle.com/datasets/sheemazain/cataract-classification-dataset-in-ds,Sheema Zain,Apache 2.0,publisher-declared; upstream unresolved,train/mature/24_jpg.rf.e5bc786256647164cfb2b13e029c9f1f.jpg,EXIF transpose; RGB; maximum 800px; JPEG quality 95,1,val,sheemazain_81fe607a0aac456a23,de8073a8486511dbb5f6a8ca9817838319904c3d2887e5456560a8ca102c88b8
sheemazain_83016e8edd1e3f2bb3,https://www.kaggle.com/datasets/sheemazain/cataract-classification-dataset-in-ds,Sheema Zain,Apache 2.0,publisher-declared; upstream unresolved,train/immature/2_jpg.rf.dc5eafd3f50f50246a4454efb10df50f.jpg,EXIF transpose; RGB; maximum 800px; JPEG quality 95,1,train,sheemazain_57f5881ec69ab60fb8,994477e7d8230861e445b38795f8653da79ba8a244eec065a9038a750bbe7680
sheemazain_839f97c12154950f2b,https://www.kaggle.com/datasets/sheemazain/cataract-classification-dataset-in-ds,Sheema Zain,Apache 2.0,publisher-declared; upstream unresolved,train/immature/11_JPG.rf.fe4b97480b60e61609bf62211fa8a243.jpg,EXIF transpose; RGB; maximum 800px; JPEG quality 95,1,train,sheemazain_5163aa129d8db75bc6,de602e5f682df6b4df34cb7f4188bb2b9a8f59f6dc1445b3f0f64545e9970a75
sheemazain_8556c92bce2ef10f9f,https://www.kaggle.com/datasets/sheemazain/cataract-classification-dataset-in-ds,Sheema Zain,Apache 2.0,publisher-declared; upstream unresolved,train/immature/2_jpg.rf.21375d6669151432cdff6a7571edf7d9.jpg,EXIF transpose; RGB; maximum 800px; JPEG quality 95,1,train,sheemazain_57f5881ec69ab60fb8,4aeb77658e9d153bc6076765fdc7eb5527251bcf0c566520d6d45a0d0356a8ff
sheemazain_8560d3bdea77fe260c,https://www.kaggle.com/datasets/sheemazain/cataract-classification-dataset-in-ds,Sheema Zain,Apache 2.0,publisher-declared; upstream unresolved,train/mature/18_jpg.rf.43978dacb12ae92a1b4669a8f87a5c07.jpg,EXIF transpose; RGB; maximum 800px; JPEG quality 95,1,train,sheemazain_e0da485e22abfe0ba9,97cbf35f1cad3061260e524bf76d9b4663cb0f76f079f1f84d0ac4bfe9ce0c78
sheemazain_862bd4242f70663ba5,https://www.kaggle.com/datasets/sheemazain/cataract-classification-dataset-in-ds,Sheema Zain,Apache 2.0,publisher-declared; upstream unresolved,train/immature/15_jpg.rf.c99b8f5a165525094c02b40d99920f59.jpg,EXIF transpose; RGB; maximum 800px; JPEG quality 95,1,train,sheemazain_4ee1162f0153a20f79,cfe19f9d8a000355e6b164a0abf9f5fda9d160a0b9ec2e47f784108a43b8d125
sheemazain_86a13fd6887f56d418,https://www.kaggle.com/datasets/sheemazain/cataract-classification-dataset-in-ds,Sheema Zain,Apache 2.0,publisher-declared; upstream unresolved,train/immature/18_jpg.rf.d9decf9124c65c6083dcf669530006db.jpg,EXIF transpose; RGB; maximum 800px; JPEG quality 95,1,train,sheemazain_e0da485e22abfe0ba9,e098b7155a9d5ac868c2ca85aeceda3f3559f04ca08756f3fa41a8efdcef9262
sheemazain_878de0be6eb354e370,https://www.kaggle.com/datasets/sheemazain/cataract-classification-dataset-in-ds,Sheema Zain,Apache 2.0,publisher-declared; upstream unresolved,train/mature/12_jpg.rf.68a2310756a3ecf8624b2623bf0a3849.jpg,EXIF transpose; RGB; maximum 800px; JPEG quality 95,1,train,sheemazain_ef412f4bc9798b3aed,d4f5b1e17b9f1b7f8a11231f31ed55f482f1b8260584983b7f32fd5d242e5078
sheemazain_87d472cb277e722b3a,https://www.kaggle.com/datasets/sheemazain/cataract-classification-dataset-in-ds,Sheema Zain,Apache 2.0,publisher-declared; upstream unresolved,train/immature/5_jpg.rf.3bc0dc356c337f5b9f0e701a4279567d.jpg,EXIF transpose; RGB; maximum 800px; JPEG quality 95,1,train,sheemazain_46fa18ca5bf4d24707,144d25d2a06fb0fd91a3f04eae3dba447a6120283b37b78ee0883dd69e285e47
sheemazain_8808c27cb38f952ba7,https://www.kaggle.com/datasets/sheemazain/cataract-classification-dataset-in-ds,Sheema Zain,Apache 2.0,publisher-declared; upstream unresolved,train/mature/25_jpg.rf.b747c4b454bde56ed0b1e6c9cbe96a7e.jpg,EXIF transpose; RGB; maximum 800px; JPEG quality 95,1,train,sheemazain_f3c81bde03ea681961,7fe11dec4d609aafbe46f733d41d30f1bfdbf88d0de07779068bdd5a78759079
sheemazain_892b211855df5bcfbd,https://www.kaggle.com/datasets/sheemazain/cataract-classification-dataset-in-ds,Sheema Zain,Apache 2.0,publisher-declared; upstream unresolved,train/mature/17_jpg.rf.224d1c546f83226867dd1f8345d7c401.jpg,EXIF transpose; RGB; maximum 800px; JPEG quality 95,1,train,sheemazain_4ee1162f0153a20f79,d11496cef88e966c070ce1b45160edb98677fde1e7eaae28d109c26a2523b608
sheemazain_893e4c8024cc2b6cc8,https://www.kaggle.com/datasets/sheemazain/cataract-classification-dataset-in-ds,Sheema Zain,Apache 2.0,publisher-declared; upstream unresolved,train/immature/3_JPG.rf.71ca5a614042d8637915cf7d1813b559.jpg,EXIF transpose; RGB; maximum 800px; JPEG quality 95,1,train,sheemazain_0e41667bbd788de79f,abb822502cbfea3b4ced24a565685a9764a1c7b24857effd74dab247f448a9f2
sheemazain_89498ae14eb1c3fde1,https://www.kaggle.com/datasets/sheemazain/cataract-classification-dataset-in-ds,Sheema Zain,Apache 2.0,publisher-declared; upstream unresolved,train/mature/9_JPG_jpg.rf.be756e66f813728f5f43d1217663c530.jpg,EXIF transpose; RGB; maximum 800px; JPEG quality 95,1,train,sheemazain_89498ae14eb1c3fde1,85ce55dd756614158bf63f9d8b4ee9b1a0d11305743b393e899c3d3cac915a19
sheemazain_8ade95b6c67ebd4278,https://www.kaggle.com/datasets/sheemazain/cataract-classification-dataset-in-ds,Sheema Zain,Apache 2.0,publisher-declared; upstream unresolved,train/immature/4_jpg.rf.31b5ced7fac5d29142f2fd2d31636755.jpg,EXIF transpose; RGB; maximum 800px; JPEG quality 95,1,train,sheemazain_d287e27cb1da5b3171,052fac37caa3e02146f1c7212cc300db0afc58a58893259454cabe80401d24a0
sheemazain_8cbf24ad3ad0cf223b,https://www.kaggle.com/datasets/sheemazain/cataract-classification-dataset-in-ds,Sheema Zain,Apache 2.0,publisher-declared; upstream unresolved,train/immature/7_jpg.rf.1751014dacbee87b6278225e03571b74.jpg,EXIF transpose; RGB; maximum 800px; JPEG quality 95,1,train,sheemazain_162e6827d3fb3ca36a,a3a091c45a998fae39bdce7850d491d22ae13e58c533cbe96b71f754f5ddb0e7
sheemazain_8d4e85f6f6530fce52,https://www.kaggle.com/datasets/sheemazain/cataract-classification-dataset-in-ds,Sheema Zain,Apache 2.0,publisher-declared; upstream unresolved,train/immature/1_JPG_jpg.rf.b9b5fb37ac1d1734d0008ddac495d691.jpg,EXIF transpose; RGB; maximum 800px; JPEG quality 95,1,train,sheemazain_0e41667bbd788de79f,5f575a8317dc074d60b4ec0029696eb0836e772afbdaeaec715d7f995e315e17
sheemazain_8d845edea10e696a08,https://www.kaggle.com/datasets/sheemazain/cataract-classification-dataset-in-ds,Sheema Zain,Apache 2.0,publisher-declared; upstream unresolved,train/immature/4_jpg.rf.e007b23ea9f574901192bea72f3db3a4.jpg,EXIF transpose; RGB; maximum 800px; JPEG quality 95,1,train,sheemazain_d287e27cb1da5b3171,26d75f5ad226b94d29d8a21781c5e19f17da3621507acb2054399f9531057202
sheemazain_8e9bc6379022a0e7e5,https://www.kaggle.com/datasets/sheemazain/cataract-classification-dataset-in-ds,Sheema Zain,Apache 2.0,publisher-declared; upstream unresolved,train/mature/8_JPG.rf.4b2903905bf0388d74dc240f7f1e19a0.jpg,EXIF transpose; RGB; maximum 800px; JPEG quality 95,1,train,sheemazain_6ac10ae4d850ea6504,850b9dd15a9115bafe68d5b3fbd7efa824662a152680aa87f97e4577ca5fc0d8
sheemazain_91b5c96ee5b0df0d37,https://www.kaggle.com/datasets/sheemazain/cataract-classification-dataset-in-ds,Sheema Zain,Apache 2.0,publisher-declared; upstream unresolved,train/immature/29_JPG.rf.9198ec51cc844ab37e64bad698bb24cf.jpg,EXIF transpose; RGB; maximum 800px; JPEG quality 95,1,train,sheemazain_15d67e9b75864bf3b1,6a8b10522e26e6e3c0fdd57b61c6d02bc5982ef191437641d85e481d2f42e0b7
sheemazain_93d709366967d1b87f,https://www.kaggle.com/datasets/sheemazain/cataract-classification-dataset-in-ds,Sheema Zain,Apache 2.0,publisher-declared; upstream unresolved,train/immature/14_jpg.rf.cbcd3ed14a07268a8cad9d470a1f0b31.jpg,EXIF transpose; RGB; maximum 800px; JPEG quality 95,1,train,sheemazain_fe5b2b47901532b838,e34139eadb30a94c799b52f103963af35be865b4326c5405fa3471c54c9af51a
sheemazain_94a85b4ebbc950ba40,https://www.kaggle.com/datasets/sheemazain/cataract-classification-dataset-in-ds,Sheema Zain,Apache 2.0,publisher-declared; upstream unresolved,train/immature/4_jpg.rf.daaa129f5dc48213e2667be5a9b91b5b.jpg,EXIF transpose; RGB; maximum 800px; JPEG quality 95,1,train,sheemazain_d287e27cb1da5b3171,84b100559da757e245964adbb3b78ae6fdac28633ef7502634881ed5ed12cdd0
sheemazain_94bca730ce2cb2ddb4,https://www.kaggle.com/datasets/sheemazain/cataract-classification-dataset-in-ds,Sheema Zain,Apache 2.0,publisher-declared; upstream unresolved,train/immature/23_JPG.rf.ce2d3cd16fef009a4bab7bef4dec172d.jpg,EXIF transpose; RGB; maximum 800px; JPEG quality 95,1,train,sheemazain_5524e04c6a781a0b9a,66ec45f4d1aec2b3b4eb3d425106b3935bfc484dfa29f33e753d889febc8cbe9
sheemazain_94ef32e7e735887285,https://www.kaggle.com/datasets/sheemazain/cataract-classification-dataset-in-ds,Sheema Zain,Apache 2.0,publisher-declared; upstream unresolved,train/immature/18_jpg.rf.0fe3ab7858dbf773a8d61c00dc017438.jpg,EXIF transpose; RGB; maximum 800px; JPEG quality 95,1,train,sheemazain_e0da485e22abfe0ba9,f90ecf696ffddc22c737017dd2fa267658c765a95f289910d1e3a8a85d242090
sheemazain_95672cb18a349eac87,https://www.kaggle.com/datasets/sheemazain/cataract-classification-dataset-in-ds,Sheema Zain,Apache 2.0,publisher-declared; upstream unresolved,train/immature/1_JPG_jpg.rf.0a29df8bd06ff5b7b0bd7322f6a92a48.jpg,EXIF transpose; RGB; maximum 800px; JPEG quality 95,1,train,sheemazain_0e41667bbd788de79f,e3b4d4ce60474dc4ea26c27e699db1937414d1ceb668905e898e3a47f543fc1f
sheemazain_95990b0edae9afb8be,https://www.kaggle.com/datasets/sheemazain/cataract-classification-dataset-in-ds,Sheema Zain,Apache 2.0,publisher-declared; upstream unresolved,train/mature/29_jpg.rf.cdd4df6935dff119a853aaef64d5db99.jpg,EXIF transpose; RGB; maximum 800px; JPEG quality 95,1,train,sheemazain_15d67e9b75864bf3b1,6b511b03580a2ec0ac9a591c2dcc483a7994801d1097655bdb0d3d5eb9c5c4c2
sheemazain_960a24119e3cfb8dbf,https://www.kaggle.com/datasets/sheemazain/cataract-classification-dataset-in-ds,Sheema Zain,Apache 2.0,publisher-declared; upstream unresolved,train/mature/16_jpg.rf.ac8f955375044e725aeed56641997c5a.jpg,EXIF transpose; RGB; maximum 800px; JPEG quality 95,1,train,sheemazain_b023e89b5ea7347f93,95b30d157a17eb5029911f0dd7829ca633e75e8135983475c8d1fa4ba44dbda7
sheemazain_991dd4251a5cee3911,https://www.kaggle.com/datasets/sheemazain/cataract-classification-dataset-in-ds,Sheema Zain,Apache 2.0,publisher-declared; upstream unresolved,train/immature/27_JPG_jpg.rf.37dfb8493b133c60860ca0cf44b0b593.jpg,EXIF transpose; RGB; maximum 800px; JPEG quality 95,1,train,sheemazain_2061575ca0fde207d1,24f2be77202d37bbf7272a260c172a6fa51f5219f49c80435c64e196cbbd163a
sheemazain_999d51286ff24741db,https://www.kaggle.com/datasets/sheemazain/cataract-classification-dataset-in-ds,Sheema Zain,Apache 2.0,publisher-declared; upstream unresolved,train/mature/17_jpg.rf.cb5c6b44a48428bcf6ff8ed6c0f552ab.jpg,EXIF transpose; RGB; maximum 800px; JPEG quality 95,1,train,sheemazain_4ee1162f0153a20f79,2b2b0d576fc508a225bdf7bf595b79767f3c3a8baaa8701c828372fe57b98a36
sheemazain_99aeec737cf7d9c061,https://www.kaggle.com/datasets/sheemazain/cataract-classification-dataset-in-ds,Sheema Zain,Apache 2.0,publisher-declared; upstream unresolved,train/immature/24_JPG.rf.dd7eccc7216e3780ec313b0f3e917234.jpg,EXIF transpose; RGB; maximum 800px; JPEG quality 95,1,val,sheemazain_81fe607a0aac456a23,5f600b61e60b5d2100a565f5fbf315ddde884f7d7a06243fd829827e00e2ecfa
sheemazain_99f7126111eedb65af,https://www.kaggle.com/datasets/sheemazain/cataract-classification-dataset-in-ds,Sheema Zain,Apache 2.0,publisher-declared; upstream unresolved,train/immature/4_jpg.rf.5e6c1ed3bd5048f5688463f65ef80d3a.jpg,EXIF transpose; RGB; maximum 800px; JPEG quality 95,1,train,sheemazain_d287e27cb1da5b3171,9f37e30137ba09b715b24ecc536981017ce7ec0a956052691950fb753a39a18b
sheemazain_9af217072fcdca7842,https://www.kaggle.com/datasets/sheemazain/cataract-classification-dataset-in-ds,Sheema Zain,Apache 2.0,publisher-declared; upstream unresolved,train/mature/30_jpg.rf.77fbc0284aab92ae9e90199569c5ba79.jpg,EXIF transpose; RGB; maximum 800px; JPEG quality 95,1,train,sheemazain_e74e58e838b903c3d4,3ed0558b5478af5a1702ee53708f14dbd23116e087dc07589050b1d351424d68
sheemazain_9d4f9fe71b7a6fd69f,https://www.kaggle.com/datasets/sheemazain/cataract-classification-dataset-in-ds,Sheema Zain,Apache 2.0,publisher-declared; upstream unresolved,train/mature/7_jpg.rf.9d70279b6cd2c65b560a05529a31f35b.jpg,EXIF transpose; RGB; maximum 800px; JPEG quality 95,1,train,sheemazain_162e6827d3fb3ca36a,35aa3512b168221e1b3c6b18400e8eeed7cf522b484d62b954aa8cca848d8ae9
sheemazain_9d6ff28875a8750eb4,https://www.kaggle.com/datasets/sheemazain/cataract-classification-dataset-in-ds,Sheema Zain,Apache 2.0,publisher-declared; upstream unresolved,train/immature/28_JPG_jpg.rf.f4c204245f625f34d3d5bade038fbae7.jpg,EXIF transpose; RGB; maximum 800px; JPEG quality 95,1,val,sheemazain_22173a14aa39441a1b,050c2d75703d38f7125e9bf67464150944e18151ec5c8ad05bde6a5eaed7bf27
sheemazain_9dc9e1bc71ffdad780,https://www.kaggle.com/datasets/sheemazain/cataract-classification-dataset-in-ds,Sheema Zain,Apache 2.0,publisher-declared; upstream unresolved,train/immature/9_jpg.rf.57ed109a95b7fad2f18ce902046ef135.jpg,EXIF transpose; RGB; maximum 800px; JPEG quality 95,1,train,sheemazain_89498ae14eb1c3fde1,550b342b205f47f6fde4933720ec3732847ae7cce68ac5a2afc044a0066f8efb
sheemazain_9f2f99489b7be1e36f,https://www.kaggle.com/datasets/sheemazain/cataract-classification-dataset-in-ds,Sheema Zain,Apache 2.0,publisher-declared; upstream unresolved,train/mature/27_jpg.rf.cd2eeac87134652177e38bba71593287.jpg,EXIF transpose; RGB; maximum 800px; JPEG quality 95,1,train,sheemazain_2061575ca0fde207d1,0041e3070137051997b75f05942283d495ce791f26b19128a6d2ebd9a5b9e506
sheemazain_9fa52ea90c6716b673,https://www.kaggle.com/datasets/sheemazain/cataract-classification-dataset-in-ds,Sheema Zain,Apache 2.0,publisher-declared; upstream unresolved,train/mature/7_jpg.rf.ac3d6970c9023dce6244eaf50e445d97.jpg,EXIF transpose; RGB; maximum 800px; JPEG quality 95,1,train,sheemazain_162e6827d3fb3ca36a,9589a6da3e2049264d6a9e46320c4df2bb58255e610988966d9041d73bcbb778
sheemazain_9fbb62fa52479113e6,https://www.kaggle.com/datasets/sheemazain/cataract-classification-dataset-in-ds,Sheema Zain,Apache 2.0,publisher-declared; upstream unresolved,train/immature/7_jpg.rf.15ed758ece0765b6898d1072eab05545.jpg,EXIF transpose; RGB; maximum 800px; JPEG quality 95,1,train,sheemazain_162e6827d3fb3ca36a,62aaa6e7e2dd87592a7a817aebec1905198993266a68ef5222a4415d6e9e4059
sheemazain_a05c944a4abb331799,https://www.kaggle.com/datasets/sheemazain/cataract-classification-dataset-in-ds,Sheema Zain,Apache 2.0,publisher-declared; upstream unresolved,train/immature/11_JPG_jpg.rf.2e82077a72ae6436306e195ada59428b.jpg,EXIF transpose; RGB; maximum 800px; JPEG quality 95,1,train,sheemazain_5163aa129d8db75bc6,d0c85b5b229c590d327c2ef75e77f281045ecb0eeefc8b258504567b6ec1e80b
sheemazain_a07a0299c6d80d1139,https://www.kaggle.com/datasets/sheemazain/cataract-classification-dataset-in-ds,Sheema Zain,Apache 2.0,publisher-declared; upstream unresolved,train/mature/20_jpg.rf.cbe34ea3d40bb0ba27af954c1ea08a9a.jpg,EXIF transpose; RGB; maximum 800px; JPEG quality 95,1,train,sheemazain_cc1b0bea12347377a4,99a887f367778635fee6a73e5702718aae5662757f15dc0e0525155605a2d994
sheemazain_a0ae6dd7dfd0af5bcb,https://www.kaggle.com/datasets/sheemazain/cataract-classification-dataset-in-ds,Sheema Zain,Apache 2.0,publisher-declared; upstream unresolved,train/immature/9_jpg.rf.6f03492aef556a4cdc93498d13d78b66.jpg,EXIF transpose; RGB; maximum 800px; JPEG quality 95,1,train,sheemazain_89498ae14eb1c3fde1,8271f4718afdde3b5e375650ef8dd5c5509fbfbc07651ea3dba6bcacd1f8ac1b
sheemazain_a0fd358c542903b3f9,https://www.kaggle.com/datasets/sheemazain/cataract-classification-dataset-in-ds,Sheema Zain,Apache 2.0,publisher-declared; upstream unresolved,train/immature/21_JPG_jpg.rf.ef939d7fe7a85a4427bf286a7e5268f8.jpg,EXIF transpose; RGB; maximum 800px; JPEG quality 95,1,train,sheemazain_32a19f181003e33a6b,675961e7d00ff24ec4ca76ebc2dbf3f5c5d214cdf0bb926b7dd040c5e56b22d7
sheemazain_a138e121647b23f921,https://www.kaggle.com/datasets/sheemazain/cataract-classification-dataset-in-ds,Sheema Zain,Apache 2.0,publisher-declared; upstream unresolved,train/mature/27_jpg.rf.0b48c56969a88289c445a2a43ffcaa0f.jpg,EXIF transpose; RGB; maximum 800px; JPEG quality 95,1,train,sheemazain_2061575ca0fde207d1,215ff0af4568b204a550225311c7122afb20803a1551a2d974705fe5dcf1431d
sheemazain_a1604e152e1c048923,https://www.kaggle.com/datasets/sheemazain/cataract-classification-dataset-in-ds,Sheema Zain,Apache 2.0,publisher-declared; upstream unresolved,train/immature/25_JPG_jpg.rf.dee98edb0787d3c1da81b2c264ccc13e.jpg,EXIF transpose; RGB; maximum 800px; JPEG quality 95,1,train,sheemazain_f3c81bde03ea681961,52ba376fa2546b2098b768e7b7eea0d6e7afb95125fa67a0093e3652ec620c27
sheemazain_a1970fbdec27377ca7,https://www.kaggle.com/datasets/sheemazain/cataract-classification-dataset-in-ds,Sheema Zain,Apache 2.0,publisher-declared; upstream unresolved,train/mature/4_JPG_jpg.rf.6b04c76861bc2d0a67bc0c1b5fcaca91.jpg,EXIF transpose; RGB; maximum 800px; JPEG quality 95,1,train,sheemazain_d287e27cb1da5b3171,d2d0e94353ebdca5e85e289eda2204c41135c2ecfdfed32e50274681475d2765
sheemazain_a1aa6e1535eea59648,https://www.kaggle.com/datasets/sheemazain/cataract-classification-dataset-in-ds,Sheema Zain,Apache 2.0,publisher-declared; upstream unresolved,train/immature/4_jpg.rf.a1270b482d959f2015f7fe745b8b5032.jpg,EXIF transpose; RGB; maximum 800px; JPEG quality 95,1,train,sheemazain_d287e27cb1da5b3171,06002e65778f43af440c149fa4f0aaf578ee91b61de39be40c142fb674f20ae2
sheemazain_a28073e56bcb20ca93,https://www.kaggle.com/datasets/sheemazain/cataract-classification-dataset-in-ds,Sheema Zain,Apache 2.0,publisher-declared; upstream unresolved,train/mature/20_jpg.rf.990317c7985f00347f30707df4cc35b3.jpg,EXIF transpose; RGB; maximum 800px; JPEG quality 95,1,train,sheemazain_cc1b0bea12347377a4,b92c0c729fbe4db1a0d99aee54af2017f21430a059dd9e750ced484bb56a9601
sheemazain_a2d5b74f933d7bf440,https://www.kaggle.com/datasets/sheemazain/cataract-classification-dataset-in-ds,Sheema Zain,Apache 2.0,publisher-declared; upstream unresolved,train/immature/25_JPG.rf.6f88dc35b1da8f4faf6f2a553cc0c449.jpg,EXIF transpose; RGB; maximum 800px; JPEG quality 95,1,train,sheemazain_f3c81bde03ea681961,e1337c4c75d47dec98e4bb9b837970c9596d940d7a30c17cf6d01c342bb4aa6d
sheemazain_a2e41d209ca8da49de,https://www.kaggle.com/datasets/sheemazain/cataract-classification-dataset-in-ds,Sheema Zain,Apache 2.0,publisher-declared; upstream unresolved,train/mature/26_jpg.rf.d94f6b257aefff37fc7a35f4b9ce7da9.jpg,EXIF transpose; RGB; maximum 800px; JPEG quality 95,1,train,sheemazain_a2e41d209ca8da49de,89530b04ca56751347e5adb8d58c989960deb24a8842198e24be4320d9213a89
sheemazain_a4f7b9e2d9a3e03f0d,https://www.kaggle.com/datasets/sheemazain/cataract-classification-dataset-in-ds,Sheema Zain,Apache 2.0,publisher-declared; upstream unresolved,train/immature/3_JPG_jpg.rf.9351b4e063251803c257868099fd09dc.jpg,EXIF transpose; RGB; maximum 800px; JPEG quality 95,1,train,sheemazain_0e41667bbd788de79f,8a6aa9020ae7a642a6afa6aed6eb3004b2d836e43d56d4783584ef410b57a233
sheemazain_a52f2f040b9cd4e64a,https://www.kaggle.com/datasets/sheemazain/cataract-classification-dataset-in-ds,Sheema Zain,Apache 2.0,publisher-declared; upstream unresolved,train/immature/22_JPG_jpg.rf.69c7c877f11a813c3ab0bb81b5e3a687.jpg,EXIF transpose; RGB; maximum 800px; JPEG quality 95,1,train,sheemazain_acb2c8c057f775d31f,66173110f5555b1b201136b7528cf2175cd8b6205a386cbcbab97d207f84b941
sheemazain_a68c86b209ad9afb04,https://www.kaggle.com/datasets/sheemazain/cataract-classification-dataset-in-ds,Sheema Zain,Apache 2.0,publisher-declared; upstream unresolved,train/mature/9_JPG.rf.7f9c3013d8998a4ccf3b14aa1849c95e.jpg,EXIF transpose; RGB; maximum 800px; JPEG quality 95,1,train,sheemazain_89498ae14eb1c3fde1,b5720985b7cdad49d62a7b7b5058f2ebc9eea6cfe477f4cb81294063d9b6fbf3
sheemazain_a77fbdf4ab600d9423,https://www.kaggle.com/datasets/sheemazain/cataract-classification-dataset-in-ds,Sheema Zain,Apache 2.0,publisher-declared; upstream unresolved,train/immature/1_JPG_jpg.rf.d41a64f1c9f4cf1bb64519e5affd9ff9.jpg,EXIF transpose; RGB; maximum 800px; JPEG quality 95,1,train,sheemazain_0e41667bbd788de79f,f45e128d4ad4492c9f2bee3c13d56e071060e87ca95cd7eb72d2235191494f6a
sheemazain_ab9c47c6bd6dca7074,https://www.kaggle.com/datasets/sheemazain/cataract-classification-dataset-in-ds,Sheema Zain,Apache 2.0,publisher-declared; upstream unresolved,train/immature/17_jpg.rf.fe9a6ac96369a3282ef289442d310930.jpg,EXIF transpose; RGB; maximum 800px; JPEG quality 95,1,train,sheemazain_4ee1162f0153a20f79,c51e51e01ad26d567a6d8c3647cc44e7cd4b56e707a303206f51a08f8f84deaf
sheemazain_ac305a8268a706b155,https://www.kaggle.com/datasets/sheemazain/cataract-classification-dataset-in-ds,Sheema Zain,Apache 2.0,publisher-declared; upstream unresolved,train/immature/27_JPG_jpg.rf.3ad36f2ca1c32620944606ac5678031b.jpg,EXIF transpose; RGB; maximum 800px; JPEG quality 95,1,train,sheemazain_2061575ca0fde207d1,4ecf3b4e31bb6b27fb7129582480d163a93c9d25ed6d7b4c08309c34f7d60411
sheemazain_acb2c8c057f775d31f,https://www.kaggle.com/datasets/sheemazain/cataract-classification-dataset-in-ds,Sheema Zain,Apache 2.0,publisher-declared; upstream unresolved,train/mature/22_jpg.rf.d218334b1c1f8056054eb820d9795d03.jpg,EXIF transpose; RGB; maximum 800px; JPEG quality 95,1,train,sheemazain_acb2c8c057f775d31f,a8e3507acd8a30b95aabf077e3738788c8601ebe8e9ad4112a0f14314f280252
sheemazain_aea7f5924984ead856,https://www.kaggle.com/datasets/sheemazain/cataract-classification-dataset-in-ds,Sheema Zain,Apache 2.0,publisher-declared; upstream unresolved,train/mature/13_JPG.rf.32208533fe9ffbd04387cbdd9685d33f.jpg,EXIF transpose; RGB; maximum 800px; JPEG quality 95,1,val,sheemazain_d7331e398bb743807e,94d2f43d8d709516b319d76a3b7bd94ba8b77a4978057aeb50a6b4986dd6c494
sheemazain_afbbd2e6912739d2bd,https://www.kaggle.com/datasets/sheemazain/cataract-classification-dataset-in-ds,Sheema Zain,Apache 2.0,publisher-declared; upstream unresolved,train/mature/25_jpg.rf.9ab1eaf0f73eb866f91b9e58e42d912d.jpg,EXIF transpose; RGB; maximum 800px; JPEG quality 95,1,train,sheemazain_f3c81bde03ea681961,ba96ab81d9164b4de8084323c74aca97bfd58a25d765a5d0a75afbe499425836
sheemazain_b023e89b5ea7347f93,https://www.kaggle.com/datasets/sheemazain/cataract-classification-dataset-in-ds,Sheema Zain,Apache 2.0,publisher-declared; upstream unresolved,train/mature/16_jpg.rf.f7b54e8bdc1d425c50d8253d59daf19a.jpg,EXIF transpose; RGB; maximum 800px; JPEG quality 95,1,train,sheemazain_b023e89b5ea7347f93,61c9b591449db23f49cb91f96c240676638e78e7d262467c1bcf12da0b105796
sheemazain_b0d746b206424cfd95,https://www.kaggle.com/datasets/sheemazain/cataract-classification-dataset-in-ds,Sheema Zain,Apache 2.0,publisher-declared; upstream unresolved,train/immature/13_jpg.rf.84604ca9dc91f17b68ad57e934ddc90c.jpg,EXIF transpose; RGB; maximum 800px; JPEG quality 95,1,val,sheemazain_d7331e398bb743807e,76c29030ec17a8189adb5ba880b830e2147002fadc7d75972b6df326112fef85
sheemazain_b18dca208ab0bba406,https://www.kaggle.com/datasets/sheemazain/cataract-classification-dataset-in-ds,Sheema Zain,Apache 2.0,publisher-declared; upstream unresolved,train/immature/18_jpg.rf.7bf555aff7f64461f9a14f2ed0d8a75f.jpg,EXIF transpose; RGB; maximum 800px; JPEG quality 95,1,train,sheemazain_e0da485e22abfe0ba9,b9c7ac7907a20b3b8f166afd7e224d991b15145520496ed7ac48ada3b35f49ef
sheemazain_b1b765c2e3f1bbdf1c,https://www.kaggle.com/datasets/sheemazain/cataract-classification-dataset-in-ds,Sheema Zain,Apache 2.0,publisher-declared; upstream unresolved,train/immature/29_JPG_jpg.rf.a13f0241e8e151fefd1d630881afa1d7.jpg,EXIF transpose; RGB; maximum 800px; JPEG quality 95,1,train,sheemazain_15d67e9b75864bf3b1,6a05522e7ee483536240cdaaeae54a03c2605c993200778900b31dc89ba6c8fd
sheemazain_b23a08f06723cc4e3b,https://www.kaggle.com/datasets/sheemazain/cataract-classification-dataset-in-ds,Sheema Zain,Apache 2.0,publisher-declared; upstream unresolved,train/immature/16_jpg.rf.0c3ffa8e3e9b8d2ffa634083becd5d44.jpg,EXIF transpose; RGB; maximum 800px; JPEG quality 95,1,train,sheemazain_b023e89b5ea7347f93,c33ee01006dd93d98970fe757384c120774c174e2d037491f9b640c18522e408
sheemazain_b26c739df16983c626,https://www.kaggle.com/datasets/sheemazain/cataract-classification-dataset-in-ds,Sheema Zain,Apache 2.0,publisher-declared; upstream unresolved,train/mature/5_jpg.rf.84838dbd5c09a1bed20974e8a0bb627b.jpg,EXIF transpose; RGB; maximum 800px; JPEG quality 95,1,train,sheemazain_46fa18ca5bf4d24707,f389b835660ad510192d219433993e1a8f4f7143be16149eda53f18c28e23362
sheemazain_b3ef5db3d4efc415fe,https://www.kaggle.com/datasets/sheemazain/cataract-classification-dataset-in-ds,Sheema Zain,Apache 2.0,publisher-declared; upstream unresolved,train/immature/16_jpg.rf.d56b502e098cb83ce17a493e2fe1adee.jpg,EXIF transpose; RGB; maximum 800px; JPEG quality 95,1,train,sheemazain_b023e89b5ea7347f93,b61ab1778d477a209338689a217e7bf029c7463134311fced521d1db1dfc0209
sheemazain_b4c06e6e5d99b196cf,https://www.kaggle.com/datasets/sheemazain/cataract-classification-dataset-in-ds,Sheema Zain,Apache 2.0,publisher-declared; upstream unresolved,train/mature/23_jpg.rf.64e6883d7bd42f4b7587b25dabf3fed4.jpg,EXIF transpose; RGB; maximum 800px; JPEG quality 95,1,train,sheemazain_5524e04c6a781a0b9a,cd0b52a2883f0d141cc3d5b22aef279dccae1696ce72f0f9c1db8ff1df4dfa61
sheemazain_b5e3089960d6e05052,https://www.kaggle.com/datasets/sheemazain/cataract-classification-dataset-in-ds,Sheema Zain,Apache 2.0,publisher-declared; upstream unresolved,train/immature/29_JPG_jpg.rf.4386d53bed3480542c3af91a67d0470c.jpg,EXIF transpose; RGB; maximum 800px; JPEG quality 95,1,train,sheemazain_15d67e9b75864bf3b1,bb5a792d39baee86c1a8bc697f91c220b275967b83585dc4112c4cbec6151605
sheemazain_b5f5810bade7539908,https://www.kaggle.com/datasets/sheemazain/cataract-classification-dataset-in-ds,Sheema Zain,Apache 2.0,publisher-declared; upstream unresolved,train/mature/27_jpg.rf.a1dce64f107fce163c9e60c809837ec7.jpg,EXIF transpose; RGB; maximum 800px; JPEG quality 95,1,train,sheemazain_2061575ca0fde207d1,e47b6ceed6adcc439383f99d3094568aaa0ae28de5177410c9356ab990782c6f
sheemazain_b72b96f6aa68411e90,https://www.kaggle.com/datasets/sheemazain/cataract-classification-dataset-in-ds,Sheema Zain,Apache 2.0,publisher-declared; upstream unresolved,train/immature/29_JPG_jpg.rf.f1d49bd80dd46f3e90f2afc15b4aa202.jpg,EXIF transpose; RGB; maximum 800px; JPEG quality 95,1,train,sheemazain_15d67e9b75864bf3b1,08ba86504e4f3d7fc4763a45eb9932632db7061e4ce5aa2fd8d1d969f76c1cab
sheemazain_b8b7668fc271c46e65,https://www.kaggle.com/datasets/sheemazain/cataract-classification-dataset-in-ds,Sheema Zain,Apache 2.0,publisher-declared; upstream unresolved,train/immature/6_jpg.rf.604fdb303155e6ccfb790e62220580d3.jpg,EXIF transpose; RGB; maximum 800px; JPEG quality 95,1,train,sheemazain_46a723932b191a207e,d455d4f8d70fe789b1bca2f1ee3449cbc1e12609522491b1ba9e62b6c63cffb1
sheemazain_ba031106944a1e7736,https://www.kaggle.com/datasets/sheemazain/cataract-classification-dataset-in-ds,Sheema Zain,Apache 2.0,publisher-declared; upstream unresolved,train/immature/24_JPG_jpg.rf.d8ad040f613d997aba095643c7522010.jpg,EXIF transpose; RGB; maximum 800px; JPEG quality 95,1,val,sheemazain_81fe607a0aac456a23,eed63ed7fc5ece160f8a05666fc438bb514acc9f17064e1c9c0a5faa9216fdf5
sheemazain_bbefeecd23b655288e,https://www.kaggle.com/datasets/sheemazain/cataract-classification-dataset-in-ds,Sheema Zain,Apache 2.0,publisher-declared; upstream unresolved,train/mature/3_jpg.rf.7901930d071f8b4f9189347f5d58a9b9.jpg,EXIF transpose; RGB; maximum 800px; JPEG quality 95,1,train,sheemazain_0e41667bbd788de79f,eabfb67e8a5be05af2622c02d23f75148f09828d940b856681a79382f36e2158
sheemazain_bc0866ad8610caf2e5,https://www.kaggle.com/datasets/sheemazain/cataract-classification-dataset-in-ds,Sheema Zain,Apache 2.0,publisher-declared; upstream unresolved,train/immature/29_JPG_jpg.rf.86b20abea9efa16ccd7fd3ac6524d31a.jpg,EXIF transpose; RGB; maximum 800px; JPEG quality 95,1,train,sheemazain_15d67e9b75864bf3b1,162f73ffe0338276bf43dac0cece698dc1f007c88974caecb63d24f4287b32f5
sheemazain_bc8811e79935164fdc,https://www.kaggle.com/datasets/sheemazain/cataract-classification-dataset-in-ds,Sheema Zain,Apache 2.0,publisher-declared; upstream unresolved,train/mature/10_JPG_jpg.rf.65ed799dfb55a5fbe19e1b1b487e1a14.jpg,EXIF transpose; RGB; maximum 800px; JPEG quality 95,1,train,sheemazain_a2e41d209ca8da49de,470eb725f13575828b8cc232b19ef4d81fcda7c80216df3eb2b594b0c5c35627
sheemazain_bd07d665f5928a4f6b,https://www.kaggle.com/datasets/sheemazain/cataract-classification-dataset-in-ds,Sheema Zain,Apache 2.0,publisher-declared; upstream unresolved,train/mature/17_jpg.rf.caff4f309b88a67e830cbccaa0601383.jpg,EXIF transpose; RGB; maximum 800px; JPEG quality 95,1,train,sheemazain_4ee1162f0153a20f79,1ebc59b70482bdc64edb5c9e3553b1851d46c6b0d0e86d0fab903f356fb2c95e
sheemazain_bd7b631a402549a64a,https://www.kaggle.com/datasets/sheemazain/cataract-classification-dataset-in-ds,Sheema Zain,Apache 2.0,publisher-declared; upstream unresolved,train/mature/8_JPG.rf.a8db46bd2343b4a8d9c1606e794f82b5.jpg,EXIF transpose; RGB; maximum 800px; JPEG quality 95,1,train,sheemazain_6ac10ae4d850ea6504,61b0c10cceb07055e13dd20188303cb0583475828f32c3fce6299076205faf2f
sheemazain_c022ba443e1b0e2958,https://www.kaggle.com/datasets/sheemazain/cataract-classification-dataset-in-ds,Sheema Zain,Apache 2.0,publisher-declared; upstream unresolved,train/mature/1_JPG.rf.95881dd1e8c9965e10cd4cd7786f1153.jpg,EXIF transpose; RGB; maximum 800px; JPEG quality 95,1,train,sheemazain_0e41667bbd788de79f,ff4067a22b37d77b82503ad966ae9347e319639a416c5dbbefaa2d472987f466
sheemazain_c0899eafe8a70f2e21,https://www.kaggle.com/datasets/sheemazain/cataract-classification-dataset-in-ds,Sheema Zain,Apache 2.0,publisher-declared; upstream unresolved,train/mature/10_JPG_jpg.rf.be6d8046146fbd3933226f66b58817f8.jpg,EXIF transpose; RGB; maximum 800px; JPEG quality 95,1,train,sheemazain_a2e41d209ca8da49de,26e478b17616f868cc4fa9c4b6c20572f5662fb839883bfe78f887e26bd9991a
sheemazain_c0a364bbb90c08b9cc,https://www.kaggle.com/datasets/sheemazain/cataract-classification-dataset-in-ds,Sheema Zain,Apache 2.0,publisher-declared; upstream unresolved,train/mature/18_jpg.rf.c4a6854e2dfc2b7ec5bae0a29539fd71.jpg,EXIF transpose; RGB; maximum 800px; JPEG quality 95,1,train,sheemazain_e0da485e22abfe0ba9,6a4b6d95f0f7e6b26ec92c56dd47d9cff7d188cdbfb40746584700bdf9876162
sheemazain_c102f3abfd152202c5,https://www.kaggle.com/datasets/sheemazain/cataract-classification-dataset-in-ds,Sheema Zain,Apache 2.0,publisher-declared; upstream unresolved,train/immature/11_JPG_jpg.rf.035003a80ea3903f616a87dea317f54e.jpg,EXIF transpose; RGB; maximum 800px; JPEG quality 95,1,train,sheemazain_5163aa129d8db75bc6,ac6c2afcdf3ff2a6f2e26adc6c433d8a74b29f6c84341845d85637704b07c57f
sheemazain_c150c535687b38c4ac,https://www.kaggle.com/datasets/sheemazain/cataract-classification-dataset-in-ds,Sheema Zain,Apache 2.0,publisher-declared; upstream unresolved,train/mature/11_JPG_jpg.rf.b96ece1139b4062ac6f2f111c6d8c2e5.jpg,EXIF transpose; RGB; maximum 800px; JPEG quality 95,1,train,sheemazain_5163aa129d8db75bc6,76a2a73045623c79bc4bbe78834e8dc13337686eb8eec3fcdb953db7e79f9121
sheemazain_c26c863a6d7de628b7,https://www.kaggle.com/datasets/sheemazain/cataract-classification-dataset-in-ds,Sheema Zain,Apache 2.0,publisher-declared; upstream unresolved,train/mature/1_JPG.rf.2b275eeb1d45c1020d9d277f6c1fc08f.jpg,EXIF transpose; RGB; maximum 800px; JPEG quality 95,1,train,sheemazain_0e41667bbd788de79f,aa8fb4e5578dd4295ba1e76dcb4b254112278a866c4d368ed11b4bf0bbd854f9
sheemazain_c5f45b4c36766964c5,https://www.kaggle.com/datasets/sheemazain/cataract-classification-dataset-in-ds,Sheema Zain,Apache 2.0,publisher-declared; upstream unresolved,train/immature/20_jpg.rf.73c00b1459624ff6e81680cd55dc38f3.jpg,EXIF transpose; RGB; maximum 800px; JPEG quality 95,1,train,sheemazain_cc1b0bea12347377a4,bca2d9867e6adbd84b111c4b7d49c1a2c927d36708238c1d44fc1d23d8ba9690
sheemazain_c6e041f3aa4b81492e,https://www.kaggle.com/datasets/sheemazain/cataract-classification-dataset-in-ds,Sheema Zain,Apache 2.0,publisher-declared; upstream unresolved,train/immature/11_JPG.rf.457d048cb97a02a8773cef01b3ae894f.jpg,EXIF transpose; RGB; maximum 800px; JPEG quality 95,1,train,sheemazain_5163aa129d8db75bc6,9b8f9fed5e8e33a81aa542cf2752237df0e909eaf4938aaec767e2905ba687d5
sheemazain_c925c791a2607ee33f,https://www.kaggle.com/datasets/sheemazain/cataract-classification-dataset-in-ds,Sheema Zain,Apache 2.0,publisher-declared; upstream unresolved,train/immature/16_jpg.rf.fac659082ca9e747fd99a1ef4f39806a.jpg,EXIF transpose; RGB; maximum 800px; JPEG quality 95,1,train,sheemazain_b023e89b5ea7347f93,fd0b6f3b5ebede809a23e704c97e42026a53d2a878a282936e666b1bc15466cb
sheemazain_c974821376d5b6e018,https://www.kaggle.com/datasets/sheemazain/cataract-classification-dataset-in-ds,Sheema Zain,Apache 2.0,publisher-declared; upstream unresolved,train/mature/5_jpg.rf.96b8b3946d2ab5a65ca30532ece36cb7.jpg,EXIF transpose; RGB; maximum 800px; JPEG quality 95,1,train,sheemazain_46fa18ca5bf4d24707,7487ab3d77718a90e774d40de03cef42b833891ea9994b79d61c1eeaf430cc10
sheemazain_c989fc8aac997a0aed,https://www.kaggle.com/datasets/sheemazain/cataract-classification-dataset-in-ds,Sheema Zain,Apache 2.0,publisher-declared; upstream unresolved,train/mature/2_JPG.rf.8b22a8cb6522a1ad0068094fd6f3e355.jpg,EXIF transpose; RGB; maximum 800px; JPEG quality 95,1,train,sheemazain_57f5881ec69ab60fb8,bfe4183723b847eb89c6a0e0f8ca4a5f17fcb4aa6165f9f702e16d1c3a0d6228
sheemazain_c99bff12df53ee6606,https://www.kaggle.com/datasets/sheemazain/cataract-classification-dataset-in-ds,Sheema Zain,Apache 2.0,publisher-declared; upstream unresolved,train/immature/30_jpg.rf.2da37609a8f9cace01a0c80fd9be19b2.jpg,EXIF transpose; RGB; maximum 800px; JPEG quality 95,1,train,sheemazain_e74e58e838b903c3d4,be1e2c695857b76b4c8e8dfb9a91ea52b283a0c90f35fddc5ad2e2aeaf3c9622
sheemazain_c9ff1c787415beedab,https://www.kaggle.com/datasets/sheemazain/cataract-classification-dataset-in-ds,Sheema Zain,Apache 2.0,publisher-declared; upstream unresolved,train/mature/6_jpg.rf.10c830b84d20c6e33c0a75f45b9decc8.jpg,EXIF transpose; RGB; maximum 800px; JPEG quality 95,1,train,sheemazain_46a723932b191a207e,819552220d9a6e378248cb36790f997448a5380126c2fb22d6537387cd57aba0
sheemazain_ca86ddfd5df3e76c0f,https://www.kaggle.com/datasets/sheemazain/cataract-classification-dataset-in-ds,Sheema Zain,Apache 2.0,publisher-declared; upstream unresolved,train/mature/12_jpg.rf.8338ef93b4d41f3dec8699c13dced13e.jpg,EXIF transpose; RGB; maximum 800px; JPEG quality 95,1,train,sheemazain_ef412f4bc9798b3aed,1e2b0a83c5e4a82453bff4572f3cd27675c69151451b0182b6c7346b4d39e083
sheemazain_caa760785f75337b93,https://www.kaggle.com/datasets/sheemazain/cataract-classification-dataset-in-ds,Sheema Zain,Apache 2.0,publisher-declared; upstream unresolved,train/mature/1_JPG_jpg.rf.998dfa09a15c56db044883d757737f0e.jpg,EXIF transpose; RGB; maximum 800px; JPEG quality 95,1,train,sheemazain_0e41667bbd788de79f,95f6c0f9078e0c6b3ffe3ffa830e3540f496faf43ee48bb25663a024f16358e2
sheemazain_cb2e20808eb7e02dab,https://www.kaggle.com/datasets/sheemazain/cataract-classification-dataset-in-ds,Sheema Zain,Apache 2.0,publisher-declared; upstream unresolved,train/immature/3_JPG.rf.098c5b1bb5a8bd103f11271d855f35a7.jpg,EXIF transpose; RGB; maximum 800px; JPEG quality 95,1,train,sheemazain_0e41667bbd788de79f,fb07ce0c8435b1c65c8bbabbb461df415478482a9779a15fc5f5b14edcc6e856
sheemazain_cbc6ca9f0d4425c3e8,https://www.kaggle.com/datasets/sheemazain/cataract-classification-dataset-in-ds,Sheema Zain,Apache 2.0,publisher-declared; upstream unresolved,train/immature/5_jpg.rf.e87f2af574c55bc35d2d4ad866771e29.jpg,EXIF transpose; RGB; maximum 800px; JPEG quality 95,1,train,sheemazain_46fa18ca5bf4d24707,712344cf5db1809bca327869d3834c466345a918d70fd9420caf9845497c21e4
sheemazain_cc1b0bea12347377a4,https://www.kaggle.com/datasets/sheemazain/cataract-classification-dataset-in-ds,Sheema Zain,Apache 2.0,publisher-declared; upstream unresolved,train/mature/20_jpg.rf.f7292c0fc958827d24513d26e0325a4d.jpg,EXIF transpose; RGB; maximum 800px; JPEG quality 95,1,train,sheemazain_cc1b0bea12347377a4,89f99d5de0ecea7fbd57c57512f40296ffd5d8b4097016ac2892ec86799e4c88
sheemazain_cc207ff2ffa7def494,https://www.kaggle.com/datasets/sheemazain/cataract-classification-dataset-in-ds,Sheema Zain,Apache 2.0,publisher-declared; upstream unresolved,train/mature/19_jpg.rf.930fc9ea598237fcc8a5e0a0f6e49b02.jpg,EXIF transpose; RGB; maximum 800px; JPEG quality 95,1,train,sheemazain_02b5219ae43aeb136c,1299b80cf5eb8ab74d9371e9da1a01dc968abf20a3166fc921830c0e2c2e6742
sheemazain_cc54f79b61a33eac23,https://www.kaggle.com/datasets/sheemazain/cataract-classification-dataset-in-ds,Sheema Zain,Apache 2.0,publisher-declared; upstream unresolved,train/immature/5_jpg.rf.500ec7b116e56ef74912ca17aa180121.jpg,EXIF transpose; RGB; maximum 800px; JPEG quality 95,1,train,sheemazain_46fa18ca5bf4d24707,b35ca0687856b56afdfe2bf5921ebfbe547239b7dbb3149b6a0bffd0c9f794cf
sheemazain_cd422558e6222c5baf,https://www.kaggle.com/datasets/sheemazain/cataract-classification-dataset-in-ds,Sheema Zain,Apache 2.0,publisher-declared; upstream unresolved,train/immature/26_JPG_jpg.rf.43072ea9b378c04b1bd189f9ad05bf0a.jpg,EXIF transpose; RGB; maximum 800px; JPEG quality 95,1,train,sheemazain_a2e41d209ca8da49de,343594f6343fc7a9d22aecedbcdd99a98d65978bb320c77db9b410dc673a8f78
sheemazain_cd68e808f54a6846e9,https://www.kaggle.com/datasets/sheemazain/cataract-classification-dataset-in-ds,Sheema Zain,Apache 2.0,publisher-declared; upstream unresolved,train/mature/30_jpg.rf.e5a0c5d74e3e00f90cb0679e3867d40b.jpg,EXIF transpose; RGB; maximum 800px; JPEG quality 95,1,train,sheemazain_e74e58e838b903c3d4,4faf29b5a00bd2268c915d959d12dd098c3d582f16b8b7707fd694df96150b59
sheemazain_ce1b20c350418ef388,https://www.kaggle.com/datasets/sheemazain/cataract-classification-dataset-in-ds,Sheema Zain,Apache 2.0,publisher-declared; upstream unresolved,train/mature/30_jpg.rf.21be65453dbf3d89a763327bd28f383c.jpg,EXIF transpose; RGB; maximum 800px; JPEG quality 95,1,train,sheemazain_e74e58e838b903c3d4,226f83f560ad6364daf1a08e1831ca6e9b256d7cdac88dae84a48368432b170f
sheemazain_ce45d0e3758e95129f,https://www.kaggle.com/datasets/sheemazain/cataract-classification-dataset-in-ds,Sheema Zain,Apache 2.0,publisher-declared; upstream unresolved,train/immature/27_JPG_jpg.rf.c184acef82b32657f0a560a070be1270.jpg,EXIF transpose; RGB; maximum 800px; JPEG quality 95,1,train,sheemazain_2061575ca0fde207d1,55ce6c3492c5b614f52fe934adff0e0b83bec3308bfcf3fb907cc94498d03cff
sheemazain_ce8140661809bf1bcf,https://www.kaggle.com/datasets/sheemazain/cataract-classification-dataset-in-ds,Sheema Zain,Apache 2.0,publisher-declared; upstream unresolved,train/immature/15_jpg.rf.06350d6a0aeb9f2a1fd8380f128e5c74.jpg,EXIF transpose; RGB; maximum 800px; JPEG quality 95,1,train,sheemazain_4ee1162f0153a20f79,c80e2a0da55dad61db134cd4f6af81308441dbb56ec75cf2df93cfd174ba8aef
sheemazain_cedf775594a8da59a4,https://www.kaggle.com/datasets/sheemazain/cataract-classification-dataset-in-ds,Sheema Zain,Apache 2.0,publisher-declared; upstream unresolved,train/immature/2_jpg.rf.96441a1c0ffa75c51d6db592c93df087.jpg,EXIF transpose; RGB; maximum 800px; JPEG quality 95,1,train,sheemazain_57f5881ec69ab60fb8,da0bb4ba33d17d9ffb784661084770163354a89681d6a7487dbcc5534e004878
sheemazain_cf0afd42c3c39ad1de,https://www.kaggle.com/datasets/sheemazain/cataract-classification-dataset-in-ds,Sheema Zain,Apache 2.0,publisher-declared; upstream unresolved,train/mature/26_jpg.rf.a05117533d6a74c002aa762d712c774f.jpg,EXIF transpose; RGB; maximum 800px; JPEG quality 95,1,train,sheemazain_a2e41d209ca8da49de,b9a60cfaecc88364f0ed678a5f7a33aed385709c6b91d03315067bda729b8473
sheemazain_cfacb65ffd1b9e2479,https://www.kaggle.com/datasets/sheemazain/cataract-classification-dataset-in-ds,Sheema Zain,Apache 2.0,publisher-declared; upstream unresolved,train/immature/29_JPG_jpg.rf.22298990a0637197287b81e302d6a44e.jpg,EXIF transpose; RGB; maximum 800px; JPEG quality 95,1,train,sheemazain_15d67e9b75864bf3b1,335077260ee625c0b5f3747ef6cfd8b268557f149c6bd8df7d4900ca236ecf34
sheemazain_d0d4217d6097a6195b,https://www.kaggle.com/datasets/sheemazain/cataract-classification-dataset-in-ds,Sheema Zain,Apache 2.0,publisher-declared; upstream unresolved,train/immature/24_JPG_jpg.rf.a2baaf167a2cfec62216263fc929bc4b.jpg,EXIF transpose; RGB; maximum 800px; JPEG quality 95,1,val,sheemazain_81fe607a0aac456a23,518aa6c890ab3df1ae02228fcc5ac8d1529a3241673a3132387e8bf937462b5f
sheemazain_d1d6fdb85fe7256da7,https://www.kaggle.com/datasets/sheemazain/cataract-classification-dataset-in-ds,Sheema Zain,Apache 2.0,publisher-declared; upstream unresolved,train/mature/5_jpg.rf.e0dea9755c67277f4683c8938d0ed51e.jpg,EXIF transpose; RGB; maximum 800px; JPEG quality 95,1,train,sheemazain_46fa18ca5bf4d24707,43b9b8ac1adbbf581f3888e01c009acc445b12cb6f8e645ef21dc16addb3cbd5
sheemazain_d287e27cb1da5b3171,https://www.kaggle.com/datasets/sheemazain/cataract-classification-dataset-in-ds,Sheema Zain,Apache 2.0,publisher-declared; upstream unresolved,train/mature/4_JPG_jpg.rf.b5a62fefe66828a223fb3a050048c036.jpg,EXIF transpose; RGB; maximum 800px; JPEG quality 95,1,train,sheemazain_d287e27cb1da5b3171,3d3f97206931444630e7b175cc1fd9b18e197f889de8d885f69bd6c34927e336
sheemazain_d51b42d56701d5e1aa,https://www.kaggle.com/datasets/sheemazain/cataract-classification-dataset-in-ds,Sheema Zain,Apache 2.0,publisher-declared; upstream unresolved,train/mature/24_jpg.rf.1b8bdc9bf83bd39265848d8165fa1f41.jpg,EXIF transpose; RGB; maximum 800px; JPEG quality 95,1,val,sheemazain_81fe607a0aac456a23,65804b558372dee1aef0e643480ae4f8b187dad9a4bc6917bd687cad826359a2
sheemazain_d58facd1eb5fcf5446,https://www.kaggle.com/datasets/sheemazain/cataract-classification-dataset-in-ds,Sheema Zain,Apache 2.0,publisher-declared; upstream unresolved,train/immature/28_JPG_jpg.rf.68464f72ef82e842b5e1736ab7b90aef.jpg,EXIF transpose; RGB; maximum 800px; JPEG quality 95,1,val,sheemazain_22173a14aa39441a1b,2e009c48615e9649df85dd7021a9ec80d5c585b791260ff188e6c1a57ec9f32b
sheemazain_d62439e842c09bb90e,https://www.kaggle.com/datasets/sheemazain/cataract-classification-dataset-in-ds,Sheema Zain,Apache 2.0,publisher-declared; upstream unresolved,train/mature/17_jpg.rf.4aeca1f1970530d325a32e02f895b8a9.jpg,EXIF transpose; RGB; maximum 800px; JPEG quality 95,1,train,sheemazain_4ee1162f0153a20f79,3677937cd34143d06f5c7233f079d3d2cce1613403127311c46ac42996ae0c8c
sheemazain_d7331e398bb743807e,https://www.kaggle.com/datasets/sheemazain/cataract-classification-dataset-in-ds,Sheema Zain,Apache 2.0,publisher-declared; upstream unresolved,train/mature/13_JPG_jpg.rf.d9555d6f2127d19a78d7ae6d2001ccdb.jpg,EXIF transpose; RGB; maximum 800px; JPEG quality 95,1,val,sheemazain_d7331e398bb743807e,0b359fafcf5a819e2d1b6780b34d0f02d61901ce211bdc54bdb6c2031652e629
sheemazain_d802f53d009e901d01,https://www.kaggle.com/datasets/sheemazain/cataract-classification-dataset-in-ds,Sheema Zain,Apache 2.0,publisher-declared; upstream unresolved,train/immature/29_JPG_jpg.rf.09ec40fc7784fbb53f4790f82e14669d.jpg,EXIF transpose; RGB; maximum 800px; JPEG quality 95,1,train,sheemazain_15d67e9b75864bf3b1,eb1ab9c3d2d91bb958039727ee0d675444cea79033508937c0f558f64d5e76d3
sheemazain_d8154e1b258244212b,https://www.kaggle.com/datasets/sheemazain/cataract-classification-dataset-in-ds,Sheema Zain,Apache 2.0,publisher-declared; upstream unresolved,train/immature/25_JPG_jpg.rf.f1cb3d9753f3784ff18602d9252bbe01.jpg,EXIF transpose; RGB; maximum 800px; JPEG quality 95,1,train,sheemazain_f3c81bde03ea681961,fa491268f85dcffc21c8d6fa83a7d28ee545baba40058d480c7dcfcec516b2a9
sheemazain_d896723bfcebbf99a9,https://www.kaggle.com/datasets/sheemazain/cataract-classification-dataset-in-ds,Sheema Zain,Apache 2.0,publisher-declared; upstream unresolved,train/immature/21_JPG.rf.2f6c550c41cdb263cb9c20c0bbcd6dde.jpg,EXIF transpose; RGB; maximum 800px; JPEG quality 95,1,train,sheemazain_32a19f181003e33a6b,5ff057985a54f063af716d951380890a9b2146a3d47f8e1664d545ab5bf9dfda
sheemazain_d93bc666e32e57c7d4,https://www.kaggle.com/datasets/sheemazain/cataract-classification-dataset-in-ds,Sheema Zain,Apache 2.0,publisher-declared; upstream unresolved,train/immature/25_JPG.rf.f9e4efe036692656d568ad39a96e2292.jpg,EXIF transpose; RGB; maximum 800px; JPEG quality 95,1,train,sheemazain_f3c81bde03ea681961,b7b6d80e7c211dd4f6163b11498a898dcd49c378da1502ce97ce59e16099b1c1
sheemazain_d98bc273afb6236e73,https://www.kaggle.com/datasets/sheemazain/cataract-classification-dataset-in-ds,Sheema Zain,Apache 2.0,publisher-declared; upstream unresolved,train/mature/23_jpg.rf.84dc78e18817fd6578fe409d124a8605.jpg,EXIF transpose; RGB; maximum 800px; JPEG quality 95,1,train,sheemazain_5524e04c6a781a0b9a,cc3c89ebddc3eaa9d4c4fdf3d5835d64db62acdda3d48c594ae632177f033451
sheemazain_d991e533f2da6c033e,https://www.kaggle.com/datasets/sheemazain/cataract-classification-dataset-in-ds,Sheema Zain,Apache 2.0,publisher-declared; upstream unresolved,train/immature/7_jpg.rf.f30c4cd61ae8e7de98a5cbf93a19ac17.jpg,EXIF transpose; RGB; maximum 800px; JPEG quality 95,1,train,sheemazain_162e6827d3fb3ca36a,cdaa4579d6f23f84b7d2865eceabeb1ab73aefd22eeec56c0e407aef093e4772
sheemazain_da54f6b6818bd4a93e,https://www.kaggle.com/datasets/sheemazain/cataract-classification-dataset-in-ds,Sheema Zain,Apache 2.0,publisher-declared; upstream unresolved,train/mature/8_JPG_jpg.rf.18128229f1171bcbc0445c6f08e971db.jpg,EXIF transpose; RGB; maximum 800px; JPEG quality 95,1,train,sheemazain_6ac10ae4d850ea6504,22c6ae7b3798a24fe1e10a46973445fedc6c9e2429454ac95acb29b63f6cb690
sheemazain_da7961e663688c9fbf,https://www.kaggle.com/datasets/sheemazain/cataract-classification-dataset-in-ds,Sheema Zain,Apache 2.0,publisher-declared; upstream unresolved,train/mature/11_JPG_jpg.rf.15c8c5f274a25583df757aa29530a18d.jpg,EXIF transpose; RGB; maximum 800px; JPEG quality 95,1,train,sheemazain_5163aa129d8db75bc6,5c87d8a807a82c645d860c281100a47f5746dce36c37050a51937ec416bb0b1b
sheemazain_da94720a1607e252e3,https://www.kaggle.com/datasets/sheemazain/cataract-classification-dataset-in-ds,Sheema Zain,Apache 2.0,publisher-declared; upstream unresolved,train/mature/25_jpg.rf.7f338440963209cb7b0ce08e8acbb8eb.jpg,EXIF transpose; RGB; maximum 800px; JPEG quality 95,1,train,sheemazain_f3c81bde03ea681961,4335e41c3fd5ce57a74b53c827603c422b4d2547bd36a654a909c83ca79e960e
sheemazain_db2191be23bf05795a,https://www.kaggle.com/datasets/sheemazain/cataract-classification-dataset-in-ds,Sheema Zain,Apache 2.0,publisher-declared; upstream unresolved,train/immature/10_JPG.rf.faba8129f089f732310fb2d1535b009a.jpg,EXIF transpose; RGB; maximum 800px; JPEG quality 95,1,train,sheemazain_a2e41d209ca8da49de,75f1d74aaadcc2f4968b7ec1ad445a8fd382a7c58f3aabb3b99339547be69e04
sheemazain_dcba6e8606cdd72dbe,https://www.kaggle.com/datasets/sheemazain/cataract-classification-dataset-in-ds,Sheema Zain,Apache 2.0,publisher-declared; upstream unresolved,train/immature/15_jpg.rf.23339bc8d26b22f1a7d5c363f96053ec.jpg,EXIF transpose; RGB; maximum 800px; JPEG quality 95,1,train,sheemazain_4ee1162f0153a20f79,ae386df9ffc4566564cb6a5c840eff8a13784b33dfafb5a455ce622a8ce925b3
sheemazain_dcd2da7e7e9de2c91c,https://www.kaggle.com/datasets/sheemazain/cataract-classification-dataset-in-ds,Sheema Zain,Apache 2.0,publisher-declared; upstream unresolved,train/immature/5_jpg.rf.ff10473c497b29d584c42136e8dc2d62.jpg,EXIF transpose; RGB; maximum 800px; JPEG quality 95,1,train,sheemazain_46fa18ca5bf4d24707,0deaae63d80f4d9445c601aec506adca1e3baee85cbd8ec3cea1e4818aa8b5b7
sheemazain_dd3cee08af141f1ebe,https://www.kaggle.com/datasets/sheemazain/cataract-classification-dataset-in-ds,Sheema Zain,Apache 2.0,publisher-declared; upstream unresolved,train/mature/24_jpg.rf.c027bee9211ecdc666410017ca0add4e.jpg,EXIF transpose; RGB; maximum 800px; JPEG quality 95,1,val,sheemazain_81fe607a0aac456a23,a1c7f7af54eadd788fd16ee130b1175e83d13d66d8cd745ae77921175cf75b8c
sheemazain_dd62afdd51b397a25e,https://www.kaggle.com/datasets/sheemazain/cataract-classification-dataset-in-ds,Sheema Zain,Apache 2.0,publisher-declared; upstream unresolved,train/immature/21_JPG_jpg.rf.0932d386a556bb4a642d29d8f90d271d.jpg,EXIF transpose; RGB; maximum 800px; JPEG quality 95,1,train,sheemazain_32a19f181003e33a6b,795df088016a6d1530ea9b45e8b0431dbe9d18b9f46e5a99af431ef4ba312328
sheemazain_ddd5fe475924caa273,https://www.kaggle.com/datasets/sheemazain/cataract-classification-dataset-in-ds,Sheema Zain,Apache 2.0,publisher-declared; upstream unresolved,train/mature/3_jpg.rf.3b14bcf6803510a7688747deed90d46e.jpg,EXIF transpose; RGB; maximum 800px; JPEG quality 95,1,train,sheemazain_0e41667bbd788de79f,d57b5553346aeb50267bd5ea49d0b1cda21e3123004f87dddca8a846544072de
sheemazain_de7234c267d38d8443,https://www.kaggle.com/datasets/sheemazain/cataract-classification-dataset-in-ds,Sheema Zain,Apache 2.0,publisher-declared; upstream unresolved,train/immature/15_jpg.rf.a1e9cc852ffb9c5fbaf535068b7d90e4.jpg,EXIF transpose; RGB; maximum 800px; JPEG quality 95,1,train,sheemazain_4ee1162f0153a20f79,5bde7df4c920867eca9a4f0ff28433027f4bc001cbdc4b9fe414bdb07e330095
sheemazain_deeac16765c702718e,https://www.kaggle.com/datasets/sheemazain/cataract-classification-dataset-in-ds,Sheema Zain,Apache 2.0,publisher-declared; upstream unresolved,train/mature/2_JPG_jpg.rf.82e904963e928bb39d0302a7aeacc8f7.jpg,EXIF transpose; RGB; maximum 800px; JPEG quality 95,1,train,sheemazain_57f5881ec69ab60fb8,1fb9d899315e057e7efffa6b4361f4d77557efc0379beaf8dbe281b1bce006fa
sheemazain_df4a7ad5cf7a11c55a,https://www.kaggle.com/datasets/sheemazain/cataract-classification-dataset-in-ds,Sheema Zain,Apache 2.0,publisher-declared; upstream unresolved,train/immature/5_jpg.rf.d0d3e411e1c02d47f14bccaa9c91ed05.jpg,EXIF transpose; RGB; maximum 800px; JPEG quality 95,1,train,sheemazain_46fa18ca5bf4d24707,c8c34377621895db26a827035608eadab4c0f59db56aaeb0ba804f14d8cc7277
sheemazain_df6dd7e5be4a8018f5,https://www.kaggle.com/datasets/sheemazain/cataract-classification-dataset-in-ds,Sheema Zain,Apache 2.0,publisher-declared; upstream unresolved,train/immature/13_jpg.rf.a9412d933093ddd65cecc779b440df54.jpg,EXIF transpose; RGB; maximum 800px; JPEG quality 95,1,val,sheemazain_d7331e398bb743807e,9c96795c7c3eb5a9f68f87a78ba656320737695d2ae3633fe66ece119503b622
sheemazain_df8fb57e533889ac0b,https://www.kaggle.com/datasets/sheemazain/cataract-classification-dataset-in-ds,Sheema Zain,Apache 2.0,publisher-declared; upstream unresolved,train/mature/28_jpg.rf.1b401632866100ac825f33d96ef9732f.jpg,EXIF transpose; RGB; maximum 800px; JPEG quality 95,1,val,sheemazain_22173a14aa39441a1b,1360e434ab591835e0d48e34f3178fe39c4313a47f74a563525c784d655f1180
sheemazain_e0da485e22abfe0ba9,https://www.kaggle.com/datasets/sheemazain/cataract-classification-dataset-in-ds,Sheema Zain,Apache 2.0,publisher-declared; upstream unresolved,train/mature/18_jpg.rf.e941263a8c0fb13df2d8af4b3ebb40b3.jpg,EXIF transpose; RGB; maximum 800px; JPEG quality 95,1,train,sheemazain_e0da485e22abfe0ba9,d4f75847a7b69130718dddfcb013b982cf3f5fb87de491377608fffebac6162c
sheemazain_e14ef38ec77e29f584,https://www.kaggle.com/datasets/sheemazain/cataract-classification-dataset-in-ds,Sheema Zain,Apache 2.0,publisher-declared; upstream unresolved,train/mature/4_JPG_jpg.rf.2fb5a6ae058f6ef8fa7c4e7f9183a438.jpg,EXIF transpose; RGB; maximum 800px; JPEG quality 95,1,train,sheemazain_d287e27cb1da5b3171,3e21d2cd5065c076eedc9b7661b7e6943b753535a8f759b8db48e70492555987
sheemazain_e199fd068923a669a0,https://www.kaggle.com/datasets/sheemazain/cataract-classification-dataset-in-ds,Sheema Zain,Apache 2.0,publisher-declared; upstream unresolved,train/mature/22_jpg.rf.50e1dc3069127c9059fb939efdddad59.jpg,EXIF transpose; RGB; maximum 800px; JPEG quality 95,1,train,sheemazain_acb2c8c057f775d31f,97a9fb29c24a43f81c9c3067109f93a7214120e81b5e2e1af73e3817929538a3
sheemazain_e2863c98c8b73c568e,https://www.kaggle.com/datasets/sheemazain/cataract-classification-dataset-in-ds,Sheema Zain,Apache 2.0,publisher-declared; upstream unresolved,train/mature/19_jpg.rf.46d5d1818e7745f1fba6eefd84bf0216.jpg,EXIF transpose; RGB; maximum 800px; JPEG quality 95,1,train,sheemazain_02b5219ae43aeb136c,aefcdec79963c7cf339cc7f960bc37147129e74f0b97f267bed1153b9822f94d
sheemazain_e306668ede8cd00659,https://www.kaggle.com/datasets/sheemazain/cataract-classification-dataset-in-ds,Sheema Zain,Apache 2.0,publisher-declared; upstream unresolved,train/mature/12_jpg.rf.b4c52f77dc4c0d288534db38134b5fd9.jpg,EXIF transpose; RGB; maximum 800px; JPEG quality 95,1,train,sheemazain_ef412f4bc9798b3aed,a5bf5e44777d6404e8e040ffc983375b811bdcbc98931d55c9fbf2d6a81aa9aa
sheemazain_e33f7441402d5599f3,https://www.kaggle.com/datasets/sheemazain/cataract-classification-dataset-in-ds,Sheema Zain,Apache 2.0,publisher-declared; upstream unresolved,train/immature/9_jpg.rf.20b9daa4aa03d8b61d635cd2d4b62a95.jpg,EXIF transpose; RGB; maximum 800px; JPEG quality 95,1,train,sheemazain_89498ae14eb1c3fde1,e3a3e9e8dad6670720f2aa5108aa71178bb0f6c4178272342582cdef0fc2be3e
sheemazain_e36a31fd2b9ea1ce98,https://www.kaggle.com/datasets/sheemazain/cataract-classification-dataset-in-ds,Sheema Zain,Apache 2.0,publisher-declared; upstream unresolved,train/mature/3_jpg.rf.5141aedbefbcf30e1101fbb224626566.jpg,EXIF transpose; RGB; maximum 800px; JPEG quality 95,1,train,sheemazain_0e41667bbd788de79f,0e8d6157612c515afb8ce93399953147d04ec574dd0871c7638394a4bfc2bca8
sheemazain_e37807f28a56287ccc,https://www.kaggle.com/datasets/sheemazain/cataract-classification-dataset-in-ds,Sheema Zain,Apache 2.0,publisher-declared; upstream unresolved,train/immature/30_jpg.rf.70e1e615059856ad8c4c0b308881ca2d.jpg,EXIF transpose; RGB; maximum 800px; JPEG quality 95,1,train,sheemazain_e74e58e838b903c3d4,fd62fe9927fd3527b989c182705a1c68aa5de95a71da64150ab2a5e742e89fbf
sheemazain_e3bf498f4be708dcbb,https://www.kaggle.com/datasets/sheemazain/cataract-classification-dataset-in-ds,Sheema Zain,Apache 2.0,publisher-declared; upstream unresolved,train/immature/12_JPG_jpg.rf.47afc90bf56dc895354c5a454bcac329.jpg,EXIF transpose; RGB; maximum 800px; JPEG quality 95,1,train,sheemazain_ef412f4bc9798b3aed,273cbd70380f3facf2d87e6bc58a3f1a1b0982fda23e638fdd29817c7677c5c0
sheemazain_e4cdba035ea820382f,https://www.kaggle.com/datasets/sheemazain/cataract-classification-dataset-in-ds,Sheema Zain,Apache 2.0,publisher-declared; upstream unresolved,train/mature/29_jpg.rf.ce420d7a711e905ce707593c7f4abb70.jpg,EXIF transpose; RGB; maximum 800px; JPEG quality 95,1,train,sheemazain_15d67e9b75864bf3b1,c5accd1cad8ad1ec5736227f390230bc26f865a3a18c147d5af723b395b426c4
sheemazain_e51dfe5e062020f415,https://www.kaggle.com/datasets/sheemazain/cataract-classification-dataset-in-ds,Sheema Zain,Apache 2.0,publisher-declared; upstream unresolved,train/immature/4_jpg.rf.b192c4183ab21036ddcadae56ca17237.jpg,EXIF transpose; RGB; maximum 800px; JPEG quality 95,1,train,sheemazain_d287e27cb1da5b3171,b53de8150b2d2cfa64f5dc5e1d5d88eb446310cafa3d54b67ef99a37ddaf1562
sheemazain_e5487ff80c8bc683cb,https://www.kaggle.com/datasets/sheemazain/cataract-classification-dataset-in-ds,Sheema Zain,Apache 2.0,publisher-declared; upstream unresolved,train/immature/27_JPG.rf.6bcda5369be9d18e27624dbf69252bf9.jpg,EXIF transpose; RGB; maximum 800px; JPEG quality 95,1,train,sheemazain_2061575ca0fde207d1,eb294b58e25b0a5d797a2fb34a38f8bf50be6abf615dc7f6d3c28a84c56e8b5b
sheemazain_e6dab11b4e2b7a4565,https://www.kaggle.com/datasets/sheemazain/cataract-classification-dataset-in-ds,Sheema Zain,Apache 2.0,publisher-declared; upstream unresolved,train/immature/23_JPG_jpg.rf.579e64bd3419b119b1faee857f45093d.jpg,EXIF transpose; RGB; maximum 800px; JPEG quality 95,1,train,sheemazain_5524e04c6a781a0b9a,c0ccd7bfaf8451f3cb633b5948d3a591ba3f9595d6888283d950f98525c33b6d
sheemazain_e74e58e838b903c3d4,https://www.kaggle.com/datasets/sheemazain/cataract-classification-dataset-in-ds,Sheema Zain,Apache 2.0,publisher-declared; upstream unresolved,train/mature/30_jpg.rf.f408efee9d182af563f2359a45c235d4.jpg,EXIF transpose; RGB; maximum 800px; JPEG quality 95,1,train,sheemazain_e74e58e838b903c3d4,ef5e932fd0466a79fe8f47dca5eb665185245f8ab8a9fa505c82df3ec13c170b
sheemazain_e796a22dea9f317961,https://www.kaggle.com/datasets/sheemazain/cataract-classification-dataset-in-ds,Sheema Zain,Apache 2.0,publisher-declared; upstream unresolved,train/immature/2_jpg.rf.2a792ae7900b266c42bec6b01066c192.jpg,EXIF transpose; RGB; maximum 800px; JPEG quality 95,1,train,sheemazain_57f5881ec69ab60fb8,af83b8c36234429e211024be68ae7279aa286bd776eaa8ba4ed534b6629f3716
sheemazain_e7b1020ef07a68d49a,https://www.kaggle.com/datasets/sheemazain/cataract-classification-dataset-in-ds,Sheema Zain,Apache 2.0,publisher-declared; upstream unresolved,train/mature/10_JPG.rf.99b6f07e37d34e00ce1a0cffb9ce2122.jpg,EXIF transpose; RGB; maximum 800px; JPEG quality 95,1,train,sheemazain_a2e41d209ca8da49de,b15e1bb57962532ba29d04e318707c0cb14557652f9b0d0efc1096505f5da357
sheemazain_e82de0b28b986c03b1,https://www.kaggle.com/datasets/sheemazain/cataract-classification-dataset-in-ds,Sheema Zain,Apache 2.0,publisher-declared; upstream unresolved,train/immature/6_jpg.rf.5505ad4a9de040d667bfb649e85fa2d8.jpg,EXIF transpose; RGB; maximum 800px; JPEG quality 95,1,train,sheemazain_46a723932b191a207e,1c578e81f4150e2bd55a9ea4313825f99aec9320c319c5e462043b9200d02a09
sheemazain_e8956fe1f53a219f93,https://www.kaggle.com/datasets/sheemazain/cataract-classification-dataset-in-ds,Sheema Zain,Apache 2.0,publisher-declared; upstream unresolved,train/immature/17_jpg.rf.6d1e58908c2c8fa65e1cc782b3cf1104.jpg,EXIF transpose; RGB; maximum 800px; JPEG quality 95,1,train,sheemazain_4ee1162f0153a20f79,eeb68828038b0126d98d57754e80fa046ccc23193eb288462ea667510ae27b0a
sheemazain_e8ae094b8c02ecd78e,https://www.kaggle.com/datasets/sheemazain/cataract-classification-dataset-in-ds,Sheema Zain,Apache 2.0,publisher-declared; upstream unresolved,train/immature/13_jpg.rf.97eb3f9ccfbb0b23dce83f620c628783.jpg,EXIF transpose; RGB; maximum 800px; JPEG quality 95,1,val,sheemazain_d7331e398bb743807e,44aca883d8f085bb1881004ee749fe0d4e681feeae834bfb84b0010ac8c08e90
sheemazain_e8e2dfe43bb9ad4f97,https://www.kaggle.com/datasets/sheemazain/cataract-classification-dataset-in-ds,Sheema Zain,Apache 2.0,publisher-declared; upstream unresolved,train/immature/13_jpg.rf.7f0c5b6f4117378d61ceb21562468e2f.jpg,EXIF transpose; RGB; maximum 800px; JPEG quality 95,1,val,sheemazain_d7331e398bb743807e,5c033e0f0e152bc970ede209d874459cf99997e0ce7125b6b5964fba628ebc35
sheemazain_e9f1a85a77d419d369,https://www.kaggle.com/datasets/sheemazain/cataract-classification-dataset-in-ds,Sheema Zain,Apache 2.0,publisher-declared; upstream unresolved,train/mature/4_JPG.rf.d4691d129ed470b0360d233acec00434.jpg,EXIF transpose; RGB; maximum 800px; JPEG quality 95,1,train,sheemazain_d287e27cb1da5b3171,9033dbf26442fafa093efe0495f00ea113b0035c2c3900911890514958363018
sheemazain_ec9cab7d89647b24c0,https://www.kaggle.com/datasets/sheemazain/cataract-classification-dataset-in-ds,Sheema Zain,Apache 2.0,publisher-declared; upstream unresolved,train/mature/7_jpg.rf.1eded81344ab4a03df5a0bee4ad834ce.jpg,EXIF transpose; RGB; maximum 800px; JPEG quality 95,1,train,sheemazain_162e6827d3fb3ca36a,77da99e2302c4495183e599c96dc1080edd5df11db01751ae74caba24b3c5d80
sheemazain_ed1c14c707b22d0a66,https://www.kaggle.com/datasets/sheemazain/cataract-classification-dataset-in-ds,Sheema Zain,Apache 2.0,publisher-declared; upstream unresolved,train/mature/13_JPG_jpg.rf.5957ca9500179574af9a2b4f9e6d46c3.jpg,EXIF transpose; RGB; maximum 800px; JPEG quality 95,1,val,sheemazain_d7331e398bb743807e,69170cbb5a5804b5676830f7e25b1ce185c7f40468f78bbb3cd713666ff6f617
sheemazain_eda8ab1565ef667db4,https://www.kaggle.com/datasets/sheemazain/cataract-classification-dataset-in-ds,Sheema Zain,Apache 2.0,publisher-declared; upstream unresolved,train/immature/10_JPG_jpg.rf.005c5020edb7161293daaedb5dd10ba4.jpg,EXIF transpose; RGB; maximum 800px; JPEG quality 95,1,train,sheemazain_a2e41d209ca8da49de,93218f059a259ddb5ecb7cc60262f1d0cab06d47bd46216436fd5636a0b0b4c6
sheemazain_edc3782d3e9be57306,https://www.kaggle.com/datasets/sheemazain/cataract-classification-dataset-in-ds,Sheema Zain,Apache 2.0,publisher-declared; upstream unresolved,train/mature/14_JPG_jpg.rf.339fcc347d72aa00cef14dd0cdd3e6a3.jpg,EXIF transpose; RGB; maximum 800px; JPEG quality 95,1,train,sheemazain_fe5b2b47901532b838,c2d5be29247c0ce744976b7b86c5fa7fc11a835256a55a25a6412a985fc551be
sheemazain_ee59267b00aca429d9,https://www.kaggle.com/datasets/sheemazain/cataract-classification-dataset-in-ds,Sheema Zain,Apache 2.0,publisher-declared; upstream unresolved,train/mature/13_JPG.rf.18b8930ccf0b114aecd9a740380996d6.jpg,EXIF transpose; RGB; maximum 800px; JPEG quality 95,1,val,sheemazain_d7331e398bb743807e,7d151b530ace2db804a2b8a198bb97c97fcb1c6dce88b91e548235e9821b3eb1
sheemazain_ef412f4bc9798b3aed,https://www.kaggle.com/datasets/sheemazain/cataract-classification-dataset-in-ds,Sheema Zain,Apache 2.0,publisher-declared; upstream unresolved,train/mature/12_jpg.rf.e1a3c7524dbfe475b4cdbd382e437756.jpg,EXIF transpose; RGB; maximum 800px; JPEG quality 95,1,train,sheemazain_ef412f4bc9798b3aed,ba575f8286344eb003cf8b98f983436bc479f46e61c8cbfd1fd2f339d65d4ebc
sheemazain_f04642f4f573f459bf,https://www.kaggle.com/datasets/sheemazain/cataract-classification-dataset-in-ds,Sheema Zain,Apache 2.0,publisher-declared; upstream unresolved,train/mature/6_jpg.rf.3309e9ead3fbfc08ff3049d9c66e081b.jpg,EXIF transpose; RGB; maximum 800px; JPEG quality 95,1,train,sheemazain_46a723932b191a207e,539f4aa7062a979e75aa02c095e67767ae6ecd34eb7ba484977410045bfcf6c9
sheemazain_f0db1399b9b401b282,https://www.kaggle.com/datasets/sheemazain/cataract-classification-dataset-in-ds,Sheema Zain,Apache 2.0,publisher-declared; upstream unresolved,train/immature/24_JPG_jpg.rf.36db02aa8be5d5df5222a989fbc2b9d9.jpg,EXIF transpose; RGB; maximum 800px; JPEG quality 95,1,val,sheemazain_81fe607a0aac456a23,fc1919e6ade411ed878173d95655b7e18a33522afdbf3fc268825d813d1f146f
sheemazain_f3261b4f11fbd2080b,https://www.kaggle.com/datasets/sheemazain/cataract-classification-dataset-in-ds,Sheema Zain,Apache 2.0,publisher-declared; upstream unresolved,train/mature/1_JPG_jpg.rf.fa22e0f8e4b3dd72a112af495c9b6bca.jpg,EXIF transpose; RGB; maximum 800px; JPEG quality 95,1,train,sheemazain_0e41667bbd788de79f,d986ec4a2c7f93451782618c71b84ec2a5e9603317212db5ca797260f6d737c7
sheemazain_f3c81bde03ea681961,https://www.kaggle.com/datasets/sheemazain/cataract-classification-dataset-in-ds,Sheema Zain,Apache 2.0,publisher-declared; upstream unresolved,train/mature/25_jpg.rf.e2858af953cd792a5ed1d51bce6b7030.jpg,EXIF transpose; RGB; maximum 800px; JPEG quality 95,1,train,sheemazain_f3c81bde03ea681961,1d2062a97004783cebfe34d7c169dc012a79d4dbc1ac1655c822a57ce82fea31
sheemazain_f3f51a7501af963c7f,https://www.kaggle.com/datasets/sheemazain/cataract-classification-dataset-in-ds,Sheema Zain,Apache 2.0,publisher-declared; upstream unresolved,train/immature/6_jpg.rf.132db3d1aa367cf745606343e1e8b52d.jpg,EXIF transpose; RGB; maximum 800px; JPEG quality 95,1,train,sheemazain_46a723932b191a207e,99fcaf2fc70e260c4ed3e34d7e4f3f29d00c7a4f53be85fc49afc935fca21d57
sheemazain_f488bf27d44fb6855a,https://www.kaggle.com/datasets/sheemazain/cataract-classification-dataset-in-ds,Sheema Zain,Apache 2.0,publisher-declared; upstream unresolved,train/mature/16_jpg.rf.37199d7eba9adf735f3318c7937c9f6e.jpg,EXIF transpose; RGB; maximum 800px; JPEG quality 95,1,train,sheemazain_b023e89b5ea7347f93,28327d0e518788fc3de5153d90667be59b92b6a7bf74baacb62aecfc86d97f92
sheemazain_f5241219a1310317d2,https://www.kaggle.com/datasets/sheemazain/cataract-classification-dataset-in-ds,Sheema Zain,Apache 2.0,publisher-declared; upstream unresolved,train/immature/17_jpg.rf.21eda2057e762bb0f50407bf36baac3e.jpg,EXIF transpose; RGB; maximum 800px; JPEG quality 95,1,train,sheemazain_4ee1162f0153a20f79,4fdce484ba74087717ddb6cbe50a15957a6e2d03d5d1bf36bb7c761860e01fc4
sheemazain_f55885cbbc1cd31b56,https://www.kaggle.com/datasets/sheemazain/cataract-classification-dataset-in-ds,Sheema Zain,Apache 2.0,publisher-declared; upstream unresolved,train/immature/26_JPG_jpg.rf.60fead114d26ecfdf5d9e3158bc36967.jpg,EXIF transpose; RGB; maximum 800px; JPEG quality 95,1,train,sheemazain_a2e41d209ca8da49de,a454d9d2c1d76c5cafc1a003013943b0b4a64a74266199effa9293b198e7e102
sheemazain_f64b40381fef8b35d5,https://www.kaggle.com/datasets/sheemazain/cataract-classification-dataset-in-ds,Sheema Zain,Apache 2.0,publisher-declared; upstream unresolved,train/mature/10_JPG_jpg.rf.b514ac54fa6faa2e1bb5168968d709b2.jpg,EXIF transpose; RGB; maximum 800px; JPEG quality 95,1,train,sheemazain_a2e41d209ca8da49de,d7a64cea2721c5e6fa4f5eeb79522ea658d07553e87330a19e10ad1ac2454b1f
sheemazain_f90d688851028f4193,https://www.kaggle.com/datasets/sheemazain/cataract-classification-dataset-in-ds,Sheema Zain,Apache 2.0,publisher-declared; upstream unresolved,train/mature/12_jpg.rf.99563f09475f100971fadcc4a0d51a2d.jpg,EXIF transpose; RGB; maximum 800px; JPEG quality 95,1,train,sheemazain_ef412f4bc9798b3aed,cfc1aaa4d590c2c6e16680b0d84e1fcea55623a3a21e85c5ea4c12e6f3f2b7d6
sheemazain_f9c4143bafde372340,https://www.kaggle.com/datasets/sheemazain/cataract-classification-dataset-in-ds,Sheema Zain,Apache 2.0,publisher-declared; upstream unresolved,train/mature/2_JPG_jpg.rf.5d3e0d79374bc5fbc4fa5788aadd231f.jpg,EXIF transpose; RGB; maximum 800px; JPEG quality 95,1,train,sheemazain_57f5881ec69ab60fb8,05e42eb7ffba91db7975f2363892ec0672a41bc87bf1b52ba1501ccff84d9e8d
sheemazain_f9f0a474281d3bc5e5,https://www.kaggle.com/datasets/sheemazain/cataract-classification-dataset-in-ds,Sheema Zain,Apache 2.0,publisher-declared; upstream unresolved,train/mature/24_jpg.rf.b2426a19943953ad58c45fe97f5732eb.jpg,EXIF transpose; RGB; maximum 800px; JPEG quality 95,1,val,sheemazain_81fe607a0aac456a23,8e9237192068238de2a504f5ef558d60a6dbc561827ada05413cd7fcc9ca0063
sheemazain_fb86034787d866f386,https://www.kaggle.com/datasets/sheemazain/cataract-classification-dataset-in-ds,Sheema Zain,Apache 2.0,publisher-declared; upstream unresolved,train/immature/20_jpg.rf.2746780e3c13546eeb50f56568f4f72d.jpg,EXIF transpose; RGB; maximum 800px; JPEG quality 95,1,train,sheemazain_cc1b0bea12347377a4,15bf89b8d0dd46061ca3d4521d3f990df21c37e64c0ac43538b09ae8835c990b
sheemazain_fc433b69e4d86736af,https://www.kaggle.com/datasets/sheemazain/cataract-classification-dataset-in-ds,Sheema Zain,Apache 2.0,publisher-declared; upstream unresolved,train/immature/22_JPG.rf.99bf2c09312a529a959f16ae540b7296.jpg,EXIF transpose; RGB; maximum 800px; JPEG quality 95,1,train,sheemazain_acb2c8c057f775d31f,a3e58337337089bb20566b57123a1b463b19cd3d1e44629528f62f15807c4690
sheemazain_fc8d981d7ce10c0869,https://www.kaggle.com/datasets/sheemazain/cataract-classification-dataset-in-ds,Sheema Zain,Apache 2.0,publisher-declared; upstream unresolved,train/mature/1_JPG_jpg.rf.c47190cce3a7c06de1fc36c4a05b5533.jpg,EXIF transpose; RGB; maximum 800px; JPEG quality 95,1,train,sheemazain_0e41667bbd788de79f,82c7138a415d39349b7fad25ed288beae58df346b49f0ebfb4317aa9a38775e9
sheemazain_fd52045a82faaa36b7,https://www.kaggle.com/datasets/sheemazain/cataract-classification-dataset-in-ds,Sheema Zain,Apache 2.0,publisher-declared; upstream unresolved,train/immature/25_JPG_jpg.rf.7aa788fc88b98fc64619d3f021ba85a2.jpg,EXIF transpose; RGB; maximum 800px; JPEG quality 95,1,train,sheemazain_f3c81bde03ea681961,6b291c3b4eca97b7a4a23086d9bfbf3fd4e885a5ee8857ee69ed8b9117cdc8c0
sheemazain_fdbfb57db58ee77635,https://www.kaggle.com/datasets/sheemazain/cataract-classification-dataset-in-ds,Sheema Zain,Apache 2.0,publisher-declared; upstream unresolved,train/immature/29_JPG.rf.e7fc9ed3505a75e6af1f6e7b4e26046e.jpg,EXIF transpose; RGB; maximum 800px; JPEG quality 95,1,train,sheemazain_15d67e9b75864bf3b1,f7ba4d6288b71699fec66194c199b86237ddbbdf995775da95488ca32bffc8c1
sheemazain_fe5b2b47901532b838,https://www.kaggle.com/datasets/sheemazain/cataract-classification-dataset-in-ds,Sheema Zain,Apache 2.0,publisher-declared; upstream unresolved,train/mature/14_JPG_jpg.rf.d1a87e52ea65165f9996428dd55d1f70.jpg,EXIF transpose; RGB; maximum 800px; JPEG quality 95,1,train,sheemazain_fe5b2b47901532b838,f04982821a8c3967ec74137da1aac77e52021c310fae84f9925679eccfe7e1ac
