filename,category,title,author,license,source_page,file_url
closed-eyes_000_File_06_AntiImpeachRally_WDC_17December1998_224135.jpg,Category:Closed eyes,File:06.AntiImpeachRally.WDC.17December1998 (22413521852).jpg,Elvert Barnes,CC BY-SA 2.0,https://commons.wikimedia.org/wiki/File%3A06.AntiImpeachRally.WDC.17December1998_%2822413521852%29.jpg,https://thumb.wikimedia.org/wikipedia/commons/thumb/2/2a/06.AntiImpeachRally.WDC.17December1998_%2822413521852%29.jpg/960px-06.AntiImpeachRally.WDC.17December1998_%2822413521852%29.jpg?utm_source=commons.wikimedia.org&utm_campaign=imageinfo&utm_content=thumbnail
closed-eyes_001_File_A_woman_s_head_and_shoulders_her_eyes_are_clo.jpg,Category:Closed eyes,File:A woman's head and shoulders; her eyes are closed and her mo Wellcome V0029470.jpg,,CC BY 4.0,https://commons.wikimedia.org/wiki/File%3AA_woman%27s_head_and_shoulders%3B_her_eyes_are_closed_and_her_mo_Wellcome_V0029470.jpg,https://thumb.wikimedia.org/wikipedia/commons/thumb/b/bf/A_woman%27s_head_and_shoulders%3B_her_eyes_are_closed_and_her_mo_Wellcome_V0029470.jpg/960px-A_woman%27s_head_and_shoulders%3B_her_eyes_are_closed_and_her_mo_Wellcome_V0029470.jpg?utm_source=commons.wikimedia.org&utm_campaign=imageinfo&utm_content=thumbnail
closed-eyes_002_File_Caroline_Veronez_2017_Unsplash.jpg,Category:Closed eyes,File:Caroline Veronez 2017 (Unsplash).jpg,Caroline Veronez veronezcaroline,CC0,https://commons.wikimedia.org/wiki/File%3ACaroline_Veronez_2017_%28Unsplash%29.jpg,https://thumb.wikimedia.org/wikipedia/commons/thumb/f/f5/Caroline_Veronez_2017_%28Unsplash%29.jpg/960px-Caroline_Veronez_2017_%28Unsplash%29.jpg?utm_source=commons.wikimedia.org&utm_campaign=imageinfo&utm_content=thumbnail
closed-eyes_003_File_Cwo_20180719190820e.jpg,Category:Closed eyes,File:Cwo 20180719190820e.jpg,Andemaya,CC BY-SA 4.0,https://commons.wikimedia.org/wiki/File%3ACwo_20180719190820e.jpg,https://thumb.wikimedia.org/wikipedia/commons/thumb/1/1d/Cwo_20180719190820e.jpg/960px-Cwo_20180719190820e.jpg?utm_source=commons.wikimedia.org&utm_campaign=imageinfo&utm_content=thumbnail
closed-eyes_004_File_Dylan_LeBlanc_OBS_2025_04.jpg,Category:Closed eyes,File:Dylan LeBlanc OBS 2025 04.jpg,Schorle,CC BY-SA 4.0,https://commons.wikimedia.org/wiki/File%3ADylan_LeBlanc_OBS_2025_04.jpg,https://thumb.wikimedia.org/wikipedia/commons/thumb/c/c9/Dylan_LeBlanc_OBS_2025_04.jpg/960px-Dylan_LeBlanc_OBS_2025_04.jpg?utm_source=commons.wikimedia.org&utm_campaign=imageinfo&utm_content=thumbnail
closed-eyes_005_File_Dylan_LeBlanc_OBS_2025_11.jpg,Category:Closed eyes,File:Dylan LeBlanc OBS 2025 11.jpg,Schorle,CC BY-SA 4.0,https://commons.wikimedia.org/wiki/File%3ADylan_LeBlanc_OBS_2025_11.jpg,https://thumb.wikimedia.org/wikipedia/commons/thumb/b/b1/Dylan_LeBlanc_OBS_2025_11.jpg/960px-Dylan_LeBlanc_OBS_2025_11.jpg?utm_source=commons.wikimedia.org&utm_campaign=imageinfo&utm_content=thumbnail
closed-eyes_006_File_Dylan_LeBlanc_OBS_2025_18.jpg,Category:Closed eyes,File:Dylan LeBlanc OBS 2025 18.jpg,Schorle,CC BY-SA 4.0,https://commons.wikimedia.org/wiki/File%3ADylan_LeBlanc_OBS_2025_18.jpg,https://thumb.wikimedia.org/wikipedia/commons/thumb/f/f6/Dylan_LeBlanc_OBS_2025_18.jpg/960px-Dylan_LeBlanc_OBS_2025_18.jpg?utm_source=commons.wikimedia.org&utm_campaign=imageinfo&utm_content=thumbnail
closed-eyes_007_File_Haley_Dreis_NAMM_Show_01_27_2024_53835061298.jpg,Category:Closed eyes,File:Haley Dreis @ NAMM Show 01 27 2024 (53835061298).jpg,Justin Higuchi,CC BY 2.0,https://commons.wikimedia.org/wiki/File%3AHaley_Dreis_%40_NAMM_Show_01_27_2024_%2853835061298%29.jpg,https://thumb.wikimedia.org/wikipedia/commons/thumb/9/96/Haley_Dreis_%40_NAMM_Show_01_27_2024_%2853835061298%29.jpg/960px-Haley_Dreis_%40_NAMM_Show_01_27_2024_%2853835061298%29.jpg?utm_source=commons.wikimedia.org&utm_campaign=imageinfo&utm_content=thumbnail
closed-eyes_008_File_Hariri_as_Fubuki_Shirakami_standing_at_Classr.jpg,Category:Closed eyes,File:Hariri as Fubuki Shirakami standing at Classroom D 20260829 143820.jpg,Solomon203,CC BY-SA 4.0,https://commons.wikimedia.org/wiki/File%3AHariri_as_Fubuki_Shirakami_standing_at_Classroom_D_20260829_143820.jpg,https://thumb.wikimedia.org/wikipedia/commons/thumb/8/81/Hariri_as_Fubuki_Shirakami_standing_at_Classroom_D_20260829_143820.jpg/960px-Hariri_as_Fubuki_Shirakami_standing_at_Classroom_D_20260829_143820.jpg?utm_source=commons.wikimedia.org&utm_campaign=imageinfo&utm_content=thumbnail
closed-eyes_009_File_Hariri_as_Fubuki_Shirakami_standing_at_Classr.jpg,Category:Closed eyes,File:Hariri as Fubuki Shirakami standing at Classroom D 20260829 143824.jpg,Solomon203,CC BY-SA 4.0,https://commons.wikimedia.org/wiki/File%3AHariri_as_Fubuki_Shirakami_standing_at_Classroom_D_20260829_143824.jpg,https://thumb.wikimedia.org/wikipedia/commons/thumb/9/9a/Hariri_as_Fubuki_Shirakami_standing_at_Classroom_D_20260829_143824.jpg/960px-Hariri_as_Fubuki_Shirakami_standing_at_Classroom_D_20260829_143824.jpg?utm_source=commons.wikimedia.org&utm_campaign=imageinfo&utm_content=thumbnail
closed-eyes_010_File_Kamala_Harris_in_the_Blue_Room_V20210810LJ_06.jpg,Category:Closed eyes,File:Kamala Harris in the Blue Room - V20210810LJ-0615 (51540629020).jpg,The White House,Public domain,https://commons.wikimedia.org/wiki/File%3AKamala_Harris_in_the_Blue_Room_-_V20210810LJ-0615_%2851540629020%29.jpg,https://thumb.wikimedia.org/wikipedia/commons/thumb/3/3a/Kamala_Harris_in_the_Blue_Room_-_V20210810LJ-0615_%2851540629020%29.jpg/960px-Kamala_Harris_in_the_Blue_Room_-_V20210810LJ-0615_%2851540629020%29.jpg?utm_source=commons.wikimedia.org&utm_campaign=imageinfo&utm_content=thumbnail
closed-eyes_011_File_Ruth_St_Denis_seated_by_Arnold_Genthe_Getty_1.jpg,Category:Closed eyes,"File:Ruth St. Denis seated, by Arnold Genthe (Getty 1043RA).jpg",Arnold Genthe,Public domain,https://commons.wikimedia.org/wiki/File%3ARuth_St._Denis_seated%2C_by_Arnold_Genthe_%28Getty_1043RA%29.jpg,https://thumb.wikimedia.org/wikipedia/commons/thumb/d/d3/Ruth_St._Denis_seated%2C_by_Arnold_Genthe_%28Getty_1043RA%29.jpg/960px-Ruth_St._Denis_seated%2C_by_Arnold_Genthe_%28Getty_1043RA%29.jpg?utm_source=commons.wikimedia.org&utm_campaign=imageinfo&utm_content=thumbnail
closed-eyes_012_File_U_napustenom_srednjevekovnom_gradu_2.jpg,Category:Closed eyes,File:U napustenom srednjevekovnom gradu 2.jpg,Miki Veskovic,CC BY-SA 4.0,https://commons.wikimedia.org/wiki/File%3AU_napustenom_srednjevekovnom_gradu_2.jpg,https://thumb.wikimedia.org/wikipedia/commons/thumb/4/46/U_napustenom_srednjevekovnom_gradu_2.jpg/960px-U_napustenom_srednjevekovnom_gradu_2.jpg?utm_source=commons.wikimedia.org&utm_campaign=imageinfo&utm_content=thumbnail
people-with-closed-eyes_013_File_DSC_0370_529701695.jpg,Category:People with closed eyes,File:DSC 0370 (529701695).jpg,"Tom Reynolds from Melbourne, Australia",CC BY 2.0,https://commons.wikimedia.org/wiki/File%3ADSC_0370_%28529701695%29.jpg,https://thumb.wikimedia.org/wikipedia/commons/thumb/f/f2/DSC_0370_%28529701695%29.jpg/960px-DSC_0370_%28529701695%29.jpg?utm_source=commons.wikimedia.org&utm_campaign=imageinfo&utm_content=thumbnail
people-with-closed-eyes_014_File_Sancho_D_vila_y_Toledo_RPS_27_07_2015_Palacio.jpg,Category:People with closed eyes,File:Sancho Dávila y Toledo (RPS 27-07-2015) Palacio Episcopal de Jaén.png,Raimundo Pastor,CC BY-SA 4.0,https://commons.wikimedia.org/wiki/File%3ASancho_D%C3%A1vila_y_Toledo_%28RPS_27-07-2015%29_Palacio_Episcopal_de_Ja%C3%A9n.png,https://thumb.wikimedia.org/wikipedia/commons/thumb/b/b0/Sancho_D%C3%A1vila_y_Toledo_%28RPS_27-07-2015%29_Palacio_Episcopal_de_Ja%C3%A9n.png/960px-Sancho_D%C3%A1vila_y_Toledo_%28RPS_27-07-2015%29_Palacio_Episcopal_de_Ja%C3%A9n.png?utm_source=commons.wikimedia.org&utm_campaign=imageinfo&utm_content=thumbnail
sleeping-people_015_File_Sitzende_Hermann_Hubacher_Seefeldquai_2014_03.jpg,Category:Sleeping people,File:'Sitzende' (Hermann Hubacher) - Seefeldquai 2014-03-08 15-41-44.JPG,Roland zh,CC BY-SA 3.0,https://commons.wikimedia.org/wiki/File%3A%27Sitzende%27_%28Hermann_Hubacher%29_-_Seefeldquai_2014-03-08_15-41-44.JPG,https://thumb.wikimedia.org/wikipedia/commons/thumb/f/f0/%27Sitzende%27_%28Hermann_Hubacher%29_-_Seefeldquai_2014-03-08_15-41-44.JPG/960px-%27Sitzende%27_%28Hermann_Hubacher%29_-_Seefeldquai_2014-03-08_15-41-44.JPG?utm_source=commons.wikimedia.org&utm_campaign=imageinfo&utm_content=thumbnail
sleeping-people_016_File_018.jpg,Category:Sleeping people,File:018อุทยานแห่งชาติรามคำแหง.JPG,Keroeshi,CC BY-SA 3.0,https://commons.wikimedia.org/wiki/File%3A018%E0%B8%AD%E0%B8%B8%E0%B8%97%E0%B8%A2%E0%B8%B2%E0%B8%99%E0%B9%81%E0%B8%AB%E0%B9%88%E0%B8%87%E0%B8%8A%E0%B8%B2%E0%B8%95%E0%B8%B4%E0%B8%A3%E0%B8%B2%E0%B8%A1%E0%B8%84%E0%B8%B3%E0%B9%81%E0%B8%AB%E0%B8%87.JPG,https://thumb.wikimedia.org/wikipedia/commons/thumb/4/40/018%E0%B8%AD%E0%B8%B8%E0%B8%97%E0%B8%A2%E0%B8%B2%E0%B8%99%E0%B9%81%E0%B8%AB%E0%B9%88%E0%B8%87%E0%B8%8A%E0%B8%B2%E0%B8%95%E0%B8%B4%E0%B8%A3%E0%B8%B2%E0%B8%A1%E0%B8%84%E0%B8%B3%E0%B9%81%E0%B8%AB%E0%B8%87.JPG/960px-018%E0%B8%AD%E0%B8%B8%E0%B8%97%E0%B8%A2%E0%B8%B2%E0%B8%99%E0%B9%81%E0%B8%AB%E0%B9%88%E0%B8%87%E0%B8%8A%E0%B8%B2%E0%B8%95%E0%B8%B4%E0%B8%A3%E0%B8%B2%E0%B8%A1%E0%B8%84%E0%B8%B3%E0%B9%81%E0%B8%AB%E0%B8%87.JPG?utm_source=commons.wikimedia.org&utm_campaign=imageinfo&utm_content=thumbnail
sleeping-people_017_File_2010_0514_rama4_02.jpg,Category:Sleeping people,File:2010 0514 rama4 02.JPG,Takeaway,CC BY-SA 3.0,https://commons.wikimedia.org/wiki/File%3A2010_0514_rama4_02.JPG,https://thumb.wikimedia.org/wikipedia/commons/thumb/4/45/2010_0514_rama4_02.JPG/960px-2010_0514_rama4_02.JPG?utm_source=commons.wikimedia.org&utm_campaign=imageinfo&utm_content=thumbnail
sleeping-people_018_File_2012_Wien_0141_7387050106.jpg,Category:Sleeping people,File:2012 Wien 0141 (7387050106).jpg,"János Korom Dr. from Wien, Austria",CC BY-SA 2.0,https://commons.wikimedia.org/wiki/File%3A2012_Wien_0141_%287387050106%29.jpg,https://thumb.wikimedia.org/wikipedia/commons/thumb/7/7d/2012_Wien_0141_%287387050106%29.jpg/960px-2012_Wien_0141_%287387050106%29.jpg?utm_source=commons.wikimedia.org&utm_campaign=imageinfo&utm_content=thumbnail
sleeping-people_019_File_2015_11_21_13th_International_up_and_coming_F.jpg,Category:Sleeping people,File:2015-11-21 13th International up-and-coming Film Festival in Hannover (2204).JPG,Foto: Bernd Schwabe in Hannover,CC BY-SA 4.0,https://commons.wikimedia.org/wiki/File%3A2015-11-21_13th_International_up-and-coming_Film_Festival_in_Hannover_%282204%29.JPG,https://thumb.wikimedia.org/wikipedia/commons/thumb/9/97/2015-11-21_13th_International_up-and-coming_Film_Festival_in_Hannover_%282204%29.JPG/960px-2015-11-21_13th_International_up-and-coming_Film_Festival_in_Hannover_%282204%29.JPG?utm_source=commons.wikimedia.org&utm_campaign=imageinfo&utm_content=thumbnail
sleeping-people_020_File_31_horitas_de_regreso_3188023275.jpg,Category:Sleeping people,File:31 horitas de regreso (3188023275).jpg,"Carlos Adampol Galindo from DF, México",CC BY-SA 2.0,https://commons.wikimedia.org/wiki/File%3A31_horitas_de_regreso_%283188023275%29.jpg,https://thumb.wikimedia.org/wikipedia/commons/thumb/d/d3/31_horitas_de_regreso_%283188023275%29.jpg/960px-31_horitas_de_regreso_%283188023275%29.jpg?utm_source=commons.wikimedia.org&utm_campaign=imageinfo&utm_content=thumbnail
sleeping-people_021_File_6am_EST_2745520224.jpg,Category:Sleeping people,File:6am (EST) (2745520224).jpg,"Morgan from Montreal, Quebec, Canada",CC BY 2.0,https://commons.wikimedia.org/wiki/File%3A6am_%28EST%29_%282745520224%29.jpg,https://thumb.wikimedia.org/wikipedia/commons/thumb/9/91/6am_%28EST%29_%282745520224%29.jpg/960px-6am_%28EST%29_%282745520224%29.jpg?utm_source=commons.wikimedia.org&utm_campaign=imageinfo&utm_content=thumbnail
sleeping-people_022_File_Agnieszka_s_dinner_10_3324443658.jpg,Category:Sleeping people,File:Agnieszka's dinner 10 (3324443658).jpg,"Weldon Kennedy from London, UK",CC BY 2.0,https://commons.wikimedia.org/wiki/File%3AAgnieszka%27s_dinner_10_%283324443658%29.jpg,https://thumb.wikimedia.org/wikipedia/commons/thumb/5/57/Agnieszka%27s_dinner_10_%283324443658%29.jpg/960px-Agnieszka%27s_dinner_10_%283324443658%29.jpg?utm_source=commons.wikimedia.org&utm_campaign=imageinfo&utm_content=thumbnail
sleeping-people_023_File_Alledaags_Rome_6329387060.jpg,Category:Sleeping people,File:Alledaags Rome (6329387060).jpg,"FaceMePLS from The Hague, The Netherlands",CC BY 2.0,https://commons.wikimedia.org/wiki/File%3AAlledaags_Rome_%286329387060%29.jpg,https://thumb.wikimedia.org/wikipedia/commons/thumb/5/51/Alledaags_Rome_%286329387060%29.jpg/960px-Alledaags_Rome_%286329387060%29.jpg?utm_source=commons.wikimedia.org&utm_campaign=imageinfo&utm_content=thumbnail
sleeping-people_024_File_Arms_for_a_Pillow_Wolayta_Ethiopia_2137200930.jpg,Category:Sleeping people,"File:Arms for a Pillow, Wolayta, Ethiopia (21372009303).jpg",Rod Waddington,CC BY-SA 2.0,https://commons.wikimedia.org/wiki/File%3AArms_for_a_Pillow%2C_Wolayta%2C_Ethiopia_%2821372009303%29.jpg,https://thumb.wikimedia.org/wikipedia/commons/thumb/3/37/Arms_for_a_Pillow%2C_Wolayta%2C_Ethiopia_%2821372009303%29.jpg/960px-Arms_for_a_Pillow%2C_Wolayta%2C_Ethiopia_%2821372009303%29.jpg?utm_source=commons.wikimedia.org&utm_campaign=imageinfo&utm_content=thumbnail
sleeping-people_025_File_Bare_feet_in_Russian_sleeping_wagon.jpg,Category:Sleeping people,File:Bare feet in Russian sleeping wagon.jpg,Ruslan S,CC BY 3.0,https://commons.wikimedia.org/wiki/File%3ABare_feet_in_Russian_sleeping_wagon.jpg,https://thumb.wikimedia.org/wikipedia/commons/thumb/f/f9/Bare_feet_in_Russian_sleeping_wagon.jpg/960px-Bare_feet_in_Russian_sleeping_wagon.jpg?utm_source=commons.wikimedia.org&utm_campaign=imageinfo&utm_content=thumbnail
sleeping-people_026_File_Battle_of_Batoche_Zareba.jpg,Category:Sleeping people,File:Battle of Batoche Zareba.jpg,James Peters (Prince Albert Historical Society-PAHS Archives collection),Public domain,https://commons.wikimedia.org/wiki/File%3ABattle_of_Batoche_Zareba.jpg,https://upload.wikimedia.org/wikipedia/commons/b/bc/Battle_of_Batoche_Zareba.jpg?utm_source=commons.wikimedia.org&utm_campaign=imageinfo&utm_content=thumbnail_unscaled
sleeping-people_027_File_Bundesarchiv_Bild_101I_305_0652_17_Italien_Pa.jpg,Category:Sleeping people,"File:Bundesarchiv Bild 101I-305-0652-17, Italien, Panzer IV.jpg",Funke,CC BY-SA 3.0 de,https://commons.wikimedia.org/wiki/File%3ABundesarchiv_Bild_101I-305-0652-17%2C_Italien%2C_Panzer_IV.jpg,https://upload.wikimedia.org/wikipedia/commons/1/1a/Bundesarchiv_Bild_101I-305-0652-17%2C_Italien%2C_Panzer_IV.jpg?utm_source=commons.wikimedia.org&utm_campaign=imageinfo&utm_content=thumbnail_unscaled
sleeping-people_028_File_Chillin_14275014799.jpg,Category:Sleeping people,File:Chillin (14275014799).jpg,Christopher Michel,CC BY 2.0,https://commons.wikimedia.org/wiki/File%3AChillin_%2814275014799%29.jpg,https://thumb.wikimedia.org/wikipedia/commons/thumb/0/0f/Chillin_%2814275014799%29.jpg/960px-Chillin_%2814275014799%29.jpg?utm_source=commons.wikimedia.org&utm_campaign=imageinfo&utm_content=thumbnail
sleeping-people_029_File_China_3183217362.jpg,Category:Sleeping people,File:China (3183217362).jpg,Steve Evans from Citizen of the World,CC BY 2.0,https://commons.wikimedia.org/wiki/File%3AChina_%283183217362%29.jpg,https://upload.wikimedia.org/wikipedia/commons/2/2f/China_%283183217362%29.jpg?utm_source=commons.wikimedia.org&utm_campaign=imageinfo&utm_content=thumbnail_unscaled
sleeping-people_030_File_China_3613140259.jpg,Category:Sleeping people,File:China (3613140259).jpg,Steve Evans from Citizen of the World,CC BY 2.0,https://commons.wikimedia.org/wiki/File%3AChina_%283613140259%29.jpg,https://thumb.wikimedia.org/wikipedia/commons/thumb/a/a3/China_%283613140259%29.jpg/960px-China_%283613140259%29.jpg?utm_source=commons.wikimedia.org&utm_campaign=imageinfo&utm_content=thumbnail
sleeping-people_031_File_China_heute.jpg,Category:Sleeping people,File:China heute.jpg,Kolumbusjogger,CC BY-SA 3.0,https://commons.wikimedia.org/wiki/File%3AChina_heute.jpg,https://thumb.wikimedia.org/wikipedia/commons/thumb/a/ae/China_heute.jpg/960px-China_heute.jpg?utm_source=commons.wikimedia.org&utm_campaign=imageinfo&utm_content=thumbnail
sleeping-people_032_File_Dacia_Logan_MCV_auf_einer_Autobahnrastsaette.jpg,Category:Sleeping people,File:Dacia Logan MCV auf einer Autobahnrastsaette in Italien Autobahnvignette Feinstaubplakette.JPG,Usien,CC BY-SA 3.0,https://commons.wikimedia.org/wiki/File%3ADacia_Logan_MCV_auf_einer_Autobahnrastsaette_in_Italien_Autobahnvignette_Feinstaubplakette.JPG,https://thumb.wikimedia.org/wikipedia/commons/thumb/b/b6/Dacia_Logan_MCV_auf_einer_Autobahnrastsaette_in_Italien_Autobahnvignette_Feinstaubplakette.JPG/960px-Dacia_Logan_MCV_auf_einer_Autobahnrastsaette_in_Italien_Autobahnvignette_Feinstaubplakette.JPG?utm_source=commons.wikimedia.org&utm_campaign=imageinfo&utm_content=thumbnail
sleeping-people_033_File_Defense_gov_photo_essay_120104_M_MM918_006.jpg,Category:Sleeping people,File:Defense.gov photo essay 120104-M-MM918-006.jpg,Cpl. Reece Lodder,Public domain,https://commons.wikimedia.org/wiki/File%3ADefense.gov_photo_essay_120104-M-MM918-006.jpg,https://thumb.wikimedia.org/wikipedia/commons/thumb/0/02/Defense.gov_photo_essay_120104-M-MM918-006.jpg/960px-Defense.gov_photo_essay_120104-M-MM918-006.jpg?utm_source=commons.wikimedia.org&utm_campaign=imageinfo&utm_content=thumbnail
sleeping-people_034_File_Durmiendo_8187827413.jpg,Category:Sleeping people,File:Durmiendo (8187827413).jpg,"Juanedc from Zaragoza, España",CC BY 2.0,https://commons.wikimedia.org/wiki/File%3ADurmiendo_%288187827413%29.jpg,https://thumb.wikimedia.org/wikipedia/commons/thumb/1/1b/Durmiendo_%288187827413%29.jpg/960px-Durmiendo_%288187827413%29.jpg?utm_source=commons.wikimedia.org&utm_campaign=imageinfo&utm_content=thumbnail
sleeping-people_035_File_EPP_Congress_3407_8097374966.jpg,Category:Sleeping people,File:EPP Congress 3407 (8097374966).jpg,European People's Party,CC BY 2.0,https://commons.wikimedia.org/wiki/File%3AEPP_Congress_3407_%288097374966%29.jpg,https://thumb.wikimedia.org/wikipedia/commons/thumb/2/24/EPP_Congress_3407_%288097374966%29.jpg/960px-EPP_Congress_3407_%288097374966%29.jpg?utm_source=commons.wikimedia.org&utm_campaign=imageinfo&utm_content=thumbnail
sleeping-people_036_File_Group_of_people_sleeping_at_dawn_at_the_camps.jpg,Category:Sleeping people,"File:Group of people sleeping at dawn at the campsite of Dr. George Wharton James near the village of Shonguapavi, ca.1900 (CHS-1031).jpg",C. C. Pierce,Public domain,https://commons.wikimedia.org/wiki/File%3AGroup_of_people_sleeping_at_dawn_at_the_campsite_of_Dr._George_Wharton_James_near_the_village_of_Shonguapavi%2C_ca.1900_%28CHS-1031%29.jpg,https://thumb.wikimedia.org/wikipedia/commons/thumb/6/6f/Group_of_people_sleeping_at_dawn_at_the_campsite_of_Dr._George_Wharton_James_near_the_village_of_Shonguapavi%2C_ca.1900_%28CHS-1031%29.jpg/960px-Group_of_people_sleeping_at_dawn_at_the_campsite_of_Dr._George_Wharton_James_near_the_village_of_Shonguapavi%2C_ca.1900_%28CHS-1031%29.jpg?utm_source=commons.wikimedia.org&utm_campaign=imageinfo&utm_content=thumbnail
sleeping-people_037_File_HK_Tai_Po_campus_CUHK_Library_inside_sleeping.jpg,Category:Sleeping people,File:HK Tai Po campus 香港中文大學 CUHK Library inside sleeping Aug-2013.JPG,Woyeamhopes,CC BY-SA 3.0,https://commons.wikimedia.org/wiki/File%3AHK_Tai_Po_campus_%E9%A6%99%E6%B8%AF%E4%B8%AD%E6%96%87%E5%A4%A7%E5%AD%B8_CUHK_Library_inside_sleeping_Aug-2013.JPG,https://thumb.wikimedia.org/wikipedia/commons/thumb/f/fa/HK_Tai_Po_campus_%E9%A6%99%E6%B8%AF%E4%B8%AD%E6%96%87%E5%A4%A7%E5%AD%B8_CUHK_Library_inside_sleeping_Aug-2013.JPG/960px-HK_Tai_Po_campus_%E9%A6%99%E6%B8%AF%E4%B8%AD%E6%96%87%E5%A4%A7%E5%AD%B8_CUHK_Library_inside_sleeping_Aug-2013.JPG?utm_source=commons.wikimedia.org&utm_campaign=imageinfo&utm_content=thumbnail
sleeping-people_038_File_HK_Wan_Chai_North_Immigration_Tower_night_lob.jpg,Category:Sleeping people,File:HK Wan Chai North 入境事務大樓 Immigration Tower night lobby hall interior Somebody sleeping Sept 2017 IX1.jpg,Kong Lam Hings,CC BY-SA 4.0,https://commons.wikimedia.org/wiki/File%3AHK_Wan_Chai_North_%E5%85%A5%E5%A2%83%E4%BA%8B%E5%8B%99%E5%A4%A7%E6%A8%93_Immigration_Tower_night_lobby_hall_interior_Somebody_sleeping_Sept_2017_IX1.jpg,https://thumb.wikimedia.org/wikipedia/commons/thumb/d/da/HK_Wan_Chai_North_%E5%85%A5%E5%A2%83%E4%BA%8B%E5%8B%99%E5%A4%A7%E6%A8%93_Immigration_Tower_night_lobby_hall_interior_Somebody_sleeping_Sept_2017_IX1.jpg/960px-HK_Wan_Chai_North_%E5%85%A5%E5%A2%83%E4%BA%8B%E5%8B%99%E5%A4%A7%E6%A8%93_Immigration_Tower_night_lobby_hall_interior_Somebody_sleeping_Sept_2017_IX1.jpg?utm_source=commons.wikimedia.org&utm_campaign=imageinfo&utm_content=thumbnail
sleeping-people_039_File_Hl_vk_v_most_severn_p_edmost_bezdomovci_pod_s.jpg,Category:Sleeping people,"File:Hlávkův most, severní předmostí, bezdomovci pod schodištěm (01).jpg",ŠJů,CC BY 4.0,https://commons.wikimedia.org/wiki/File%3AHl%C3%A1vk%C5%AFv_most%2C_severn%C3%AD_p%C5%99edmost%C3%AD%2C_bezdomovci_pod_schodi%C5%A1t%C4%9Bm_%2801%29.jpg,https://thumb.wikimedia.org/wikipedia/commons/thumb/5/57/Hl%C3%A1vk%C5%AFv_most%2C_severn%C3%AD_p%C5%99edmost%C3%AD%2C_bezdomovci_pod_schodi%C5%A1t%C4%9Bm_%2801%29.jpg/960px-Hl%C3%A1vk%C5%AFv_most%2C_severn%C3%AD_p%C5%99edmost%C3%AD%2C_bezdomovci_pod_schodi%C5%A1t%C4%9Bm_%2801%29.jpg?utm_source=commons.wikimedia.org&utm_campaign=imageinfo&utm_content=thumbnail
sleeping-people_040_File_Hl_vk_v_most_severn_p_edmost_bezdomovci_pod_s.jpg,Category:Sleeping people,"File:Hlávkův most, severní předmostí, bezdomovci pod schodištěm (02).jpg",ŠJů,CC BY 4.0,https://commons.wikimedia.org/wiki/File%3AHl%C3%A1vk%C5%AFv_most%2C_severn%C3%AD_p%C5%99edmost%C3%AD%2C_bezdomovci_pod_schodi%C5%A1t%C4%9Bm_%2802%29.jpg,https://thumb.wikimedia.org/wikipedia/commons/thumb/b/b8/Hl%C3%A1vk%C5%AFv_most%2C_severn%C3%AD_p%C5%99edmost%C3%AD%2C_bezdomovci_pod_schodi%C5%A1t%C4%9Bm_%2802%29.jpg/960px-Hl%C3%A1vk%C5%AFv_most%2C_severn%C3%AD_p%C5%99edmost%C3%AD%2C_bezdomovci_pod_schodi%C5%A1t%C4%9Bm_%2802%29.jpg?utm_source=commons.wikimedia.org&utm_campaign=imageinfo&utm_content=thumbnail
sleeping-people_041_File_How_much_sleep_should_kids_get_120050450.jpg,Category:Sleeping people,File:How much sleep should kids get 120050450.jpg,Lumia13,CC BY-SA 4.0,https://commons.wikimedia.org/wiki/File%3AHow_much_sleep_should_kids_get_120050450.jpg,https://upload.wikimedia.org/wikipedia/commons/f/fa/How_much_sleep_should_kids_get_120050450.jpg?utm_source=commons.wikimedia.org&utm_campaign=imageinfo&utm_content=thumbnail_unscaled
sleeping-people_042_File_Indigente_durmiento_en_ascera_de_la_Torre_fin.jpg,Category:Sleeping people,"File:Indigente durmiento en ascera de la Torre financiera BOD 5 de Julio, Maracaibo.jpg",Wilfredor,CC BY-SA 3.0,https://commons.wikimedia.org/wiki/File%3AIndigente_durmiento_en_ascera_de_la_Torre_financiera_BOD_5_de_Julio%2C_Maracaibo.jpg,https://thumb.wikimedia.org/wikipedia/commons/thumb/e/ec/Indigente_durmiento_en_ascera_de_la_Torre_financiera_BOD_5_de_Julio%2C_Maracaibo.jpg/960px-Indigente_durmiento_en_ascera_de_la_Torre_financiera_BOD_5_de_Julio%2C_Maracaibo.jpg?utm_source=commons.wikimedia.org&utm_campaign=imageinfo&utm_content=thumbnail
sleeping-people_043_File_Insomnia_4316137831.jpg,Category:Sleeping people,File:Insomnia (4316137831).jpg,"Faisal Akram from Dhaka, Bangladesh",CC BY-SA 2.0,https://commons.wikimedia.org/wiki/File%3AInsomnia_%284316137831%29.jpg,https://thumb.wikimedia.org/wikipedia/commons/thumb/a/a6/Insomnia_%284316137831%29.jpg/960px-Insomnia_%284316137831%29.jpg?utm_source=commons.wikimedia.org&utm_campaign=imageinfo&utm_content=thumbnail
sleeping-people_044_File_Joaquin_sorolla_y_bastida_sonnellino_in_barca.jpg,Category:Sleeping people,"File:Joaquin sorolla y bastida, sonnellino in barca, 1896.jpg",Sailko,CC BY-SA 4.0,https://commons.wikimedia.org/wiki/File%3AJoaquin_sorolla_y_bastida%2C_sonnellino_in_barca%2C_1896.jpg,https://thumb.wikimedia.org/wikipedia/commons/thumb/5/5a/Joaquin_sorolla_y_bastida%2C_sonnellino_in_barca%2C_1896.jpg/960px-Joaquin_sorolla_y_bastida%2C_sonnellino_in_barca%2C_1896.jpg?utm_source=commons.wikimedia.org&utm_campaign=imageinfo&utm_content=thumbnail
sleeping-people_045_File_JP_Japan_Kyoto_Shu_Sui_Tei_Tea_Ceremony_House.jpg,Category:Sleeping people,File:JP 日本 Japan 京都 Kyoto 無茶紀念馆 Shu Sui Tei Tea Ceremony House.jpg,TKdows 2026,CC0,https://commons.wikimedia.org/wiki/File%3AJP_%E6%97%A5%E6%9C%AC_Japan_%E4%BA%AC%E9%83%BD_Kyoto_%E7%84%A1%E8%8C%B6%E7%B4%80%E5%BF%B5%E9%A6%86_Shu_Sui_Tei_Tea_Ceremony_House.jpg,https://thumb.wikimedia.org/wikipedia/commons/thumb/5/5b/JP_%E6%97%A5%E6%9C%AC_Japan_%E4%BA%AC%E9%83%BD_Kyoto_%E7%84%A1%E8%8C%B6%E7%B4%80%E5%BF%B5%E9%A6%86_Shu_Sui_Tei_Tea_Ceremony_House.jpg/960px-JP_%E6%97%A5%E6%9C%AC_Japan_%E4%BA%AC%E9%83%BD_Kyoto_%E7%84%A1%E8%8C%B6%E7%B4%80%E5%BF%B5%E9%A6%86_Shu_Sui_Tei_Tea_Ceremony_House.jpg?utm_source=commons.wikimedia.org&utm_campaign=imageinfo&utm_content=thumbnail
sleeping-people_046_File_K_ov_pod_mostem_u_Nov_ho_Zl_chova.jpg,Category:Sleeping people,"File:Křížová, pod mostem u Nového Zlíchova.jpg",cs:ŠJů,CC BY-SA 3.0,https://commons.wikimedia.org/wiki/File%3AK%C5%99%C3%AD%C5%BEov%C3%A1%2C_pod_mostem_u_Nov%C3%A9ho_Zl%C3%ADchova.jpg,https://thumb.wikimedia.org/wikipedia/commons/thumb/a/aa/K%C5%99%C3%AD%C5%BEov%C3%A1%2C_pod_mostem_u_Nov%C3%A9ho_Zl%C3%ADchova.jpg/960px-K%C5%99%C3%AD%C5%BEov%C3%A1%2C_pod_mostem_u_Nov%C3%A9ho_Zl%C3%ADchova.jpg?utm_source=commons.wikimedia.org&utm_campaign=imageinfo&utm_content=thumbnail
sleeping-people_047_File_Life_Is_My_Movie_Entertainment.jpg,Category:Sleeping people,File:Life Is My Movie Entertainment.jpg,huankdr,CC BY-SA 4.0,https://commons.wikimedia.org/wiki/File%3ALife_Is_My_Movie_Entertainment.jpg,https://thumb.wikimedia.org/wikipedia/commons/thumb/9/95/Life_Is_My_Movie_Entertainment.jpg/960px-Life_Is_My_Movie_Entertainment.jpg?utm_source=commons.wikimedia.org&utm_campaign=imageinfo&utm_content=thumbnail
sleeping-people_048_File_Loddi_Mallaiah_Cave_03.jpg,Category:Sleeping people,File:Loddi Mallaiah Cave 03.jpg,Vedaradha,CC BY-SA 4.0,https://commons.wikimedia.org/wiki/File%3ALoddi_Mallaiah_Cave_03.jpg,https://thumb.wikimedia.org/wikipedia/commons/thumb/2/2c/Loddi_Mallaiah_Cave_03.jpg/960px-Loddi_Mallaiah_Cave_03.jpg?utm_source=commons.wikimedia.org&utm_campaign=imageinfo&utm_content=thumbnail
sleeping-people_049_File_Messageries_Hachette_1936.jpg,Category:Sleeping people,File:Messageries Hachette 1936.jpg,Agence de presse Meurisse,Public domain,https://commons.wikimedia.org/wiki/File%3AMessageries_Hachette_1936.jpg,https://thumb.wikimedia.org/wikipedia/commons/thumb/3/39/Messageries_Hachette_1936.jpg/960px-Messageries_Hachette_1936.jpg?utm_source=commons.wikimedia.org&utm_campaign=imageinfo&utm_content=thumbnail
sleeping-people_050_File_Motiv_iz_parka_pred_1_gimnazijo_po_itek_na_kl.jpg,Category:Sleeping people,File:Motiv iz parka pred 1. gimnazijo - počitek na klopi 1961.jpg,Jože Gal,Public domain,https://commons.wikimedia.org/wiki/File%3AMotiv_iz_parka_pred_1._gimnazijo_-_po%C4%8Ditek_na_klopi_1961.jpg,https://thumb.wikimedia.org/wikipedia/commons/thumb/9/97/Motiv_iz_parka_pred_1._gimnazijo_-_po%C4%8Ditek_na_klopi_1961.jpg/960px-Motiv_iz_parka_pred_1._gimnazijo_-_po%C4%8Ditek_na_klopi_1961.jpg?utm_source=commons.wikimedia.org&utm_campaign=imageinfo&utm_content=thumbnail
sleeping-people_051_File_Music_Goes_To_War_Entertainment_in_Wartime_Lo.jpg,Category:Sleeping people,"File:Music Goes To War- Entertainment in Wartime London, England, UK, 1943 D15048.jpg",Ministry of Information Photo Division Photographer,Public domain,https://commons.wikimedia.org/wiki/File%3AMusic_Goes_To_War-_Entertainment_in_Wartime_London%2C_England%2C_UK%2C_1943_D15048.jpg,https://upload.wikimedia.org/wikipedia/commons/6/6a/Music_Goes_To_War-_Entertainment_in_Wartime_London%2C_England%2C_UK%2C_1943_D15048.jpg?utm_source=commons.wikimedia.org&utm_campaign=imageinfo&utm_content=thumbnail_unscaled
sleeping-people_052_File_Nap_time.jpg,Category:Sleeping people,File:Nap-time!.jpg,Carosaun,CC BY-SA 4.0,https://commons.wikimedia.org/wiki/File%3ANap-time%21.jpg,https://thumb.wikimedia.org/wikipedia/commons/thumb/7/7e/Nap-time%21.jpg/960px-Nap-time%21.jpg?utm_source=commons.wikimedia.org&utm_campaign=imageinfo&utm_content=thumbnail
sleeping-people_053_File_Napping.jpg,Category:Sleeping people,File:Napping.jpg,Whippetsgalore,CC BY-SA 4.0,https://commons.wikimedia.org/wiki/File%3ANapping.jpg,https://thumb.wikimedia.org/wikipedia/commons/thumb/9/9f/Napping.jpg/960px-Napping.jpg?utm_source=commons.wikimedia.org&utm_campaign=imageinfo&utm_content=thumbnail
sleeping-people_054_File_Now_sleeping_3694726460.jpg,Category:Sleeping people,File:Now sleeping (3694726460).jpg,T. Fukagawa,CC BY-SA 2.0,https://commons.wikimedia.org/wiki/File%3ANow_sleeping_%283694726460%29.jpg,https://thumb.wikimedia.org/wikipedia/commons/thumb/7/70/Now_sleeping_%283694726460%29.jpg/960px-Now_sleeping_%283694726460%29.jpg?utm_source=commons.wikimedia.org&utm_campaign=imageinfo&utm_content=thumbnail
sleeping-people_055_File_Pante_n_Civil_de_Dolores.jpg,Category:Sleeping people,File:Panteón Civil de Dolores.jpg,Correogsk,CC BY-SA 3.0,https://commons.wikimedia.org/wiki/File%3APante%C3%B3n_Civil_de_Dolores.jpg,https://thumb.wikimedia.org/wikipedia/commons/thumb/d/df/Pante%C3%B3n_Civil_de_Dolores.jpg/960px-Pante%C3%B3n_Civil_de_Dolores.jpg?utm_source=commons.wikimedia.org&utm_campaign=imageinfo&utm_content=thumbnail
sleeping-people_056_File_Pelni_Economy_Class.jpg,Category:Sleeping people,File:Pelni Economy Class.jpg,Maximilian Dörrbecker (Chumwa),CC BY-SA 3.0,https://commons.wikimedia.org/wiki/File%3APelni_Economy_Class.jpg,https://thumb.wikimedia.org/wikipedia/commons/thumb/8/86/Pelni_Economy_Class.jpg/960px-Pelni_Economy_Class.jpg?utm_source=commons.wikimedia.org&utm_campaign=imageinfo&utm_content=thumbnail
sleeping-people_057_File_Person_Sleeping.jpg,Category:Sleeping people,File:Person Sleeping.JPG,Panduh562,CC BY-SA 3.0,https://commons.wikimedia.org/wiki/File%3APerson_Sleeping.JPG,https://thumb.wikimedia.org/wikipedia/commons/thumb/c/cf/Person_Sleeping.JPG/960px-Person_Sleeping.JPG?utm_source=commons.wikimedia.org&utm_campaign=imageinfo&utm_content=thumbnail
sleeping-people_058_File_Petr_vanecek_1999.jpg,Category:Sleeping people,File:Petr vanecek - 1999.jpg,Jan Šefranka,CC BY-SA 4.0,https://commons.wikimedia.org/wiki/File%3APetr_vanecek_-_1999.jpg,https://thumb.wikimedia.org/wikipedia/commons/thumb/d/d0/Petr_vanecek_-_1999.jpg/960px-Petr_vanecek_-_1999.jpg?utm_source=commons.wikimedia.org&utm_campaign=imageinfo&utm_content=thumbnail
sleeping-people_059_File_Police_Department_Rooftop_2551718785.jpg,Category:Sleeping people,File:Police Department Rooftop (2551718785).jpg,"Anderson Mancini from Sao Paulo, Brazil",CC BY 2.0,https://commons.wikimedia.org/wiki/File%3APolice_Department_Rooftop_%282551718785%29.jpg,https://thumb.wikimedia.org/wikipedia/commons/thumb/c/c2/Police_Department_Rooftop_%282551718785%29.jpg/960px-Police_Department_Rooftop_%282551718785%29.jpg?utm_source=commons.wikimedia.org&utm_campaign=imageinfo&utm_content=thumbnail
sleeping-people_060_File_Power_Nap.jpg,Category:Sleeping people,File:Power Nap.jpg,Aida Namukose,CC BY-SA 4.0,https://commons.wikimedia.org/wiki/File%3APower_Nap.jpg,https://thumb.wikimedia.org/wikipedia/commons/thumb/b/b4/Power_Nap.jpg/960px-Power_Nap.jpg?utm_source=commons.wikimedia.org&utm_campaign=imageinfo&utm_content=thumbnail
sleeping-people_061_File_Rab3a.jpg,Category:Sleeping people,File:Rab3a.jpg,Samy Attahawy,CC BY 2.0,https://commons.wikimedia.org/wiki/File%3ARab3a.jpg,https://thumb.wikimedia.org/wikipedia/commons/thumb/5/51/Rab3a.jpg/960px-Rab3a.jpg?utm_source=commons.wikimedia.org&utm_campaign=imageinfo&utm_content=thumbnail
sleeping-people_062_File_Reading_Room_in_the_Erin_Szabo_library_231942.jpg,Category:Sleeping people,File:Reading Room in the Erin Szabo library (231942403).jpg,"JuliaC2006 from Rochester, UK",CC BY 2.0,https://commons.wikimedia.org/wiki/File%3AReading_Room_in_the_Erin_Szabo_library_%28231942403%29.jpg,https://upload.wikimedia.org/wikipedia/commons/8/8e/Reading_Room_in_the_Erin_Szabo_library_%28231942403%29.jpg?utm_source=commons.wikimedia.org&utm_campaign=imageinfo&utm_content=thumbnail_unscaled
sleeping-people_063_File_RF_0107_RF_Daytime_Krists_Luhaers_24_35732238.jpg,Category:Sleeping people,File:RF 0107 RF Daytime Krists Luhaers-24 (35732238322).jpg,Krists Luhaers,CC BY 2.0,https://commons.wikimedia.org/wiki/File%3ARF_0107_RF_Daytime_Krists_Luhaers-24_%2835732238322%29.jpg,https://thumb.wikimedia.org/wikipedia/commons/thumb/a/a6/RF_0107_RF_Daytime_Krists_Luhaers-24_%2835732238322%29.jpg/960px-RF_0107_RF_Daytime_Krists_Luhaers-24_%2835732238322%29.jpg?utm_source=commons.wikimedia.org&utm_campaign=imageinfo&utm_content=thumbnail
sleeping-people_064_File_Saigon_1301_0083.jpg,Category:Sleeping people,File:Saigon 1301-0083.jpg,Mozzihh,CC BY-SA 4.0,https://commons.wikimedia.org/wiki/File%3ASaigon_1301-0083.jpg,https://thumb.wikimedia.org/wikipedia/commons/thumb/0/0f/Saigon_1301-0083.jpg/960px-Saigon_1301-0083.jpg?utm_source=commons.wikimedia.org&utm_campaign=imageinfo&utm_content=thumbnail
sleeping-people_065_File_Sans_abri_assoupis_l_entr_e_du_m_tro_Place_d.jpg,Category:Sleeping people,"File:Sans-abri assoupis à l'entrée du métro, Place d'Italie (Paris).jpg",Benoît Prieur,CC0,https://commons.wikimedia.org/wiki/File%3ASans-abri_assoupis_%C3%A0_l%27entr%C3%A9e_du_m%C3%A9tro%2C_Place_d%27Italie_%28Paris%29.jpg,https://thumb.wikimedia.org/wikipedia/commons/thumb/d/dc/Sans-abri_assoupis_%C3%A0_l%27entr%C3%A9e_du_m%C3%A9tro%2C_Place_d%27Italie_%28Paris%29.jpg/960px-Sans-abri_assoupis_%C3%A0_l%27entr%C3%A9e_du_m%C3%A9tro%2C_Place_d%27Italie_%28Paris%29.jpg?utm_source=commons.wikimedia.org&utm_campaign=imageinfo&utm_content=thumbnail
sleeping-people_066_File_Shivers_66407679.jpg,Category:Sleeping people,File:Shivers (66407679).jpg,Thomas Quine,CC BY 2.0,https://commons.wikimedia.org/wiki/File%3AShivers_%2866407679%29.jpg,https://thumb.wikimedia.org/wikipedia/commons/thumb/5/57/Shivers_%2866407679%29.jpg/960px-Shivers_%2866407679%29.jpg?utm_source=commons.wikimedia.org&utm_campaign=imageinfo&utm_content=thumbnail
sleeping-people_067_File_Shopping_Are_YOU_Hardcore_Enough_4278247646.jpg,Category:Sleeping people,File:Shopping -- Are YOU Hardcore Enough? (4278247646).jpg,"Kuba Bożanowski from Warsaw, Poland",CC BY 2.0,https://commons.wikimedia.org/wiki/File%3AShopping_--_Are_YOU_Hardcore_Enough%3F_%284278247646%29.jpg,https://thumb.wikimedia.org/wikipedia/commons/thumb/3/3e/Shopping_--_Are_YOU_Hardcore_Enough%3F_%284278247646%29.jpg/960px-Shopping_--_Are_YOU_Hardcore_Enough%3F_%284278247646%29.jpg?utm_source=commons.wikimedia.org&utm_campaign=imageinfo&utm_content=thumbnail
sleeping-people_068_File_Sleeping_Flickr_Stiller_Beobachter.jpg,Category:Sleeping people,File:Sleeping - Flickr - Stiller Beobachter.jpg,"Stiller Beobachter from Ansbach, Germany",CC BY 2.0,https://commons.wikimedia.org/wiki/File%3ASleeping_-_Flickr_-_Stiller_Beobachter.jpg,https://thumb.wikimedia.org/wikipedia/commons/thumb/c/c2/Sleeping_-_Flickr_-_Stiller_Beobachter.jpg/960px-Sleeping_-_Flickr_-_Stiller_Beobachter.jpg?utm_source=commons.wikimedia.org&utm_campaign=imageinfo&utm_content=thumbnail
sleeping-people_069_File_Sleeping_Beauty_5335427995.jpg,Category:Sleeping people,File:Sleeping Beauty (5335427995).jpg,"Staffan Scherz from Ho Chi Minh City, Vietnam",CC BY 2.0,https://commons.wikimedia.org/wiki/File%3ASleeping_Beauty_%285335427995%29.jpg,https://thumb.wikimedia.org/wikipedia/commons/thumb/6/60/Sleeping_Beauty_%285335427995%29.jpg/960px-Sleeping_Beauty_%285335427995%29.jpg?utm_source=commons.wikimedia.org&utm_campaign=imageinfo&utm_content=thumbnail
sleeping-people_070_File_Sleeping_couple_embracing_on_sidewalk_and_sle.jpg,Category:Sleeping people,File:Sleeping couple embracing on sidewalk (and sleeping) in San Francisco near Polk street.jpg,Unclefester,CC BY-SA 3.0,https://commons.wikimedia.org/wiki/File%3ASleeping_couple_embracing_on_sidewalk_%28and_sleeping%29_in_San_Francisco_near_Polk_street.jpg,https://thumb.wikimedia.org/wikipedia/commons/thumb/3/3b/Sleeping_couple_embracing_on_sidewalk_%28and_sleeping%29_in_San_Francisco_near_Polk_street.jpg/960px-Sleeping_couple_embracing_on_sidewalk_%28and_sleeping%29_in_San_Francisco_near_Polk_street.jpg?utm_source=commons.wikimedia.org&utm_campaign=imageinfo&utm_content=thumbnail
sleeping-people_071_File_Sleeping_Positions_for_Back_Pain.jpg,Category:Sleeping people,File:Sleeping Positions for Back Pain.png,BruceBlaus,CC BY-SA 4.0,https://commons.wikimedia.org/wiki/File%3ASleeping_Positions_for_Back_Pain.png,https://thumb.wikimedia.org/wikipedia/commons/thumb/5/5b/Sleeping_Positions_for_Back_Pain.png/960px-Sleeping_Positions_for_Back_Pain.png?utm_source=commons.wikimedia.org&utm_campaign=imageinfo&utm_content=thumbnail
sleeping-people_072_File_Sleeping_Tristan_3892560628.jpg,Category:Sleeping people,File:Sleeping Tristan (3892560628).jpg,"Peretz Partensky from San Francisco, USA",CC BY-SA 2.0,https://commons.wikimedia.org/wiki/File%3ASleeping_Tristan_%283892560628%29.jpg,https://thumb.wikimedia.org/wikipedia/commons/thumb/4/4d/Sleeping_Tristan_%283892560628%29.jpg/960px-Sleeping_Tristan_%283892560628%29.jpg?utm_source=commons.wikimedia.org&utm_campaign=imageinfo&utm_content=thumbnail
sleeping-people_073_File_Sleeping_While_on_Duty.jpg,Category:Sleeping people,File:Sleeping While on Duty.jpg,Lindberg16,CC BY-SA 3.0,https://commons.wikimedia.org/wiki/File%3ASleeping_While_on_Duty.jpg,https://upload.wikimedia.org/wikipedia/commons/9/91/Sleeping_While_on_Duty.jpg?utm_source=commons.wikimedia.org&utm_campaign=imageinfo&utm_content=thumbnail_unscaled
sleeping-people_074_File_Sohc8.jpg,Category:Sleeping people,File:Sohc8.jpg,Scot McPhie,CC BY-SA 3.0,https://commons.wikimedia.org/wiki/File%3ASohc8.jpg,https://upload.wikimedia.org/wikipedia/commons/6/66/Sohc8.jpg?utm_source=commons.wikimedia.org&utm_campaign=imageinfo&utm_content=thumbnail_unscaled
sleeping-people_075_File_Sovandeman.jpg,Category:Sleeping people,File:Sovandeman.png,Colorstefan,CC BY-SA 3.0,https://commons.wikimedia.org/wiki/File%3ASovandeman.png,https://upload.wikimedia.org/wikipedia/commons/e/e3/Sovandeman.png?utm_source=commons.wikimedia.org&utm_campaign=imageinfo&utm_content=thumbnail_unscaled
sleeping-people_076_File_Street_of_St_Petersburg_5845843868.jpg,Category:Sleeping people,File:Street of St. Petersburg (5845843868).jpg,"Andrew Kudrin from Novosibirsk, Russia",CC BY 2.0,https://commons.wikimedia.org/wiki/File%3AStreet_of_St._Petersburg_%285845843868%29.jpg,https://thumb.wikimedia.org/wikipedia/commons/thumb/6/69/Street_of_St._Petersburg_%285845843868%29.jpg/960px-Street_of_St._Petersburg_%285845843868%29.jpg?utm_source=commons.wikimedia.org&utm_campaign=imageinfo&utm_content=thumbnail
sleeping-people_077_File_Sunday_afternoon_snooze_geograph_org_uk_15287.jpg,Category:Sleeping people,File:Sunday afternoon snooze - geograph.org.uk - 1528721.jpg,ceridwen,CC BY-SA 2.0,https://commons.wikimedia.org/wiki/File%3ASunday_afternoon_snooze_-_geograph.org.uk_-_1528721.jpg,https://upload.wikimedia.org/wikipedia/commons/6/64/Sunday_afternoon_snooze_-_geograph.org.uk_-_1528721.jpg?utm_source=commons.wikimedia.org&utm_campaign=imageinfo&utm_content=thumbnail_unscaled
sleeping-people_078_File_The_Sleep_2024.jpg,Category:Sleeping people,File:The Sleep- 2024.jpg,A Al Zubayer,CC BY 4.0,https://commons.wikimedia.org/wiki/File%3AThe_Sleep-_2024.jpg,https://thumb.wikimedia.org/wikipedia/commons/thumb/5/56/The_Sleep-_2024.jpg/960px-The_Sleep-_2024.jpg?utm_source=commons.wikimedia.org&utm_campaign=imageinfo&utm_content=thumbnail
sleeping-people_079_File_Tidur_tanpa_Atap_dan_Alas.jpg,Category:Sleeping people,File:Tidur tanpa Atap dan Alas.jpg,Surya Pangkapi,CC BY-SA 3.0,https://commons.wikimedia.org/wiki/File%3ATidur_tanpa_Atap_dan_Alas.jpg,https://thumb.wikimedia.org/wikipedia/commons/thumb/0/0a/Tidur_tanpa_Atap_dan_Alas.jpg/960px-Tidur_tanpa_Atap_dan_Alas.jpg?utm_source=commons.wikimedia.org&utm_campaign=imageinfo&utm_content=thumbnail
sleeping-people_080_File_Train_sleepers_Shenzhen_China_34550520105.jpg,Category:Sleeping people,File:Train sleepers Shenzhen China (34550520105).jpg,"Chris from Shenzhen, China",CC BY-SA 2.0,https://commons.wikimedia.org/wiki/File%3ATrain_sleepers_Shenzhen_China_%2834550520105%29.jpg,https://thumb.wikimedia.org/wikipedia/commons/thumb/9/9a/Train_sleepers_Shenzhen_China_%2834550520105%29.jpg/960px-Train_sleepers_Shenzhen_China_%2834550520105%29.jpg?utm_source=commons.wikimedia.org&utm_campaign=imageinfo&utm_content=thumbnail
sleeping-people_081_File_Trying_to_sleep_through_the_cars_6031382340.jpg,Category:Sleeping people,File:Trying to sleep through the cars (6031382340).jpg,Chris Waits,CC BY 2.0,https://commons.wikimedia.org/wiki/File%3ATrying_to_sleep_through_the_cars_%286031382340%29.jpg,https://thumb.wikimedia.org/wikipedia/commons/thumb/f/fe/Trying_to_sleep_through_the_cars_%286031382340%29.jpg/960px-Trying_to_sleep_through_the_cars_%286031382340%29.jpg?utm_source=commons.wikimedia.org&utm_campaign=imageinfo&utm_content=thumbnail
sleeping-people_082_File_Un_gardien_du_mus_e_dormant.jpg,Category:Sleeping people,File:Un gardien du musée dormant.jpg,DEVILDER,CC BY-SA 4.0,https://commons.wikimedia.org/wiki/File%3AUn_gardien_du_mus%C3%A9e_dormant.jpg,https://upload.wikimedia.org/wikipedia/commons/1/16/Un_gardien_du_mus%C3%A9e_dormant.jpg?utm_source=commons.wikimedia.org&utm_campaign=imageinfo&utm_content=thumbnail_unscaled
sleeping-people_083_File_View_of_the_Roof_48685888.jpg,Category:Sleeping people,File:View of the Roof (48685888).jpg,"upyernoz from Haverford, USA",CC BY 2.0,https://commons.wikimedia.org/wiki/File%3AView_of_the_Roof_%2848685888%29.jpg,https://thumb.wikimedia.org/wikipedia/commons/thumb/1/15/View_of_the_Roof_%2848685888%29.jpg/960px-View_of_the_Roof_%2848685888%29.jpg?utm_source=commons.wikimedia.org&utm_campaign=imageinfo&utm_content=thumbnail
sleeping-people_084_File_Whiplashed.jpg,Category:Sleeping people,File:Whiplashed.jpg,"Steve Jurvetson from Menlo Park, USA",CC BY 2.0,https://commons.wikimedia.org/wiki/File%3AWhiplashed.jpg,https://thumb.wikimedia.org/wikipedia/commons/thumb/8/8e/Whiplashed.jpg/960px-Whiplashed.jpg?utm_source=commons.wikimedia.org&utm_campaign=imageinfo&utm_content=thumbnail
sleeping-people_085_File_Wierd_Sleeping_Position_3898052203.jpg,Category:Sleeping people,File:Wierd Sleeping Position (3898052203).jpg,"Andrew Comings from Same, USA",CC BY 2.0,https://commons.wikimedia.org/wiki/File%3AWierd_Sleeping_Position_%283898052203%29.jpg,https://upload.wikimedia.org/wikipedia/commons/d/da/Wierd_Sleeping_Position_%283898052203%29.jpg?utm_source=commons.wikimedia.org&utm_campaign=imageinfo&utm_content=thumbnail_unscaled
sleeping-people_086_File_Z_richhorn_2011_10_28_14_34_32.jpg,Category:Sleeping people,File:Zürichhorn 2011-10-28 14-34-32.JPG,Roland zh,CC BY-SA 3.0,https://commons.wikimedia.org/wiki/File%3AZ%C3%BCrichhorn_2011-10-28_14-34-32.JPG,https://thumb.wikimedia.org/wikipedia/commons/thumb/b/b4/Z%C3%BCrichhorn_2011-10-28_14-34-32.JPG/960px-Z%C3%BCrichhorn_2011-10-28_14-34-32.JPG?utm_source=commons.wikimedia.org&utm_campaign=imageinfo&utm_content=thumbnail
sleeping-people_087_File_Z_richhorn_2011_10_28_14_41_06.jpg,Category:Sleeping people,File:Zürichhorn 2011-10-28 14-41-06.JPG,Roland zh,CC BY-SA 3.0,https://commons.wikimedia.org/wiki/File%3AZ%C3%BCrichhorn_2011-10-28_14-41-06.JPG,https://thumb.wikimedia.org/wikipedia/commons/thumb/a/a9/Z%C3%BCrichhorn_2011-10-28_14-41-06.JPG/960px-Z%C3%BCrichhorn_2011-10-28_14-41-06.JPG?utm_source=commons.wikimedia.org&utm_campaign=imageinfo&utm_content=thumbnail
sleeping-women_088_File_0000419_representation_387_original.jpg,Category:Sleeping women,File:0000419 representation 387 original.tif,Merit Schambach,CC BY-SA 3.0,https://commons.wikimedia.org/wiki/File%3A0000419_representation_387_original.tif,https://thumb.wikimedia.org/wikipedia/commons/thumb/6/65/0000419_representation_387_original.tif/lossy-page1-960px-0000419_representation_387_original.tif.jpg?utm_source=commons.wikimedia.org&utm_campaign=imageinfo&utm_content=thumbnail
sleeping-women_089_File_1986_Rest_Hour_At_the_Cabin_2241377693.jpg,Category:Sleeping women,File:1986 Rest Hour At the Cabin (2241377693).jpg,anoldent,CC BY-SA 2.0,https://commons.wikimedia.org/wiki/File%3A1986_Rest_Hour_At_the_Cabin_%282241377693%29.jpg,https://thumb.wikimedia.org/wikipedia/commons/thumb/8/84/1986_Rest_Hour_At_the_Cabin_%282241377693%29.jpg/960px-1986_Rest_Hour_At_the_Cabin_%282241377693%29.jpg?utm_source=commons.wikimedia.org&utm_campaign=imageinfo&utm_content=thumbnail
sleeping-women_090_File_20061007_Two_women_taking_a_siesta_in_Kolkata.jpg,Category:Sleeping women,"File:20061007 Two women taking a siesta in Kolkata, India.jpg",Giridhar Appaji Nag Y,CC BY 2.0,https://commons.wikimedia.org/wiki/File%3A20061007_Two_women_taking_a_siesta_in_Kolkata%2C_India.jpg,https://upload.wikimedia.org/wikipedia/commons/4/40/20061007_Two_women_taking_a_siesta_in_Kolkata%2C_India.jpg?utm_source=commons.wikimedia.org&utm_campaign=imageinfo&utm_content=thumbnail_unscaled
sleeping-women_091_File_2010_Beer_City_Festival_41_4678721992.jpg,Category:Sleeping women,File:2010 Beer City Festival 41 (4678721992).jpg,anoldent,CC BY-SA 2.0,https://commons.wikimedia.org/wiki/File%3A2010_Beer_City_Festival_41_%284678721992%29.jpg,https://thumb.wikimedia.org/wikipedia/commons/thumb/9/96/2010_Beer_City_Festival_41_%284678721992%29.jpg/960px-2010_Beer_City_Festival_41_%284678721992%29.jpg?utm_source=commons.wikimedia.org&utm_campaign=imageinfo&utm_content=thumbnail
sleeping-women_092_File_2010_przystanek_WoodstockDSCF6146.jpg,Category:Sleeping women,File:2010 przystanek WoodstockDSCF6146.JPG,Jakkolwiek,CC BY-SA 4.0,https://commons.wikimedia.org/wiki/File%3A2010_przystanek_WoodstockDSCF6146.JPG,https://thumb.wikimedia.org/wikipedia/commons/thumb/f/f4/2010_przystanek_WoodstockDSCF6146.JPG/960px-2010_przystanek_WoodstockDSCF6146.JPG?utm_source=commons.wikimedia.org&utm_campaign=imageinfo&utm_content=thumbnail
sleeping-women_093_File_20260908_093734_Taoyuan_airport_woman_napping.jpg,Category:Sleeping women,File:20260908 093734 Taoyuan airport woman napping.jpg,Saimmx,CC0,https://commons.wikimedia.org/wiki/File%3A20260908_093734_Taoyuan_airport_woman_napping.jpg,https://thumb.wikimedia.org/wikipedia/commons/thumb/4/4a/20260908_093734_Taoyuan_airport_woman_napping.jpg/960px-20260908_093734_Taoyuan_airport_woman_napping.jpg?utm_source=commons.wikimedia.org&utm_campaign=imageinfo&utm_content=thumbnail
sleeping-women_094_File_20260908_093742_Taoyuan_airport_woman_napping.jpg,Category:Sleeping women,File:20260908 093742 Taoyuan airport woman napping closer.jpg,Saimmx,CC0,https://commons.wikimedia.org/wiki/File%3A20260908_093742_Taoyuan_airport_woman_napping_closer.jpg,https://thumb.wikimedia.org/wikipedia/commons/thumb/3/3e/20260908_093742_Taoyuan_airport_woman_napping_closer.jpg/960px-20260908_093742_Taoyuan_airport_woman_napping_closer.jpg?utm_source=commons.wikimedia.org&utm_campaign=imageinfo&utm_content=thumbnail
sleeping-women_095_File_24_OPEN_2736589436.jpg,Category:Sleeping women,File:24 OPEN (2736589436).jpg,Stéfan,CC BY-SA 2.0,https://commons.wikimedia.org/wiki/File%3A24_OPEN_%282736589436%29.jpg,https://thumb.wikimedia.org/wikipedia/commons/thumb/4/48/24_OPEN_%282736589436%29.jpg/960px-24_OPEN_%282736589436%29.jpg?utm_source=commons.wikimedia.org&utm_campaign=imageinfo&utm_content=thumbnail
sleeping-women_096_File_9642Photos_taken_during_2020_coronavirus_pand.jpg,Category:Sleeping women,File:9642Photos taken during 2020 coronavirus pandemic 24.jpg,Judgefloro,CC0,https://commons.wikimedia.org/wiki/File%3A9642Photos_taken_during_2020_coronavirus_pandemic_24.jpg,https://thumb.wikimedia.org/wikipedia/commons/thumb/8/8d/9642Photos_taken_during_2020_coronavirus_pandemic_24.jpg/960px-9642Photos_taken_during_2020_coronavirus_pandemic_24.jpg?utm_source=commons.wikimedia.org&utm_campaign=imageinfo&utm_content=thumbnail
sleeping-women_097_File_9642Photos_taken_during_2020_coronavirus_pand.jpg,Category:Sleeping women,File:9642Photos taken during 2020 coronavirus pandemic 25.jpg,Judgefloro,CC0,https://commons.wikimedia.org/wiki/File%3A9642Photos_taken_during_2020_coronavirus_pandemic_25.jpg,https://thumb.wikimedia.org/wikipedia/commons/thumb/5/57/9642Photos_taken_during_2020_coronavirus_pandemic_25.jpg/960px-9642Photos_taken_during_2020_coronavirus_pandemic_25.jpg?utm_source=commons.wikimedia.org&utm_campaign=imageinfo&utm_content=thumbnail
sleeping-women_098_File_9642Photos_taken_during_2020_coronavirus_pand.jpg,Category:Sleeping women,File:9642Photos taken during 2020 coronavirus pandemic 26.jpg,Judgefloro,CC0,https://commons.wikimedia.org/wiki/File%3A9642Photos_taken_during_2020_coronavirus_pandemic_26.jpg,https://thumb.wikimedia.org/wikipedia/commons/thumb/f/f6/9642Photos_taken_during_2020_coronavirus_pandemic_26.jpg/960px-9642Photos_taken_during_2020_coronavirus_pandemic_26.jpg?utm_source=commons.wikimedia.org&utm_campaign=imageinfo&utm_content=thumbnail
sleeping-women_099_File_A_nap_at_the_Lisbon_sun_17940808619.jpg,Category:Sleeping women,File:A nap at the Lisbon sun (17940808619).jpg,"Pedro Ribeiro Simões from Lisboa, Portugal",CC BY 2.0,https://commons.wikimedia.org/wiki/File%3AA_nap_at_the_Lisbon_sun_%2817940808619%29.jpg,https://thumb.wikimedia.org/wikipedia/commons/thumb/2/29/A_nap_at_the_Lisbon_sun_%2817940808619%29.jpg/960px-A_nap_at_the_Lisbon_sun_%2817940808619%29.jpg?utm_source=commons.wikimedia.org&utm_campaign=imageinfo&utm_content=thumbnail
sleeping-women_100_File_Adua_e_le_compagne_38.jpg,Category:Sleeping women,File:Adua e le compagne 38.png,Antonio Pietrangeli (director) / Armando Nannuzzi (cinematographer),Public domain,https://commons.wikimedia.org/wiki/File%3AAdua_e_le_compagne_38.png,https://thumb.wikimedia.org/wikipedia/commons/thumb/1/15/Adua_e_le_compagne_38.png/960px-Adua_e_le_compagne_38.png?utm_source=commons.wikimedia.org&utm_campaign=imageinfo&utm_content=thumbnail
sleeping-women_101_File_Aix_galericulata_K_ken_Nymphenteich_Blatterwi.jpg,Category:Sleeping women,File:Aix galericulata (Küken) - Nymphenteich - Blatterwiese - Zürichhorn 2013-06-13 15-09-05.JPG,Roland zh,CC BY-SA 3.0,https://commons.wikimedia.org/wiki/File%3AAix_galericulata_%28K%C3%BCken%29_-_Nymphenteich_-_Blatterwiese_-_Z%C3%BCrichhorn_2013-06-13_15-09-05.JPG,https://thumb.wikimedia.org/wikipedia/commons/thumb/f/f7/Aix_galericulata_%28K%C3%BCken%29_-_Nymphenteich_-_Blatterwiese_-_Z%C3%BCrichhorn_2013-06-13_15-09-05.JPG/960px-Aix_galericulata_%28K%C3%BCken%29_-_Nymphenteich_-_Blatterwiese_-_Z%C3%BCrichhorn_2013-06-13_15-09-05.JPG?utm_source=commons.wikimedia.org&utm_campaign=imageinfo&utm_content=thumbnail
sleeping-women_102_File_Alia_Han_as_Gawr_Gura_sleeping_on_the_ground.jpg,Category:Sleeping women,File:Alia Han as Gawr Gura sleeping on the ground 20220924a.jpg,Solomon203,CC BY-SA 4.0,https://commons.wikimedia.org/wiki/File%3AAlia_Han_as_Gawr_Gura_sleeping_on_the_ground_20220924a.jpg,https://thumb.wikimedia.org/wikipedia/commons/thumb/e/ec/Alia_Han_as_Gawr_Gura_sleeping_on_the_ground_20220924a.jpg/960px-Alia_Han_as_Gawr_Gura_sleeping_on_the_ground_20220924a.jpg?utm_source=commons.wikimedia.org&utm_campaign=imageinfo&utm_content=thumbnail
sleeping-women_103_File_Alia_Han_as_Gawr_Gura_sleeping_on_the_ground.jpg,Category:Sleeping women,File:Alia Han as Gawr Gura sleeping on the ground 20220924b.jpg,Solomon203,CC BY-SA 4.0,https://commons.wikimedia.org/wiki/File%3AAlia_Han_as_Gawr_Gura_sleeping_on_the_ground_20220924b.jpg,https://thumb.wikimedia.org/wikipedia/commons/thumb/3/37/Alia_Han_as_Gawr_Gura_sleeping_on_the_ground_20220924b.jpg/960px-Alia_Han_as_Gawr_Gura_sleeping_on_the_ground_20220924b.jpg?utm_source=commons.wikimedia.org&utm_campaign=imageinfo&utm_content=thumbnail
sleeping-women_104_File_AO_DAI_2015_02_23_15.jpg,Category:Sleeping women,File:AO DAI 2015-02-23 - 15.jpg,Trần Sơn Hải,CC BY 2.0,https://commons.wikimedia.org/wiki/File%3AAO_DAI_2015-02-23_-_15.jpg,https://thumb.wikimedia.org/wikipedia/commons/thumb/0/03/AO_DAI_2015-02-23_-_15.jpg/960px-AO_DAI_2015-02-23_-_15.jpg?utm_source=commons.wikimedia.org&utm_campaign=imageinfo&utm_content=thumbnail
sleeping-women_105_File_Basel_2012_10_13_Batch_part_2_17.jpg,Category:Sleeping women,File:Basel 2012-10-13 Batch part 2 (17).JPG,User:Mattes,CC BY-SA 2.0,https://commons.wikimedia.org/wiki/File%3ABasel_2012-10-13_Batch_part_2_%2817%29.JPG,https://thumb.wikimedia.org/wikipedia/commons/thumb/f/f3/Basel_2012-10-13_Batch_part_2_%2817%29.JPG/960px-Basel_2012-10-13_Batch_part_2_%2817%29.JPG?utm_source=commons.wikimedia.org&utm_campaign=imageinfo&utm_content=thumbnail
sleeping-women_106_File_Blue_Rest_of_a_Blue_Photographer_on_a_Blue_Pi.jpg,Category:Sleeping women,File:Blue Rest of a Blue Photographer on a Blue Pillow All on a Blue Skylark (303386242).jpg,"Hamed Saber from Tehran, Iran",CC BY 2.0,https://commons.wikimedia.org/wiki/File%3ABlue_Rest_of_a_Blue_Photographer_on_a_Blue_Pillow_All_on_a_Blue_Skylark_%28303386242%29.jpg,https://thumb.wikimedia.org/wikipedia/commons/thumb/0/07/Blue_Rest_of_a_Blue_Photographer_on_a_Blue_Pillow_All_on_a_Blue_Skylark_%28303386242%29.jpg/960px-Blue_Rest_of_a_Blue_Photographer_on_a_Blue_Pillow_All_on_a_Blue_Skylark_%28303386242%29.jpg?utm_source=commons.wikimedia.org&utm_campaign=imageinfo&utm_content=thumbnail
sleeping-women_107_File_Caboose_april_2007_025_472088854.jpg,Category:Sleeping women,File:Caboose-april-2007 025 (472088854).jpg,"Tom Reynolds from Melbourne, Australia",CC BY 2.0,https://commons.wikimedia.org/wiki/File%3ACaboose-april-2007_025_%28472088854%29.jpg,https://thumb.wikimedia.org/wikipedia/commons/thumb/4/46/Caboose-april-2007_025_%28472088854%29.jpg/960px-Caboose-april-2007_025_%28472088854%29.jpg?utm_source=commons.wikimedia.org&utm_campaign=imageinfo&utm_content=thumbnail
sleeping-women_108_File_Carsick_37969451911.jpg,Category:Sleeping women,File:Carsick! (37969451911).jpg,"MIKI Yoshihito from Sapporo City,Hokkaido., JAPAN",CC BY 2.0,https://commons.wikimedia.org/wiki/File%3ACarsick%21_%2837969451911%29.jpg,https://thumb.wikimedia.org/wikipedia/commons/thumb/2/2c/Carsick%21_%2837969451911%29.jpg/960px-Carsick%21_%2837969451911%29.jpg?utm_source=commons.wikimedia.org&utm_campaign=imageinfo&utm_content=thumbnail
sleeping-women_109_File_Chinese_sleeper_bus_from_Almaty_to_Urumqi.jpg,Category:Sleeping women,File:Chinese sleeper bus from Almaty to Urumqi.jpg,Radosław Botev,CC BY 3.0 pl,https://commons.wikimedia.org/wiki/File%3AChinese_sleeper_bus_from_Almaty_to_Urumqi.jpg,https://thumb.wikimedia.org/wikipedia/commons/thumb/6/66/Chinese_sleeper_bus_from_Almaty_to_Urumqi.jpg/960px-Chinese_sleeper_bus_from_Almaty_to_Urumqi.jpg?utm_source=commons.wikimedia.org&utm_campaign=imageinfo&utm_content=thumbnail
sleeping-women_110_File_Constant_Puyo_Eingeschlafen_1897.jpg,Category:Sleeping women,"File:Constant Puyo- Eingeschlafen, 1897.jpg",Constant Puyo,Public domain,https://commons.wikimedia.org/wiki/File%3AConstant_Puyo-_Eingeschlafen%2C_1897.jpg,https://upload.wikimedia.org/wikipedia/commons/7/72/Constant_Puyo-_Eingeschlafen%2C_1897.jpg?utm_source=commons.wikimedia.org&utm_campaign=imageinfo&utm_content=thumbnail_unscaled
sleeping-women_111_File_Debbie_PSA_Airlines_000154.jpg,Category:Sleeping women,File:Debbie PSA Airlines 000154.jpg,SDASM Archives,Public domain,https://commons.wikimedia.org/wiki/File%3ADebbie_PSA_Airlines_000154.jpg,https://thumb.wikimedia.org/wikipedia/commons/thumb/6/60/Debbie_PSA_Airlines_000154.jpg/960px-Debbie_PSA_Airlines_000154.jpg?utm_source=commons.wikimedia.org&utm_campaign=imageinfo&utm_content=thumbnail
sleeping-women_112_File_DND_1541474879.jpg,Category:Sleeping women,File:DND (1541474879).jpg,Max Braun,CC BY-SA 2.0,https://commons.wikimedia.org/wiki/File%3ADND_%281541474879%29.jpg,https://thumb.wikimedia.org/wikipedia/commons/thumb/d/d5/DND_%281541474879%29.jpg/960px-DND_%281541474879%29.jpg?utm_source=commons.wikimedia.org&utm_campaign=imageinfo&utm_content=thumbnail
sleeping-women_113_File_Dozing_elders_tenderly_amuse_me_They_remind_m.jpg,Category:Sleeping women,"File:Dozing elders tenderly amuse me. They remind me of mom late at night, trying to carry a conversation but just babbling... -) (3194851234).jpg",Eliazar Parra Cardenas,CC BY 2.0,https://commons.wikimedia.org/wiki/File%3ADozing_elders_tenderly_amuse_me._They_remind_me_of_mom_late_at_night%2C_trying_to_carry_a_conversation_but_just_babbling..._-%29_%283194851234%29.jpg,https://thumb.wikimedia.org/wikipedia/commons/thumb/a/a2/Dozing_elders_tenderly_amuse_me._They_remind_me_of_mom_late_at_night%2C_trying_to_carry_a_conversation_but_just_babbling..._-%29_%283194851234%29.jpg/960px-Dozing_elders_tenderly_amuse_me._They_remind_me_of_mom_late_at_night%2C_trying_to_carry_a_conversation_but_just_babbling..._-%29_%283194851234%29.jpg?utm_source=commons.wikimedia.org&utm_campaign=imageinfo&utm_content=thumbnail
sleeping-women_114_File_DreamWalker_Serene_sleeping_in_the_afternoon.jpg,Category:Sleeping women,File:DreamWalker Serene sleeping in the afternoon sun on Bombardier Innovia APM 256 in Taipei.jpg,Nova,CC BY-SA 2.0,https://commons.wikimedia.org/wiki/File%3ADreamWalker_Serene_sleeping_in_the_afternoon_sun_on_Bombardier_Innovia_APM_256_in_Taipei.jpg,https://thumb.wikimedia.org/wikipedia/commons/thumb/3/35/DreamWalker_Serene_sleeping_in_the_afternoon_sun_on_Bombardier_Innovia_APM_256_in_Taipei.jpg/960px-DreamWalker_Serene_sleeping_in_the_afternoon_sun_on_Bombardier_Innovia_APM_256_in_Taipei.jpg?utm_source=commons.wikimedia.org&utm_campaign=imageinfo&utm_content=thumbnail
sleeping-women_115_File_Emakumea_lo_bizikleta_001.jpg,Category:Sleeping women,File:Emakumea lo bizikleta 001.JPG,Joxemai,CC BY-SA 3.0,https://commons.wikimedia.org/wiki/File%3AEmakumea_lo_bizikleta_001.JPG,https://thumb.wikimedia.org/wikipedia/commons/thumb/e/e8/Emakumea_lo_bizikleta_001.JPG/960px-Emakumea_lo_bizikleta_001.JPG?utm_source=commons.wikimedia.org&utm_campaign=imageinfo&utm_content=thumbnail
sleeping-women_116_File_Fatigued.jpg,Category:Sleeping women,File:Fatigued.jpg,Kaggwareagan,CC BY-SA 4.0,https://commons.wikimedia.org/wiki/File%3AFatigued.jpg,https://thumb.wikimedia.org/wikipedia/commons/thumb/9/94/Fatigued.jpg/960px-Fatigued.jpg?utm_source=commons.wikimedia.org&utm_campaign=imageinfo&utm_content=thumbnail
sleeping-women_117_File_1978_Fortepan_84930.jpg,Category:Sleeping women,File:1978 Fortepan 84930.jpg,FOTO:Fortepan — ID 84930: Adományozó/Donor: Erdei Katalin. archive copy at the Wayback Machine,CC BY-SA 3.0,https://commons.wikimedia.org/wiki/File%3A1978_Fortepan_84930.jpg,https://thumb.wikimedia.org/wikipedia/commons/thumb/7/75/1978_Fortepan_84930.jpg/960px-1978_Fortepan_84930.jpg?utm_source=commons.wikimedia.org&utm_campaign=imageinfo&utm_content=thumbnail
sleeping-women_118_File_Fotothek_df_ps_0002943_Ruhende_Schlafende.jpg,Category:Sleeping women,File:Fotothek df ps 0002943 Ruhende - Schlafende.jpg,Richard Peter,CC BY-SA 3.0 de,https://commons.wikimedia.org/wiki/File%3AFotothek_df_ps_0002943_Ruhende_-_Schlafende.jpg,https://upload.wikimedia.org/wikipedia/commons/2/25/Fotothek_df_ps_0002943_Ruhende_-_Schlafende.jpg?utm_source=commons.wikimedia.org&utm_campaign=imageinfo&utm_content=thumbnail_unscaled
sleeping-women_119_File_Galilee_997009322939905171.jpg,Category:Sleeping women,File:Galilee (997009322939905171.jpg,Boris Carmi,CC BY 4.0,https://commons.wikimedia.org/wiki/File%3AGalilee_%28997009322939905171.jpg,https://thumb.wikimedia.org/wikipedia/commons/thumb/9/94/Galilee_%28997009322939905171.jpg/960px-Galilee_%28997009322939905171.jpg?utm_source=commons.wikimedia.org&utm_campaign=imageinfo&utm_content=thumbnail
sleeping-women_120_File_Germany_Under_Allied_Occupation_1945_BU10918.jpg,Category:Sleeping women,File:Germany Under Allied Occupation 1945 BU10918.jpg,"Smith (Sergeant), No 5 Army Film &amp; Photographic Unit",Public domain,https://commons.wikimedia.org/wiki/File%3AGermany_Under_Allied_Occupation_1945_BU10918.jpg,https://upload.wikimedia.org/wikipedia/commons/1/11/Germany_Under_Allied_Occupation_1945_BU10918.jpg?utm_source=commons.wikimedia.org&utm_campaign=imageinfo&utm_content=thumbnail_unscaled
sleeping-women_121_File_Global_Medic_130726_F_AF679_934.jpg,Category:Sleeping women,File:Global Medic 130726-F-AF679-934.jpg,Tech. Sgt. Efren Lopez,Public domain,https://commons.wikimedia.org/wiki/File%3AGlobal_Medic_130726-F-AF679-934.jpg,https://thumb.wikimedia.org/wikipedia/commons/thumb/6/6f/Global_Medic_130726-F-AF679-934.jpg/960px-Global_Medic_130726-F-AF679-934.jpg?utm_source=commons.wikimedia.org&utm_campaign=imageinfo&utm_content=thumbnail
sleeping-women_122_File_Growth_of_beard_in_a_female.jpg,Category:Sleeping women,File:Growth of beard in a female.jpg,Alfred Loomis &amp; William Thompson,Public domain,https://commons.wikimedia.org/wiki/File%3AGrowth_of_beard_in_a_female.jpg,https://thumb.wikimedia.org/wikipedia/commons/thumb/9/96/Growth_of_beard_in_a_female.jpg/960px-Growth_of_beard_in_a_female.jpg?utm_source=commons.wikimedia.org&utm_campaign=imageinfo&utm_content=thumbnail
sleeping-women_123_File_Hammocks_in_Dulcimer_Grove_at_the_Philadelphi.jpg,Category:Sleeping women,File:Hammocks in Dulcimer Grove at the Philadelphia Folk Festival (7825174638).jpg,Montgomery County Planning Commission,CC BY-SA 2.0,https://commons.wikimedia.org/wiki/File%3AHammocks_in_Dulcimer_Grove_at_the_Philadelphia_Folk_Festival_%287825174638%29.jpg,https://thumb.wikimedia.org/wikipedia/commons/thumb/e/ec/Hammocks_in_Dulcimer_Grove_at_the_Philadelphia_Folk_Festival_%287825174638%29.jpg/960px-Hammocks_in_Dulcimer_Grove_at_the_Philadelphia_Folk_Festival_%287825174638%29.jpg?utm_source=commons.wikimedia.org&utm_campaign=imageinfo&utm_content=thumbnail
sleeping-women_124_File_Hasta_la_dodo_5974914953.jpg,Category:Sleeping women,File:Hasta la... dodo (5974914953).jpg,"Emmanuel Huybrechts from Laval, Canada",CC BY 2.0,https://commons.wikimedia.org/wiki/File%3AHasta_la..._dodo_%285974914953%29.jpg,https://thumb.wikimedia.org/wikipedia/commons/thumb/8/85/Hasta_la..._dodo_%285974914953%29.jpg/960px-Hasta_la..._dodo_%285974914953%29.jpg?utm_source=commons.wikimedia.org&utm_campaign=imageinfo&utm_content=thumbnail
sleeping-women_125_File_Hello_Kitty_20120214.jpg,Category:Sleeping women,File:Hello Kitty - 20120214.jpg,peter klashorst,CC BY 2.0,https://commons.wikimedia.org/wiki/File%3AHello_Kitty_-_20120214.jpg,https://thumb.wikimedia.org/wikipedia/commons/thumb/a/ad/Hello_Kitty_-_20120214.jpg/960px-Hello_Kitty_-_20120214.jpg?utm_source=commons.wikimedia.org&utm_campaign=imageinfo&utm_content=thumbnail
sleeping-women_126_File_Swiss_Farm_campsite_Henley_1985_geograph_org.jpg,Category:Sleeping women,"File:Swiss Farm campsite, Henley, 1985. - geograph.org.uk - 345472.jpg",Stephen Williams,CC BY-SA 2.0,https://commons.wikimedia.org/wiki/File%3ASwiss_Farm_campsite%2C_Henley%2C_1985._-_geograph.org.uk_-_345472.jpg,https://upload.wikimedia.org/wikipedia/commons/9/99/Swiss_Farm_campsite%2C_Henley%2C_1985._-_geograph.org.uk_-_345472.jpg?utm_source=commons.wikimedia.org&utm_campaign=imageinfo&utm_content=thumbnail_unscaled
sleeping-women_127_File_Het_balkon_8500741196.jpg,Category:Sleeping women,File:Het balkon (8500741196).jpg,"rob Stoeltje from loenen, netherlands",CC BY 2.0,https://commons.wikimedia.org/wiki/File%3AHet_balkon_%288500741196%29.jpg,https://thumb.wikimedia.org/wikipedia/commons/thumb/5/5c/Het_balkon_%288500741196%29.jpg/960px-Het_balkon_%288500741196%29.jpg?utm_source=commons.wikimedia.org&utm_campaign=imageinfo&utm_content=thumbnail
sleeping-women_128_File_Heure_de_la_sieste_sur_le_march_Thailande_292.jpg,Category:Sleeping women,"File:Heure de la sieste sur le marché, Thailande (29225150236).jpg",Voyages etc...,CC BY 2.0,https://commons.wikimedia.org/wiki/File%3AHeure_de_la_sieste_sur_le_march%C3%A9%2C_Thailande_%2829225150236%29.jpg,https://thumb.wikimedia.org/wikipedia/commons/thumb/b/b0/Heure_de_la_sieste_sur_le_march%C3%A9%2C_Thailande_%2829225150236%29.jpg/960px-Heure_de_la_sieste_sur_le_march%C3%A9%2C_Thailande_%2829225150236%29.jpg?utm_source=commons.wikimedia.org&utm_campaign=imageinfo&utm_content=thumbnail
sleeping-women_129_File_Homeless_Woman_Sleeps_Beneath_Overpass_Atlant.jpg,Category:Sleeping women,File:Homeless Woman Sleeps Beneath Overpass - Atlanta - Georgia - USA (34152085592).jpg,"Adam Jones from Kelowna, BC, Canada",CC BY-SA 2.0,https://commons.wikimedia.org/wiki/File%3AHomeless_Woman_Sleeps_Beneath_Overpass_-_Atlanta_-_Georgia_-_USA_%2834152085592%29.jpg,https://thumb.wikimedia.org/wikipedia/commons/thumb/4/4f/Homeless_Woman_Sleeps_Beneath_Overpass_-_Atlanta_-_Georgia_-_USA_%2834152085592%29.jpg/960px-Homeless_Woman_Sleeps_Beneath_Overpass_-_Atlanta_-_Georgia_-_USA_%2834152085592%29.jpg?utm_source=commons.wikimedia.org&utm_campaign=imageinfo&utm_content=thumbnail
sleeping-women_130_File_Homeless_women_is_sleeping_in_street.jpg,Category:Sleeping women,File:Homeless women is sleeping in street.JPG,Dmitry G,Public domain,https://commons.wikimedia.org/wiki/File%3AHomeless_women_is_sleeping_in_street.JPG,https://thumb.wikimedia.org/wikipedia/commons/thumb/b/b1/Homeless_women_is_sleeping_in_street.JPG/960px-Homeless_women_is_sleeping_in_street.JPG?utm_source=commons.wikimedia.org&utm_campaign=imageinfo&utm_content=thumbnail
sleeping-women_131_File_How_does_anybody_sleep_at_night_27587360403.jpg,Category:Sleeping women,File:How does anybody sleep at night? (27587360403).jpg,Pablo Punk,CC0,https://commons.wikimedia.org/wiki/File%3AHow_does_anybody_sleep_at_night%3F_%2827587360403%29.jpg,https://thumb.wikimedia.org/wikipedia/commons/thumb/7/73/How_does_anybody_sleep_at_night%3F_%2827587360403%29.jpg/960px-How_does_anybody_sleep_at_night%3F_%2827587360403%29.jpg?utm_source=commons.wikimedia.org&utm_campaign=imageinfo&utm_content=thumbnail
sleeping-women_132_File_How_to_get_a_puzzled_look_from_your_Orlan_ins.jpg,Category:Sleeping women,File:How to get a puzzled look from your Orlan instructor when he returns after a break -) (8076986375).jpg,Samantha Cristoforetti,CC BY 2.0,https://commons.wikimedia.org/wiki/File%3AHow_to_get_a_puzzled_look_from_your_Orlan_instructor_when_he_returns_after_a_break_-%29_%288076986375%29.jpg,https://thumb.wikimedia.org/wikipedia/commons/thumb/c/cc/How_to_get_a_puzzled_look_from_your_Orlan_instructor_when_he_returns_after_a_break_-%29_%288076986375%29.jpg/960px-How_to_get_a_puzzled_look_from_your_Orlan_instructor_when_he_returns_after_a_break_-%29_%288076986375%29.jpg?utm_source=commons.wikimedia.org&utm_campaign=imageinfo&utm_content=thumbnail
sleeping-women_133_File_HUA_152207_Afbeelding_van_een_reiziger_in_de.jpg,Category:Sleeping women,File:HUA-152207-Afbeelding van een reiziger in de couchette van een ligrijtuig van de Bergland Expres.jpg,"Nederlandse Spoorwegen, fotograaf",CC0,https://commons.wikimedia.org/wiki/File%3AHUA-152207-Afbeelding_van_een_reiziger_in_de_couchette_van_een_ligrijtuig_van_de_Bergland_Expres.jpg,https://thumb.wikimedia.org/wikipedia/commons/thumb/d/dc/HUA-152207-Afbeelding_van_een_reiziger_in_de_couchette_van_een_ligrijtuig_van_de_Bergland_Expres.jpg/960px-HUA-152207-Afbeelding_van_een_reiziger_in_de_couchette_van_een_ligrijtuig_van_de_Bergland_Expres.jpg?utm_source=commons.wikimedia.org&utm_campaign=imageinfo&utm_content=thumbnail
sleeping-women_134_File_Human_sleeping_on_a_bed_with_a_dog.jpg,Category:Sleeping women,File:Human sleeping on a bed with a dog.jpg,Edralis,CC BY-SA 3.0,https://commons.wikimedia.org/wiki/File%3AHuman_sleeping_on_a_bed_with_a_dog.jpg,https://thumb.wikimedia.org/wikipedia/commons/thumb/4/4b/Human_sleeping_on_a_bed_with_a_dog.jpg/960px-Human_sleeping_on_a_bed_with_a_dog.jpg?utm_source=commons.wikimedia.org&utm_campaign=imageinfo&utm_content=thumbnail
sleeping-women_135_File_I_Don_Tire_I_No_Go_Die.jpg,Category:Sleeping women,"File:I Don Tire, I No Go Die.jpg",Baingor Joiner,CC BY-SA 4.0,https://commons.wikimedia.org/wiki/File%3AI_Don_Tire%2C_I_No_Go_Die.jpg,https://upload.wikimedia.org/wikipedia/commons/9/97/I_Don_Tire%2C_I_No_Go_Die.jpg?utm_source=commons.wikimedia.org&utm_campaign=imageinfo&utm_content=thumbnail_unscaled
sleeping-women_136_File_IGP7753_14056012101.jpg,Category:Sleeping women,File:IGP7753 сон ДрамТеатр диван (14056012101).jpg,"Vladimir from Chita, Russia",CC BY-SA 2.0,https://commons.wikimedia.org/wiki/File%3AIGP7753_%D1%81%D0%BE%D0%BD_%D0%94%D1%80%D0%B0%D0%BC%D0%A2%D0%B5%D0%B0%D1%82%D1%80_%D0%B4%D0%B8%D0%B2%D0%B0%D0%BD_%2814056012101%29.jpg,https://thumb.wikimedia.org/wikipedia/commons/thumb/5/5e/IGP7753_%D1%81%D0%BE%D0%BD_%D0%94%D1%80%D0%B0%D0%BC%D0%A2%D0%B5%D0%B0%D1%82%D1%80_%D0%B4%D0%B8%D0%B2%D0%B0%D0%BD_%2814056012101%29.jpg/960px-IGP7753_%D1%81%D0%BE%D0%BD_%D0%94%D1%80%D0%B0%D0%BC%D0%A2%D0%B5%D0%B0%D1%82%D1%80_%D0%B4%D0%B8%D0%B2%D0%B0%D0%BD_%2814056012101%29.jpg?utm_source=commons.wikimedia.org&utm_campaign=imageinfo&utm_content=thumbnail
sleeping-women_137_File_IMG_5628_Milano_Homeless_in_Piazza_San_Nazaro.jpg,Category:Sleeping women,File:IMG 5628 - Milano - Homeless in Piazza San Nazaro - Foto Giovanni Dall'Orto 21-Feb-2007.jpg,G.dallorto,CC BY-SA 2.5 it,https://commons.wikimedia.org/wiki/File%3AIMG_5628_-_Milano_-_Homeless_in_Piazza_San_Nazaro_-_Foto_Giovanni_Dall%27Orto_21-Feb-2007.jpg,https://upload.wikimedia.org/wikipedia/commons/9/9f/IMG_5628_-_Milano_-_Homeless_in_Piazza_San_Nazaro_-_Foto_Giovanni_Dall%27Orto_21-Feb-2007.jpg?utm_source=commons.wikimedia.org&utm_campaign=imageinfo&utm_content=thumbnail_unscaled
sleeping-women_138_File_Jackie_Martinez_sleeping.jpg,Category:Sleeping women,File:Jackie Martinez sleeping.jpg,Mark J Sebastian,CC BY-SA 2.0,https://commons.wikimedia.org/wiki/File%3AJackie_Martinez_sleeping.jpg,https://thumb.wikimedia.org/wikipedia/commons/thumb/2/28/Jackie_Martinez_sleeping.jpg/960px-Jackie_Martinez_sleeping.jpg?utm_source=commons.wikimedia.org&utm_campaign=imageinfo&utm_content=thumbnail
sleeping-women_139_File_Japon_1886_03.jpg,Category:Sleeping women,File:Japon-1886-03.jpg,Adolfo Farsari (1841 - 1898) HDR Photographs by Esby (talk),Public domain,https://commons.wikimedia.org/wiki/File%3AJapon-1886-03.jpg,https://thumb.wikimedia.org/wikipedia/commons/thumb/8/8d/Japon-1886-03.jpg/960px-Japon-1886-03.jpg?utm_source=commons.wikimedia.org&utm_campaign=imageinfo&utm_content=thumbnail
sleeping-women_140_File_Japon_1886_15.jpg,Category:Sleeping women,File:Japon-1886-15.jpg,Adolfo Farsari (1841 - 1898) HDR Photographs by Esby (talk),Public domain,https://commons.wikimedia.org/wiki/File%3AJapon-1886-15.jpg,https://thumb.wikimedia.org/wikipedia/commons/thumb/3/36/Japon-1886-15.jpg/960px-Japon-1886-15.jpg?utm_source=commons.wikimedia.org&utm_campaign=imageinfo&utm_content=thumbnail
sleeping-women_141_File_Krankenzimmer.jpg,Category:Sleeping women,File:Krankenzimmer.JPG,User:Mattes,Public domain,https://commons.wikimedia.org/wiki/File%3AKrankenzimmer.JPG,https://thumb.wikimedia.org/wikipedia/commons/thumb/6/6e/Krankenzimmer.JPG/960px-Krankenzimmer.JPG?utm_source=commons.wikimedia.org&utm_campaign=imageinfo&utm_content=thumbnail
sleeping-women_142_File_Les_Petites_Armoises_FR_08_comp_tition_2018_t.jpg,Category:Sleeping women,File:Les Petites-Armoises-FR-08-compétition 2018 tracteurs-tondeuses-paddock-16.jpg,François GOGLINS,CC BY-SA 4.0,https://commons.wikimedia.org/wiki/File%3ALes_Petites-Armoises-FR-08-comp%C3%A9tition_2018_tracteurs-tondeuses-paddock-16.jpg,https://thumb.wikimedia.org/wikipedia/commons/thumb/f/f5/Les_Petites-Armoises-FR-08-comp%C3%A9tition_2018_tracteurs-tondeuses-paddock-16.jpg/960px-Les_Petites-Armoises-FR-08-comp%C3%A9tition_2018_tracteurs-tondeuses-paddock-16.jpg?utm_source=commons.wikimedia.org&utm_campaign=imageinfo&utm_content=thumbnail
sleeping-women_143_File_Les_Petites_Armoises_FR_08_comp_tition_2018_t.jpg,Category:Sleeping women,File:Les Petites-Armoises-FR-08-compétition 2018 tracteurs-tondeuses-paddock-20.jpg,François GOGLINS,CC BY-SA 4.0,https://commons.wikimedia.org/wiki/File%3ALes_Petites-Armoises-FR-08-comp%C3%A9tition_2018_tracteurs-tondeuses-paddock-20.jpg,https://thumb.wikimedia.org/wikipedia/commons/thumb/6/69/Les_Petites-Armoises-FR-08-comp%C3%A9tition_2018_tracteurs-tondeuses-paddock-20.jpg/960px-Les_Petites-Armoises-FR-08-comp%C3%A9tition_2018_tracteurs-tondeuses-paddock-20.jpg?utm_source=commons.wikimedia.org&utm_campaign=imageinfo&utm_content=thumbnail
sleeping-women_144_File_Lisboa_Um_espa_o_privado_num_espa_o_p_blico_3.jpg,Category:Sleeping women,"File:Lisboa - "" Um espaço privado num espaço público "" (3555537440).jpg","Diogo Duarte from Barreiro, Portugal",CC BY-SA 2.0,https://commons.wikimedia.org/wiki/File%3ALisboa_-_%22_Um_espa%C3%A7o_privado_num_espa%C3%A7o_p%C3%BAblico_%22_%283555537440%29.jpg,https://upload.wikimedia.org/wikipedia/commons/6/6f/Lisboa_-_%22_Um_espa%C3%A7o_privado_num_espa%C3%A7o_p%C3%BAblico_%22_%283555537440%29.jpg?utm_source=commons.wikimedia.org&utm_campaign=imageinfo&utm_content=thumbnail_unscaled
sleeping-women_145_File_Lo_hondartzan.jpg,Category:Sleeping women,File:Lo hondartzan.JPG,Joxemai,CC BY-SA 4.0,https://commons.wikimedia.org/wiki/File%3ALo_hondartzan.JPG,https://thumb.wikimedia.org/wikipedia/commons/thumb/1/1d/Lo_hondartzan.JPG/960px-Lo_hondartzan.JPG?utm_source=commons.wikimedia.org&utm_campaign=imageinfo&utm_content=thumbnail
sleeping-women_146_File_MCARC_Field_Day_2014_236_14533751581.jpg,Category:Sleeping women,File:MCARC Field Day 2014 236 (14533751581).jpg,Doug Butchy,CC BY 2.0,https://commons.wikimedia.org/wiki/File%3AMCARC_Field_Day_2014_236_%2814533751581%29.jpg,https://upload.wikimedia.org/wikipedia/commons/8/84/MCARC_Field_Day_2014_236_%2814533751581%29.jpg?utm_source=commons.wikimedia.org&utm_campaign=imageinfo&utm_content=thumbnail_unscaled
sleeping-women_147_File_Megan_McArthur_in_her_sleeping_bag.jpg,Category:Sleeping women,File:Megan McArthur in her sleeping bag.jpg,NASA,Public domain,https://commons.wikimedia.org/wiki/File%3AMegan_McArthur_in_her_sleeping_bag.jpg,https://thumb.wikimedia.org/wikipedia/commons/thumb/4/4c/Megan_McArthur_in_her_sleeping_bag.jpg/960px-Megan_McArthur_in_her_sleeping_bag.jpg?utm_source=commons.wikimedia.org&utm_campaign=imageinfo&utm_content=thumbnail
sleeping-women_148_File_Mother_and_newborn_sleeping_on_a_bamboo_bed_n.jpg,Category:Sleeping women,File:Mother and newborn sleeping on a bamboo bed near a campfire in a house in Don Det Laos.jpg,Basile Morin,CC BY-SA 4.0,https://commons.wikimedia.org/wiki/File%3AMother_and_newborn_sleeping_on_a_bamboo_bed_near_a_campfire_in_a_house_in_Don_Det_Laos.jpg,https://thumb.wikimedia.org/wikipedia/commons/thumb/d/d9/Mother_and_newborn_sleeping_on_a_bamboo_bed_near_a_campfire_in_a_house_in_Don_Det_Laos.jpg/960px-Mother_and_newborn_sleeping_on_a_bamboo_bed_near_a_campfire_in_a_house_in_Don_Det_Laos.jpg?utm_source=commons.wikimedia.org&utm_campaign=imageinfo&utm_content=thumbnail
sleeping-women_149_File_Old_love_letters.jpg,Category:Sleeping women,File:Old love letters.jpg,"Rachael Ashe from Vancouver, Canada",CC BY 2.0,https://commons.wikimedia.org/wiki/File%3AOld_love_letters.jpg,https://upload.wikimedia.org/wikipedia/commons/7/74/Old_love_letters.jpg?utm_source=commons.wikimedia.org&utm_campaign=imageinfo&utm_content=thumbnail_unscaled
sleeping-women_150_File_Pattaya_Bay_Black_hair_Sleep_Thailand.jpg,Category:Sleeping women,"File:Pattaya Bay, Black hair, Sleep, Thailand.jpg",Vyacheslav Argenberg,CC BY 4.0,https://commons.wikimedia.org/wiki/File%3APattaya_Bay%2C_Black_hair%2C_Sleep%2C_Thailand.jpg,https://thumb.wikimedia.org/wikipedia/commons/thumb/8/87/Pattaya_Bay%2C_Black_hair%2C_Sleep%2C_Thailand.jpg/960px-Pattaya_Bay%2C_Black_hair%2C_Sleep%2C_Thailand.jpg?utm_source=commons.wikimedia.org&utm_campaign=imageinfo&utm_content=thumbnail
sleeping-women_151_File_Pattaya_Bay_Black_hair_Thailand.jpg,Category:Sleeping women,"File:Pattaya Bay, Black hair, Thailand.jpg",Vyacheslav Argenberg,CC BY 4.0,https://commons.wikimedia.org/wiki/File%3APattaya_Bay%2C_Black_hair%2C_Thailand.jpg,https://thumb.wikimedia.org/wikipedia/commons/thumb/c/ca/Pattaya_Bay%2C_Black_hair%2C_Thailand.jpg/960px-Pattaya_Bay%2C_Black_hair%2C_Thailand.jpg?utm_source=commons.wikimedia.org&utm_campaign=imageinfo&utm_content=thumbnail
sleeping-women_152_File_Pattaya_Bay_Sleep_Thailand.jpg,Category:Sleeping women,"File:Pattaya Bay, Sleep, Thailand.jpg",Vyacheslav Argenberg,CC BY 4.0,https://commons.wikimedia.org/wiki/File%3APattaya_Bay%2C_Sleep%2C_Thailand.jpg,https://thumb.wikimedia.org/wikipedia/commons/thumb/8/8e/Pattaya_Bay%2C_Sleep%2C_Thailand.jpg/960px-Pattaya_Bay%2C_Sleep%2C_Thailand.jpg?utm_source=commons.wikimedia.org&utm_campaign=imageinfo&utm_content=thumbnail
sleeping-women_153_File_Platzkart_Unsplash.jpg,Category:Sleeping women,File:Platzkart (Unsplash).jpg,Kalegin Michail kalegin,CC0,https://commons.wikimedia.org/wiki/File%3APlatzkart_%28Unsplash%29.jpg,https://thumb.wikimedia.org/wikipedia/commons/thumb/b/b7/Platzkart_%28Unsplash%29.jpg/960px-Platzkart_%28Unsplash%29.jpg?utm_source=commons.wikimedia.org&utm_campaign=imageinfo&utm_content=thumbnail
sleeping-women_154_File_Promotion_girls_sleeping_at_IAA_2016.jpg,Category:Sleeping women,File:Promotion girls sleeping at IAA 2016.jpg,"Spielvogel, the copyright holder of this work, hereby publishes it under the following license:",CC BY-SA 3.0,https://commons.wikimedia.org/wiki/File%3APromotion_girls_sleeping_at_IAA_2016.jpg,https://thumb.wikimedia.org/wikipedia/commons/thumb/9/93/Promotion_girls_sleeping_at_IAA_2016.jpg/960px-Promotion_girls_sleeping_at_IAA_2016.jpg?utm_source=commons.wikimedia.org&utm_campaign=imageinfo&utm_content=thumbnail
sleeping-women_155_File_Sage_me_5652754861.jpg,Category:Sleeping women,File:Sage & me... (5652754861).jpg,"Debs (ò‿ó)♪ from Bellevue, WA, USA",CC BY 2.0,https://commons.wikimedia.org/wiki/File%3ASage_%26_me..._%285652754861%29.jpg,https://thumb.wikimedia.org/wikipedia/commons/thumb/7/76/Sage_%26_me..._%285652754861%29.jpg/960px-Sage_%26_me..._%285652754861%29.jpg?utm_source=commons.wikimedia.org&utm_campaign=imageinfo&utm_content=thumbnail
sleeping-women_156_File_Sales_assistent.jpg,Category:Sleeping women,File:Sales assistent.jpg,Loisescobar,CC BY-SA 4.0,https://commons.wikimedia.org/wiki/File%3ASales_assistent.jpg,https://thumb.wikimedia.org/wikipedia/commons/thumb/8/81/Sales_assistent.jpg/960px-Sales_assistent.jpg?utm_source=commons.wikimedia.org&utm_campaign=imageinfo&utm_content=thumbnail
sleeping-women_157_File_Sapphic_Love_2.jpg,Category:Sleeping women,File:Sapphic Love 2.jpg,kate,CC BY-SA 2.0,https://commons.wikimedia.org/wiki/File%3ASapphic_Love_2.jpg,https://thumb.wikimedia.org/wikipedia/commons/thumb/9/9c/Sapphic_Love_2.jpg/960px-Sapphic_Love_2.jpg?utm_source=commons.wikimedia.org&utm_campaign=imageinfo&utm_content=thumbnail
sleeping-women_158_File_Serie_over_Spanje_Bestanddeelnr_911_6503.jpg,Category:Sleeping women,"File:Serie over Spanje, Bestanddeelnr 911-6503.jpg",Harry Pot / Anefo,CC0,https://commons.wikimedia.org/wiki/File%3ASerie_over_Spanje%2C_Bestanddeelnr_911-6503.jpg,https://thumb.wikimedia.org/wikipedia/commons/thumb/0/0a/Serie_over_Spanje%2C_Bestanddeelnr_911-6503.jpg/960px-Serie_over_Spanje%2C_Bestanddeelnr_911-6503.jpg?utm_source=commons.wikimedia.org&utm_campaign=imageinfo&utm_content=thumbnail
sleeping-women_159_File_Sleeping_angel.jpg,Category:Sleeping women,File:Sleeping angel.jpg,"Paul Sapiano from San Diego, USA",CC BY 2.0,https://commons.wikimedia.org/wiki/File%3ASleeping_angel.jpg,https://thumb.wikimedia.org/wikipedia/commons/thumb/2/2b/Sleeping_angel.jpg/960px-Sleeping_angel.jpg?utm_source=commons.wikimedia.org&utm_campaign=imageinfo&utm_content=thumbnail
sleeping-women_160_File_Sleeping_girl.jpg,Category:Sleeping women,File:Sleeping girl.jpg,FILLI76,CC BY-SA 4.0,https://commons.wikimedia.org/wiki/File%3ASleeping_girl.jpg,https://thumb.wikimedia.org/wikipedia/commons/thumb/7/7e/Sleeping_girl.jpg/960px-Sleeping_girl.jpg?utm_source=commons.wikimedia.org&utm_campaign=imageinfo&utm_content=thumbnail
sleeping-women_161_File_Sleeping_in_the_sun_Garden_Petit_Palais_Paris.jpg,Category:Sleeping women,File:Sleeping in the sun @ Garden @ Petit Palais @ Paris (34049715794).jpg,"Guilhem Vellut from Paris, France",CC BY 2.0,https://commons.wikimedia.org/wiki/File%3ASleeping_in_the_sun_%40_Garden_%40_Petit_Palais_%40_Paris_%2834049715794%29.jpg,https://thumb.wikimedia.org/wikipedia/commons/thumb/0/04/Sleeping_in_the_sun_%40_Garden_%40_Petit_Palais_%40_Paris_%2834049715794%29.jpg/960px-Sleeping_in_the_sun_%40_Garden_%40_Petit_Palais_%40_Paris_%2834049715794%29.jpg?utm_source=commons.wikimedia.org&utm_campaign=imageinfo&utm_content=thumbnail
sleeping-women_162_File_Sleeping_Japanese_Before_1902.jpg,Category:Sleeping women,File:Sleeping Japanese. Before 1902.jpg,Unknown authorUnknown author,Public domain,https://commons.wikimedia.org/wiki/File%3ASleeping_Japanese._Before_1902.jpg,https://thumb.wikimedia.org/wikipedia/commons/thumb/a/a3/Sleeping_Japanese._Before_1902.jpg/960px-Sleeping_Japanese._Before_1902.jpg?utm_source=commons.wikimedia.org&utm_campaign=imageinfo&utm_content=thumbnail
sleeping-women_163_File_Sleeping_Kutchi.jpg,Category:Sleeping women,File:Sleeping Kutchi.jpg,Meena Kadri,CC BY 2.0,https://commons.wikimedia.org/wiki/File%3ASleeping_Kutchi.jpg,https://upload.wikimedia.org/wikipedia/commons/8/89/Sleeping_Kutchi.jpg?utm_source=commons.wikimedia.org&utm_campaign=imageinfo&utm_content=thumbnail_unscaled
sleeping-women_164_File_Sleeping_the_day_away_3087394718.jpg,Category:Sleeping women,File:Sleeping the day away - 3087394718.jpg,"Pedro Simões from Lisboa, Portugal",CC BY 2.0,https://commons.wikimedia.org/wiki/File%3ASleeping_the_day_away_-_3087394718.jpg,https://thumb.wikimedia.org/wikipedia/commons/thumb/a/a5/Sleeping_the_day_away_-_3087394718.jpg/960px-Sleeping_the_day_away_-_3087394718.jpg?utm_source=commons.wikimedia.org&utm_campaign=imageinfo&utm_content=thumbnail
sleeping-women_165_File_Sleeping_traintraveller.jpg,Category:Sleeping women,File:Sleeping traintraveller.jpg,Smiley.toerist,CC BY-SA 4.0,https://commons.wikimedia.org/wiki/File%3ASleeping_traintraveller.jpg,https://thumb.wikimedia.org/wikipedia/commons/thumb/e/ed/Sleeping_traintraveller.jpg/960px-Sleeping_traintraveller.jpg?utm_source=commons.wikimedia.org&utm_campaign=imageinfo&utm_content=thumbnail
sleeping-women_166_File_Sleeping_while_studying.jpg,Category:Sleeping women,File:Sleeping while studying.JPG,Psy3330 W10,CC BY-SA 3.0,https://commons.wikimedia.org/wiki/File%3ASleeping_while_studying.JPG,https://thumb.wikimedia.org/wikipedia/commons/thumb/d/de/Sleeping_while_studying.JPG/960px-Sleeping_while_studying.JPG?utm_source=commons.wikimedia.org&utm_campaign=imageinfo&utm_content=thumbnail
sleeping-women_167_File_Sleeping_young_woman.jpg,Category:Sleeping women,File:Sleeping young woman.jpg,Peter van der Sluijs,CC BY-SA 3.0,https://commons.wikimedia.org/wiki/File%3ASleeping_young_woman.jpg,https://thumb.wikimedia.org/wikipedia/commons/thumb/7/7d/Sleeping_young_woman.jpg/960px-Sleeping_young_woman.jpg?utm_source=commons.wikimedia.org&utm_campaign=imageinfo&utm_content=thumbnail
sleeping-women_168_File_Sleeping_1.jpg,Category:Sleeping women,File:Sleeping-1.jpg,Ed Yourdon',CC BY-SA 2.0,https://commons.wikimedia.org/wiki/File%3ASleeping-1.jpg,https://thumb.wikimedia.org/wikipedia/commons/thumb/2/22/Sleeping-1.jpg/960px-Sleeping-1.jpg?utm_source=commons.wikimedia.org&utm_campaign=imageinfo&utm_content=thumbnail
sleeping-women_169_File_Sloth_The_Seven_Deadly_Sins_01.jpg,Category:Sleeping women,File:Sloth - The Seven Deadly Sins 01.jpg,Soffie Hicks from Wales,CC BY 2.0,https://commons.wikimedia.org/wiki/File%3ASloth_-_The_Seven_Deadly_Sins_01.jpg,https://thumb.wikimedia.org/wikipedia/commons/thumb/3/33/Sloth_-_The_Seven_Deadly_Sins_01.jpg/960px-Sloth_-_The_Seven_Deadly_Sins_01.jpg?utm_source=commons.wikimedia.org&utm_campaign=imageinfo&utm_content=thumbnail
sleeping-women_170_File_Sloth_The_Seven_Deadly_Sins_02.jpg,Category:Sleeping women,File:Sloth - The Seven Deadly Sins 02.jpg,Soffie Hicks from Wales,CC BY 2.0,https://commons.wikimedia.org/wiki/File%3ASloth_-_The_Seven_Deadly_Sins_02.jpg,https://thumb.wikimedia.org/wikipedia/commons/thumb/3/32/Sloth_-_The_Seven_Deadly_Sins_02.jpg/960px-Sloth_-_The_Seven_Deadly_Sins_02.jpg?utm_source=commons.wikimedia.org&utm_campaign=imageinfo&utm_content=thumbnail
sleeping-women_171_File_Solola_Market_Guatemala_February_2020_37_4999.jpg,Category:Sleeping women,"File:Solola Market (Guatemala, February 2020) - 37 (49994163703).jpg",Bruno Rijsman,CC BY-SA 2.0,https://commons.wikimedia.org/wiki/File%3ASolola_Market_%28Guatemala%2C_February_2020%29_-_37_%2849994163703%29.jpg,https://thumb.wikimedia.org/wikipedia/commons/thumb/c/c6/Solola_Market_%28Guatemala%2C_February_2020%29_-_37_%2849994163703%29.jpg/960px-Solola_Market_%28Guatemala%2C_February_2020%29_-_37_%2849994163703%29.jpg?utm_source=commons.wikimedia.org&utm_campaign=imageinfo&utm_content=thumbnail
sleeping-women_172_File_Strandleven_SFA022818406.jpg,Category:Sleeping women,"File:Strandleven, SFA022818406.jpg",Unknown authorUnknown author,Public domain,https://commons.wikimedia.org/wiki/File%3AStrandleven%2C_SFA022818406.jpg,https://thumb.wikimedia.org/wikipedia/commons/thumb/9/91/Strandleven%2C_SFA022818406.jpg/960px-Strandleven%2C_SFA022818406.jpg?utm_source=commons.wikimedia.org&utm_campaign=imageinfo&utm_content=thumbnail
sleeping-women_173_File_Sunmi_for_Marie_Claire_Korea_in_2022_white_4.jpg,Category:Sleeping women,File:Sunmi for Marie Claire Korea in 2022 white 4.png,Marie Claire Korea Editor: 김지수 Video: 이윤재 Design: 박수진 Hair: 정다빈 Styling: 이지은 Makeup: 박선미 Prop styling: 김민주,CC BY 3.0,https://commons.wikimedia.org/wiki/File%3ASunmi_for_Marie_Claire_Korea_in_2022_white_4.png,https://thumb.wikimedia.org/wikipedia/commons/thumb/e/eb/Sunmi_for_Marie_Claire_Korea_in_2022_white_4.png/960px-Sunmi_for_Marie_Claire_Korea_in_2022_white_4.png?utm_source=commons.wikimedia.org&utm_campaign=imageinfo&utm_content=thumbnail
sleeping-women_174_File_Talat_Khua_Din_Vientiane_Laos_5248345534.jpg,Category:Sleeping women,"File:Talat Khua Din, Vientiane, Laos (5248345534).jpg",yeowatzup,CC BY 2.0,https://commons.wikimedia.org/wiki/File%3ATalat_Khua_Din%2C_Vientiane%2C_Laos_%285248345534%29.jpg,https://thumb.wikimedia.org/wikipedia/commons/thumb/9/9b/Talat_Khua_Din%2C_Vientiane%2C_Laos_%285248345534%29.jpg/960px-Talat_Khua_Din%2C_Vientiane%2C_Laos_%285248345534%29.jpg?utm_source=commons.wikimedia.org&utm_campaign=imageinfo&utm_content=thumbnail
sleeping-women_175_File_The_American_annual_of_photography_1912_14579.jpg,Category:Sleeping women,File:The American annual of photography (1912) (14579114279).jpg,Internet Archive Book Images,Public domain,https://commons.wikimedia.org/wiki/File%3AThe_American_annual_of_photography_%281912%29_%2814579114279%29.jpg,https://thumb.wikimedia.org/wikipedia/commons/thumb/f/f4/The_American_annual_of_photography_%281912%29_%2814579114279%29.jpg/960px-The_American_annual_of_photography_%281912%29_%2814579114279%29.jpg?utm_source=commons.wikimedia.org&utm_campaign=imageinfo&utm_content=thumbnail
sleeping-women_176_File_The_Women_s_Land_Army_in_Britain_1915_1918_Q3.jpg,Category:Sleeping women,"File:The Women's Land Army in Britain, 1915-1918 Q30909.jpg",Horace Nicholls,Public domain,https://commons.wikimedia.org/wiki/File%3AThe_Women%27s_Land_Army_in_Britain%2C_1915-1918_Q30909.jpg,https://thumb.wikimedia.org/wikipedia/commons/thumb/b/b9/The_Women%27s_Land_Army_in_Britain%2C_1915-1918_Q30909.jpg/960px-The_Women%27s_Land_Army_in_Britain%2C_1915-1918_Q30909.jpg?utm_source=commons.wikimedia.org&utm_campaign=imageinfo&utm_content=thumbnail
sleeping-women_177_File_Theresa_sleeping_on_the_Martha_s_vineyard_bus.jpg,Category:Sleeping women,"File:Theresa, sleeping on the Martha's vineyard bus, en route to Gay Head Lighthouse - Flickr - m01229.jpg",m01229 from USA,CC BY 2.0,https://commons.wikimedia.org/wiki/File%3ATheresa%2C_sleeping_on_the_Martha%27s_vineyard_bus%2C_en_route_to_Gay_Head_Lighthouse_-_Flickr_-_m01229.jpg,https://thumb.wikimedia.org/wikipedia/commons/thumb/8/86/Theresa%2C_sleeping_on_the_Martha%27s_vineyard_bus%2C_en_route_to_Gay_Head_Lighthouse_-_Flickr_-_m01229.jpg/960px-Theresa%2C_sleeping_on_the_Martha%27s_vineyard_bus%2C_en_route_to_Gay_Head_Lighthouse_-_Flickr_-_m01229.jpg?utm_source=commons.wikimedia.org&utm_campaign=imageinfo&utm_content=thumbnail
sleeping-women_178_File_Tired_200544818.jpg,Category:Sleeping women,File:Tired (200544818).jpg,"Till Krech from Berlin, Germany",CC BY 2.0,https://commons.wikimedia.org/wiki/File%3ATired_%28200544818%29.jpg,https://thumb.wikimedia.org/wikipedia/commons/thumb/e/e0/Tired_%28200544818%29.jpg/960px-Tired_%28200544818%29.jpg?utm_source=commons.wikimedia.org&utm_campaign=imageinfo&utm_content=thumbnail
sleeping-women_179_File_Tired_Rome_Italy_Black_and_white_photography.jpg,Category:Sleeping women,"File:Tired - Rome, Italy - Black and white photography (30954120503).jpg","Giuseppe Milo from Lisbon, Portugal",CC BY 2.0,https://commons.wikimedia.org/wiki/File%3ATired_-_Rome%2C_Italy_-_Black_and_white_photography_%2830954120503%29.jpg,https://thumb.wikimedia.org/wikipedia/commons/thumb/6/6a/Tired_-_Rome%2C_Italy_-_Black_and_white_photography_%2830954120503%29.jpg/960px-Tired_-_Rome%2C_Italy_-_Black_and_white_photography_%2830954120503%29.jpg?utm_source=commons.wikimedia.org&utm_campaign=imageinfo&utm_content=thumbnail
sleeping-women_180_File_Twee_slapende_vrouwen_in_een_interieur_Sleepi.jpg,Category:Sleeping women,"File:Twee slapende vrouwen in een interieur Sleeping accomodations for two (titel op object), RP-F-2001-7-1557E-16.jpg",Rijksmuseum,CC0,https://commons.wikimedia.org/wiki/File%3ATwee_slapende_vrouwen_in_een_interieur_Sleeping_accomodations_for_two_%28titel_op_object%29%2C_RP-F-2001-7-1557E-16.jpg,https://thumb.wikimedia.org/wikipedia/commons/thumb/7/76/Twee_slapende_vrouwen_in_een_interieur_Sleeping_accomodations_for_two_%28titel_op_object%29%2C_RP-F-2001-7-1557E-16.jpg/960px-Twee_slapende_vrouwen_in_een_interieur_Sleeping_accomodations_for_two_%28titel_op_object%29%2C_RP-F-2001-7-1557E-16.jpg?utm_source=commons.wikimedia.org&utm_campaign=imageinfo&utm_content=thumbnail
sleeping-women_181_File_Viagem_de_Bissau_para_Bolama_Guin_Bissau_2018.jpg,Category:Sleeping women,"File:Viagem de Bissau para Bolama, Guiné-Bissau – 2018-03-02 – DSCN0981.jpg",Helena Maria Pestana,CC BY-SA 4.0,https://commons.wikimedia.org/wiki/File%3AViagem_de_Bissau_para_Bolama%2C_Guin%C3%A9-Bissau_%E2%80%93_2018-03-02_%E2%80%93_DSCN0981.jpg,https://thumb.wikimedia.org/wikipedia/commons/thumb/3/35/Viagem_de_Bissau_para_Bolama%2C_Guin%C3%A9-Bissau_%E2%80%93_2018-03-02_%E2%80%93_DSCN0981.jpg/960px-Viagem_de_Bissau_para_Bolama%2C_Guin%C3%A9-Bissau_%E2%80%93_2018-03-02_%E2%80%93_DSCN0981.jpg?utm_source=commons.wikimedia.org&utm_campaign=imageinfo&utm_content=thumbnail
sleeping-women_182_File_Visitors_got_excited_29433437302.jpg,Category:Sleeping women,File:Visitors got excited (29433437302).jpg,"Andreas Kontokanis from Piraeus, Greece",CC BY-SA 2.0,https://commons.wikimedia.org/wiki/File%3AVisitors_got_excited_%2829433437302%29.jpg,https://thumb.wikimedia.org/wikipedia/commons/thumb/f/f9/Visitors_got_excited_%2829433437302%29.jpg/960px-Visitors_got_excited_%2829433437302%29.jpg?utm_source=commons.wikimedia.org&utm_campaign=imageinfo&utm_content=thumbnail
sleeping-women_183_File_Vladimir_and_Suzdal_Wikiexpedition_2016_08_14.jpg,Category:Sleeping women,File:Vladimir and Suzdal Wikiexpedition (2016-08-14) 520.jpg,Krassotkin,CC0,https://commons.wikimedia.org/wiki/File%3AVladimir_and_Suzdal_Wikiexpedition_%282016-08-14%29_520.jpg,https://thumb.wikimedia.org/wikipedia/commons/thumb/1/1c/Vladimir_and_Suzdal_Wikiexpedition_%282016-08-14%29_520.jpg/960px-Vladimir_and_Suzdal_Wikiexpedition_%282016-08-14%29_520.jpg?utm_source=commons.wikimedia.org&utm_campaign=imageinfo&utm_content=thumbnail
sleeping-women_184_File_Woman_sleeping_on_couch_Charles_Ellis_Johnson.jpg,Category:Sleeping women,File:Woman sleeping on couch (Charles Ellis Johnson).jpg,Charles Ellis Johnson,Public domain,https://commons.wikimedia.org/wiki/File%3AWoman_sleeping_on_couch_%28Charles_Ellis_Johnson%29.jpg,https://upload.wikimedia.org/wikipedia/commons/4/4d/Woman_sleeping_on_couch_%28Charles_Ellis_Johnson%29.jpg?utm_source=commons.wikimedia.org&utm_campaign=imageinfo&utm_content=thumbnail_unscaled
sleeping-women_185_File_Woman_sleeping_on_tiled_floor_in_Rio_de_Janei.jpg,Category:Sleeping women,"File:Woman sleeping on tiled floor in Rio de Janeiro, Brazil-16Jan2011 (1).jpg","Naty Sweet from Rio de Janeiro, Brazil",CC BY 2.0,https://commons.wikimedia.org/wiki/File%3AWoman_sleeping_on_tiled_floor_in_Rio_de_Janeiro%2C_Brazil-16Jan2011_%281%29.jpg,https://thumb.wikimedia.org/wikipedia/commons/thumb/f/f7/Woman_sleeping_on_tiled_floor_in_Rio_de_Janeiro%2C_Brazil-16Jan2011_%281%29.jpg/960px-Woman_sleeping_on_tiled_floor_in_Rio_de_Janeiro%2C_Brazil-16Jan2011_%281%29.jpg?utm_source=commons.wikimedia.org&utm_campaign=imageinfo&utm_content=thumbnail
sleeping-women_186_File_Woman_sleeping_on_tiled_floor_in_Rio_de_Janei.jpg,Category:Sleeping women,"File:Woman sleeping on tiled floor in Rio de Janeiro, Brazil-16Jan2011.jpg","Naty Sweet from Rio de Janeiro, Brazil",CC BY 2.0,https://commons.wikimedia.org/wiki/File%3AWoman_sleeping_on_tiled_floor_in_Rio_de_Janeiro%2C_Brazil-16Jan2011.jpg,https://thumb.wikimedia.org/wikipedia/commons/thumb/2/21/Woman_sleeping_on_tiled_floor_in_Rio_de_Janeiro%2C_Brazil-16Jan2011.jpg/960px-Woman_sleeping_on_tiled_floor_in_Rio_de_Janeiro%2C_Brazil-16Jan2011.jpg?utm_source=commons.wikimedia.org&utm_campaign=imageinfo&utm_content=thumbnail
sleeping-women_187_File_Woman_Snoozes_in_Market_Telavi_Georgia_183880.jpg,Category:Sleeping women,File:Woman Snoozes in Market - Telavi - Georgia (18388022425).jpg,"Adam Jones from Kelowna, BC, Canada",CC BY-SA 2.0,https://commons.wikimedia.org/wiki/File%3AWoman_Snoozes_in_Market_-_Telavi_-_Georgia_%2818388022425%29.jpg,https://thumb.wikimedia.org/wikipedia/commons/thumb/1/1c/Woman_Snoozes_in_Market_-_Telavi_-_Georgia_%2818388022425%29.jpg/960px-Woman_Snoozes_in_Market_-_Telavi_-_Georgia_%2818388022425%29.jpg?utm_source=commons.wikimedia.org&utm_campaign=imageinfo&utm_content=thumbnail
sleeping-women_188_File_Womansleepingcouch.jpg,Category:Sleeping women,File:Womansleepingcouch.png,U3207862,CC BY-SA 4.0,https://commons.wikimedia.org/wiki/File%3AWomansleepingcouch.png,https://thumb.wikimedia.org/wikipedia/commons/thumb/1/18/Womansleepingcouch.png/960px-Womansleepingcouch.png?utm_source=commons.wikimedia.org&utm_campaign=imageinfo&utm_content=thumbnail
sleeping-women_189_File_Women_at_work_in_Gulu.jpg,Category:Sleeping women,File:Women at work in Gulu.jpg,Stoneimagez,CC BY-SA 4.0,https://commons.wikimedia.org/wiki/File%3AWomen_at_work_in_Gulu.jpg,https://thumb.wikimedia.org/wikipedia/commons/thumb/3/3c/Women_at_work_in_Gulu.jpg/960px-Women_at_work_in_Gulu.jpg?utm_source=commons.wikimedia.org&utm_campaign=imageinfo&utm_content=thumbnail
sleeping-women_190_File_Zzzzzzzzzz_7961050112.jpg,Category:Sleeping women,File:Zzzzzzzzzz (7961050112).jpg,"William J Sisti from Morristown, NJ, USA",CC BY-SA 2.0,https://commons.wikimedia.org/wiki/File%3AZzzzzzzzzz_%287961050112%29.jpg,https://thumb.wikimedia.org/wikipedia/commons/thumb/b/ba/Zzzzzzzzzz_%287961050112%29.jpg/960px-Zzzzzzzzzz_%287961050112%29.jpg?utm_source=commons.wikimedia.org&utm_campaign=imageinfo&utm_content=thumbnail
sleeping-women_191_File_3953687892.jpg,Category:Sleeping women,File:テーパードジーンズ (3953687892).jpg,Leo-setä,CC BY 2.0,https://commons.wikimedia.org/wiki/File%3A%E3%83%86%E3%83%BC%E3%83%91%E3%83%BC%E3%83%89%E3%82%B8%E3%83%BC%E3%83%B3%E3%82%BA_%283953687892%29.jpg,https://thumb.wikimedia.org/wikipedia/commons/thumb/4/48/%E3%83%86%E3%83%BC%E3%83%91%E3%83%BC%E3%83%89%E3%82%B8%E3%83%BC%E3%83%B3%E3%82%BA_%283953687892%29.jpg/960px-%E3%83%86%E3%83%BC%E3%83%91%E3%83%BC%E3%83%89%E3%82%B8%E3%83%BC%E3%83%B3%E3%82%BA_%283953687892%29.jpg?utm_source=commons.wikimedia.org&utm_campaign=imageinfo&utm_content=thumbnail
sleeping-men_192_File_Una_notte_e_poi_la_fine_di_Alberto_Sciuto.jpg,Category:Sleeping men,"File:""Una notte e poi... la fine"" di ©Alberto Sciuto.jpg",DeadBen01,CC BY-SA 4.0,https://commons.wikimedia.org/wiki/File%3A%22Una_notte_e_poi..._la_fine%22_di_%C2%A9Alberto_Sciuto.jpg,https://thumb.wikimedia.org/wikipedia/commons/thumb/d/df/%22Una_notte_e_poi..._la_fine%22_di_%C2%A9Alberto_Sciuto.jpg/960px-%22Una_notte_e_poi..._la_fine%22_di_%C2%A9Alberto_Sciuto.jpg?utm_source=commons.wikimedia.org&utm_campaign=imageinfo&utm_content=thumbnail
sleeping-men_193_File_04_04_78_Inauguration_44_me_Concours_agricole.jpg,Category:Sleeping men,File:04.04.78 Inauguration 44ème Concours agricole (1978) - 53Fi742.jpg,André Cros,CC BY-SA 4.0,https://commons.wikimedia.org/wiki/File%3A04.04.78_Inauguration_44%C3%A8me_Concours_agricole_%281978%29_-_53Fi742.jpg,https://thumb.wikimedia.org/wikipedia/commons/thumb/5/5b/04.04.78_Inauguration_44%C3%A8me_Concours_agricole_%281978%29_-_53Fi742.jpg/960px-04.04.78_Inauguration_44%C3%A8me_Concours_agricole_%281978%29_-_53Fi742.jpg?utm_source=commons.wikimedia.org&utm_campaign=imageinfo&utm_content=thumbnail
sleeping-men_194_File_04_04_78_Inauguration_44_me_Concours_agricole.jpg,Category:Sleeping men,File:04.04.78 Inauguration 44ème Concours agricole (1978) - 53Fi747.jpg,André Cros,CC BY-SA 4.0,https://commons.wikimedia.org/wiki/File%3A04.04.78_Inauguration_44%C3%A8me_Concours_agricole_%281978%29_-_53Fi747.jpg,https://thumb.wikimedia.org/wikipedia/commons/thumb/f/fa/04.04.78_Inauguration_44%C3%A8me_Concours_agricole_%281978%29_-_53Fi747.jpg/960px-04.04.78_Inauguration_44%C3%A8me_Concours_agricole_%281978%29_-_53Fi747.jpg?utm_source=commons.wikimedia.org&utm_campaign=imageinfo&utm_content=thumbnail
sleeping-men_195_File_04_04_78_Inauguration_44_me_Concours_agricole.jpg,Category:Sleeping men,File:04.04.78 Inauguration 44ème Concours agricole (1978) - 53Fi748.jpg,André Cros,CC BY-SA 4.0,https://commons.wikimedia.org/wiki/File%3A04.04.78_Inauguration_44%C3%A8me_Concours_agricole_%281978%29_-_53Fi748.jpg,https://thumb.wikimedia.org/wikipedia/commons/thumb/9/95/04.04.78_Inauguration_44%C3%A8me_Concours_agricole_%281978%29_-_53Fi748.jpg/960px-04.04.78_Inauguration_44%C3%A8me_Concours_agricole_%281978%29_-_53Fi748.jpg?utm_source=commons.wikimedia.org&utm_campaign=imageinfo&utm_content=thumbnail
sleeping-men_196_File_04_04_78_Inauguration_44_me_Concours_agricole.jpg,Category:Sleeping men,File:04.04.78 Inauguration 44ème Concours agricole (1978) - 53Fi749.jpg,André Cros,CC BY-SA 4.0,https://commons.wikimedia.org/wiki/File%3A04.04.78_Inauguration_44%C3%A8me_Concours_agricole_%281978%29_-_53Fi749.jpg,https://thumb.wikimedia.org/wikipedia/commons/thumb/e/ea/04.04.78_Inauguration_44%C3%A8me_Concours_agricole_%281978%29_-_53Fi749.jpg/960px-04.04.78_Inauguration_44%C3%A8me_Concours_agricole_%281978%29_-_53Fi749.jpg?utm_source=commons.wikimedia.org&utm_campaign=imageinfo&utm_content=thumbnail
sleeping-men_197_File_04_04_78_Inauguration_44_me_Concours_agricole.jpg,Category:Sleeping men,File:04.04.78 Inauguration 44ème Concours agricole (1978) - 53Fi750.jpg,André Cros,CC BY-SA 4.0,https://commons.wikimedia.org/wiki/File%3A04.04.78_Inauguration_44%C3%A8me_Concours_agricole_%281978%29_-_53Fi750.jpg,https://thumb.wikimedia.org/wikipedia/commons/thumb/a/a0/04.04.78_Inauguration_44%C3%A8me_Concours_agricole_%281978%29_-_53Fi750.jpg/960px-04.04.78_Inauguration_44%C3%A8me_Concours_agricole_%281978%29_-_53Fi750.jpg?utm_source=commons.wikimedia.org&utm_campaign=imageinfo&utm_content=thumbnail
sleeping-men_198_File_109851_a_straight_year_in_the_market_PikiWiki.jpg,Category:Sleeping men,File:109851 a straight year in the market PikiWiki Israel.jpg,שלמה רודד,CC BY 2.5,https://commons.wikimedia.org/wiki/File%3A109851_a_straight_year_in_the_market_PikiWiki_Israel.jpg,https://thumb.wikimedia.org/wikipedia/commons/thumb/c/c5/109851_a_straight_year_in_the_market_PikiWiki_Israel.jpg/960px-109851_a_straight_year_in_the_market_PikiWiki_Israel.jpg?utm_source=commons.wikimedia.org&utm_campaign=imageinfo&utm_content=thumbnail
sleeping-men_199_File_1929_La_petite_salle_o_chaque_nuit_se_relayen.jpg,Category:Sleeping men,"File:1929 La petite salle où chaque nuit se relayent les équipes qui, depuis l'assassinat de MM. Plateau et Berger, veillent sur la sécurité de Charles Maurras.jpg",André Kertész,CC BY-SA 4.0,https://commons.wikimedia.org/wiki/File%3A1929_La_petite_salle_o%C3%B9_chaque_nuit_se_relayent_les_%C3%A9quipes_qui%2C_depuis_l%27assassinat_de_MM._Plateau_et_Berger%2C_veillent_sur_la_s%C3%A9curit%C3%A9_de_Charles_Maurras.jpg,https://upload.wikimedia.org/wikipedia/commons/f/fe/1929_La_petite_salle_o%C3%B9_chaque_nuit_se_relayent_les_%C3%A9quipes_qui%2C_depuis_l%27assassinat_de_MM._Plateau_et_Berger%2C_veillent_sur_la_s%C3%A9curit%C3%A9_de_Charles_Maurras.jpg?utm_source=commons.wikimedia.org&utm_campaign=imageinfo&utm_content=thumbnail_unscaled
sleeping-men_200_File_1956_11_02_Sleeping_resistance_fighters_with.jpg,Category:Sleeping men,File:1956-11-02. Sleeping resistance fighters with rifles in Budapest.png,Joop van Bilsen / Anefo,CC BY-SA 3.0,https://commons.wikimedia.org/wiki/File%3A1956-11-02._Sleeping_resistance_fighters_with_rifles_in_Budapest.png,https://thumb.wikimedia.org/wikipedia/commons/thumb/3/3d/1956-11-02._Sleeping_resistance_fighters_with_rifles_in_Budapest.png/960px-1956-11-02._Sleeping_resistance_fighters_with_rifles_in_Budapest.png?utm_source=commons.wikimedia.org&utm_campaign=imageinfo&utm_content=thumbnail
sleeping-men_201_File_2_20211114_112517_2_2_Foto_hogar.jpg,Category:Sleeping men,File:2. 20211114 112517 2.2 Foto hogar.jpg,Leo,CC BY-SA 4.0,https://commons.wikimedia.org/wiki/File%3A2._20211114_112517_2.2_Foto_hogar.jpg,https://thumb.wikimedia.org/wikipedia/commons/thumb/1/1f/2._20211114_112517_2.2_Foto_hogar.jpg/960px-2._20211114_112517_2.2_Foto_hogar.jpg?utm_source=commons.wikimedia.org&utm_campaign=imageinfo&utm_content=thumbnail
sleeping-men_202_File_2009_Nanjing_4120677485.jpg,Category:Sleeping men,File:2009 Nanjing 4120677485.jpg,"Jim from Texas, USA",CC BY-SA 2.0,https://commons.wikimedia.org/wiki/File%3A2009_Nanjing_4120677485.jpg,https://thumb.wikimedia.org/wikipedia/commons/thumb/a/a9/2009_Nanjing_4120677485.jpg/960px-2009_Nanjing_4120677485.jpg?utm_source=commons.wikimedia.org&utm_campaign=imageinfo&utm_content=thumbnail
sleeping-men_203_File_2015_365_118_Siesta_Grande_17100074267.jpg,Category:Sleeping men,File:2015-365-118 Siesta Grande (17100074267).jpg,cogdogblog,CC BY 2.0,https://commons.wikimedia.org/wiki/File%3A2015-365-118_Siesta_Grande_%2817100074267%29.jpg,https://thumb.wikimedia.org/wikipedia/commons/thumb/1/10/2015-365-118_Siesta_Grande_%2817100074267%29.jpg/960px-2015-365-118_Siesta_Grande_%2817100074267%29.jpg?utm_source=commons.wikimedia.org&utm_campaign=imageinfo&utm_content=thumbnail
sleeping-men_204_File_2026_04_18_1.jpg,Category:Sleeping men,"File:2026-04-18 Ростов-на-Дону, Соборная площадь, бездомный на лавочке (1).jpg",Progulka,CC0,https://commons.wikimedia.org/wiki/File%3A2026-04-18_%D0%A0%D0%BE%D1%81%D1%82%D0%BE%D0%B2-%D0%BD%D0%B0-%D0%94%D0%BE%D0%BD%D1%83%2C_%D0%A1%D0%BE%D0%B1%D0%BE%D1%80%D0%BD%D0%B0%D1%8F_%D0%BF%D0%BB%D0%BE%D1%89%D0%B0%D0%B4%D1%8C%2C_%D0%B1%D0%B5%D0%B7%D0%B4%D0%BE%D0%BC%D0%BD%D1%8B%D0%B9_%D0%BD%D0%B0_%D0%BB%D0%B0%D0%B2%D0%BE%D1%87%D0%BA%D0%B5_%281%29.jpg,https://thumb.wikimedia.org/wikipedia/commons/thumb/3/36/2026-04-18_%D0%A0%D0%BE%D1%81%D1%82%D0%BE%D0%B2-%D0%BD%D0%B0-%D0%94%D0%BE%D0%BD%D1%83%2C_%D0%A1%D0%BE%D0%B1%D0%BE%D1%80%D0%BD%D0%B0%D1%8F_%D0%BF%D0%BB%D0%BE%D1%89%D0%B0%D0%B4%D1%8C%2C_%D0%B1%D0%B5%D0%B7%D0%B4%D0%BE%D0%BC%D0%BD%D1%8B%D0%B9_%D0%BD%D0%B0_%D0%BB%D0%B0%D0%B2%D0%BE%D1%87%D0%BA%D0%B5_%281%29.jpg/960px-2026-04-18_%D0%A0%D0%BE%D1%81%D1%82%D0%BE%D0%B2-%D0%BD%D0%B0-%D0%94%D0%BE%D0%BD%D1%83%2C_%D0%A1%D0%BE%D0%B1%D0%BE%D1%80%D0%BD%D0%B0%D1%8F_%D0%BF%D0%BB%D0%BE%D1%89%D0%B0%D0%B4%D1%8C%2C_%D0%B1%D0%B5%D0%B7%D0%B4%D0%BE%D0%BC%D0%BD%D1%8B%D0%B9_%D0%BD%D0%B0_%D0%BB%D0%B0%D0%B2%D0%BE%D1%87%D0%BA%D0%B5_%281%29.jpg?utm_source=commons.wikimedia.org&utm_campaign=imageinfo&utm_content=thumbnail
sleeping-men_205_File_2026_04_18_2.jpg,Category:Sleeping men,"File:2026-04-18 Ростов-на-Дону, Соборная площадь, бездомный на лавочке (2).jpg",Progulka,CC0,https://commons.wikimedia.org/wiki/File%3A2026-04-18_%D0%A0%D0%BE%D1%81%D1%82%D0%BE%D0%B2-%D0%BD%D0%B0-%D0%94%D0%BE%D0%BD%D1%83%2C_%D0%A1%D0%BE%D0%B1%D0%BE%D1%80%D0%BD%D0%B0%D1%8F_%D0%BF%D0%BB%D0%BE%D1%89%D0%B0%D0%B4%D1%8C%2C_%D0%B1%D0%B5%D0%B7%D0%B4%D0%BE%D0%BC%D0%BD%D1%8B%D0%B9_%D0%BD%D0%B0_%D0%BB%D0%B0%D0%B2%D0%BE%D1%87%D0%BA%D0%B5_%282%29.jpg,https://thumb.wikimedia.org/wikipedia/commons/thumb/2/2f/2026-04-18_%D0%A0%D0%BE%D1%81%D1%82%D0%BE%D0%B2-%D0%BD%D0%B0-%D0%94%D0%BE%D0%BD%D1%83%2C_%D0%A1%D0%BE%D0%B1%D0%BE%D1%80%D0%BD%D0%B0%D1%8F_%D0%BF%D0%BB%D0%BE%D1%89%D0%B0%D0%B4%D1%8C%2C_%D0%B1%D0%B5%D0%B7%D0%B4%D0%BE%D0%BC%D0%BD%D1%8B%D0%B9_%D0%BD%D0%B0_%D0%BB%D0%B0%D0%B2%D0%BE%D1%87%D0%BA%D0%B5_%282%29.jpg/960px-2026-04-18_%D0%A0%D0%BE%D1%81%D1%82%D0%BE%D0%B2-%D0%BD%D0%B0-%D0%94%D0%BE%D0%BD%D1%83%2C_%D0%A1%D0%BE%D0%B1%D0%BE%D1%80%D0%BD%D0%B0%D1%8F_%D0%BF%D0%BB%D0%BE%D1%89%D0%B0%D0%B4%D1%8C%2C_%D0%B1%D0%B5%D0%B7%D0%B4%D0%BE%D0%BC%D0%BD%D1%8B%D0%B9_%D0%BD%D0%B0_%D0%BB%D0%B0%D0%B2%D0%BE%D1%87%D0%BA%D0%B5_%282%29.jpg?utm_source=commons.wikimedia.org&utm_campaign=imageinfo&utm_content=thumbnail
sleeping-men_206_File_2026_04_18_3.jpg,Category:Sleeping men,"File:2026-04-18 Ростов-на-Дону, Соборная площадь, бездомный на лавочке (3).jpg",Progulka,CC0,https://commons.wikimedia.org/wiki/File%3A2026-04-18_%D0%A0%D0%BE%D1%81%D1%82%D0%BE%D0%B2-%D0%BD%D0%B0-%D0%94%D0%BE%D0%BD%D1%83%2C_%D0%A1%D0%BE%D0%B1%D0%BE%D1%80%D0%BD%D0%B0%D1%8F_%D0%BF%D0%BB%D0%BE%D1%89%D0%B0%D0%B4%D1%8C%2C_%D0%B1%D0%B5%D0%B7%D0%B4%D0%BE%D0%BC%D0%BD%D1%8B%D0%B9_%D0%BD%D0%B0_%D0%BB%D0%B0%D0%B2%D0%BE%D1%87%D0%BA%D0%B5_%283%29.jpg,https://thumb.wikimedia.org/wikipedia/commons/thumb/a/a2/2026-04-18_%D0%A0%D0%BE%D1%81%D1%82%D0%BE%D0%B2-%D0%BD%D0%B0-%D0%94%D0%BE%D0%BD%D1%83%2C_%D0%A1%D0%BE%D0%B1%D0%BE%D1%80%D0%BD%D0%B0%D1%8F_%D0%BF%D0%BB%D0%BE%D1%89%D0%B0%D0%B4%D1%8C%2C_%D0%B1%D0%B5%D0%B7%D0%B4%D0%BE%D0%BC%D0%BD%D1%8B%D0%B9_%D0%BD%D0%B0_%D0%BB%D0%B0%D0%B2%D0%BE%D1%87%D0%BA%D0%B5_%283%29.jpg/960px-2026-04-18_%D0%A0%D0%BE%D1%81%D1%82%D0%BE%D0%B2-%D0%BD%D0%B0-%D0%94%D0%BE%D0%BD%D1%83%2C_%D0%A1%D0%BE%D0%B1%D0%BE%D1%80%D0%BD%D0%B0%D1%8F_%D0%BF%D0%BB%D0%BE%D1%89%D0%B0%D0%B4%D1%8C%2C_%D0%B1%D0%B5%D0%B7%D0%B4%D0%BE%D0%BC%D0%BD%D1%8B%D0%B9_%D0%BD%D0%B0_%D0%BB%D0%B0%D0%B2%D0%BE%D1%87%D0%BA%D0%B5_%283%29.jpg?utm_source=commons.wikimedia.org&utm_campaign=imageinfo&utm_content=thumbnail
sleeping-men_207_File_2026_04_18_4.jpg,Category:Sleeping men,"File:2026-04-18 Ростов-на-Дону, Соборная площадь, бездомный на лавочке (4).jpg",Progulka,CC0,https://commons.wikimedia.org/wiki/File%3A2026-04-18_%D0%A0%D0%BE%D1%81%D1%82%D0%BE%D0%B2-%D0%BD%D0%B0-%D0%94%D0%BE%D0%BD%D1%83%2C_%D0%A1%D0%BE%D0%B1%D0%BE%D1%80%D0%BD%D0%B0%D1%8F_%D0%BF%D0%BB%D0%BE%D1%89%D0%B0%D0%B4%D1%8C%2C_%D0%B1%D0%B5%D0%B7%D0%B4%D0%BE%D0%BC%D0%BD%D1%8B%D0%B9_%D0%BD%D0%B0_%D0%BB%D0%B0%D0%B2%D0%BE%D1%87%D0%BA%D0%B5_%284%29.jpg,https://thumb.wikimedia.org/wikipedia/commons/thumb/c/cc/2026-04-18_%D0%A0%D0%BE%D1%81%D1%82%D0%BE%D0%B2-%D0%BD%D0%B0-%D0%94%D0%BE%D0%BD%D1%83%2C_%D0%A1%D0%BE%D0%B1%D0%BE%D1%80%D0%BD%D0%B0%D1%8F_%D0%BF%D0%BB%D0%BE%D1%89%D0%B0%D0%B4%D1%8C%2C_%D0%B1%D0%B5%D0%B7%D0%B4%D0%BE%D0%BC%D0%BD%D1%8B%D0%B9_%D0%BD%D0%B0_%D0%BB%D0%B0%D0%B2%D0%BE%D1%87%D0%BA%D0%B5_%284%29.jpg/960px-2026-04-18_%D0%A0%D0%BE%D1%81%D1%82%D0%BE%D0%B2-%D0%BD%D0%B0-%D0%94%D0%BE%D0%BD%D1%83%2C_%D0%A1%D0%BE%D0%B1%D0%BE%D1%80%D0%BD%D0%B0%D1%8F_%D0%BF%D0%BB%D0%BE%D1%89%D0%B0%D0%B4%D1%8C%2C_%D0%B1%D0%B5%D0%B7%D0%B4%D0%BE%D0%BC%D0%BD%D1%8B%D0%B9_%D0%BD%D0%B0_%D0%BB%D0%B0%D0%B2%D0%BE%D1%87%D0%BA%D0%B5_%284%29.jpg?utm_source=commons.wikimedia.org&utm_campaign=imageinfo&utm_content=thumbnail
sleeping-men_208_File_357Muzon_Business_Center_San_Jose_12.jpg,Category:Sleeping men,File:357Muzon Business Center San Jose 12.jpg,Judgefloro,CC0,https://commons.wikimedia.org/wiki/File%3A357Muzon_Business_Center_San_Jose_12.jpg,https://thumb.wikimedia.org/wikipedia/commons/thumb/e/e1/357Muzon_Business_Center_San_Jose_12.jpg/960px-357Muzon_Business_Center_San_Jose_12.jpg?utm_source=commons.wikimedia.org&utm_campaign=imageinfo&utm_content=thumbnail
sleeping-men_209_File_41C_10_358_STS_41C_STS_41C_crewmembers_on_mid.jpg,Category:Sleeping men,File:41C-10-358 - STS-41C - STS-41C crewmembers on middeck - DPLA - 4d78b80750545c12c77a10cb8a512a2e.jpg,National Aeronautics and Space Administration. Lyndon B. Johnson Space Center. 2/17/1973,Public domain,https://commons.wikimedia.org/wiki/File%3A41C-10-358_-_STS-41C_-_STS-41C_crewmembers_on_middeck_-_DPLA_-_4d78b80750545c12c77a10cb8a512a2e.jpg,https://thumb.wikimedia.org/wikipedia/commons/thumb/2/22/41C-10-358_-_STS-41C_-_STS-41C_crewmembers_on_middeck_-_DPLA_-_4d78b80750545c12c77a10cb8a512a2e.jpg/960px-41C-10-358_-_STS-41C_-_STS-41C_crewmembers_on_middeck_-_DPLA_-_4d78b80750545c12c77a10cb8a512a2e.jpg?utm_source=commons.wikimedia.org&utm_campaign=imageinfo&utm_content=thumbnail
sleeping-men_210_File_A_gay_man_dreaming.jpg,Category:Sleeping men,File:A gay man dreaming.jpg,Nicolas Calderon,CC BY-SA 2.0,https://commons.wikimedia.org/wiki/File%3AA_gay_man_dreaming.jpg,https://thumb.wikimedia.org/wikipedia/commons/thumb/4/4b/A_gay_man_dreaming.jpg/960px-A_gay_man_dreaming.jpg?utm_source=commons.wikimedia.org&utm_campaign=imageinfo&utm_content=thumbnail
sleeping-men_211_File_A_man_is_sleeping_on_a_motorbike.jpg,Category:Sleeping men,File:A man is sleeping on a motorbike.jpg,Stougard,CC BY-SA 3.0,https://commons.wikimedia.org/wiki/File%3AA_man_is_sleeping_on_a_motorbike.jpg,https://thumb.wikimedia.org/wikipedia/commons/thumb/7/7a/A_man_is_sleeping_on_a_motorbike.jpg/960px-A_man_is_sleeping_on_a_motorbike.jpg?utm_source=commons.wikimedia.org&utm_campaign=imageinfo&utm_content=thumbnail
sleeping-men_212_File_A_Man_is_sleeping_on_his_motobike.jpg,Category:Sleeping men,File:A Man is sleeping on his motobike.jpg,Stougard,CC BY-SA 3.0,https://commons.wikimedia.org/wiki/File%3AA_Man_is_sleeping_on_his_motobike.jpg,https://thumb.wikimedia.org/wikipedia/commons/thumb/a/a5/A_Man_is_sleeping_on_his_motobike.jpg/960px-A_Man_is_sleeping_on_his_motobike.jpg?utm_source=commons.wikimedia.org&utm_campaign=imageinfo&utm_content=thumbnail
sleeping-men_213_File_A_person_sliping_with_wearing_mask.jpg,Category:Sleeping men,File:A person sliping with wearing mask.jpg,John desosa,CC BY-SA 4.0,https://commons.wikimedia.org/wiki/File%3AA_person_sliping_with_wearing_mask.jpg,https://thumb.wikimedia.org/wikipedia/commons/thumb/7/73/A_person_sliping_with_wearing_mask.jpg/960px-A_person_sliping_with_wearing_mask.jpg?utm_source=commons.wikimedia.org&utm_campaign=imageinfo&utm_content=thumbnail
sleeping-men_214_File_A_picture_from_China_every_day_063.jpg,Category:Sleeping men,File:A picture from China every day 063.jpg,"Carsten Ullrich from Shanghai, China",CC BY-SA 2.0,https://commons.wikimedia.org/wiki/File%3AA_picture_from_China_every_day_063.jpg,https://thumb.wikimedia.org/wikipedia/commons/thumb/d/db/A_picture_from_China_every_day_063.jpg/960px-A_picture_from_China_every_day_063.jpg?utm_source=commons.wikimedia.org&utm_campaign=imageinfo&utm_content=thumbnail
sleeping-men_215_File_A_place_of_abode.jpg,Category:Sleeping men,File:A place of abode.jpg,Saintabdul06,CC BY-SA 4.0,https://commons.wikimedia.org/wiki/File%3AA_place_of_abode.jpg,https://thumb.wikimedia.org/wikipedia/commons/thumb/a/a6/A_place_of_abode.jpg/960px-A_place_of_abode.jpg?utm_source=commons.wikimedia.org&utm_campaign=imageinfo&utm_content=thumbnail
sleeping-men_216_File_A_sleeping_old_man_in_a_holy_place_panoramio.jpg,Category:Sleeping men,File:A sleeping old man in a holy place - panoramio - Masoud Akbari.jpg,Masoud Akbari,CC BY-SA 3.0,https://commons.wikimedia.org/wiki/File%3AA_sleeping_old_man_in_a_holy_place_-_panoramio_-_Masoud_Akbari.jpg,https://thumb.wikimedia.org/wikipedia/commons/thumb/e/e8/A_sleeping_old_man_in_a_holy_place_-_panoramio_-_Masoud_Akbari.jpg/960px-A_sleeping_old_man_in_a_holy_place_-_panoramio_-_Masoud_Akbari.jpg?utm_source=commons.wikimedia.org&utm_campaign=imageinfo&utm_content=thumbnail
sleeping-men_217_File_A_Woman_is_watching_a_man_sleeping.jpg,Category:Sleeping men,File:A Woman is watching a man sleeping.jpg,Stougard,CC BY-SA 3.0,https://commons.wikimedia.org/wiki/File%3AA_Woman_is_watching_a_man_sleeping.jpg,https://thumb.wikimedia.org/wikipedia/commons/thumb/0/04/A_Woman_is_watching_a_man_sleeping.jpg/960px-A_Woman_is_watching_a_man_sleeping.jpg?utm_source=commons.wikimedia.org&utm_campaign=imageinfo&utm_content=thumbnail
sleeping-men_218_File_Aboard_HMS_Sheffield_during_An_Arctic_Convoy.jpg,Category:Sleeping men,"File:Aboard HMS Sheffield during An Arctic Convoy Escort Patrol, December 1941 A6879.jpg","Coote, R G G (Lt), Royal Navy official photographer",Public domain,https://commons.wikimedia.org/wiki/File%3AAboard_HMS_Sheffield_during_An_Arctic_Convoy_Escort_Patrol%2C_December_1941_A6879.jpg,https://upload.wikimedia.org/wikipedia/commons/c/c6/Aboard_HMS_Sheffield_during_An_Arctic_Convoy_Escort_Patrol%2C_December_1941_A6879.jpg?utm_source=commons.wikimedia.org&utm_campaign=imageinfo&utm_content=thumbnail_unscaled
sleeping-men_219_File_Afternoon_nap_at_Lac_Cai_Bonaire_2014_1554503.jpg,Category:Sleeping men,File:Afternoon nap at Lac Cai (Bonaire 2014) (15545031938).jpg,Paul Arps from The Netherlands,CC BY 2.0,https://commons.wikimedia.org/wiki/File%3AAfternoon_nap_at_Lac_Cai_%28Bonaire_2014%29_%2815545031938%29.jpg,https://thumb.wikimedia.org/wikipedia/commons/thumb/9/9a/Afternoon_nap_at_Lac_Cai_%28Bonaire_2014%29_%2815545031938%29.jpg/960px-Afternoon_nap_at_Lac_Cai_%28Bonaire_2014%29_%2815545031938%29.jpg?utm_source=commons.wikimedia.org&utm_campaign=imageinfo&utm_content=thumbnail
sleeping-men_220_File_Afternoon_nap.jpg,Category:Sleeping men,File:Afternoon nap.jpg,ProjectManhattan,CC BY-SA 3.0,https://commons.wikimedia.org/wiki/File%3AAfternoon_nap.jpg,https://thumb.wikimedia.org/wikipedia/commons/thumb/a/ad/Afternoon_nap.jpg/960px-Afternoon_nap.jpg?utm_source=commons.wikimedia.org&utm_campaign=imageinfo&utm_content=thumbnail
sleeping-men_221_File_Al_Sol_26668423.jpg,Category:Sleeping men,File:Al Sol (26668423).jpeg,Juan Andrés López,CC BY 3.0,https://commons.wikimedia.org/wiki/File%3AAl_Sol_%2826668423%29.jpeg,https://thumb.wikimedia.org/wikipedia/commons/thumb/7/74/Al_Sol_%2826668423%29.jpeg/960px-Al_Sol_%2826668423%29.jpeg?utm_source=commons.wikimedia.org&utm_campaign=imageinfo&utm_content=thumbnail
sleeping-men_222_File_Alcoholism_Street.jpg,Category:Sleeping men,File:Alcoholism - Street.JPG,Tamorlan,CC BY-SA 3.0,https://commons.wikimedia.org/wiki/File%3AAlcoholism_-_Street.JPG,https://thumb.wikimedia.org/wikipedia/commons/thumb/5/5b/Alcoholism_-_Street.JPG/960px-Alcoholism_-_Street.JPG?utm_source=commons.wikimedia.org&utm_campaign=imageinfo&utm_content=thumbnail
sleeping-men_223_File_Alicante_sleeper_2023.jpg,Category:Sleeping men,File:Alicante sleeper 2023.jpg,Smiley.toerist,CC BY-SA 4.0,https://commons.wikimedia.org/wiki/File%3AAlicante_sleeper_2023.jpg,https://thumb.wikimedia.org/wikipedia/commons/thumb/9/9f/Alicante_sleeper_2023.jpg/960px-Alicante_sleeper_2023.jpg?utm_source=commons.wikimedia.org&utm_campaign=imageinfo&utm_content=thumbnail
sleeping-men_224_File_An_old_man_sleeping_on_a_bench_Mong_Kok.jpg,Category:Sleeping men,"File:An old man sleeping on a bench, Mong Kok.jpg",Peachyeung316,CC BY-SA 4.0,https://commons.wikimedia.org/wiki/File%3AAn_old_man_sleeping_on_a_bench%2C_Mong_Kok.jpg,https://thumb.wikimedia.org/wikipedia/commons/thumb/6/65/An_old_man_sleeping_on_a_bench%2C_Mong_Kok.jpg/960px-An_old_man_sleeping_on_a_bench%2C_Mong_Kok.jpg?utm_source=commons.wikimedia.org&utm_campaign=imageinfo&utm_content=thumbnail
sleeping-men_225_File_Arbat_District_Moscow_Russia_panoramio_140.jpg,Category:Sleeping men,"File:Arbat District, Moscow, Russia - panoramio (140).jpg",r_adept,CC BY-SA 3.0,https://commons.wikimedia.org/wiki/File%3AArbat_District%2C_Moscow%2C_Russia_-_panoramio_%28140%29.jpg,https://thumb.wikimedia.org/wikipedia/commons/thumb/9/9c/Arbat_District%2C_Moscow%2C_Russia_-_panoramio_%28140%29.jpg/960px-Arbat_District%2C_Moscow%2C_Russia_-_panoramio_%28140%29.jpg?utm_source=commons.wikimedia.org&utm_campaign=imageinfo&utm_content=thumbnail
sleeping-men_226_File_Ariel_em_Potrerillos.jpg,Category:Sleeping men,File:Ariel em Potrerillos.jpg,Arikogan,CC BY-SA 3.0,https://commons.wikimedia.org/wiki/File%3AAriel_em_Potrerillos.jpg,https://upload.wikimedia.org/wikipedia/commons/5/5b/Ariel_em_Potrerillos.jpg?utm_source=commons.wikimedia.org&utm_campaign=imageinfo&utm_content=thumbnail_unscaled
sleeping-men_227_File_Armenian_Construction_worker_sleeping.jpg,Category:Sleeping men,File:Armenian Construction worker sleeping.jpg,Narek75,CC BY-SA 4.0,https://commons.wikimedia.org/wiki/File%3AArmenian_Construction_worker_sleeping.jpg,https://thumb.wikimedia.org/wikipedia/commons/thumb/2/21/Armenian_Construction_worker_sleeping.jpg/960px-Armenian_Construction_worker_sleeping.jpg?utm_source=commons.wikimedia.org&utm_campaign=imageinfo&utm_content=thumbnail
sleeping-men_228_File_Asielzoekers_zitten_op_de_grond_sommige_met_d.jpg,Category:Sleeping men,"File:Asielzoekers zitten op de grond, sommige met dekens omgeslagen, Bestanddeelnr 934-4135.jpg",Rob Bogaerts for Anefo,CC0,https://commons.wikimedia.org/wiki/File%3AAsielzoekers_zitten_op_de_grond%2C_sommige_met_dekens_omgeslagen%2C_Bestanddeelnr_934-4135.jpg,https://thumb.wikimedia.org/wikipedia/commons/thumb/9/9f/Asielzoekers_zitten_op_de_grond%2C_sommige_met_dekens_omgeslagen%2C_Bestanddeelnr_934-4135.jpg/960px-Asielzoekers_zitten_op_de_grond%2C_sommige_met_dekens_omgeslagen%2C_Bestanddeelnr_934-4135.jpg?utm_source=commons.wikimedia.org&utm_campaign=imageinfo&utm_content=thumbnail
sleeping-men_229_File_Asleep_1980_22481817967.jpg,Category:Sleeping men,File:Asleep (1980). (22481817967).jpg,"Ion Chibzii from Chisinau, Republic of Moldova",CC BY-SA 2.0,https://commons.wikimedia.org/wiki/File%3AAsleep_%281980%29._%2822481817967%29.jpg,https://upload.wikimedia.org/wikipedia/commons/3/35/Asleep_%281980%29._%2822481817967%29.jpg?utm_source=commons.wikimedia.org&utm_campaign=imageinfo&utm_content=thumbnail_unscaled
sleeping-men_230_File_Asleep_at_MOS_Burger.jpg,Category:Sleeping men,File:Asleep at MOS Burger.JPG,Qwentl,CC BY-SA 3.0,https://commons.wikimedia.org/wiki/File%3AAsleep_at_MOS_Burger.JPG,https://thumb.wikimedia.org/wikipedia/commons/thumb/b/b8/Asleep_at_MOS_Burger.JPG/960px-Asleep_at_MOS_Burger.JPG?utm_source=commons.wikimedia.org&utm_campaign=imageinfo&utm_content=thumbnail
sleeping-men_231_File_Astronaut_Scott_D_Altman_27411554453.jpg,Category:Sleeping men,File:Astronaut Scott D. Altman (27411554453).jpg,NASA Hubble Space Telescope,Public domain,https://commons.wikimedia.org/wiki/File%3AAstronaut_Scott_D._Altman_%2827411554453%29.jpg,https://thumb.wikimedia.org/wikipedia/commons/thumb/5/5c/Astronaut_Scott_D._Altman_%2827411554453%29.jpg/960px-Astronaut_Scott_D._Altman_%2827411554453%29.jpg?utm_source=commons.wikimedia.org&utm_campaign=imageinfo&utm_content=thumbnail
sleeping-men_232_File_Atelier_Nadar_Jean_Mounet_Sully_1841_1916_Sch.jpg,Category:Sleeping men,"File:Atelier Nadar - Jean Mounet-Sully (1841-1916), Schauspieler (Zeno Fotografie).jpg",Atelier Nadar,Public domain,https://commons.wikimedia.org/wiki/File%3AAtelier_Nadar_-_Jean_Mounet-Sully_%281841-1916%29%2C_Schauspieler_%28Zeno_Fotografie%29.jpg,https://upload.wikimedia.org/wikipedia/commons/2/28/Atelier_Nadar_-_Jean_Mounet-Sully_%281841-1916%29%2C_Schauspieler_%28Zeno_Fotografie%29.jpg?utm_source=commons.wikimedia.org&utm_campaign=imageinfo&utm_content=thumbnail_unscaled
sleeping-men_233_File_Banc_rue_Sainte_Catherine_01.jpg,Category:Sleeping men,File:Banc - rue Sainte-Catherine - 01.jpg,Jeangagnon,CC BY-SA 4.0,https://commons.wikimedia.org/wiki/File%3ABanc_-_rue_Sainte-Catherine_-_01.jpg,https://thumb.wikimedia.org/wikipedia/commons/thumb/0/09/Banc_-_rue_Sainte-Catherine_-_01.jpg/960px-Banc_-_rue_Sainte-Catherine_-_01.jpg?utm_source=commons.wikimedia.org&utm_campaign=imageinfo&utm_content=thumbnail
sleeping-men_234_File_Banc_rue_Sainte_Catherine_01a.jpg,Category:Sleeping men,File:Banc - rue Sainte-Catherine - 01a.jpg,Jeangagnon,CC BY-SA 4.0,https://commons.wikimedia.org/wiki/File%3ABanc_-_rue_Sainte-Catherine_-_01a.jpg,https://thumb.wikimedia.org/wikipedia/commons/thumb/1/1e/Banc_-_rue_Sainte-Catherine_-_01a.jpg/960px-Banc_-_rue_Sainte-Catherine_-_01a.jpg?utm_source=commons.wikimedia.org&utm_campaign=imageinfo&utm_content=thumbnail
sleeping-men_235_File_Banc_rue_Sainte_Catherine_02.jpg,Category:Sleeping men,File:Banc - rue Sainte-Catherine - 02.jpg,Jeangagnon,CC BY-SA 4.0,https://commons.wikimedia.org/wiki/File%3ABanc_-_rue_Sainte-Catherine_-_02.jpg,https://thumb.wikimedia.org/wikipedia/commons/thumb/c/cb/Banc_-_rue_Sainte-Catherine_-_02.jpg/960px-Banc_-_rue_Sainte-Catherine_-_02.jpg?utm_source=commons.wikimedia.org&utm_campaign=imageinfo&utm_content=thumbnail
sleeping-men_236_File_Bank_Security_Guard_Sleeping_Cropped.jpg,Category:Sleeping men,File:Bank-Security-Guard-Sleeping-Cropped.jpeg,derivative work: V85 (talk) Bank-Security-Guard-Sleeping.jpeg: FlickreviewR,CC BY 2.0,https://commons.wikimedia.org/wiki/File%3ABank-Security-Guard-Sleeping-Cropped.jpeg,https://upload.wikimedia.org/wikipedia/commons/8/8c/Bank-Security-Guard-Sleeping-Cropped.jpeg?utm_source=commons.wikimedia.org&utm_campaign=imageinfo&utm_content=thumbnail_unscaled
sleeping-men_237_File_Bank_Security_Guard_Sleeping.jpg,Category:Sleeping men,File:Bank-Security-Guard-Sleeping.jpeg,,CC BY 2.0,https://commons.wikimedia.org/wiki/File%3ABank-Security-Guard-Sleeping.jpeg,https://upload.wikimedia.org/wikipedia/commons/6/6f/Bank-Security-Guard-Sleeping.jpeg?utm_source=commons.wikimedia.org&utm_campaign=imageinfo&utm_content=thumbnail_unscaled
sleeping-men_238_File_BARBOSA.jpg,Category:Sleeping men,File:BARBOSA.jpg,Tintim11,CC BY-SA 4.0,https://commons.wikimedia.org/wiki/File%3ABARBOSA.jpg,https://thumb.wikimedia.org/wikipedia/commons/thumb/0/06/BARBOSA.jpg/960px-BARBOSA.jpg?utm_source=commons.wikimedia.org&utm_campaign=imageinfo&utm_content=thumbnail
sleeping-men_239_File_Barcelona_4281777289.jpg,Category:Sleeping men,File:Barcelona (4281777289).jpg,Nicolas Vigier from Spain,CC0,https://commons.wikimedia.org/wiki/File%3ABarcelona_%284281777289%29.jpg,https://thumb.wikimedia.org/wikipedia/commons/thumb/1/1f/Barcelona_%284281777289%29.jpg/960px-Barcelona_%284281777289%29.jpg?utm_source=commons.wikimedia.org&utm_campaign=imageinfo&utm_content=thumbnail
sleeping-men_240_File_Barcelona_train_siesta.jpg,Category:Sleeping men,File:Barcelona train siesta.jpg,Smiley.toerist,CC BY-SA 3.0,https://commons.wikimedia.org/wiki/File%3ABarcelona_train_siesta.jpg,https://thumb.wikimedia.org/wikipedia/commons/thumb/f/f8/Barcelona_train_siesta.jpg/960px-Barcelona_train_siesta.jpg?utm_source=commons.wikimedia.org&utm_campaign=imageinfo&utm_content=thumbnail
sleeping-men_241_File_Bedtime_story_3426199524.jpg,Category:Sleeping men,File:Bedtime story (3426199524).jpg,hawken king,CC BY 2.0,https://commons.wikimedia.org/wiki/File%3ABedtime_story_%283426199524%29.jpg,https://upload.wikimedia.org/wikipedia/commons/d/da/Bedtime_story_%283426199524%29.jpg?utm_source=commons.wikimedia.org&utm_campaign=imageinfo&utm_content=thumbnail_unscaled
sleeping-men_242_File_Bezdomovci_2.jpg,Category:Sleeping men,File:Bezdomovci 2.jpg,Matěj Baťha,CC BY 2.5,https://commons.wikimedia.org/wiki/File%3ABezdomovci_2.jpg,https://thumb.wikimedia.org/wikipedia/commons/thumb/a/ae/Bezdomovci_2.jpg/960px-Bezdomovci_2.jpg?utm_source=commons.wikimedia.org&utm_campaign=imageinfo&utm_content=thumbnail
sleeping-men_243_File_Bezdomovci.jpg,Category:Sleeping men,File:Bezdomovci.jpg,Matěj Baťha,CC BY 2.5,https://commons.wikimedia.org/wiki/File%3ABezdomovci.jpg,https://thumb.wikimedia.org/wikipedia/commons/thumb/0/0d/Bezdomovci.jpg/960px-Bezdomovci.jpg?utm_source=commons.wikimedia.org&utm_campaign=imageinfo&utm_content=thumbnail
sleeping-men_244_File_Brad_Tandy.jpg,Category:Sleeping men,File:Brad Tandy.png,FAFwich fan123,CC BY-SA 4.0,https://commons.wikimedia.org/wiki/File%3ABrad_Tandy.png,https://upload.wikimedia.org/wikipedia/commons/5/58/Brad_Tandy.png?utm_source=commons.wikimedia.org&utm_campaign=imageinfo&utm_content=thumbnail_unscaled
sleeping-men_245_File_Brest2012_Sieste.jpg,Category:Sleeping men,File:Brest2012 - Sieste.jpg,Ph. Saget,CC BY-SA 3.0,https://commons.wikimedia.org/wiki/File%3ABrest2012_-_Sieste.jpg,https://thumb.wikimedia.org/wikipedia/commons/thumb/3/30/Brest2012_-_Sieste.jpg/960px-Brest2012_-_Sieste.jpg?utm_source=commons.wikimedia.org&utm_campaign=imageinfo&utm_content=thumbnail
sleeping-men_246_File_Brno_temn_str_nka.jpg,Category:Sleeping men,File:Brno - temná stránka.jpg,"original photos: Sevela.p, Mark Ahsmann, Frettie, Dezidor, Sevela.p derivative work: Millenium187 (talk)",CC BY-SA 3.0,https://commons.wikimedia.org/wiki/File%3ABrno_-_temn%C3%A1_str%C3%A1nka.jpg,https://thumb.wikimedia.org/wikipedia/commons/thumb/a/a9/Brno_-_temn%C3%A1_str%C3%A1nka.jpg/960px-Brno_-_temn%C3%A1_str%C3%A1nka.jpg?utm_source=commons.wikimedia.org&utm_campaign=imageinfo&utm_content=thumbnail
sleeping-men_247_File_Bundesarchiv_B_145_Bild_F052009_0008_Kiel_FDP.jpg,Category:Sleeping men,"File:Bundesarchiv B 145 Bild-F052009-0008, Kiel, FDP-Bundesparteitag, Maihofer.jpg",Ludwig Wegmann,CC BY-SA 3.0 de,https://commons.wikimedia.org/wiki/File%3ABundesarchiv_B_145_Bild-F052009-0008%2C_Kiel%2C_FDP-Bundesparteitag%2C_Maihofer.jpg,https://upload.wikimedia.org/wikipedia/commons/7/79/Bundesarchiv_B_145_Bild-F052009-0008%2C_Kiel%2C_FDP-Bundesparteitag%2C_Maihofer.jpg?utm_source=commons.wikimedia.org&utm_campaign=imageinfo&utm_content=thumbnail_unscaled
sleeping-men_248_File_Bundesarchiv_B_145_Bild_F052015_0004_Kiel_FDP.jpg,Category:Sleeping men,"File:Bundesarchiv B 145 Bild-F052015-0004, Kiel, FDP-Bundesparteitag, Maihofer.jpg",Ludwig Wegmann,CC BY-SA 3.0 de,https://commons.wikimedia.org/wiki/File%3ABundesarchiv_B_145_Bild-F052015-0004%2C_Kiel%2C_FDP-Bundesparteitag%2C_Maihofer.jpg,https://upload.wikimedia.org/wikipedia/commons/a/ae/Bundesarchiv_B_145_Bild-F052015-0004%2C_Kiel%2C_FDP-Bundesparteitag%2C_Maihofer.jpg?utm_source=commons.wikimedia.org&utm_campaign=imageinfo&utm_content=thumbnail_unscaled
sleeping-men_249_File_Business_Man.jpg,Category:Sleeping men,File:Business Man.jpg,George D Manta,CC BY-SA 4.0,https://commons.wikimedia.org/wiki/File%3ABusiness_Man.jpg,https://thumb.wikimedia.org/wikipedia/commons/thumb/5/53/Business_Man.jpg/960px-Business_Man.jpg?utm_source=commons.wikimedia.org&utm_campaign=imageinfo&utm_content=thumbnail
sleeping-men_250_File_Bydgoszcz_Le_na_train_station_009.jpg,Category:Sleeping men,File:Bydgoszcz Leśna train station - 009.JPG,This file was added by User Joymaster Ten plik został dodany przez Wikipedystę Joymaster Joymaster e-mail GG 6403904 COMMONS pl.wiki Joymasters upload list,Public domain,https://commons.wikimedia.org/wiki/File%3ABydgoszcz_Le%C5%9Bna_train_station_-_009.JPG,https://thumb.wikimedia.org/wikipedia/commons/thumb/5/59/Bydgoszcz_Le%C5%9Bna_train_station_-_009.JPG/960px-Bydgoszcz_Le%C5%9Bna_train_station_-_009.JPG?utm_source=commons.wikimedia.org&utm_campaign=imageinfo&utm_content=thumbnail
sleeping-men_251_File_Casa_da_Parra_porta.jpg,Category:Sleeping men,"File:Casa da Parra, porta.jpg","Certo Xornal from Ribeira, Galicia, España",CC BY 2.0,https://commons.wikimedia.org/wiki/File%3ACasa_da_Parra%2C_porta.jpg,https://thumb.wikimedia.org/wikipedia/commons/thumb/f/f7/Casa_da_Parra%2C_porta.jpg/960px-Casa_da_Parra%2C_porta.jpg?utm_source=commons.wikimedia.org&utm_campaign=imageinfo&utm_content=thumbnail
sleeping-men_252_File_Catnapping_in_the_Cathedral_Flickr_gailhampsh.jpg,Category:Sleeping men,File:Catnapping in the Cathedral - Flickr - gailhampshire.jpg,"gailhampshire from Cradley, Malvern, U.K",CC BY 2.0,https://commons.wikimedia.org/wiki/File%3ACatnapping_in_the_Cathedral_-_Flickr_-_gailhampshire.jpg,https://thumb.wikimedia.org/wikipedia/commons/thumb/6/63/Catnapping_in_the_Cathedral_-_Flickr_-_gailhampshire.jpg/960px-Catnapping_in_the_Cathedral_-_Flickr_-_gailhampshire.jpg?utm_source=commons.wikimedia.org&utm_campaign=imageinfo&utm_content=thumbnail
sleeping-men_253_File_CH_NB_Estland_Tallinn_Reval_Hafenarbeiter_Ann.jpg,Category:Sleeping men,"File:CH-NB - Estland, Tallinn (Reval)- Hafenarbeiter - Annemarie Schwarzenbach - SLA-Schwarzenbach-A-5-16-047.jpg",Annemarie Schwarzenbach,Public domain,https://commons.wikimedia.org/wiki/File%3ACH-NB_-_Estland%2C_Tallinn_%28Reval%29-_Hafenarbeiter_-_Annemarie_Schwarzenbach_-_SLA-Schwarzenbach-A-5-16-047.jpg,https://thumb.wikimedia.org/wikipedia/commons/thumb/2/2b/CH-NB_-_Estland%2C_Tallinn_%28Reval%29-_Hafenarbeiter_-_Annemarie_Schwarzenbach_-_SLA-Schwarzenbach-A-5-16-047.jpg/960px-CH-NB_-_Estland%2C_Tallinn_%28Reval%29-_Hafenarbeiter_-_Annemarie_Schwarzenbach_-_SLA-Schwarzenbach-A-5-16-047.jpg?utm_source=commons.wikimedia.org&utm_campaign=imageinfo&utm_content=thumbnail
sleeping-men_254_File_CH_NB_Archive_Rudolf_Zinggeler_EAD_ZING_12505.jpg,Category:Sleeping men,File:CH-NB Archive Rudolf Zinggeler EAD-ZING-12505.tif,Rudolf Zinggeler,Public domain,https://commons.wikimedia.org/wiki/File%3ACH-NB_Archive_Rudolf_Zinggeler_EAD-ZING-12505.tif,https://thumb.wikimedia.org/wikipedia/commons/thumb/8/8c/CH-NB_Archive_Rudolf_Zinggeler_EAD-ZING-12505.tif/lossy-page1-960px-CH-NB_Archive_Rudolf_Zinggeler_EAD-ZING-12505.tif.jpg?utm_source=commons.wikimedia.org&utm_campaign=imageinfo&utm_content=thumbnail
sleeping-men_255_File_Chemehuevi_Indian_man_sleeping_in_his_sleepin.jpg,Category:Sleeping men,"File:Chemehuevi Indian man sleeping in his sleeping shelter in the field, ca.1900 (CHS-3527).jpg",C. C. Pierce,Public domain,https://commons.wikimedia.org/wiki/File%3AChemehuevi_Indian_man_sleeping_in_his_sleeping_shelter_in_the_field%2C_ca.1900_%28CHS-3527%29.jpg,https://thumb.wikimedia.org/wikipedia/commons/thumb/c/cd/Chemehuevi_Indian_man_sleeping_in_his_sleeping_shelter_in_the_field%2C_ca.1900_%28CHS-3527%29.jpg/960px-Chemehuevi_Indian_man_sleeping_in_his_sleeping_shelter_in_the_field%2C_ca.1900_%28CHS-3527%29.jpg?utm_source=commons.wikimedia.org&utm_campaign=imageinfo&utm_content=thumbnail
sleeping-men_256_File_ChineseGarden_sleep.jpg,Category:Sleeping men,File:ChineseGarden sleep.JPG,Warburg,CC BY-SA 3.0,https://commons.wikimedia.org/wiki/File%3AChineseGarden_sleep.JPG,https://thumb.wikimedia.org/wikipedia/commons/thumb/b/bc/ChineseGarden_sleep.JPG/960px-ChineseGarden_sleep.JPG?utm_source=commons.wikimedia.org&utm_campaign=imageinfo&utm_content=thumbnail
sleeping-men_257_File_Chita_street08_48230456176.jpg,Category:Sleeping men,File:Chita street08 (48230456176).jpg,"Vladimir from Chita, Russia",CC BY-SA 2.0,https://commons.wikimedia.org/wiki/File%3AChita_street08_%2848230456176%29.jpg,https://thumb.wikimedia.org/wikipedia/commons/thumb/2/22/Chita_street08_%2848230456176%29.jpg/960px-Chita_street08_%2848230456176%29.jpg?utm_source=commons.wikimedia.org&utm_campaign=imageinfo&utm_content=thumbnail
sleeping-men_258_File_Cirdingis81.jpg,Category:Sleeping men,File:Cirdingis81.png,Şamil Korkmaz,Public domain,https://commons.wikimedia.org/wiki/File%3ACirdingis81.png,https://upload.wikimedia.org/wikipedia/commons/3/34/Cirdingis81.png?utm_source=commons.wikimedia.org&utm_campaign=imageinfo&utm_content=thumbnail_unscaled
sleeping-men_259_File_Clerk_R_R_Wallace_asleep_on_the_quarterdeck_o.jpg,Category:Sleeping men,File:Clerk R. R. Wallace asleep on the quarterdeck of HMS 'Aurora' (1913). RMG N22880.jpg,"Hooper, Lieutenant Geoffroy William Winsmore, OBE",Public domain,https://commons.wikimedia.org/wiki/File%3AClerk_R._R._Wallace_asleep_on_the_quarterdeck_of_HMS_%27Aurora%27_%281913%29._RMG_N22880.jpg,https://thumb.wikimedia.org/wikipedia/commons/thumb/3/3e/Clerk_R._R._Wallace_asleep_on_the_quarterdeck_of_HMS_%27Aurora%27_%281913%29._RMG_N22880.jpg/960px-Clerk_R._R._Wallace_asleep_on_the_quarterdeck_of_HMS_%27Aurora%27_%281913%29._RMG_N22880.jpg?utm_source=commons.wikimedia.org&utm_campaign=imageinfo&utm_content=thumbnail
sleeping-men_260_File_COLLECTIE_TROPENMUSEUM_Portret_van_man_op_lig.jpg,Category:Sleeping men,File:COLLECTIE TROPENMUSEUM Portret van man op ligstoel die een middagdutje doet te Kera in noordwest Burkina Faso TMnr 20010150.jpg,Jan Broekhuijse,CC BY-SA 3.0,https://commons.wikimedia.org/wiki/File%3ACOLLECTIE_TROPENMUSEUM_Portret_van_man_op_ligstoel_die_een_middagdutje_doet_te_Kera_in_noordwest_Burkina_Faso_TMnr_20010150.jpg,https://upload.wikimedia.org/wikipedia/commons/e/e2/COLLECTIE_TROPENMUSEUM_Portret_van_man_op_ligstoel_die_een_middagdutje_doet_te_Kera_in_noordwest_Burkina_Faso_TMnr_20010150.jpg?utm_source=commons.wikimedia.org&utm_campaign=imageinfo&utm_content=thumbnail_unscaled
sleeping-men_261_File_Colton_Cotton_sleeping.jpg,Category:Sleeping men,File:Colton Cotton sleeping.jpg,Colton Cotton,CC BY-SA 3.0,https://commons.wikimedia.org/wiki/File%3AColton_Cotton_sleeping.jpg,https://upload.wikimedia.org/wikipedia/commons/6/6f/Colton_Cotton_sleeping.jpg?utm_source=commons.wikimedia.org&utm_campaign=imageinfo&utm_content=thumbnail_unscaled
sleeping-men_262_File_Cordon_and_Search_DVIDS35705.jpg,Category:Sleeping men,File:Cordon and Search DVIDS35705.jpg,U.S. Air Force photo by Staff Sgt. Stacy L. Pearsall,Public domain,https://commons.wikimedia.org/wiki/File%3ACordon_and_Search_DVIDS35705.jpg,https://thumb.wikimedia.org/wikipedia/commons/thumb/c/c8/Cordon_and_Search_DVIDS35705.jpg/960px-Cordon_and_Search_DVIDS35705.jpg?utm_source=commons.wikimedia.org&utm_campaign=imageinfo&utm_content=thumbnail
sleeping-men_263_File_Coyotito_5345763332.jpg,Category:Sleeping men,File:Coyotito (5345763332).jpg,"Eneas De Troya from Mexico City, México",CC BY 2.0,https://commons.wikimedia.org/wiki/File%3ACoyotito_%285345763332%29.jpg,https://thumb.wikimedia.org/wikipedia/commons/thumb/a/a8/Coyotito_%285345763332%29.jpg/960px-Coyotito_%285345763332%29.jpg?utm_source=commons.wikimedia.org&utm_campaign=imageinfo&utm_content=thumbnail
sleeping-men_264_File_Daevid_Allen_April_2004.jpg,Category:Sleeping men,File:Daevid Allen April 2004.jpg,ChrisyG at en.wikipedia (ChrisyG at en.wikipedia),CC BY-SA 3.0,https://commons.wikimedia.org/wiki/File%3ADaevid_Allen_April_2004.jpg,https://upload.wikimedia.org/wikipedia/commons/f/fe/Daevid_Allen_April_2004.jpg?utm_source=commons.wikimedia.org&utm_campaign=imageinfo&utm_content=thumbnail_unscaled
sleeping-men_265_File_Dakloos.jpg,Category:Sleeping men,File:Dakloos.jpg,"Oscar at nl.wikipedia, the copyright holder of this work, hereby publishes it under the following license:",CC BY-SA 2.5 nl,https://commons.wikimedia.org/wiki/File%3ADakloos.jpg,https://thumb.wikimedia.org/wikipedia/commons/thumb/5/57/Dakloos.jpg/960px-Dakloos.jpg?utm_source=commons.wikimedia.org&utm_campaign=imageinfo&utm_content=thumbnail
sleeping-men_266_File_David_sleeping.jpg,Category:Sleeping men,File:David sleeping.jpg,Qbx101,CC BY-SA 3.0,https://commons.wikimedia.org/wiki/File%3ADavid_sleeping.jpg,https://thumb.wikimedia.org/wikipedia/commons/thumb/f/fd/David_sleeping.jpg/960px-David_sleeping.jpg?utm_source=commons.wikimedia.org&utm_campaign=imageinfo&utm_content=thumbnail
sleeping-men_267_File_Day_Sleepers_crop.jpg,Category:Sleeping men,File:Day Sleepers crop.jpg,"Julio Rojas ; cropped by Before My Ken 14:48, 13 April 2009 (UTC)",CC BY-SA 2.0,https://commons.wikimedia.org/wiki/File%3ADay_Sleepers_crop.jpg,https://upload.wikimedia.org/wikipedia/commons/0/0a/Day_Sleepers_crop.jpg?utm_source=commons.wikimedia.org&utm_campaign=imageinfo&utm_content=thumbnail_unscaled
sleeping-men_268_File_Day_Sleepers.jpg,Category:Sleeping men,File:Day Sleepers.jpg,Julio Rojas,CC BY-SA 2.0,https://commons.wikimedia.org/wiki/File%3ADay_Sleepers.jpg,https://upload.wikimedia.org/wikipedia/commons/3/3a/Day_Sleepers.jpg?utm_source=commons.wikimedia.org&utm_campaign=imageinfo&utm_content=thumbnail_unscaled
sleeping-men_269_File_Defense_gov_News_Photo_090904_A_3355S_006.jpg,Category:Sleeping men,File:Defense.gov News Photo 090904-A-3355S-006.jpg,"Staff Sgt. Andrew Smith, U.S. Army",Public domain,https://commons.wikimedia.org/wiki/File%3ADefense.gov_News_Photo_090904-A-3355S-006.jpg,https://thumb.wikimedia.org/wikipedia/commons/thumb/9/99/Defense.gov_News_Photo_090904-A-3355S-006.jpg/960px-Defense.gov_News_Photo_090904-A-3355S-006.jpg?utm_source=commons.wikimedia.org&utm_campaign=imageinfo&utm_content=thumbnail
sleeping-men_270_File_Don_Quijote_Shinjuku_Okubo_store_in_2013.jpg,Category:Sleeping men,File:Don Quijote Shinjuku Okubo store in 2013.jpg,se7en,CC BY 2.0,https://commons.wikimedia.org/wiki/File%3ADon_Quijote_Shinjuku_Okubo_store_in_2013.jpg,https://upload.wikimedia.org/wikipedia/commons/2/22/Don_Quijote_Shinjuku_Okubo_store_in_2013.jpg?utm_source=commons.wikimedia.org&utm_campaign=imageinfo&utm_content=thumbnail_unscaled
sleeping-men_271_File_Drunk_man_in_Saint_Petersburg_Russia_During_t.jpg,Category:Sleeping men,"File:Drunk man in Saint Petersburg, Russia. During the White Nights in Summer, people love to drink and to party. Some then need an early break. (32866545022).jpg",Ralf Steinberger from Northern Italy and Berlin,CC BY 2.0,https://commons.wikimedia.org/wiki/File%3ADrunk_man_in_Saint_Petersburg%2C_Russia._During_the_White_Nights_in_Summer%2C_people_love_to_drink_and_to_party._Some_then_need_an_early_break._%2832866545022%29.jpg,https://thumb.wikimedia.org/wikipedia/commons/thumb/8/85/Drunk_man_in_Saint_Petersburg%2C_Russia._During_the_White_Nights_in_Summer%2C_people_love_to_drink_and_to_party._Some_then_need_an_early_break._%2832866545022%29.jpg/960px-Drunk_man_in_Saint_Petersburg%2C_Russia._During_the_White_Nights_in_Summer%2C_people_love_to_drink_and_to_party._Some_then_need_an_early_break._%2832866545022%29.jpg?utm_source=commons.wikimedia.org&utm_campaign=imageinfo&utm_content=thumbnail
sleeping-men_272_File_DSC_0010_1518083527.jpg,Category:Sleeping men,File:DSC 0010 (1518083527).jpg,"Tom Reynolds from Melbourne, Australia",CC BY 2.0,https://commons.wikimedia.org/wiki/File%3ADSC_0010_%281518083527%29.jpg,https://thumb.wikimedia.org/wikipedia/commons/thumb/2/27/DSC_0010_%281518083527%29.jpg/960px-DSC_0010_%281518083527%29.jpg?utm_source=commons.wikimedia.org&utm_campaign=imageinfo&utm_content=thumbnail
sleeping-men_273_File_Dulces_sue_os_Banqueta_de_Yucatan.jpg,Category:Sleeping men,File:Dulces sueños - Banqueta de Yucatan.jpg,Juan Komún,CC BY 2.0,https://commons.wikimedia.org/wiki/File%3ADulces_sue%C3%B1os_-_Banqueta_de_Yucatan.jpg,https://thumb.wikimedia.org/wikipedia/commons/thumb/e/e3/Dulces_sue%C3%B1os_-_Banqueta_de_Yucatan.jpg/960px-Dulces_sue%C3%B1os_-_Banqueta_de_Yucatan.jpg?utm_source=commons.wikimedia.org&utm_campaign=imageinfo&utm_content=thumbnail
sleeping-men_274_File_Durmiendo_en_la_playa_8115399709.jpg,Category:Sleeping men,File:Durmiendo en la playa (8115399709).jpg,"Juanedc from Zaragoza, España",CC BY 2.0,https://commons.wikimedia.org/wiki/File%3ADurmiendo_en_la_playa_%288115399709%29.jpg,https://thumb.wikimedia.org/wikipedia/commons/thumb/3/38/Durmiendo_en_la_playa_%288115399709%29.jpg/960px-Durmiendo_en_la_playa_%288115399709%29.jpg?utm_source=commons.wikimedia.org&utm_campaign=imageinfo&utm_content=thumbnail
sleeping-men_275_File_Durmiendo_en_la_playa_8306326515.jpg,Category:Sleeping men,File:Durmiendo en la playa (8306326515).jpg,"Juanedc from Zaragoza, España",CC BY 2.0,https://commons.wikimedia.org/wiki/File%3ADurmiendo_en_la_playa_%288306326515%29.jpg,https://thumb.wikimedia.org/wikipedia/commons/thumb/5/55/Durmiendo_en_la_playa_%288306326515%29.jpg/960px-Durmiendo_en_la_playa_%288306326515%29.jpg?utm_source=commons.wikimedia.org&utm_campaign=imageinfo&utm_content=thumbnail
sleeping-men_276_File_Durmiendo_en_la_playa_8307375936.jpg,Category:Sleeping men,File:Durmiendo en la playa (8307375936).jpg,"Juanedc from Zaragoza, España",CC BY 2.0,https://commons.wikimedia.org/wiki/File%3ADurmiendo_en_la_playa_%288307375936%29.jpg,https://thumb.wikimedia.org/wikipedia/commons/thumb/4/45/Durmiendo_en_la_playa_%288307375936%29.jpg/960px-Durmiendo_en_la_playa_%288307375936%29.jpg?utm_source=commons.wikimedia.org&utm_campaign=imageinfo&utm_content=thumbnail
sleeping-men_277_File_DWS_in_training_in_het_bosplan_na_de_conditie.jpg,Category:Sleeping men,"File:DWS in training, in het bosplan, na de conditietraining een half uur rust, links, Bestanddeelnr 918-0329.jpg",Joop van Bilsen for Anefo,CC0,https://commons.wikimedia.org/wiki/File%3ADWS_in_training%2C_in_het_bosplan%2C_na_de_conditietraining_een_half_uur_rust%2C_links%2C_Bestanddeelnr_918-0329.jpg,https://thumb.wikimedia.org/wikipedia/commons/thumb/c/c2/DWS_in_training%2C_in_het_bosplan%2C_na_de_conditietraining_een_half_uur_rust%2C_links%2C_Bestanddeelnr_918-0329.jpg/960px-DWS_in_training%2C_in_het_bosplan%2C_na_de_conditietraining_een_half_uur_rust%2C_links%2C_Bestanddeelnr_918-0329.jpg?utm_source=commons.wikimedia.org&utm_campaign=imageinfo&utm_content=thumbnail
sleeping-men_278_File_Een_wachter_bij_ziekentransport_slaapt_Bestan.jpg,Category:Sleeping men,"File:Een wachter bij ziekentransport slaapt, Bestanddeelnr 900-3408.jpg",Willem van de Poll / Anefo,CC0,https://commons.wikimedia.org/wiki/File%3AEen_wachter_bij_ziekentransport_slaapt%2C_Bestanddeelnr_900-3408.jpg,https://thumb.wikimedia.org/wikipedia/commons/thumb/1/11/Een_wachter_bij_ziekentransport_slaapt%2C_Bestanddeelnr_900-3408.jpg/960px-Een_wachter_bij_ziekentransport_slaapt%2C_Bestanddeelnr_900-3408.jpg?utm_source=commons.wikimedia.org&utm_campaign=imageinfo&utm_content=thumbnail
sleeping-men_279_File_Eiga_Hyoron_1966_July_2.jpg,Category:Sleeping men,File:Eiga-Hyoron-1966-July-2.jpg,映画評論社,Public domain,https://commons.wikimedia.org/wiki/File%3AEiga-Hyoron-1966-July-2.jpg,https://thumb.wikimedia.org/wikipedia/commons/thumb/e/ef/Eiga-Hyoron-1966-July-2.jpg/960px-Eiga-Hyoron-1966-July-2.jpg?utm_source=commons.wikimedia.org&utm_campaign=imageinfo&utm_content=thumbnail
sleeping-men_280_File_Emil_Mayer_013.jpg,Category:Sleeping men,File:Emil Mayer 013.jpg,Emil Mayer,Public domain,https://commons.wikimedia.org/wiki/File%3AEmil_Mayer_013.jpg,https://upload.wikimedia.org/wikipedia/commons/0/01/Emil_Mayer_013.jpg?utm_source=commons.wikimedia.org&utm_campaign=imageinfo&utm_content=thumbnail_unscaled
sleeping-men_281_File_Engine_check_Yak_52_3724088856.jpg,Category:Sleeping men,File:Engine check. Yak-52. (3724088856).jpg,Aleksandr Markin,CC BY-SA 2.0,https://commons.wikimedia.org/wiki/File%3AEngine_check._Yak-52._%283724088856%29.jpg,https://thumb.wikimedia.org/wikipedia/commons/thumb/3/38/Engine_check._Yak-52._%283724088856%29.jpg/960px-Engine_check._Yak-52._%283724088856%29.jpg?utm_source=commons.wikimedia.org&utm_campaign=imageinfo&utm_content=thumbnail
sleeping-men_282_File_Enjoy_the_silence_in_Gda_sk_2.jpg,Category:Sleeping men,File:Enjoy the silence (in Gdańsk) – 2.JPG,Artur Andrzej,CC BY-SA 3.0,https://commons.wikimedia.org/wiki/File%3AEnjoy_the_silence_%28in_Gda%C5%84sk%29_%E2%80%93_2.JPG,https://thumb.wikimedia.org/wikipedia/commons/thumb/f/fa/Enjoy_the_silence_%28in_Gda%C5%84sk%29_%E2%80%93_2.JPG/960px-Enjoy_the_silence_%28in_Gda%C5%84sk%29_%E2%80%93_2.JPG?utm_source=commons.wikimedia.org&utm_campaign=imageinfo&utm_content=thumbnail
sleeping-men_283_File_Enjoy_the_silence_in_Gda_sk_3.jpg,Category:Sleeping men,File:Enjoy the silence (in Gdańsk) – 3.JPG,Artur Andrzej,CC BY-SA 3.0,https://commons.wikimedia.org/wiki/File%3AEnjoy_the_silence_%28in_Gda%C5%84sk%29_%E2%80%93_3.JPG,https://thumb.wikimedia.org/wikipedia/commons/thumb/9/97/Enjoy_the_silence_%28in_Gda%C5%84sk%29_%E2%80%93_3.JPG/960px-Enjoy_the_silence_%28in_Gda%C5%84sk%29_%E2%80%93_3.JPG?utm_source=commons.wikimedia.org&utm_campaign=imageinfo&utm_content=thumbnail
sleeping-men_284_File_Enjoy_the_silence_in_Gda_sk_4.jpg,Category:Sleeping men,File:Enjoy the silence (in Gdańsk) – 4.JPG,Artur Andrzej,CC BY-SA 3.0,https://commons.wikimedia.org/wiki/File%3AEnjoy_the_silence_%28in_Gda%C5%84sk%29_%E2%80%93_4.JPG,https://thumb.wikimedia.org/wikipedia/commons/thumb/1/1f/Enjoy_the_silence_%28in_Gda%C5%84sk%29_%E2%80%93_4.JPG/960px-Enjoy_the_silence_%28in_Gda%C5%84sk%29_%E2%80%93_4.JPG?utm_source=commons.wikimedia.org&utm_campaign=imageinfo&utm_content=thumbnail
sleeping-men_285_File_Enjoy_the_silence_in_Gda_sk_5.jpg,Category:Sleeping men,File:Enjoy the silence (in Gdańsk) – 5.JPG,Artur Andrzej,CC BY-SA 3.0,https://commons.wikimedia.org/wiki/File%3AEnjoy_the_silence_%28in_Gda%C5%84sk%29_%E2%80%93_5.JPG,https://thumb.wikimedia.org/wikipedia/commons/thumb/6/68/Enjoy_the_silence_%28in_Gda%C5%84sk%29_%E2%80%93_5.JPG/960px-Enjoy_the_silence_%28in_Gda%C5%84sk%29_%E2%80%93_5.JPG?utm_source=commons.wikimedia.org&utm_campaign=imageinfo&utm_content=thumbnail
sleeping-men_286_File_Enjoy_the_silence_in_Gda_sk.jpg,Category:Sleeping men,File:Enjoy the silence (in Gdańsk).JPG,Artur Andrzej,CC0,https://commons.wikimedia.org/wiki/File%3AEnjoy_the_silence_%28in_Gda%C5%84sk%29.JPG,https://thumb.wikimedia.org/wikipedia/commons/thumb/9/9a/Enjoy_the_silence_%28in_Gda%C5%84sk%29.JPG/960px-Enjoy_the_silence_%28in_Gda%C5%84sk%29.JPG?utm_source=commons.wikimedia.org&utm_campaign=imageinfo&utm_content=thumbnail
sleeping-men_287_File_Even_at_work_someone_with_narcolepsy_falls_as.jpg,Category:Sleeping men,File:Even at work someone with narcolepsy falls asleep in the middle of a shift 2013-11-13 16-35.jpg,User:Jdebczak,CC BY-SA 3.0,https://commons.wikimedia.org/wiki/File%3AEven_at_work_someone_with_narcolepsy_falls_asleep_in_the_middle_of_a_shift_2013-11-13_16-35.jpg,https://thumb.wikimedia.org/wikipedia/commons/thumb/1/16/Even_at_work_someone_with_narcolepsy_falls_asleep_in_the_middle_of_a_shift_2013-11-13_16-35.jpg/960px-Even_at_work_someone_with_narcolepsy_falls_asleep_in_the_middle_of_a_shift_2013-11-13_16-35.jpg?utm_source=commons.wikimedia.org&utm_campaign=imageinfo&utm_content=thumbnail
sleeping-men_288_File_Exhausted_from_work_and_exhausted_from_readin.jpg,Category:Sleeping men,File:Exhausted from work and exhausted from reading.jpg,Segun Josef,CC BY-SA 4.0,https://commons.wikimedia.org/wiki/File%3AExhausted_from_work_and_exhausted_from_reading.jpg,https://thumb.wikimedia.org/wikipedia/commons/thumb/b/b4/Exhausted_from_work_and_exhausted_from_reading.jpg/960px-Exhausted_from_work_and_exhausted_from_reading.jpg?utm_source=commons.wikimedia.org&utm_campaign=imageinfo&utm_content=thumbnail
sleeping-men_289_File_Exhausted_Marine_in_Iraq.jpg,Category:Sleeping men,File:Exhausted Marine in Iraq.jpg,Shane T. McCoy,Public domain,https://commons.wikimedia.org/wiki/File%3AExhausted_Marine_in_Iraq.jpg,https://upload.wikimedia.org/wikipedia/commons/0/04/Exhausted_Marine_in_Iraq.jpg?utm_source=commons.wikimedia.org&utm_campaign=imageinfo&utm_content=thumbnail_unscaled
sleeping-men_290_File_Fat_Man_Sleeping_4887846284.jpg,Category:Sleeping men,File:Fat Man Sleeping 4887846284.jpg,CGP Grey,CC BY 2.0,https://commons.wikimedia.org/wiki/File%3AFat_Man_Sleeping_4887846284.jpg,https://thumb.wikimedia.org/wikipedia/commons/thumb/0/0b/Fat_Man_Sleeping_4887846284.jpg/960px-Fat_Man_Sleeping_4887846284.jpg?utm_source=commons.wikimedia.org&utm_campaign=imageinfo&utm_content=thumbnail
sleeping-men_291_File_Feature_Seen_in_the_Park_BAnQ_P48S1P10435.jpg,Category:Sleeping men,File:Feature. Seen in the Park BAnQ P48S1P10435.jpg,Conrad Poirier,Public domain,https://commons.wikimedia.org/wiki/File%3AFeature._Seen_in_the_Park_BAnQ_P48S1P10435.jpg,https://upload.wikimedia.org/wikipedia/commons/8/84/Feature._Seen_in_the_Park_BAnQ_P48S1P10435.jpg?utm_source=commons.wikimedia.org&utm_campaign=imageinfo&utm_content=thumbnail_unscaled
sleeping-men_292_File_Filoso.jpg,Category:Sleeping men,File:Filoso.jpg,Bjørn som tegner,CC BY-SA 3.0,https://commons.wikimedia.org/wiki/File%3AFiloso.jpg,https://upload.wikimedia.org/wikipedia/commons/7/7d/Filoso.jpg?utm_source=commons.wikimedia.org&utm_campaign=imageinfo&utm_content=thumbnail_unscaled
sleeping-men_293_File_FINALLY.jpg,Category:Sleeping men,File:FINALLY.jpg,Bobby Siregar,CC BY-SA 4.0,https://commons.wikimedia.org/wiki/File%3AFINALLY.jpg,https://thumb.wikimedia.org/wikipedia/commons/thumb/f/f2/FINALLY.jpg/960px-FINALLY.jpg?utm_source=commons.wikimedia.org&utm_campaign=imageinfo&utm_content=thumbnail
sleeping-men_294_File_FM_2019_1_5_9_71_Niggl_Radloff_B_Andre_Mauroi.jpg,Category:Sleeping men,File:FM-2019-1-5-9-71--Niggl-Radloff-B-Andre-Maurois-ONLINE.jpg,Barbara Niggl Radloff,CC BY-SA 4.0,https://commons.wikimedia.org/wiki/File%3AFM-2019-1-5-9-71--Niggl-Radloff-B-Andre-Maurois-ONLINE.jpg,https://thumb.wikimedia.org/wikipedia/commons/thumb/d/dc/FM-2019-1-5-9-71--Niggl-Radloff-B-Andre-Maurois-ONLINE.jpg/960px-FM-2019-1-5-9-71--Niggl-Radloff-B-Andre-Maurois-ONLINE.jpg?utm_source=commons.wikimedia.org&utm_campaign=imageinfo&utm_content=thumbnail
sleeping-men_295_File_Forest_fire_1950_JOKAMT2On38_9.jpg,Category:Sleeping men,File:Forest fire 1950 (JOKAMT2On38-9).tif,Erkki Voutilainen,CC BY 4.0,https://commons.wikimedia.org/wiki/File%3AForest_fire_1950_%28JOKAMT2On38-9%29.tif,https://thumb.wikimedia.org/wikipedia/commons/thumb/1/1a/Forest_fire_1950_%28JOKAMT2On38-9%29.tif/lossy-page1-960px-Forest_fire_1950_%28JOKAMT2On38-9%29.tif.jpg?utm_source=commons.wikimedia.org&utm_campaign=imageinfo&utm_content=thumbnail
sleeping-men_296_File_Travelling_sleeping_Fortepan_10374.jpg,Category:Sleeping men,"File:Travelling, sleeping Fortepan 10374.jpg",FOTO:Fortepan — ID 10374: Adományozó/Donor: Saly Noémi.,CC BY-SA 3.0,https://commons.wikimedia.org/wiki/File%3ATravelling%2C_sleeping_Fortepan_10374.jpg,https://thumb.wikimedia.org/wikipedia/commons/thumb/9/92/Travelling%2C_sleeping_Fortepan_10374.jpg/960px-Travelling%2C_sleeping_Fortepan_10374.jpg?utm_source=commons.wikimedia.org&utm_campaign=imageinfo&utm_content=thumbnail
sleeping-men_297_File_Louvre_Fortepan_87513.jpg,Category:Sleeping men,File:Louvre. Fortepan 87513.jpg,FOTO:Fortepan — ID 87513: Adományozó/Donor: Urbán Tamás. archive copy at the Wayback Machine,CC BY-SA 3.0,https://commons.wikimedia.org/wiki/File%3ALouvre._Fortepan_87513.jpg,https://thumb.wikimedia.org/wikipedia/commons/thumb/4/44/Louvre._Fortepan_87513.jpg/960px-Louvre._Fortepan_87513.jpg?utm_source=commons.wikimedia.org&utm_campaign=imageinfo&utm_content=thumbnail
sleeping-men_298_File_Sleeping_wellingtons_hat_homeless_Fortepan_88.jpg,Category:Sleeping men,"File:Sleeping, wellingtons, hat, homeless Fortepan 88200.jpg",FOTO:Fortepan — ID 88200: Adományozó/Donor: Urbán Tamás.,CC BY-SA 3.0,https://commons.wikimedia.org/wiki/File%3ASleeping%2C_wellingtons%2C_hat%2C_homeless_Fortepan_88200.jpg,https://thumb.wikimedia.org/wikipedia/commons/thumb/f/fa/Sleeping%2C_wellingtons%2C_hat%2C_homeless_Fortepan_88200.jpg/960px-Sleeping%2C_wellingtons%2C_hat%2C_homeless_Fortepan_88200.jpg?utm_source=commons.wikimedia.org&utm_campaign=imageinfo&utm_content=thumbnail
sleeping-men_299_File_1979_Fortepan_89242.jpg,Category:Sleeping men,File:1979 Fortepan 89242.jpg,FOTO:Fortepan — ID 89242: Adományozó/Donor: Urbán Tamás.,CC BY-SA 3.0,https://commons.wikimedia.org/wiki/File%3A1979_Fortepan_89242.jpg,https://thumb.wikimedia.org/wikipedia/commons/thumb/2/22/1979_Fortepan_89242.jpg/960px-1979_Fortepan_89242.jpg?utm_source=commons.wikimedia.org&utm_campaign=imageinfo&utm_content=thumbnail
sleeping-men_300_File_Fotothek_df_ps_0000252_Bauarbeiter_ruht_in_de.jpg,Category:Sleeping men,File:Fotothek df ps 0000252 Bauarbeiter ruht in der Arbeitspause neben Schaufel und S.jpg,Richard Peter,CC BY-SA 3.0 de,https://commons.wikimedia.org/wiki/File%3AFotothek_df_ps_0000252_Bauarbeiter_ruht_in_der_Arbeitspause_neben_Schaufel_und_S.jpg,https://upload.wikimedia.org/wikipedia/commons/c/cf/Fotothek_df_ps_0000252_Bauarbeiter_ruht_in_der_Arbeitspause_neben_Schaufel_und_S.jpg?utm_source=commons.wikimedia.org&utm_campaign=imageinfo&utm_content=thumbnail_unscaled
sleeping-men_301_File_Fotothek_df_ps_0000368_Bildnisse_Portr_ts_M_n.jpg,Category:Sleeping men,File:Fotothek df ps 0000368 Bildnisse - Porträts ^ Männerbildnisse - Männerporträts ^.jpg,Richard Peter,CC BY-SA 3.0 de,https://commons.wikimedia.org/wiki/File%3AFotothek_df_ps_0000368_Bildnisse_-_Portr%C3%A4ts_%5E_M%C3%A4nnerbildnisse_-_M%C3%A4nnerportr%C3%A4ts_%5E.jpg,https://upload.wikimedia.org/wikipedia/commons/8/89/Fotothek_df_ps_0000368_Bildnisse_-_Portr%C3%A4ts_%5E_M%C3%A4nnerbildnisse_-_M%C3%A4nnerportr%C3%A4ts_%5E.jpg?utm_source=commons.wikimedia.org&utm_campaign=imageinfo&utm_content=thumbnail_unscaled
sleeping-men_302_File_Fotothek_df_roe_neg_0002041_003_Schlafender_M.jpg,Category:Sleeping men,File:Fotothek df roe-neg 0002041 003 Schlafender Mann auf der Parkbank.jpg,Roger Rössing / Renate Rössing,CC BY-SA 3.0 de,https://commons.wikimedia.org/wiki/File%3AFotothek_df_roe-neg_0002041_003_Schlafender_Mann_auf_der_Parkbank.jpg,https://upload.wikimedia.org/wikipedia/commons/0/06/Fotothek_df_roe-neg_0002041_003_Schlafender_Mann_auf_der_Parkbank.jpg?utm_source=commons.wikimedia.org&utm_campaign=imageinfo&utm_content=thumbnail_unscaled
sleeping-men_303_File_Fotothek_df_roe_neg_0002041_004_Schlafender_M.jpg,Category:Sleeping men,File:Fotothek df roe-neg 0002041 004 Schlafender Mann auf einer Parkbank.jpg,Roger Rössing / Renate Rössing,CC BY-SA 3.0 de,https://commons.wikimedia.org/wiki/File%3AFotothek_df_roe-neg_0002041_004_Schlafender_Mann_auf_einer_Parkbank.jpg,https://upload.wikimedia.org/wikipedia/commons/c/c9/Fotothek_df_roe-neg_0002041_004_Schlafender_Mann_auf_einer_Parkbank.jpg?utm_source=commons.wikimedia.org&utm_campaign=imageinfo&utm_content=thumbnail_unscaled
sleeping-men_304_File_Gaupasa_sanferminak_0001.jpg,Category:Sleeping men,File:Gaupasa-sanferminak 0001.jpg,Viajar24h.com,CC BY 2.0,https://commons.wikimedia.org/wiki/File%3AGaupasa-sanferminak_0001.jpg,https://thumb.wikimedia.org/wikipedia/commons/thumb/8/8c/Gaupasa-sanferminak_0001.jpg/960px-Gaupasa-sanferminak_0001.jpg?utm_source=commons.wikimedia.org&utm_campaign=imageinfo&utm_content=thumbnail
sleeping-men_305_File_GD_Guangdong_Zhongshan_XiQu_District_Fuhua_Ro.jpg,Category:Sleeping men,File:GD 廣東 Guangdong 中山 Zhongshan 西區 XiQu District 富華路 Fuhua Road 行人隧道 pedestrian tunnel motorbike rider sleeping August 2024 R12S.jpg,Hashiuwe Tadoum,CC0,https://commons.wikimedia.org/wiki/File%3AGD_%E5%BB%A3%E6%9D%B1_Guangdong_%E4%B8%AD%E5%B1%B1_Zhongshan_%E8%A5%BF%E5%8D%80_XiQu_District_%E5%AF%8C%E8%8F%AF%E8%B7%AF_Fuhua_Road_%E8%A1%8C%E4%BA%BA%E9%9A%A7%E9%81%93_pedestrian_tunnel_motorbike_rider_sleeping_August_2024_R12S.jpg,https://thumb.wikimedia.org/wikipedia/commons/thumb/b/b9/GD_%E5%BB%A3%E6%9D%B1_Guangdong_%E4%B8%AD%E5%B1%B1_Zhongshan_%E8%A5%BF%E5%8D%80_XiQu_District_%E5%AF%8C%E8%8F%AF%E8%B7%AF_Fuhua_Road_%E8%A1%8C%E4%BA%BA%E9%9A%A7%E9%81%93_pedestrian_tunnel_motorbike_rider_sleeping_August_2024_R12S.jpg/960px-GD_%E5%BB%A3%E6%9D%B1_Guangdong_%E4%B8%AD%E5%B1%B1_Zhongshan_%E8%A5%BF%E5%8D%80_XiQu_District_%E5%AF%8C%E8%8F%AF%E8%B7%AF_Fuhua_Road_%E8%A1%8C%E4%BA%BA%E9%9A%A7%E9%81%93_pedestrian_tunnel_motorbike_rider_sleeping_August_2024_R12S.jpg?utm_source=commons.wikimedia.org&utm_campaign=imageinfo&utm_content=thumbnail
sleeping-men_306_File_Gerardo_Bloomerfield.jpg,Category:Sleeping men,File:Gerardo Bloomerfield.png,Gerardo Bloomerfield,CC0,https://commons.wikimedia.org/wiki/File%3AGerardo_Bloomerfield.png,https://upload.wikimedia.org/wikipedia/commons/d/d3/Gerardo_Bloomerfield.png?utm_source=commons.wikimedia.org&utm_campaign=imageinfo&utm_content=thumbnail_unscaled
sleeping-men_307_File_Germany_Under_Allied_Occupation_BU10917.jpg,Category:Sleeping men,File:Germany Under Allied Occupation BU10917.jpg,"Smith (Sergeant), No 5 Army Film &amp; Photographic Unit",Public domain,https://commons.wikimedia.org/wiki/File%3AGermany_Under_Allied_Occupation_BU10917.jpg,https://upload.wikimedia.org/wikipedia/commons/a/a8/Germany_Under_Allied_Occupation_BU10917.jpg?utm_source=commons.wikimedia.org&utm_campaign=imageinfo&utm_content=thumbnail_unscaled
sleeping-men_308_File_Glastonbury_festival_geograph_org_uk_938324.jpg,Category:Sleeping men,File:Glastonbury festival - geograph.org.uk - 938324.jpg,merlin Astley-Jones,CC BY-SA 2.0,https://commons.wikimedia.org/wiki/File%3AGlastonbury_festival_-_geograph.org.uk_-_938324.jpg,https://upload.wikimedia.org/wikipedia/commons/f/f4/Glastonbury_festival_-_geograph.org.uk_-_938324.jpg?utm_source=commons.wikimedia.org&utm_campaign=imageinfo&utm_content=thumbnail_unscaled
sleeping-men_309_File_Golan_Heights_997009452431605171.jpg,Category:Sleeping men,File:Golan Heights (997009452431605171.jpg,Boris Carmi,CC BY 4.0,https://commons.wikimedia.org/wiki/File%3AGolan_Heights_%28997009452431605171.jpg,https://thumb.wikimedia.org/wikipedia/commons/thumb/6/6d/Golan_Heights_%28997009452431605171.jpg/960px-Golan_Heights_%28997009452431605171.jpg?utm_source=commons.wikimedia.org&utm_campaign=imageinfo&utm_content=thumbnail
sleeping-men_310_File_Gorila_dormil_n_8181919137.jpg,Category:Sleeping men,File:Gorila dormilón (8181919137).jpg,"Juanedc from Zaragoza, España",CC BY 2.0,https://commons.wikimedia.org/wiki/File%3AGorila_dormil%C3%B3n_%288181919137%29.jpg,https://thumb.wikimedia.org/wikipedia/commons/thumb/d/d3/Gorila_dormil%C3%B3n_%288181919137%29.jpg/960px-Gorila_dormil%C3%B3n_%288181919137%29.jpg?utm_source=commons.wikimedia.org&utm_campaign=imageinfo&utm_content=thumbnail
sleeping-men_311_File_Hammock_nap_on_patio.jpg,Category:Sleeping men,File:Hammock nap on patio.jpg,"Michael Nutt from New York, US",CC BY-SA 2.0,https://commons.wikimedia.org/wiki/File%3AHammock_nap_on_patio.jpg,https://thumb.wikimedia.org/wikipedia/commons/thumb/9/90/Hammock_nap_on_patio.jpg/960px-Hammock_nap_on_patio.jpg?utm_source=commons.wikimedia.org&utm_campaign=imageinfo&utm_content=thumbnail
sleeping-children_312_File_0202_Cia_de_Foto.jpg,Category:Sleeping children,File:0202 Cia de Foto.jpg,CIA DE FOTO,CC BY 2.0,https://commons.wikimedia.org/wiki/File%3A0202_Cia_de_Foto.jpg,https://thumb.wikimedia.org/wikipedia/commons/thumb/6/66/0202_Cia_de_Foto.jpg/960px-0202_Cia_de_Foto.jpg?utm_source=commons.wikimedia.org&utm_campaign=imageinfo&utm_content=thumbnail
sleeping-children_313_File_P102914PS_0759_16600669450.jpg,Category:Sleeping children,File:P102914PS-0759 (16600669450).jpg,"The White House from Washington, DC",Public domain,https://commons.wikimedia.org/wiki/File%3AP102914PS-0759_%2816600669450%29.jpg,https://thumb.wikimedia.org/wikipedia/commons/thumb/e/ef/P102914PS-0759_%2816600669450%29.jpg/960px-P102914PS-0759_%2816600669450%29.jpg?utm_source=commons.wikimedia.org&utm_campaign=imageinfo&utm_content=thumbnail
sleeping-children_314_File_A_child_sleeping.jpg,Category:Sleeping children,File:A child sleeping.jpg,Alessandro Zangrilli,Public domain,https://commons.wikimedia.org/wiki/File%3AA_child_sleeping.jpg,https://thumb.wikimedia.org/wikipedia/commons/thumb/3/3a/A_child_sleeping.jpg/960px-A_child_sleeping.jpg?utm_source=commons.wikimedia.org&utm_campaign=imageinfo&utm_content=thumbnail
sleeping-children_315_File_A_young_tired_school_girl_takes_a_nap_while_h.jpg,Category:Sleeping children,File:A young tired school girl takes a nap while hawking pepper.jpg,OmololaRuqayyah,CC BY-SA 4.0,https://commons.wikimedia.org/wiki/File%3AA_young_tired_school_girl_takes_a_nap_while_hawking_pepper.jpg,https://upload.wikimedia.org/wikipedia/commons/c/ca/A_young_tired_school_girl_takes_a_nap_while_hawking_pepper.jpg?utm_source=commons.wikimedia.org&utm_campaign=imageinfo&utm_content=thumbnail_unscaled
sleeping-children_316_File_Ametsak.jpg,Category:Sleeping children,File:Ametsak.jpg,Aroalizarzaburu,CC0,https://commons.wikimedia.org/wiki/File%3AAmetsak.jpg,https://upload.wikimedia.org/wikipedia/commons/1/13/Ametsak.jpg?utm_source=commons.wikimedia.org&utm_campaign=imageinfo&utm_content=thumbnail_unscaled
sleeping-children_317_File_Bala_y_su_transporte_1_3729088073.jpg,Category:Sleeping children,File:Bala y su transporte 1 (3729088073).jpg,"Carlos Adampol Galindo from DF, México",CC BY-SA 2.0,https://commons.wikimedia.org/wiki/File%3ABala_y_su_transporte_1_%283729088073%29.jpg,https://thumb.wikimedia.org/wikipedia/commons/thumb/e/ef/Bala_y_su_transporte_1_%283729088073%29.jpg/960px-Bala_y_su_transporte_1_%283729088073%29.jpg?utm_source=commons.wikimedia.org&utm_campaign=imageinfo&utm_content=thumbnail
sleeping-children_318_File_Bundesarchiv_Bild_183_K0710_0001_011_Mittenwa.jpg,Category:Sleeping children,"File:Bundesarchiv Bild 183-K0710-0001-011, Mittenwalde, Mittagsruhe im Kindergarten.jpg",Hartmut Reiche,CC BY-SA 3.0 de,https://commons.wikimedia.org/wiki/File%3ABundesarchiv_Bild_183-K0710-0001-011%2C_Mittenwalde%2C_Mittagsruhe_im_Kindergarten.jpg,https://upload.wikimedia.org/wikipedia/commons/6/63/Bundesarchiv_Bild_183-K0710-0001-011%2C_Mittenwalde%2C_Mittagsruhe_im_Kindergarten.jpg?utm_source=commons.wikimedia.org&utm_campaign=imageinfo&utm_content=thumbnail_unscaled
sleeping-children_319_File_Children_asleep_on_bed_during_square_dance_Mc.jpg,Category:Sleeping children,"File:Children asleep on bed during square dance, McIntosh County, Okla. LCCN2017877674.jpg","Lee, Russell, 1903-1986, photographer",Public domain,https://commons.wikimedia.org/wiki/File%3AChildren_asleep_on_bed_during_square_dance%2C_McIntosh_County%2C_Okla._LCCN2017877674.jpg,https://thumb.wikimedia.org/wikipedia/commons/thumb/2/23/Children_asleep_on_bed_during_square_dance%2C_McIntosh_County%2C_Okla._LCCN2017877674.jpg/960px-Children_asleep_on_bed_during_square_dance%2C_McIntosh_County%2C_Okla._LCCN2017877674.jpg?utm_source=commons.wikimedia.org&utm_campaign=imageinfo&utm_content=thumbnail
sleeping-children_320_File_Children_asleep_on_bed_during_square_dance_Mc.jpg,Category:Sleeping children,"File:Children asleep on bed during square dance. McIntosh County, Oklahoma, 1939 or 1940.jpg",Russell Lee,Public domain,https://commons.wikimedia.org/wiki/File%3AChildren_asleep_on_bed_during_square_dance._McIntosh_County%2C_Oklahoma%2C_1939_or_1940.jpg,https://upload.wikimedia.org/wikipedia/commons/b/b0/Children_asleep_on_bed_during_square_dance._McIntosh_County%2C_Oklahoma%2C_1939_or_1940.jpg?utm_source=commons.wikimedia.org&utm_campaign=imageinfo&utm_content=thumbnail_unscaled
sleeping-children_321_File_Children_asleep_on_bed_during_square_dance1a3.jpg,Category:Sleeping children,File:Children asleep on bed during square dance1a34095v.jpg,Russell Lee,Public domain,https://commons.wikimedia.org/wiki/File%3AChildren_asleep_on_bed_during_square_dance1a34095v.jpg,https://upload.wikimedia.org/wikipedia/commons/e/e8/Children_asleep_on_bed_during_square_dance1a34095v.jpg?utm_source=commons.wikimedia.org&utm_campaign=imageinfo&utm_content=thumbnail_unscaled
sleeping-children_322_File_Children_at_a_sleepover.jpg,Category:Sleeping children,File:Children at a sleepover.png,User:Hmwith,Public domain,https://commons.wikimedia.org/wiki/File%3AChildren_at_a_sleepover.png,https://upload.wikimedia.org/wikipedia/commons/1/17/Children_at_a_sleepover.png?utm_source=commons.wikimedia.org&utm_campaign=imageinfo&utm_content=thumbnail_unscaled
sleeping-children_323_File_CHILDREN_SLEEPING_IN_ONE_OF_THE_CHAIR_CARS_ON.jpg,Category:Sleeping children,"File:CHILDREN SLEEPING IN ONE OF THE CHAIR CARS ON THE SOUTHWEST LIMITED, AN OVERNIGHT TRAIN FROM LOS ANGELES, CALIFORNIA... - NARA - 555970.jpg",Charles O'Rear,Public domain,https://commons.wikimedia.org/wiki/File%3ACHILDREN_SLEEPING_IN_ONE_OF_THE_CHAIR_CARS_ON_THE_SOUTHWEST_LIMITED%2C_AN_OVERNIGHT_TRAIN_FROM_LOS_ANGELES%2C_CALIFORNIA..._-_NARA_-_555970.jpg,https://thumb.wikimedia.org/wikipedia/commons/thumb/4/4a/CHILDREN_SLEEPING_IN_ONE_OF_THE_CHAIR_CARS_ON_THE_SOUTHWEST_LIMITED%2C_AN_OVERNIGHT_TRAIN_FROM_LOS_ANGELES%2C_CALIFORNIA..._-_NARA_-_555970.jpg/960px-CHILDREN_SLEEPING_IN_ONE_OF_THE_CHAIR_CARS_ON_THE_SOUTHWEST_LIMITED%2C_AN_OVERNIGHT_TRAIN_FROM_LOS_ANGELES%2C_CALIFORNIA..._-_NARA_-_555970.jpg?utm_source=commons.wikimedia.org&utm_campaign=imageinfo&utm_content=thumbnail
sleeping-children_324_File_CHILDREN_SLEEPING_IN_ONE_OF_THE_CHAIR_CARS_ON.jpg,Category:Sleeping children,"File:CHILDREN SLEEPING IN ONE OF THE CHAIR CARS ON THE SOUTHWEST LIMITED, AN OVERNIGHT TRAIN FROM LOS ANGELES, CALIFORNIA... - NARA - 555970.tif",Charles O'Rear,Public domain,https://commons.wikimedia.org/wiki/File%3ACHILDREN_SLEEPING_IN_ONE_OF_THE_CHAIR_CARS_ON_THE_SOUTHWEST_LIMITED%2C_AN_OVERNIGHT_TRAIN_FROM_LOS_ANGELES%2C_CALIFORNIA..._-_NARA_-_555970.tif,https://thumb.wikimedia.org/wikipedia/commons/thumb/e/eb/CHILDREN_SLEEPING_IN_ONE_OF_THE_CHAIR_CARS_ON_THE_SOUTHWEST_LIMITED%2C_AN_OVERNIGHT_TRAIN_FROM_LOS_ANGELES%2C_CALIFORNIA..._-_NARA_-_555970.tif/lossy-page1-960px-CHILDREN_SLEEPING_IN_ONE_OF_THE_CHAIR_CARS_ON_THE_SOUTHWEST_LIMITED%2C_AN_OVERNIGHT_TRAIN_FROM_LOS_ANGELES%2C_CALIFORNIA..._-_NARA_-_555970.tif.jpg?utm_source=commons.wikimedia.org&utm_campaign=imageinfo&utm_content=thumbnail
sleeping-children_325_File_Children_sleeping_in_the_schools_in_Cuba.jpg,Category:Sleeping children,File:Children sleeping in the schools in Cuba.jpg,Abdeaitali,CC BY-SA 4.0,https://commons.wikimedia.org/wiki/File%3AChildren_sleeping_in_the_schools_in_Cuba.jpg,https://upload.wikimedia.org/wikipedia/commons/3/3c/Children_sleeping_in_the_schools_in_Cuba.jpg?utm_source=commons.wikimedia.org&utm_campaign=imageinfo&utm_content=thumbnail_unscaled
sleeping-children_326_File_Co_tch_s_betchfess_s.jpg,Category:Sleeping children,File:Coûtchîs betchfessîs.jpg,Lucyin,CC BY-SA 3.0,https://commons.wikimedia.org/wiki/File%3ACo%C3%BBtch%C3%AEs_betchfess%C3%AEs.jpg,https://upload.wikimedia.org/wikipedia/commons/a/af/Co%C3%BBtch%C3%AEs_betchfess%C3%AEs.jpg?utm_source=commons.wikimedia.org&utm_campaign=imageinfo&utm_content=thumbnail_unscaled
sleeping-children_327_File_Did_any_of_them_get_away_stereogram.jpg,Category:Sleeping children,File:Did any of them get away? (stereogram).jpg,Benjamin W. Kilburn,Public domain,https://commons.wikimedia.org/wiki/File%3ADid_any_of_them_get_away%3F_%28stereogram%29.jpg,https://thumb.wikimedia.org/wikipedia/commons/thumb/6/69/Did_any_of_them_get_away%3F_%28stereogram%29.jpg/960px-Did_any_of_them_get_away%3F_%28stereogram%29.jpg?utm_source=commons.wikimedia.org&utm_campaign=imageinfo&utm_content=thumbnail
sleeping-children_328_File_Enfant_couch_la_carri_re.jpg,Category:Sleeping children,File:Enfant couché à la carrière.jpg,TheSenoufo-G,CC BY-SA 4.0,https://commons.wikimedia.org/wiki/File%3AEnfant_couch%C3%A9_%C3%A0_la_carri%C3%A8re.jpg,https://thumb.wikimedia.org/wikipedia/commons/thumb/1/15/Enfant_couch%C3%A9_%C3%A0_la_carri%C3%A8re.jpg/960px-Enfant_couch%C3%A9_%C3%A0_la_carri%C3%A8re.jpg?utm_source=commons.wikimedia.org&utm_campaign=imageinfo&utm_content=thumbnail
sleeping-children_329_File_Evacuation_at_Hamid_Karzai_International_Airp.jpg,Category:Sleeping children,File:Evacuation at Hamid Karzai International Airport 2.jpg,"1st Lt. Mark Lawson, 6th Airlift Squadron/U.S. Central Command Public Affairs",Public domain,https://commons.wikimedia.org/wiki/File%3AEvacuation_at_Hamid_Karzai_International_Airport_2.jpg,https://thumb.wikimedia.org/wikipedia/commons/thumb/1/14/Evacuation_at_Hamid_Karzai_International_Airport_2.jpg/960px-Evacuation_at_Hamid_Karzai_International_Airport_2.jpg?utm_source=commons.wikimedia.org&utm_campaign=imageinfo&utm_content=thumbnail
sleeping-children_330_File_Family_Love.jpg,Category:Sleeping children,File:Family Love.jpg,Doug youvan,Public domain,https://commons.wikimedia.org/wiki/File%3AFamily_Love.jpg,https://thumb.wikimedia.org/wikipedia/commons/thumb/e/ea/Family_Love.jpg/960px-Family_Love.jpg?utm_source=commons.wikimedia.org&utm_campaign=imageinfo&utm_content=thumbnail
sleeping-children_331_File_Kid_teddy_bear_hobby_horse_bed_Fortepan_14743.jpg,Category:Sleeping children,"File:Kid, teddy bear, hobby horse, bed Fortepan 14743.jpg",FOTO:Fortepan — ID 14743: Adományozó/Donor: Fortepan/Album002. archive copy at the Wayback Machine,CC BY-SA 3.0,https://commons.wikimedia.org/wiki/File%3AKid%2C_teddy_bear%2C_hobby_horse%2C_bed_Fortepan_14743.jpg,https://thumb.wikimedia.org/wikipedia/commons/thumb/9/94/Kid%2C_teddy_bear%2C_hobby_horse%2C_bed_Fortepan_14743.jpg/960px-Kid%2C_teddy_bear%2C_hobby_horse%2C_bed_Fortepan_14743.jpg?utm_source=commons.wikimedia.org&utm_campaign=imageinfo&utm_content=thumbnail
sleeping-children_332_File_Fotothek_df_roe_neg_0006708_026_Kinderkrippen.jpg,Category:Sleeping children,File:Fotothek df roe-neg 0006708 026 Kinderkrippenkinder beim Schlaf in Gitterbetten.jpg,Roger Rössing / Renate Rössing,CC BY-SA 3.0 de,https://commons.wikimedia.org/wiki/File%3AFotothek_df_roe-neg_0006708_026_Kinderkrippenkinder_beim_Schlaf_in_Gitterbetten.jpg,https://upload.wikimedia.org/wikipedia/commons/a/ad/Fotothek_df_roe-neg_0006708_026_Kinderkrippenkinder_beim_Schlaf_in_Gitterbetten.jpg?utm_source=commons.wikimedia.org&utm_campaign=imageinfo&utm_content=thumbnail_unscaled
sleeping-children_333_File_Fotothek_df_roe_neg_0006708_027_Kinderkrippen.jpg,Category:Sleeping children,File:Fotothek df roe-neg 0006708 027 Kinderkrippenkinder beim Schlaf in Gitterbetten.jpg,Roger Rössing / Renate Rössing,CC BY-SA 3.0 de,https://commons.wikimedia.org/wiki/File%3AFotothek_df_roe-neg_0006708_027_Kinderkrippenkinder_beim_Schlaf_in_Gitterbetten.jpg,https://upload.wikimedia.org/wikipedia/commons/a/ab/Fotothek_df_roe-neg_0006708_027_Kinderkrippenkinder_beim_Schlaf_in_Gitterbetten.jpg?utm_source=commons.wikimedia.org&utm_campaign=imageinfo&utm_content=thumbnail_unscaled
sleeping-children_334_File_Imam_Reza_shrine_Shabaniyah_celebrations_19_A.jpg,Category:Sleeping children,"File:Imam Reza shrine, Shabaniyah celebrations - 19 April 2018 18.jpg",Iman Jannati,CC BY 4.0,https://commons.wikimedia.org/wiki/File%3AImam_Reza_shrine%2C_Shabaniyah_celebrations_-_19_April_2018_18.jpg,https://thumb.wikimedia.org/wikipedia/commons/thumb/2/24/Imam_Reza_shrine%2C_Shabaniyah_celebrations_-_19_April_2018_18.jpg/960px-Imam_Reza_shrine%2C_Shabaniyah_celebrations_-_19_April_2018_18.jpg?utm_source=commons.wikimedia.org&utm_campaign=imageinfo&utm_content=thumbnail
sleeping-children_335_File_K_1712_12_Seminaarin_naisoppilaita_retkell_Tu.jpg,Category:Sleeping children,"File:K-1712-12- Seminaarin naisoppilaita retkellä Turussa, 1917 - 1922.jpg",,CC BY 4.0,https://commons.wikimedia.org/wiki/File%3AK-1712-12-_Seminaarin_naisoppilaita_retkell%C3%A4_Turussa%2C_1917_-_1922.jpg,https://thumb.wikimedia.org/wikipedia/commons/thumb/9/98/K-1712-12-_Seminaarin_naisoppilaita_retkell%C3%A4_Turussa%2C_1917_-_1922.jpg/960px-K-1712-12-_Seminaarin_naisoppilaita_retkell%C3%A4_Turussa%2C_1917_-_1922.jpg?utm_source=commons.wikimedia.org&utm_campaign=imageinfo&utm_content=thumbnail
sleeping-children_336_File_Kids_sleeping.jpg,Category:Sleeping children,File:Kids sleeping.jpg,Nelly,CC BY-SA 4.0,https://commons.wikimedia.org/wiki/File%3AKids_sleeping.jpg,https://thumb.wikimedia.org/wikipedia/commons/thumb/d/d1/Kids_sleeping.jpg/960px-Kids_sleeping.jpg?utm_source=commons.wikimedia.org&utm_campaign=imageinfo&utm_content=thumbnail
sleeping-children_337_File_Kindergarten_Japan_1932.jpg,Category:Sleeping children,File:Kindergarten Japan 1932.jpg,Asahi Shimbun,Public domain,https://commons.wikimedia.org/wiki/File%3AKindergarten_Japan_1932.jpg,https://thumb.wikimedia.org/wikipedia/commons/thumb/e/ec/Kindergarten_Japan_1932.jpg/960px-Kindergarten_Japan_1932.jpg?utm_source=commons.wikimedia.org&utm_campaign=imageinfo&utm_content=thumbnail
sleeping-children_338_File_Kleuters_liggen_onder_een_deken_op_veldbedjes.jpg,Category:Sleeping children,"File:Kleuters liggen onder een deken op veldbedjes, Bestanddeelnr 252-9108.jpg",Willem van de Poll,CC0,https://commons.wikimedia.org/wiki/File%3AKleuters_liggen_onder_een_deken_op_veldbedjes%2C_Bestanddeelnr_252-9108.jpg,https://thumb.wikimedia.org/wikipedia/commons/thumb/0/08/Kleuters_liggen_onder_een_deken_op_veldbedjes%2C_Bestanddeelnr_252-9108.jpg/960px-Kleuters_liggen_onder_een_deken_op_veldbedjes%2C_Bestanddeelnr_252-9108.jpg?utm_source=commons.wikimedia.org&utm_campaign=imageinfo&utm_content=thumbnail
sleeping-children_339_File_Kleuters_liggen_onder_een_deken_op_veldbedjes.jpg,Category:Sleeping children,"File:Kleuters liggen onder een deken op veldbedjes, Bestanddeelnr 252-9109.jpg",Willem van de Poll,CC0,https://commons.wikimedia.org/wiki/File%3AKleuters_liggen_onder_een_deken_op_veldbedjes%2C_Bestanddeelnr_252-9109.jpg,https://thumb.wikimedia.org/wikipedia/commons/thumb/9/93/Kleuters_liggen_onder_een_deken_op_veldbedjes%2C_Bestanddeelnr_252-9109.jpg/960px-Kleuters_liggen_onder_een_deken_op_veldbedjes%2C_Bestanddeelnr_252-9109.jpg?utm_source=commons.wikimedia.org&utm_campaign=imageinfo&utm_content=thumbnail
sleeping-children_340_File_Kotikallio_nursery_1940_4155C_JOKAHBL3C_A05_2.jpg,Category:Sleeping children,File:Kotikallio nursery 1940 (4155C; JOKAHBL3C A05-2).tif,Hugo Sundström,CC BY 4.0,https://commons.wikimedia.org/wiki/File%3AKotikallio_nursery_1940_%284155C%3B_JOKAHBL3C_A05-2%29.tif,https://thumb.wikimedia.org/wikipedia/commons/thumb/5/5a/Kotikallio_nursery_1940_%284155C%3B_JOKAHBL3C_A05-2%29.tif/lossy-page1-960px-Kotikallio_nursery_1940_%284155C%3B_JOKAHBL3C_A05-2%29.tif.jpg?utm_source=commons.wikimedia.org&utm_campaign=imageinfo&utm_content=thumbnail
sleeping-children_341_File_Man_er_faldet_i_s_vn_i_sin_hule_7014226587.jpg,Category:Sleeping children,File:Man er faldet i søvn i sin hule... (7014226587).jpg,Ole Palnatoke Andersen,CC BY-SA 2.0,https://commons.wikimedia.org/wiki/File%3AMan_er_faldet_i_s%C3%B8vn_i_sin_hule..._%287014226587%29.jpg,https://thumb.wikimedia.org/wikipedia/commons/thumb/5/5b/Man_er_faldet_i_s%C3%B8vn_i_sin_hule..._%287014226587%29.jpg/960px-Man_er_faldet_i_s%C3%B8vn_i_sin_hule..._%287014226587%29.jpg?utm_source=commons.wikimedia.org&utm_campaign=imageinfo&utm_content=thumbnail
sleeping-children_342_File_Mxlokk.jpg,Category:Sleeping children,File:Mxlokk.jpg,Jonathan borg zigli,CC BY-SA 4.0,https://commons.wikimedia.org/wiki/File%3AMxlokk.jpg,https://thumb.wikimedia.org/wikipedia/commons/thumb/2/2e/Mxlokk.jpg/960px-Mxlokk.jpg?utm_source=commons.wikimedia.org&utm_campaign=imageinfo&utm_content=thumbnail
sleeping-children_343_File_N_Y_C_people_sitting_on_pier_at_night_during.jpg,Category:Sleeping children,"File:N.Y.C. - people sitting on pier at night during hot weather, 2 small children sleeping LCCN2002698071.jpg",George Grantham Bain Collection,Public domain,https://commons.wikimedia.org/wiki/File%3AN.Y.C._-_people_sitting_on_pier_at_night_during_hot_weather%2C_2_small_children_sleeping_LCCN2002698071.jpg,https://thumb.wikimedia.org/wikipedia/commons/thumb/3/39/N.Y.C._-_people_sitting_on_pier_at_night_during_hot_weather%2C_2_small_children_sleeping_LCCN2002698071.jpg/960px-N.Y.C._-_people_sitting_on_pier_at_night_during_hot_weather%2C_2_small_children_sleeping_LCCN2002698071.jpg?utm_source=commons.wikimedia.org&utm_campaign=imageinfo&utm_content=thumbnail
sleeping-children_344_File_N_Y_C_people_sitting_on_pier_at_night_during.jpg,Category:Sleeping children,"File:N.Y.C. - people sitting on pier at night during hot weather, 2 small children sleeping LCCN2002698071.tif",George Grantham Bain Collection,Public domain,https://commons.wikimedia.org/wiki/File%3AN.Y.C._-_people_sitting_on_pier_at_night_during_hot_weather%2C_2_small_children_sleeping_LCCN2002698071.tif,https://thumb.wikimedia.org/wikipedia/commons/thumb/f/f8/N.Y.C._-_people_sitting_on_pier_at_night_during_hot_weather%2C_2_small_children_sleeping_LCCN2002698071.tif/lossy-page1-960px-N.Y.C._-_people_sitting_on_pier_at_night_during_hot_weather%2C_2_small_children_sleeping_LCCN2002698071.tif.jpg?utm_source=commons.wikimedia.org&utm_campaign=imageinfo&utm_content=thumbnail
sleeping-children_345_File_Nurin_as_child.jpg,Category:Sleeping children,File:Nurin as child.png,Tengku nurin,CC BY-SA 4.0,https://commons.wikimedia.org/wiki/File%3ANurin_as_child.png,https://thumb.wikimedia.org/wikipedia/commons/thumb/1/1b/Nurin_as_child.png/960px-Nurin_as_child.png?utm_source=commons.wikimedia.org&utm_campaign=imageinfo&utm_content=thumbnail
sleeping-children_346_File_Otroci_pri_po_itku_v_novem_vrtcu_na_Vilsonovi.jpg,Category:Sleeping children,File:Otroci pri počitku v novem vrtcu na Vilsonovi ulici v Melju 1960 (2).jpg,Danilo Škofič,Public domain,https://commons.wikimedia.org/wiki/File%3AOtroci_pri_po%C4%8Ditku_v_novem_vrtcu_na_Vilsonovi_ulici_v_Melju_1960_%282%29.jpg,https://thumb.wikimedia.org/wikipedia/commons/thumb/0/07/Otroci_pri_po%C4%8Ditku_v_novem_vrtcu_na_Vilsonovi_ulici_v_Melju_1960_%282%29.jpg/960px-Otroci_pri_po%C4%8Ditku_v_novem_vrtcu_na_Vilsonovi_ulici_v_Melju_1960_%282%29.jpg?utm_source=commons.wikimedia.org&utm_campaign=imageinfo&utm_content=thumbnail
sleeping-children_347_File_Otroci_pri_po_itku_v_novem_vrtcu_na_Vilsonovi.jpg,Category:Sleeping children,File:Otroci pri počitku v novem vrtcu na Vilsonovi ulici v Melju 1960.jpg,Danilo Škofič,Public domain,https://commons.wikimedia.org/wiki/File%3AOtroci_pri_po%C4%8Ditku_v_novem_vrtcu_na_Vilsonovi_ulici_v_Melju_1960.jpg,https://thumb.wikimedia.org/wikipedia/commons/thumb/d/d1/Otroci_pri_po%C4%8Ditku_v_novem_vrtcu_na_Vilsonovi_ulici_v_Melju_1960.jpg/960px-Otroci_pri_po%C4%8Ditku_v_novem_vrtcu_na_Vilsonovi_ulici_v_Melju_1960.jpg?utm_source=commons.wikimedia.org&utm_campaign=imageinfo&utm_content=thumbnail
sleeping-children_348_File_PikiWiki_Israel_13334_Givat_Brenner.jpg,Category:Sleeping children,File:PikiWiki Israel 13334 Givat Brenner.jpg,חנן בהיר,Public domain,https://commons.wikimedia.org/wiki/File%3APikiWiki_Israel_13334_Givat_Brenner.jpg,https://upload.wikimedia.org/wikipedia/commons/9/96/PikiWiki_Israel_13334_Givat_Brenner.jpg?utm_source=commons.wikimedia.org&utm_campaign=imageinfo&utm_content=thumbnail_unscaled
sleeping-children_349_File_Ramadan_1439_AH_Qur_an_reading_at_Fatima_Masu.jpg,Category:Sleeping children,"File:Ramadan 1439 AH, Qur'an reading at Fatima Masumeh Shrine, Qom - 17 May 2018 04.jpg",Mohsen Karam-Ali,CC BY 4.0,https://commons.wikimedia.org/wiki/File%3ARamadan_1439_AH%2C_Qur%27an_reading_at_Fatima_Masumeh_Shrine%2C_Qom_-_17_May_2018_04.jpg,https://thumb.wikimedia.org/wikipedia/commons/thumb/f/f8/Ramadan_1439_AH%2C_Qur%27an_reading_at_Fatima_Masumeh_Shrine%2C_Qom_-_17_May_2018_04.jpg/960px-Ramadan_1439_AH%2C_Qur%27an_reading_at_Fatima_Masumeh_Shrine%2C_Qom_-_17_May_2018_04.jpg?utm_source=commons.wikimedia.org&utm_campaign=imageinfo&utm_content=thumbnail
sleeping-children_350_File_Ramadan_1439_AH_Qur_an_reading_at_Imamzadeh_S.jpg,Category:Sleeping children,"File:Ramadan 1439 AH, Qur'an reading at Imamzadeh Seyyed Mozaffar Mosque, Bandar Abbas - 24 May 2018 25.jpg",Alireza Bahari,CC BY 4.0,https://commons.wikimedia.org/wiki/File%3ARamadan_1439_AH%2C_Qur%27an_reading_at_Imamzadeh_Seyyed_Mozaffar_Mosque%2C_Bandar_Abbas_-_24_May_2018_25.jpg,https://thumb.wikimedia.org/wikipedia/commons/thumb/f/f9/Ramadan_1439_AH%2C_Qur%27an_reading_at_Imamzadeh_Seyyed_Mozaffar_Mosque%2C_Bandar_Abbas_-_24_May_2018_25.jpg/960px-Ramadan_1439_AH%2C_Qur%27an_reading_at_Imamzadeh_Seyyed_Mozaffar_Mosque%2C_Bandar_Abbas_-_24_May_2018_25.jpg?utm_source=commons.wikimedia.org&utm_campaign=imageinfo&utm_content=thumbnail
sleeping-children_351_File_Ramadan_1439_AH_Qur_an_reading_Shah_Cheragh_S.jpg,Category:Sleeping children,"File:Ramadan 1439 AH, Qur'an reading, Shah Cheragh, Shiraz - 21 May 2018 10.jpg",Amin Faezi,CC BY 4.0,https://commons.wikimedia.org/wiki/File%3ARamadan_1439_AH%2C_Qur%27an_reading%2C_Shah_Cheragh%2C_Shiraz_-_21_May_2018_10.jpg,https://thumb.wikimedia.org/wikipedia/commons/thumb/4/47/Ramadan_1439_AH%2C_Qur%27an_reading%2C_Shah_Cheragh%2C_Shiraz_-_21_May_2018_10.jpg/960px-Ramadan_1439_AH%2C_Qur%27an_reading%2C_Shah_Cheragh%2C_Shiraz_-_21_May_2018_10.jpg?utm_source=commons.wikimedia.org&utm_campaign=imageinfo&utm_content=thumbnail
sleeping-children_352_File_Slapende_kinderen.jpg,Category:Sleeping children,File:Slapende kinderen.jpg,We El at Dutch Wikipedia,Public domain,https://commons.wikimedia.org/wiki/File%3ASlapende_kinderen.jpg,https://thumb.wikimedia.org/wikipedia/commons/thumb/8/83/Slapende_kinderen.jpg/960px-Slapende_kinderen.jpg?utm_source=commons.wikimedia.org&utm_campaign=imageinfo&utm_content=thumbnail
sleeping-children_353_File_Sleep_time_4624980196.jpg,Category:Sleeping children,File:Sleep time (4624980196).jpg,"Andy Mitchell from Glasgow, UK",CC BY-SA 2.0,https://commons.wikimedia.org/wiki/File%3ASleep_time_%284624980196%29.jpg,https://thumb.wikimedia.org/wikipedia/commons/thumb/a/a4/Sleep_time_%284624980196%29.jpg/960px-Sleep_time_%284624980196%29.jpg?utm_source=commons.wikimedia.org&utm_campaign=imageinfo&utm_content=thumbnail
sleeping-children_354_File_Sleeping_animals_collage.jpg,Category:Sleeping children,File:Sleeping animals collage.png,Bruce The Deus,CC BY-SA 4.0,https://commons.wikimedia.org/wiki/File%3ASleeping_animals_collage.png,https://thumb.wikimedia.org/wikipedia/commons/thumb/7/7d/Sleeping_animals_collage.png/960px-Sleeping_animals_collage.png?utm_source=commons.wikimedia.org&utm_campaign=imageinfo&utm_content=thumbnail
sleeping-children_355_File_Sono_16902527004.jpg,Category:Sleeping children,File:Sono (16902527004).jpg,Douglas Iuri Medeiros Cabral,CC BY-SA 2.0,https://commons.wikimedia.org/wiki/File%3ASono_%2816902527004%29.jpg,https://thumb.wikimedia.org/wikipedia/commons/thumb/6/67/Sono_%2816902527004%29.jpg/960px-Sono_%2816902527004%29.jpg?utm_source=commons.wikimedia.org&utm_campaign=imageinfo&utm_content=thumbnail
sleeping-children_356_File_TIB_grenze_koffertraeger.jpg,Category:Sleeping children,File:TIB-grenze-koffertraeger.jpg,Bgabel,CC BY-SA 3.0,https://commons.wikimedia.org/wiki/File%3ATIB-grenze-koffertraeger.jpg,https://thumb.wikimedia.org/wikipedia/commons/thumb/6/6c/TIB-grenze-koffertraeger.jpg/960px-TIB-grenze-koffertraeger.jpg?utm_source=commons.wikimedia.org&utm_campaign=imageinfo&utm_content=thumbnail
sleeping-children_357_File.jpg,Category:Sleeping children,File:هكدا تكونو رحلتهم.jpg,Mehdibelhaj,CC BY-SA 4.0,https://commons.wikimedia.org/wiki/File%3A%D9%87%D9%83%D8%AF%D8%A7_%D8%AA%D9%83%D9%88%D9%86%D9%88_%D8%B1%D8%AD%D9%84%D8%AA%D9%87%D9%85.jpg,https://thumb.wikimedia.org/wikipedia/commons/thumb/9/9e/%D9%87%D9%83%D8%AF%D8%A7_%D8%AA%D9%83%D9%88%D9%86%D9%88_%D8%B1%D8%AD%D9%84%D8%AA%D9%87%D9%85.jpg/960px-%D9%87%D9%83%D8%AF%D8%A7_%D8%AA%D9%83%D9%88%D9%86%D9%88_%D8%B1%D8%AD%D9%84%D8%AA%D9%87%D9%85.jpg?utm_source=commons.wikimedia.org&utm_campaign=imageinfo&utm_content=thumbnail
sleeping-children_358_File.jpg,Category:Sleeping children,File:ছিন্নমূল শিশু ও বেওয়ারিশ সারমেয়.jpg,Tip-bd,CC BY-SA 4.0,https://commons.wikimedia.org/wiki/File%3A%E0%A6%9B%E0%A6%BF%E0%A6%A8%E0%A7%8D%E0%A6%A8%E0%A6%AE%E0%A7%82%E0%A6%B2_%E0%A6%B6%E0%A6%BF%E0%A6%B6%E0%A7%81_%E0%A6%93_%E0%A6%AC%E0%A7%87%E0%A6%93%E0%A6%AF%E0%A6%BC%E0%A6%BE%E0%A6%B0%E0%A6%BF%E0%A6%B6_%E0%A6%B8%E0%A6%BE%E0%A6%B0%E0%A6%AE%E0%A7%87%E0%A6%AF%E0%A6%BC.jpg,https://upload.wikimedia.org/wikipedia/commons/7/78/%E0%A6%9B%E0%A6%BF%E0%A6%A8%E0%A7%8D%E0%A6%A8%E0%A6%AE%E0%A7%82%E0%A6%B2_%E0%A6%B6%E0%A6%BF%E0%A6%B6%E0%A7%81_%E0%A6%93_%E0%A6%AC%E0%A7%87%E0%A6%93%E0%A6%AF%E0%A6%BC%E0%A6%BE%E0%A6%B0%E0%A6%BF%E0%A6%B6_%E0%A6%B8%E0%A6%BE%E0%A6%B0%E0%A6%AE%E0%A7%87%E0%A6%AF%E0%A6%BC.jpg?utm_source=commons.wikimedia.org&utm_campaign=imageinfo&utm_content=thumbnail_unscaled
sleeping-children_359_File.jpg,Category:Sleeping children,File:กิจกรรมจิตศึกษา.jpg,Pisanuchai,CC BY-SA 3.0,https://commons.wikimedia.org/wiki/File%3A%E0%B8%81%E0%B8%B4%E0%B8%88%E0%B8%81%E0%B8%A3%E0%B8%A3%E0%B8%A1%E0%B8%88%E0%B8%B4%E0%B8%95%E0%B8%A8%E0%B8%B6%E0%B8%81%E0%B8%A9%E0%B8%B2.jpg,https://thumb.wikimedia.org/wikipedia/commons/thumb/3/31/%E0%B8%81%E0%B8%B4%E0%B8%88%E0%B8%81%E0%B8%A3%E0%B8%A3%E0%B8%A1%E0%B8%88%E0%B8%B4%E0%B8%95%E0%B8%A8%E0%B8%B6%E0%B8%81%E0%B8%A9%E0%B8%B2.jpg/960px-%E0%B8%81%E0%B8%B4%E0%B8%88%E0%B8%81%E0%B8%A3%E0%B8%A3%E0%B8%A1%E0%B8%88%E0%B8%B4%E0%B8%95%E0%B8%A8%E0%B8%B6%E0%B8%81%E0%B8%A9%E0%B8%B2.jpg?utm_source=commons.wikimedia.org&utm_campaign=imageinfo&utm_content=thumbnail
sleeping-babies_360_File_2008_02_12_Township_preschool_nap.jpg,Category:Sleeping babies,File:2008-02-12 Township preschool - nap.jpg,Chell Hill,CC BY-SA 3.0,https://commons.wikimedia.org/wiki/File%3A2008-02-12_Township_preschool_-_nap.jpg,https://thumb.wikimedia.org/wikipedia/commons/thumb/9/90/2008-02-12_Township_preschool_-_nap.jpg/960px-2008-02-12_Township_preschool_-_nap.jpg?utm_source=commons.wikimedia.org&utm_campaign=imageinfo&utm_content=thumbnail
sleeping-babies_361_File_2014_Braunschweig_Mattes_133.jpg,Category:Sleeping babies,File:2014 Braunschweig Mattes (133).JPG,of original photograph: My father,Public domain,https://commons.wikimedia.org/wiki/File%3A2014_Braunschweig_Mattes_%28133%29.JPG,https://thumb.wikimedia.org/wikipedia/commons/thumb/6/66/2014_Braunschweig_Mattes_%28133%29.JPG/960px-2014_Braunschweig_Mattes_%28133%29.JPG?utm_source=commons.wikimedia.org&utm_campaign=imageinfo&utm_content=thumbnail
sleeping-babies_362_File_20230528_Newborn_infants.jpg,Category:Sleeping babies,File:20230528 Newborn infants.jpg,Latfan Wasit Safian,CC BY-SA 4.0,https://commons.wikimedia.org/wiki/File%3A20230528_Newborn_infants.jpg,https://thumb.wikimedia.org/wikipedia/commons/thumb/4/4d/20230528_Newborn_infants.jpg/960px-20230528_Newborn_infants.jpg?utm_source=commons.wikimedia.org&utm_campaign=imageinfo&utm_content=thumbnail
sleeping-babies_363_File_258_365_Benjamin_4325125851.jpg,Category:Sleeping babies,File:258 365 - Benjamin (4325125851).jpg,"Kenny Louie from Vancouver, Canada",CC BY 2.0,https://commons.wikimedia.org/wiki/File%3A258_365_-_Benjamin_%284325125851%29.jpg,https://thumb.wikimedia.org/wikipedia/commons/thumb/0/0f/258_365_-_Benjamin_%284325125851%29.jpg/960px-258_365_-_Benjamin_%284325125851%29.jpg?utm_source=commons.wikimedia.org&utm_campaign=imageinfo&utm_content=thumbnail
sleeping-babies_364_File_3_week_old_swaddled_infant.jpg,Category:Sleeping babies,File:3 week old swaddled infant.png,Azoreg,CC BY-SA 3.0,https://commons.wikimedia.org/wiki/File%3A3_week_old_swaddled_infant.png,https://thumb.wikimedia.org/wikipedia/commons/thumb/3/3b/3_week_old_swaddled_infant.png/960px-3_week_old_swaddled_infant.png?utm_source=commons.wikimedia.org&utm_campaign=imageinfo&utm_content=thumbnail
sleeping-babies_365_File_3A_0634_8461505808.jpg,Category:Sleeping babies,File:3A 0634 (8461505808).jpg,"Weldon Kennedy from London, UK",CC BY 2.0,https://commons.wikimedia.org/wiki/File%3A3A_0634_%288461505808%29.jpg,https://thumb.wikimedia.org/wikipedia/commons/thumb/0/05/3A_0634_%288461505808%29.jpg/960px-3A_0634_%288461505808%29.jpg?utm_source=commons.wikimedia.org&utm_campaign=imageinfo&utm_content=thumbnail
sleeping-babies_366_File_500px_photo_56342664.jpg,Category:Sleeping babies,File:500px photo (56342664).jpeg,Eric Atkins,CC BY 3.0,https://commons.wikimedia.org/wiki/File%3A500px_photo_%2856342664%29.jpeg,https://thumb.wikimedia.org/wikipedia/commons/thumb/5/55/500px_photo_%2856342664%29.jpeg/960px-500px_photo_%2856342664%29.jpeg?utm_source=commons.wikimedia.org&utm_campaign=imageinfo&utm_content=thumbnail
sleeping-babies_367_File_A_BABY_SLEEPING_PEACEFULLY.jpg,Category:Sleeping babies,File:A BABY SLEEPING PEACEFULLY.png,YOJNIRS EEJRENAB,CC BY-SA 4.0,https://commons.wikimedia.org/wiki/File%3AA_BABY_SLEEPING_PEACEFULLY.png,https://upload.wikimedia.org/wikipedia/commons/c/cf/A_BABY_SLEEPING_PEACEFULLY.png?utm_source=commons.wikimedia.org&utm_campaign=imageinfo&utm_content=thumbnail_unscaled
sleeping-babies_368_File_A_new_born_baby_sleeping.jpg,Category:Sleeping babies,File:A new born baby sleeping.jpg,Jaimin Rana,CC BY-SA 4.0,https://commons.wikimedia.org/wiki/File%3AA_new_born_baby_sleeping.jpg,https://thumb.wikimedia.org/wikipedia/commons/thumb/1/14/A_new_born_baby_sleeping.jpg/960px-A_new_born_baby_sleeping.jpg?utm_source=commons.wikimedia.org&utm_campaign=imageinfo&utm_content=thumbnail
sleeping-babies_369_File_Adult_baby_bed_225744.jpg,Category:Sleeping babies,File:Adult-baby-bed-225744.jpg,Wayne Evans,CC0,https://commons.wikimedia.org/wiki/File%3AAdult-baby-bed-225744.jpg,https://thumb.wikimedia.org/wikipedia/commons/thumb/9/99/Adult-baby-bed-225744.jpg/960px-Adult-baby-bed-225744.jpg?utm_source=commons.wikimedia.org&utm_campaign=imageinfo&utm_content=thumbnail
sleeping-babies_370_File_African_baby.jpg,Category:Sleeping babies,File:African baby.jpg,Queen Asali,CC BY-SA 4.0,https://commons.wikimedia.org/wiki/File%3AAfrican_baby.jpg,https://thumb.wikimedia.org/wikipedia/commons/thumb/4/4f/African_baby.jpg/960px-African_baby.jpg?utm_source=commons.wikimedia.org&utm_campaign=imageinfo&utm_content=thumbnail
sleeping-babies_371_File_Afternoon_Nap_5766219226.jpg,Category:Sleeping babies,File:Afternoon Nap (5766219226).jpg,"Ryan Tir from Vaughan, ON, Canada",CC BY 2.0,https://commons.wikimedia.org/wiki/File%3AAfternoon_Nap_%285766219226%29.jpg,https://thumb.wikimedia.org/wikipedia/commons/thumb/f/fa/Afternoon_Nap_%285766219226%29.jpg/960px-Afternoon_Nap_%285766219226%29.jpg?utm_source=commons.wikimedia.org&utm_campaign=imageinfo&utm_content=thumbnail
sleeping-babies_372_File_Almeida_J_nior_Menino_1894.jpg,Category:Sleeping babies,"File:Almeida Júnior - Menino, 1894.JPG",José Ferraz de Almeida Júnior,Public domain,https://commons.wikimedia.org/wiki/File%3AAlmeida_J%C3%BAnior_-_Menino%2C_1894.JPG,https://upload.wikimedia.org/wikipedia/commons/e/e0/Almeida_J%C3%BAnior_-_Menino%2C_1894.JPG?utm_source=commons.wikimedia.org&utm_campaign=imageinfo&utm_content=thumbnail_unscaled
sleeping-babies_373_File_Amazing_cute_baby.jpg,Category:Sleeping babies,File:Amazing cute baby.jpg,IndianAuthorShraddha,CC BY-SA 4.0,https://commons.wikimedia.org/wiki/File%3AAmazing_cute_baby.jpg,https://thumb.wikimedia.org/wikipedia/commons/thumb/0/08/Amazing_cute_baby.jpg/960px-Amazing_cute_baby.jpg?utm_source=commons.wikimedia.org&utm_campaign=imageinfo&utm_content=thumbnail
sleeping-babies_374_File_Ato_em_frente_ao_STF_contra_marco_temporal_3.jpg,Category:Sleeping babies,File:Ato em frente ao STF contra marco temporal - 3 08 2017 - Brasilia DF (36190349972).jpg,Apib Comunicação,CC BY-SA 2.0,https://commons.wikimedia.org/wiki/File%3AAto_em_frente_ao_STF_contra_marco_temporal_-_3_08_2017_-_Brasilia_DF_%2836190349972%29.jpg,https://thumb.wikimedia.org/wikipedia/commons/thumb/6/61/Ato_em_frente_ao_STF_contra_marco_temporal_-_3_08_2017_-_Brasilia_DF_%2836190349972%29.jpg/960px-Ato_em_frente_ao_STF_contra_marco_temporal_-_3_08_2017_-_Brasilia_DF_%2836190349972%29.jpg?utm_source=commons.wikimedia.org&utm_campaign=imageinfo&utm_content=thumbnail
sleeping-babies_375_File_B_W_Baby_Boy.jpg,Category:Sleeping babies,File:B&W Baby Boy.jpg,Christopher Michel,CC BY 2.0,https://commons.wikimedia.org/wiki/File%3AB%26W_Baby_Boy.jpg,https://upload.wikimedia.org/wikipedia/commons/3/37/B%26W_Baby_Boy.jpg?utm_source=commons.wikimedia.org&utm_campaign=imageinfo&utm_content=thumbnail_unscaled
sleeping-babies_376_File_Baby_20339.jpg,Category:Sleeping babies,File:Baby (20339).jpg,https://pixabay.com/users/publicdomainpictures-14/,CC0,https://commons.wikimedia.org/wiki/File%3ABaby_%2820339%29.jpg,https://thumb.wikimedia.org/wikipedia/commons/thumb/e/ee/Baby_%2820339%29.jpg/960px-Baby_%2820339%29.jpg?utm_source=commons.wikimedia.org&utm_campaign=imageinfo&utm_content=thumbnail
sleeping-babies_377_File_Baby_4396868797.jpg,Category:Sleeping babies,File:Baby (4396868797).jpg,Dylan Parker,CC BY-SA 2.0,https://commons.wikimedia.org/wiki/File%3ABaby_%284396868797%29.jpg,https://thumb.wikimedia.org/wikipedia/commons/thumb/7/7c/Baby_%284396868797%29.jpg/960px-Baby_%284396868797%29.jpg?utm_source=commons.wikimedia.org&utm_campaign=imageinfo&utm_content=thumbnail
sleeping-babies_378_File_Baby_784608.jpg,Category:Sleeping babies,File:Baby (784608).jpg,https://pixabay.com/es/users/1041483-1041483/,CC0,https://commons.wikimedia.org/wiki/File%3ABaby_%28784608%29.jpg,https://thumb.wikimedia.org/wikipedia/commons/thumb/9/9f/Baby_%28784608%29.jpg/960px-Baby_%28784608%29.jpg?utm_source=commons.wikimedia.org&utm_campaign=imageinfo&utm_content=thumbnail
sleeping-babies_379_File_Baby_8541788153.jpg,Category:Sleeping babies,File:Baby (8541788153).jpg,benjgibbs,CC BY 2.0,https://commons.wikimedia.org/wiki/File%3ABaby_%288541788153%29.jpg,https://thumb.wikimedia.org/wikipedia/commons/thumb/d/d1/Baby_%288541788153%29.jpg/960px-Baby_%288541788153%29.jpg?utm_source=commons.wikimedia.org&utm_campaign=imageinfo&utm_content=thumbnail
sleeping-babies_380_File_Baby_panoramio.jpg,Category:Sleeping babies,File:Baby - panoramio.jpg,yqz,CC BY-SA 3.0,https://commons.wikimedia.org/wiki/File%3ABaby_-_panoramio.jpg,https://upload.wikimedia.org/wikipedia/commons/3/3f/Baby_-_panoramio.jpg?utm_source=commons.wikimedia.org&utm_campaign=imageinfo&utm_content=thumbnail_unscaled
sleeping-babies_381_File_Baby_5.jpg,Category:Sleeping babies,File:Baby 5.jpg,Tamil1510,CC BY-SA 3.0,https://commons.wikimedia.org/wiki/File%3ABaby_5.jpg,https://thumb.wikimedia.org/wikipedia/commons/thumb/f/f7/Baby_5.jpg/960px-Baby_5.jpg?utm_source=commons.wikimedia.org&utm_campaign=imageinfo&utm_content=thumbnail
sleeping-babies_382_File_Baby_Bear_55142474.jpg,Category:Sleeping babies,File:Baby Bear (55142474).jpeg,Vanessa Kay,CC BY 3.0,https://commons.wikimedia.org/wiki/File%3ABaby_Bear_%2855142474%29.jpeg,https://thumb.wikimedia.org/wikipedia/commons/thumb/2/28/Baby_Bear_%2855142474%29.jpeg/960px-Baby_Bear_%2855142474%29.jpeg?utm_source=commons.wikimedia.org&utm_campaign=imageinfo&utm_content=thumbnail
sleeping-babies_383_File_Baby_Franka.jpg,Category:Sleeping babies,File:Baby Franka.jpg,"Heinz Albers, [1] --Heinz Albers (talk) 00:11, 20 April 2009 (UTC)",CC BY 2.5,https://commons.wikimedia.org/wiki/File%3ABaby_Franka.jpg,https://upload.wikimedia.org/wikipedia/commons/f/fc/Baby_Franka.jpg?utm_source=commons.wikimedia.org&utm_campaign=imageinfo&utm_content=thumbnail_unscaled
sleeping-babies_384_File_Baby_from_9413.jpg,Category:Sleeping babies,File:Baby from 9413.jpg,Superheroes 94139413,CC BY-SA 3.0,https://commons.wikimedia.org/wiki/File%3ABaby_from_9413.jpg,https://thumb.wikimedia.org/wikipedia/commons/thumb/3/33/Baby_from_9413.jpg/960px-Baby_from_9413.jpg?utm_source=commons.wikimedia.org&utm_campaign=imageinfo&utm_content=thumbnail
sleeping-babies_385_File_Baby_Gurr_4245984654.jpg,Category:Sleeping babies,File:Baby Gurr (4245984654).jpg,"midiman from Gilbert, AZ, USA",CC BY 2.0,https://commons.wikimedia.org/wiki/File%3ABaby_Gurr_%284245984654%29.jpg,https://thumb.wikimedia.org/wikipedia/commons/thumb/4/4b/Baby_Gurr_%284245984654%29.jpg/960px-Baby_Gurr_%284245984654%29.jpg?utm_source=commons.wikimedia.org&utm_campaign=imageinfo&utm_content=thumbnail
sleeping-babies_386_File_Baby_holder_om_tommelfinger.jpg,Category:Sleeping babies,File:Baby holder om tommelfinger.jpg,Original uploader was Martin Lyngbo at da.wikipedia,Public domain,https://commons.wikimedia.org/wiki/File%3ABaby_holder_om_tommelfinger.jpg,https://thumb.wikimedia.org/wikipedia/commons/thumb/8/8d/Baby_holder_om_tommelfinger.jpg/960px-Baby_holder_om_tommelfinger.jpg?utm_source=commons.wikimedia.org&utm_campaign=imageinfo&utm_content=thumbnail
sleeping-babies_387_File_Baby_holding_finger.jpg,Category:Sleeping babies,File:Baby holding finger.jpg,Manavpreet Kaur,CC BY-SA 4.0,https://commons.wikimedia.org/wiki/File%3ABaby_holding_finger.jpg,https://upload.wikimedia.org/wikipedia/commons/0/07/Baby_holding_finger.jpg?utm_source=commons.wikimedia.org&utm_campaign=imageinfo&utm_content=thumbnail_unscaled
sleeping-babies_388_File_Baby_in_bed_Moscow_Russia.jpg,Category:Sleeping babies,"File:Baby in bed, Moscow, Russia.jpg",Vyacheslav Argenberg,CC BY 4.0,https://commons.wikimedia.org/wiki/File%3ABaby_in_bed%2C_Moscow%2C_Russia.jpg,https://thumb.wikimedia.org/wikipedia/commons/thumb/a/ab/Baby_in_bed%2C_Moscow%2C_Russia.jpg/960px-Baby_in_bed%2C_Moscow%2C_Russia.jpg?utm_source=commons.wikimedia.org&utm_campaign=imageinfo&utm_content=thumbnail
sleeping-babies_389_File_Baby_in_mexikanischer_H_ngematte_A_la_Siesta.jpg,Category:Sleeping babies,File:Baby in mexikanischer Hängematte A la Siesta 2011.jpg,A la Siesta,CC BY-SA 3.0,https://commons.wikimedia.org/wiki/File%3ABaby_in_mexikanischer_H%C3%A4ngematte_A_la_Siesta_2011.jpg,https://thumb.wikimedia.org/wikipedia/commons/thumb/c/c1/Baby_in_mexikanischer_H%C3%A4ngematte_A_la_Siesta_2011.jpg/960px-Baby_in_mexikanischer_H%C3%A4ngematte_A_la_Siesta_2011.jpg?utm_source=commons.wikimedia.org&utm_campaign=imageinfo&utm_content=thumbnail
sleeping-babies_390_File_Baby_Naming_ceremony_in_Tulu_Gowda_Community.jpg,Category:Sleeping babies,File:Baby Naming ceremony in Tulu Gowda Community of Tulunadu 1.jpg,BHARATHESHA ALASANDEMAJALU,CC BY-SA 4.0,https://commons.wikimedia.org/wiki/File%3ABaby_Naming_ceremony_in_Tulu_Gowda_Community_of_Tulunadu_1.jpg,https://thumb.wikimedia.org/wikipedia/commons/thumb/4/47/Baby_Naming_ceremony_in_Tulu_Gowda_Community_of_Tulunadu_1.jpg/960px-Baby_Naming_ceremony_in_Tulu_Gowda_Community_of_Tulunadu_1.jpg?utm_source=commons.wikimedia.org&utm_campaign=imageinfo&utm_content=thumbnail
sleeping-babies_391_File_Baby_sleeping_2929_Nevit.jpg,Category:Sleeping babies,File:Baby sleeping 2929 Nevit.jpg,Nevit Dilmen (talk),CC BY-SA 3.0,https://commons.wikimedia.org/wiki/File%3ABaby_sleeping_2929_Nevit.jpg,https://upload.wikimedia.org/wikipedia/commons/1/18/Baby_sleeping_2929_Nevit.jpg?utm_source=commons.wikimedia.org&utm_campaign=imageinfo&utm_content=thumbnail_unscaled
sleeping-babies_392_File_Baby_sleeping_in_a_stroller_in_Mecca.jpg,Category:Sleeping babies,File:Baby sleeping in a stroller in Mecca.jpg,Fadi El Binni of Al Jazeera English,CC BY-SA 2.0,https://commons.wikimedia.org/wiki/File%3ABaby_sleeping_in_a_stroller_in_Mecca.jpg,https://thumb.wikimedia.org/wikipedia/commons/thumb/c/cf/Baby_sleeping_in_a_stroller_in_Mecca.jpg/960px-Baby_sleeping_in_a_stroller_in_Mecca.jpg?utm_source=commons.wikimedia.org&utm_campaign=imageinfo&utm_content=thumbnail
sleeping-babies_393_File_Baby_sleeping_with_dolls_India_2019.jpg,Category:Sleeping babies,"File:Baby sleeping with dolls (India, 2019).jpg",Sambath Raj 009,CC BY-SA 4.0,https://commons.wikimedia.org/wiki/File%3ABaby_sleeping_with_dolls_%28India%2C_2019%29.jpg,https://thumb.wikimedia.org/wikipedia/commons/thumb/e/ec/Baby_sleeping_with_dolls_%28India%2C_2019%29.jpg/960px-Baby_sleeping_with_dolls_%28India%2C_2019%29.jpg?utm_source=commons.wikimedia.org&utm_campaign=imageinfo&utm_content=thumbnail
sleeping-babies_394_File_Baby_sleeping.jpg,Category:Sleeping babies,File:Baby sleeping.jpg,No machine-readable author provided. Antilived assumed (based on copyright claims).,CC BY 2.5,https://commons.wikimedia.org/wiki/File%3ABaby_sleeping.jpg,https://thumb.wikimedia.org/wikipedia/commons/thumb/8/80/Baby_sleeping.jpg/960px-Baby_sleeping.jpg?utm_source=commons.wikimedia.org&utm_campaign=imageinfo&utm_content=thumbnail
sleeping-babies_395_File_Baby_sleeping2.jpg,Category:Sleeping babies,File:Baby sleeping2.jpg,,CC BY-SA 3.0,https://commons.wikimedia.org/wiki/File%3ABaby_sleeping2.jpg,https://thumb.wikimedia.org/wikipedia/commons/thumb/e/e6/Baby_sleeping2.jpg/960px-Baby_sleeping2.jpg?utm_source=commons.wikimedia.org&utm_campaign=imageinfo&utm_content=thumbnail
sleeping-babies_396_File_Baby_sleeps_in_a_window_10694415903.jpg,Category:Sleeping babies,File:Baby sleeps in a window (10694415903).jpg,simpleinsomnia,CC BY 2.0,https://commons.wikimedia.org/wiki/File%3ABaby_sleeps_in_a_window_%2810694415903%29.jpg,https://thumb.wikimedia.org/wikipedia/commons/thumb/b/bf/Baby_sleeps_in_a_window_%2810694415903%29.jpg/960px-Baby_sleeps_in_a_window_%2810694415903%29.jpg?utm_source=commons.wikimedia.org&utm_campaign=imageinfo&utm_content=thumbnail
sleeping-babies_397_File_Baby_warm_clothes_Moscow_Russia.jpg,Category:Sleeping babies,"File:Baby warm clothes, Moscow, Russia.jpg",Vyacheslav Argenberg,CC BY 4.0,https://commons.wikimedia.org/wiki/File%3ABaby_warm_clothes%2C_Moscow%2C_Russia.jpg,https://thumb.wikimedia.org/wikipedia/commons/thumb/1/14/Baby_warm_clothes%2C_Moscow%2C_Russia.jpg/960px-Baby_warm_clothes%2C_Moscow%2C_Russia.jpg?utm_source=commons.wikimedia.org&utm_campaign=imageinfo&utm_content=thumbnail
sleeping-babies_398_File_Baby_with_innocent_mind.jpg,Category:Sleeping babies,File:Baby with innocent mind.jpg,Mayur Susare,CC BY-SA 4.0,https://commons.wikimedia.org/wiki/File%3ABaby_with_innocent_mind.jpg,https://thumb.wikimedia.org/wikipedia/commons/thumb/2/23/Baby_with_innocent_mind.jpg/960px-Baby_with_innocent_mind.jpg?utm_source=commons.wikimedia.org&utm_campaign=imageinfo&utm_content=thumbnail
sleeping-babies_399_File_Baby_with_Mustache_WomensMarch_WomensMarch201.jpg,Category:Sleeping babies,File:Baby with Mustache -WomensMarch -WomensMarch2018 -SenecaFalls -NY (24937354737).jpg,"Marc Nozell from Merrimack, New Hampshire, USA",CC BY 2.0,https://commons.wikimedia.org/wiki/File%3ABaby_with_Mustache_-WomensMarch_-WomensMarch2018_-SenecaFalls_-NY_%2824937354737%29.jpg,https://thumb.wikimedia.org/wikipedia/commons/thumb/2/25/Baby_with_Mustache_-WomensMarch_-WomensMarch2018_-SenecaFalls_-NY_%2824937354737%29.jpg/960px-Baby_with_Mustache_-WomensMarch_-WomensMarch2018_-SenecaFalls_-NY_%2824937354737%29.jpg?utm_source=commons.wikimedia.org&utm_campaign=imageinfo&utm_content=thumbnail
sleeping-babies_400_File_Baby_Sleeping_baby_2_Moscow_Russia.jpg,Category:Sleeping babies,"File:Baby, Sleeping baby 2, Moscow, Russia.jpg",Vyacheslav Argenberg,CC BY 4.0,https://commons.wikimedia.org/wiki/File%3ABaby%2C_Sleeping_baby_2%2C_Moscow%2C_Russia.jpg,https://thumb.wikimedia.org/wikipedia/commons/thumb/7/77/Baby%2C_Sleeping_baby_2%2C_Moscow%2C_Russia.jpg/960px-Baby%2C_Sleeping_baby_2%2C_Moscow%2C_Russia.jpg?utm_source=commons.wikimedia.org&utm_campaign=imageinfo&utm_content=thumbnail
sleeping-babies_401_File_Baby_Sleeping_baby_Moscow_Russia.jpg,Category:Sleeping babies,"File:Baby, Sleeping baby, Moscow, Russia.jpg",Vyacheslav Argenberg,CC BY 4.0,https://commons.wikimedia.org/wiki/File%3ABaby%2C_Sleeping_baby%2C_Moscow%2C_Russia.jpg,https://thumb.wikimedia.org/wikipedia/commons/thumb/c/c8/Baby%2C_Sleeping_baby%2C_Moscow%2C_Russia.jpg/960px-Baby%2C_Sleeping_baby%2C_Moscow%2C_Russia.jpg?utm_source=commons.wikimedia.org&utm_campaign=imageinfo&utm_content=thumbnail
sleeping-babies_402_File_Baby_8_weeks_old.jpg,Category:Sleeping babies,File:Baby-8-weeks-old.jpg,MasterFinally,CC BY-SA 3.0,https://commons.wikimedia.org/wiki/File%3ABaby-8-weeks-old.jpg,https://thumb.wikimedia.org/wikipedia/commons/thumb/5/5f/Baby-8-weeks-old.jpg/960px-Baby-8-weeks-old.jpg?utm_source=commons.wikimedia.org&utm_campaign=imageinfo&utm_content=thumbnail
sleeping-babies_403_File_Baby_Hammock.jpg,Category:Sleeping babies,File:Baby-Hammock.jpg,User:Mattes,Public domain,https://commons.wikimedia.org/wiki/File%3ABaby-Hammock.jpg,https://upload.wikimedia.org/wikipedia/commons/5/51/Baby-Hammock.jpg?utm_source=commons.wikimedia.org&utm_campaign=imageinfo&utm_content=thumbnail_unscaled
sleeping-babies_404_File_Baby_schlaeft.jpg,Category:Sleeping babies,File:Baby-schlaeft.jpg,Marcus Bohlander interim-AD.de | luftzug.tv,CC BY-SA 4.0,https://commons.wikimedia.org/wiki/File%3ABaby-schlaeft.jpg,https://thumb.wikimedia.org/wikipedia/commons/thumb/1/13/Baby-schlaeft.jpg/960px-Baby-schlaeft.jpg?utm_source=commons.wikimedia.org&utm_campaign=imageinfo&utm_content=thumbnail
sleeping-babies_405_File_Babyakne.jpg,Category:Sleeping babies,File:Babyakne.jpg,selbst erstellt (Fragegeist),Public domain,https://commons.wikimedia.org/wiki/File%3ABabyakne.jpg,https://thumb.wikimedia.org/wikipedia/commons/thumb/9/91/Babyakne.jpg/960px-Babyakne.jpg?utm_source=commons.wikimedia.org&utm_campaign=imageinfo&utm_content=thumbnail
sleeping-babies_406_File_Babyhumes.jpg,Category:Sleeping babies,File:Babyhumes.jpg,Dinah Aubrey Iglesias,CC BY-SA 4.0,https://commons.wikimedia.org/wiki/File%3ABabyhumes.jpg,https://upload.wikimedia.org/wikipedia/commons/4/42/Babyhumes.jpg?utm_source=commons.wikimedia.org&utm_campaign=imageinfo&utm_content=thumbnail_unscaled
sleeping-babies_407_File_BabySleeping.jpg,Category:Sleeping babies,File:BabySleeping.png,Devanithu,CC BY 4.0,https://commons.wikimedia.org/wiki/File%3ABabySleeping.png,https://thumb.wikimedia.org/wikipedia/commons/thumb/1/1c/BabySleeping.png/960px-BabySleeping.png?utm_source=commons.wikimedia.org&utm_campaign=imageinfo&utm_content=thumbnail
sleeping-babies_408_File_BabySuckingFingers.jpg,Category:Sleeping babies,File:BabySuckingFingers.jpg,Florence Devouard (anthere),CC BY 2.5,https://commons.wikimedia.org/wiki/File%3ABabySuckingFingers.jpg,https://thumb.wikimedia.org/wikipedia/commons/thumb/4/44/BabySuckingFingers.jpg/960px-BabySuckingFingers.jpg?utm_source=commons.wikimedia.org&utm_campaign=imageinfo&utm_content=thumbnail
sleeping-babies_409_File_Balti_Memorial_Cemetery_80_ies_famous_6713323.jpg,Category:Sleeping babies,File:Balti. Memorial Cemetery (80-ies famous). (6713323285).jpg,"Ion Chibzii from Chisinau. , Moldova.",CC BY-SA 2.0,https://commons.wikimedia.org/wiki/File%3ABalti._Memorial_Cemetery_%2880-ies_famous%29._%286713323285%29.jpg,https://upload.wikimedia.org/wikipedia/commons/3/30/Balti._Memorial_Cemetery_%2880-ies_famous%29._%286713323285%29.jpg?utm_source=commons.wikimedia.org&utm_campaign=imageinfo&utm_content=thumbnail_unscaled
sleeping-babies_410_File_Barbuka005.jpg,Category:Sleeping babies,File:Barbuka005.jpg,დუღაბა,Public domain,https://commons.wikimedia.org/wiki/File%3ABarbuka005.jpg,https://thumb.wikimedia.org/wikipedia/commons/thumb/2/21/Barbuka005.jpg/960px-Barbuka005.jpg?utm_source=commons.wikimedia.org&utm_campaign=imageinfo&utm_content=thumbnail
sleeping-babies_411_File_BEBE_CHUPANDOSE_EL_DEDO.jpg,Category:Sleeping babies,File:BEBE CHUPANDOSE EL DEDO.jpg,Malena gonzalez,CC BY-SA 3.0,https://commons.wikimedia.org/wiki/File%3ABEBE_CHUPANDOSE_EL_DEDO.jpg,https://thumb.wikimedia.org/wikipedia/commons/thumb/c/cb/BEBE_CHUPANDOSE_EL_DEDO.jpg/960px-BEBE_CHUPANDOSE_EL_DEDO.jpg?utm_source=commons.wikimedia.org&utm_campaign=imageinfo&utm_content=thumbnail
sleeping-babies_412_File_Bebe.jpg,Category:Sleeping babies,File:Bebe.jpg,No machine-readable author provided. Scaparros assumed (based on copyright claims).,Public domain,https://commons.wikimedia.org/wiki/File%3ABebe.jpg,https://upload.wikimedia.org/wikipedia/commons/3/39/Bebe.jpg?utm_source=commons.wikimedia.org&utm_campaign=imageinfo&utm_content=thumbnail_unscaled
sleeping-babies_413_File_Bebelus_nou_nascut1.jpg,Category:Sleeping babies,File:Bebelus-nou-nascut1.JPG,Catalin Bogdan,CC BY-SA 3.0,https://commons.wikimedia.org/wiki/File%3ABebelus-nou-nascut1.JPG,https://thumb.wikimedia.org/wikipedia/commons/thumb/0/0a/Bebelus-nou-nascut1.JPG/960px-Bebelus-nou-nascut1.JPG?utm_source=commons.wikimedia.org&utm_campaign=imageinfo&utm_content=thumbnail
sleeping-babies_414_File_Beb_durmiendo.jpg,Category:Sleeping babies,File:Bebé durmiendo.jpg,Juan Emilio Prades Bel,CC BY 4.0,https://commons.wikimedia.org/wiki/File%3ABeb%C3%A9_durmiendo.jpg,https://thumb.wikimedia.org/wikipedia/commons/thumb/a/a7/Beb%C3%A9_durmiendo.jpg/960px-Beb%C3%A9_durmiendo.jpg?utm_source=commons.wikimedia.org&utm_campaign=imageinfo&utm_content=thumbnail
sleeping-babies_415_File_Beb_Incubadora.jpg,Category:Sleeping babies,File:BebéIncubadora.jpg,Netito777,CC BY-SA 4.0,https://commons.wikimedia.org/wiki/File%3ABeb%C3%A9Incubadora.jpg,https://thumb.wikimedia.org/wikipedia/commons/thumb/1/17/Beb%C3%A9Incubadora.jpg/960px-Beb%C3%A9Incubadora.jpg?utm_source=commons.wikimedia.org&utm_campaign=imageinfo&utm_content=thumbnail
sleeping-babies_416_File_Being_a_twin_means_you_always_have_a_pillow_o.jpg,Category:Sleeping babies,File:Being a twin means you always have a pillow or blanket handy.jpg,Photo by and ©2006 Dustin M. Ramsey (Kralizec!),CC BY-SA 2.5,https://commons.wikimedia.org/wiki/File%3ABeing_a_twin_means_you_always_have_a_pillow_or_blanket_handy.jpg,https://thumb.wikimedia.org/wikipedia/commons/thumb/a/a9/Being_a_twin_means_you_always_have_a_pillow_or_blanket_handy.jpg/960px-Being_a_twin_means_you_always_have_a_pillow_or_blanket_handy.jpg?utm_source=commons.wikimedia.org&utm_campaign=imageinfo&utm_content=thumbnail
sleeping-babies_417_File_Billede009_3259695693.jpg,Category:Sleeping babies,File:Billede009 (3259695693).jpg,Ole Palnatoke Andersen,CC BY-SA 2.0,https://commons.wikimedia.org/wiki/File%3ABillede009_%283259695693%29.jpg,https://upload.wikimedia.org/wikipedia/commons/b/ba/Billede009_%283259695693%29.jpg?utm_source=commons.wikimedia.org&utm_campaign=imageinfo&utm_content=thumbnail_unscaled
sleeping-babies_418_File_Black_African_Baby_With_Pale_Appareance_At_Bi.jpg,Category:Sleeping babies,File:Black African Baby With Pale Appareance At Birth (Close Up).jpg,Realt0n12,CC BY-SA 4.0,https://commons.wikimedia.org/wiki/File%3ABlack_African_Baby_With_Pale_Appareance_At_Birth_%28Close_Up%29.jpg,https://thumb.wikimedia.org/wikipedia/commons/thumb/e/e8/Black_African_Baby_With_Pale_Appareance_At_Birth_%28Close_Up%29.jpg/960px-Black_African_Baby_With_Pale_Appareance_At_Birth_%28Close_Up%29.jpg?utm_source=commons.wikimedia.org&utm_campaign=imageinfo&utm_content=thumbnail
sleeping-babies_419_File_Black_African_Baby_With_Pale_Appearance_At_Bi.jpg,Category:Sleeping babies,File:Black African Baby With Pale Appearance At Birth.jpg,Realt0n12,CC BY-SA 4.0,https://commons.wikimedia.org/wiki/File%3ABlack_African_Baby_With_Pale_Appearance_At_Birth.jpg,https://thumb.wikimedia.org/wikipedia/commons/thumb/b/bf/Black_African_Baby_With_Pale_Appearance_At_Birth.jpg/960px-Black_African_Baby_With_Pale_Appearance_At_Birth.jpg?utm_source=commons.wikimedia.org&utm_campaign=imageinfo&utm_content=thumbnail
sleeping-babies_420_File_Bonding_7180380506.jpg,Category:Sleeping babies,File:Bonding (7180380506).jpg,"Gemma Stiles from Sydney, Australia",CC BY 2.0,https://commons.wikimedia.org/wiki/File%3ABonding_%287180380506%29.jpg,https://thumb.wikimedia.org/wikipedia/commons/thumb/9/9f/Bonding_%287180380506%29.jpg/960px-Bonding_%287180380506%29.jpg?utm_source=commons.wikimedia.org&utm_campaign=imageinfo&utm_content=thumbnail
sleeping-babies_421_File_Born_too_soon_and_too_small_Ediths_twin_boys.jpg,Category:Sleeping babies,File:Born too soon and too small - Ediths twin boys (7497732174).jpg,DFID - UK Department for International Development,CC BY 2.0,https://commons.wikimedia.org/wiki/File%3ABorn_too_soon_and_too_small_-_Ediths_twin_boys_%287497732174%29.jpg,https://thumb.wikimedia.org/wikipedia/commons/thumb/3/3d/Born_too_soon_and_too_small_-_Ediths_twin_boys_%287497732174%29.jpg/960px-Born_too_soon_and_too_small_-_Ediths_twin_boys_%287497732174%29.jpg?utm_source=commons.wikimedia.org&utm_campaign=imageinfo&utm_content=thumbnail
sleeping-babies_422_File_B_b_sommeil.jpg,Category:Sleeping babies,File:Bébé sommeil.jpg,NICUProfessor,CC BY-SA 4.0,https://commons.wikimedia.org/wiki/File%3AB%C3%A9b%C3%A9_sommeil.jpg,https://thumb.wikimedia.org/wikipedia/commons/thumb/6/6d/B%C3%A9b%C3%A9_sommeil.jpg/960px-B%C3%A9b%C3%A9_sommeil.jpg?utm_source=commons.wikimedia.org&utm_campaign=imageinfo&utm_content=thumbnail
sleeping-babies_423_File_Caf_Meal_MUJI_2012_6913836918.jpg,Category:Sleeping babies,File:Café&Meal MUJI 2012 (6913836918).jpg,chinnian from Singapore,CC BY-SA 2.0,https://commons.wikimedia.org/wiki/File%3ACaf%C3%A9%26Meal_MUJI_2012_%286913836918%29.jpg,https://thumb.wikimedia.org/wikipedia/commons/thumb/b/be/Caf%C3%A9%26Meal_MUJI_2012_%286913836918%29.jpg/960px-Caf%C3%A9%26Meal_MUJI_2012_%286913836918%29.jpg?utm_source=commons.wikimedia.org&utm_campaign=imageinfo&utm_content=thumbnail
sleeping-babies_424_File_Calm.jpg,Category:Sleeping babies,File:Calm.jpg,"Victoria Williams from West Palm Beach, USA",CC BY-SA 2.0,https://commons.wikimedia.org/wiki/File%3ACalm.jpg,https://thumb.wikimedia.org/wikipedia/commons/thumb/9/90/Calm.jpg/960px-Calm.jpg?utm_source=commons.wikimedia.org&utm_campaign=imageinfo&utm_content=thumbnail
sleeping-babies_425_File_Carlo_Navarro_2017_Unsplash.jpg,Category:Sleeping babies,File:Carlo Navarro 2017 (Unsplash).jpg,Carlo Navarro carlonavarro,CC0,https://commons.wikimedia.org/wiki/File%3ACarlo_Navarro_2017_%28Unsplash%29.jpg,https://thumb.wikimedia.org/wikipedia/commons/thumb/2/24/Carlo_Navarro_2017_%28Unsplash%29.jpg/960px-Carlo_Navarro_2017_%28Unsplash%29.jpg?utm_source=commons.wikimedia.org&utm_campaign=imageinfo&utm_content=thumbnail
sleeping-babies_426_File_Cathleen_Lalchhanhimi_Pachuau.jpg,Category:Sleeping babies,File:Cathleen Lalchhanhimi Pachuau.jpg,Teqa Pachuau,CC BY-SA 4.0,https://commons.wikimedia.org/wiki/File%3ACathleen_Lalchhanhimi_Pachuau.jpg,https://thumb.wikimedia.org/wikipedia/commons/thumb/7/7a/Cathleen_Lalchhanhimi_Pachuau.jpg/960px-Cathleen_Lalchhanhimi_Pachuau.jpg?utm_source=commons.wikimedia.org&utm_campaign=imageinfo&utm_content=thumbnail
sleeping-babies_427_File_Child_03.jpg,Category:Sleeping babies,File:Child بچه 03.jpg,Mostafameraji,CC0,https://commons.wikimedia.org/wiki/File%3AChild_%D8%A8%DA%86%D9%87_03.jpg,https://thumb.wikimedia.org/wikipedia/commons/thumb/b/bb/Child_%D8%A8%DA%86%D9%87_03.jpg/960px-Child_%D8%A8%DA%86%D9%87_03.jpg?utm_source=commons.wikimedia.org&utm_campaign=imageinfo&utm_content=thumbnail
sleeping-babies_428_File_Child_development_sleeping.jpg,Category:Sleeping babies,File:Child-development-sleeping.JPG,Daniel Dwase,CC BY 3.0,https://commons.wikimedia.org/wiki/File%3AChild-development-sleeping.JPG,https://thumb.wikimedia.org/wikipedia/commons/thumb/0/06/Child-development-sleeping.JPG/960px-Child-development-sleeping.JPG?utm_source=commons.wikimedia.org&utm_campaign=imageinfo&utm_content=thumbnail
sleeping-babies_429_File_Christmas_Baby_53824314.jpg,Category:Sleeping babies,File:Christmas Baby (53824314).jpeg,Vanessa Kay,CC BY 3.0,https://commons.wikimedia.org/wiki/File%3AChristmas_Baby_%2853824314%29.jpeg,https://upload.wikimedia.org/wikipedia/commons/7/7d/Christmas_Baby_%2853824314%29.jpeg?utm_source=commons.wikimedia.org&utm_campaign=imageinfo&utm_content=thumbnail_unscaled
sleeping-babies_430_File_Closed_up_of_a_sleeping_baby.jpg,Category:Sleeping babies,File:Closed up of a sleeping baby.jpg,PublicDomainPictures,CC0,https://commons.wikimedia.org/wiki/File%3AClosed_up_of_a_sleeping_baby.jpg,https://thumb.wikimedia.org/wikipedia/commons/thumb/5/5b/Closed_up_of_a_sleeping_baby.jpg/960px-Closed_up_of_a_sleeping_baby.jpg?utm_source=commons.wikimedia.org&utm_campaign=imageinfo&utm_content=thumbnail
sleeping-babies_431_File_Collectie_Wereldmuseum_TM_FV_1371_15_Stereofo.jpg,Category:Sleeping babies,"File:Collectie Wereldmuseum, TM-FV-1371-15, Stereofoto, 'Een Papua baby in een wieg', maker unknown, 1910-1930.jpg",Unknown authorUnknown author,Public domain,https://commons.wikimedia.org/wiki/File%3ACollectie_Wereldmuseum%2C_TM-FV-1371-15%2C_Stereofoto%2C_%27Een_Papua_baby_in_een_wieg%27%2C_maker_unknown%2C_1910-1930.jpg,https://thumb.wikimedia.org/wikipedia/commons/thumb/4/45/Collectie_Wereldmuseum%2C_TM-FV-1371-15%2C_Stereofoto%2C_%27Een_Papua_baby_in_een_wieg%27%2C_maker_unknown%2C_1910-1930.jpg/960px-Collectie_Wereldmuseum%2C_TM-FV-1371-15%2C_Stereofoto%2C_%27Een_Papua_baby_in_een_wieg%27%2C_maker_unknown%2C_1910-1930.jpg?utm_source=commons.wikimedia.org&utm_campaign=imageinfo&utm_content=thumbnail
sleeping-babies_432_File_Deep_sleep_3555108751.jpg,Category:Sleeping babies,File:Deep sleep. (3555108751).jpg,"MIKI Yoshihito from Sapporo City,Hokkaido., JAPAN",CC BY 2.0,https://commons.wikimedia.org/wiki/File%3ADeep_sleep._%283555108751%29.jpg,https://thumb.wikimedia.org/wikipedia/commons/thumb/f/fc/Deep_sleep._%283555108751%29.jpg/960px-Deep_sleep._%283555108751%29.jpg?utm_source=commons.wikimedia.org&utm_campaign=imageinfo&utm_content=thumbnail
sleeping-babies_433_File_Doirmaedje_tiesse_rvier.jpg,Category:Sleeping babies,File:Doirmaedje tiesse å rvier.jpg,Lucyin,CC BY-SA 4.0,https://commons.wikimedia.org/wiki/File%3ADoirmaedje_tiesse_%C3%A5_rvier.jpg,https://upload.wikimedia.org/wikipedia/commons/e/ec/Doirmaedje_tiesse_%C3%A5_rvier.jpg?utm_source=commons.wikimedia.org&utm_campaign=imageinfo&utm_content=thumbnail_unscaled
sleeping-babies_434_File_Don_t_wake_a_sleeping_baby_3374625315.jpg,Category:Sleeping babies,File:Don't wake a sleeping baby. (3374625315).jpg,"MIKI Yoshihito from Sapporo City,Hokkaido., JAPAN",CC BY 2.0,https://commons.wikimedia.org/wiki/File%3ADon%27t_wake_a_sleeping_baby._%283374625315%29.jpg,https://thumb.wikimedia.org/wikipedia/commons/thumb/6/6b/Don%27t_wake_a_sleeping_baby._%283374625315%29.jpg/960px-Don%27t_wake_a_sleeping_baby._%283374625315%29.jpg?utm_source=commons.wikimedia.org&utm_campaign=imageinfo&utm_content=thumbnail
sleeping-babies_435_File_Dr_Sadeed_Hossain_after_Critical_Delivery.jpg,Category:Sleeping babies,File:Dr. Sadeed Hossain after Critical Delivery.jpg,Sadeed10646,CC0,https://commons.wikimedia.org/wiki/File%3ADr._Sadeed_Hossain_after_Critical_Delivery.jpg,https://thumb.wikimedia.org/wikipedia/commons/thumb/e/ee/Dr._Sadeed_Hossain_after_Critical_Delivery.jpg/960px-Dr._Sadeed_Hossain_after_Critical_Delivery.jpg?utm_source=commons.wikimedia.org&utm_campaign=imageinfo&utm_content=thumbnail
sleeping-babies_436_File_Eden_at_the_lake.jpg,Category:Sleeping babies,File:Eden at the lake.jpg,JamesMac93,CC BY-SA 4.0,https://commons.wikimedia.org/wiki/File%3AEden_at_the_lake.jpg,https://thumb.wikimedia.org/wikipedia/commons/thumb/a/ab/Eden_at_the_lake.jpg/960px-Eden_at_the_lake.jpg?utm_source=commons.wikimedia.org&utm_campaign=imageinfo&utm_content=thumbnail
sleeping-babies_437_File_Especial_Ado_o_3932782324.jpg,Category:Sleeping babies,File:Especial Adoção (3932782324).jpg,Agência de Notícias do Acre,CC BY 2.0,https://commons.wikimedia.org/wiki/File%3AEspecial_Ado%C3%A7%C3%A3o_%283932782324%29.jpg,https://thumb.wikimedia.org/wikipedia/commons/thumb/c/cc/Especial_Ado%C3%A7%C3%A3o_%283932782324%29.jpg/960px-Especial_Ado%C3%A7%C3%A3o_%283932782324%29.jpg?utm_source=commons.wikimedia.org&utm_campaign=imageinfo&utm_content=thumbnail
sleeping-babies_438_File_Family_portrait_with_three_cradles_Stichting.jpg,Category:Sleeping babies,File:Family portrait with three cradles - Stichting Verzameling Semeijns de Vries van Doesburgh.jpg,anonymous,Public domain,https://commons.wikimedia.org/wiki/File%3AFamily_portrait_with_three_cradles_-_Stichting_Verzameling_Semeijns_de_Vries_van_Doesburgh.jpg,https://upload.wikimedia.org/wikipedia/commons/1/1c/Family_portrait_with_three_cradles_-_Stichting_Verzameling_Semeijns_de_Vries_van_Doesburgh.jpg?utm_source=commons.wikimedia.org&utm_campaign=imageinfo&utm_content=thumbnail_unscaled
sleeping-babies_439_File_FEMA_15315_Photograph_by_Andrea_Booher_taken.jpg,Category:Sleeping babies,File:FEMA - 15315 - Photograph by Andrea Booher taken on 09-10-2005 in Texas.jpg,Andrea Booher,Public domain,https://commons.wikimedia.org/wiki/File%3AFEMA_-_15315_-_Photograph_by_Andrea_Booher_taken_on_09-10-2005_in_Texas.jpg,https://thumb.wikimedia.org/wikipedia/commons/thumb/2/26/FEMA_-_15315_-_Photograph_by_Andrea_Booher_taken_on_09-10-2005_in_Texas.jpg/960px-FEMA_-_15315_-_Photograph_by_Andrea_Booher_taken_on_09-10-2005_in_Texas.jpg?utm_source=commons.wikimedia.org&utm_campaign=imageinfo&utm_content=thumbnail
sleeping-babies_440_File_Fenja1.jpg,Category:Sleeping babies,File:Fenja1.JPG,No machine-readable author provided. Palnatoke assumed (based on copyright claims).,CC BY-SA 3.0,https://commons.wikimedia.org/wiki/File%3AFenja1.JPG,https://upload.wikimedia.org/wikipedia/commons/1/16/Fenja1.JPG?utm_source=commons.wikimedia.org&utm_campaign=imageinfo&utm_content=thumbnail_unscaled
sleeping-babies_441_File_Festiwal_S_owian_i_Wiking_w_2009_20.jpg,Category:Sleeping babies,File:Festiwal Słowian i Wikingów 2009 20.jpg,Nikodem Zieliński / Radosław Drożdżewski,CC BY-SA 4.0,https://commons.wikimedia.org/wiki/File%3AFestiwal_S%C5%82owian_i_Wiking%C3%B3w_2009_20.jpg,https://thumb.wikimedia.org/wikipedia/commons/thumb/7/75/Festiwal_S%C5%82owian_i_Wiking%C3%B3w_2009_20.jpg/960px-Festiwal_S%C5%82owian_i_Wiking%C3%B3w_2009_20.jpg?utm_source=commons.wikimedia.org&utm_campaign=imageinfo&utm_content=thumbnail
sleeping-babies_442_File_Fliegergriff01.jpg,Category:Sleeping babies,File:Fliegergriff01.jpg,Produnis,CC BY-SA 3.0,https://commons.wikimedia.org/wiki/File%3AFliegergriff01.jpg,https://thumb.wikimedia.org/wikipedia/commons/thumb/0/04/Fliegergriff01.jpg/960px-Fliegergriff01.jpg?utm_source=commons.wikimedia.org&utm_campaign=imageinfo&utm_content=thumbnail
sleeping-babies_443_File_FraternalTwins.jpg,Category:Sleeping babies,File:FraternalTwins.jpg,MultipleParent,CC BY-SA 3.0,https://commons.wikimedia.org/wiki/File%3AFraternalTwins.jpg,https://thumb.wikimedia.org/wikipedia/commons/thumb/f/f6/FraternalTwins.jpg/960px-FraternalTwins.jpg?utm_source=commons.wikimedia.org&utm_campaign=imageinfo&utm_content=thumbnail
sleeping-babies_444_File_Friends_family_welcome_home_I_Marine_Expediti.jpg,Category:Sleeping babies,"File:Friends, family welcome home I Marine Expeditionary Force 130417-M-PF875-001.jpg",Cpl. Joshua Young,Public domain,https://commons.wikimedia.org/wiki/File%3AFriends%2C_family_welcome_home_I_Marine_Expeditionary_Force_130417-M-PF875-001.jpg,https://thumb.wikimedia.org/wikipedia/commons/thumb/5/5f/Friends%2C_family_welcome_home_I_Marine_Expeditionary_Force_130417-M-PF875-001.jpg/960px-Friends%2C_family_welcome_home_I_Marine_Expeditionary_Force_130417-M-PF875-001.jpg?utm_source=commons.wikimedia.org&utm_campaign=imageinfo&utm_content=thumbnail
sleeping-babies_445_File_Gabriel_sleeping_on_a_flight_from_Lisbon_Port.jpg,Category:Sleeping babies,"File:Gabriel sleeping on a flight from Lisbon, Portugal to Oslo, Norway (PPL1-Corrected) julesvernex2.jpg",Jules Verne Times Two,CC BY-SA 4.0,https://commons.wikimedia.org/wiki/File%3AGabriel_sleeping_on_a_flight_from_Lisbon%2C_Portugal_to_Oslo%2C_Norway_%28PPL1-Corrected%29_julesvernex2.jpg,https://thumb.wikimedia.org/wikipedia/commons/thumb/3/3c/Gabriel_sleeping_on_a_flight_from_Lisbon%2C_Portugal_to_Oslo%2C_Norway_%28PPL1-Corrected%29_julesvernex2.jpg/960px-Gabriel_sleeping_on_a_flight_from_Lisbon%2C_Portugal_to_Oslo%2C_Norway_%28PPL1-Corrected%29_julesvernex2.jpg?utm_source=commons.wikimedia.org&utm_campaign=imageinfo&utm_content=thumbnail
sleeping-babies_446_File_Going_home_2057784726.jpg,Category:Sleeping babies,File:Going home (2057784726).jpg,"Helgi Halldórsson from Reykjavík, Iceland",CC BY-SA 2.0,https://commons.wikimedia.org/wiki/File%3AGoing_home_%282057784726%29.jpg,https://thumb.wikimedia.org/wikipedia/commons/thumb/9/99/Going_home_%282057784726%29.jpg/960px-Going_home_%282057784726%29.jpg?utm_source=commons.wikimedia.org&utm_campaign=imageinfo&utm_content=thumbnail
sleeping-babies_447_File_Good_night_17235052581.jpg,Category:Sleeping babies,File:Good night (17235052581).jpg,"Jerry Lai from Hsinchu, Taiwan",CC BY-SA 2.0,https://commons.wikimedia.org/wiki/File%3AGood_night_%2817235052581%29.jpg,https://thumb.wikimedia.org/wikipedia/commons/thumb/d/d8/Good_night_%2817235052581%29.jpg/960px-Good_night_%2817235052581%29.jpg?utm_source=commons.wikimedia.org&utm_campaign=imageinfo&utm_content=thumbnail
sleeping-babies_448_File_I_M_So_Comfy_52789290.jpg,Category:Sleeping babies,File:I M So Comfy (52789290).jpeg,Dave Robinet,CC BY-SA 3.0,https://commons.wikimedia.org/wiki/File%3AI_M_So_Comfy_%2852789290%29.jpeg,https://thumb.wikimedia.org/wikipedia/commons/thumb/0/09/I_M_So_Comfy_%2852789290%29.jpeg/960px-I_M_So_Comfy_%2852789290%29.jpeg?utm_source=commons.wikimedia.org&utm_campaign=imageinfo&utm_content=thumbnail
sleeping-babies_449_File_I_M_Still_Tired_51544138.jpg,Category:Sleeping babies,File:I M Still Tired (51544138).jpeg,Dave Robinet,CC BY-SA 3.0,https://commons.wikimedia.org/wiki/File%3AI_M_Still_Tired_%2851544138%29.jpeg,https://upload.wikimedia.org/wikipedia/commons/7/7a/I_M_Still_Tired_%2851544138%29.jpeg?utm_source=commons.wikimedia.org&utm_campaign=imageinfo&utm_content=thumbnail_unscaled
sleeping-babies_450_File_Image_pjn.jpg,Category:Sleeping babies,File:Image .pjn.jpg,Russostefy,CC BY-SA 4.0,https://commons.wikimedia.org/wiki/File%3AImage_.pjn.jpg,https://thumb.wikimedia.org/wikipedia/commons/thumb/d/df/Image_.pjn.jpg/960px-Image_.pjn.jpg?utm_source=commons.wikimedia.org&utm_campaign=imageinfo&utm_content=thumbnail
sleeping-babies_451_File_In_the_night_market_3664699302.jpg,Category:Sleeping babies,File:In the night market (3664699302).jpg,"Tom Reynolds from Melbourne, Australia",CC BY 2.0,https://commons.wikimedia.org/wiki/File%3AIn_the_night_market_%283664699302%29.jpg,https://thumb.wikimedia.org/wikipedia/commons/thumb/b/b6/In_the_night_market_%283664699302%29.jpg/960px-In_the_night_market_%283664699302%29.jpg?utm_source=commons.wikimedia.org&utm_campaign=imageinfo&utm_content=thumbnail
sleeping-babies_452_File_Incubator_tahrir.jpg,Category:Sleeping babies,File:Incubator-tahrir.jpg,,Public domain,https://commons.wikimedia.org/wiki/File%3AIncubator-tahrir.jpg,https://upload.wikimedia.org/wikipedia/commons/0/0d/Incubator-tahrir.jpg?utm_source=commons.wikimedia.org&utm_campaign=imageinfo&utm_content=thumbnail_unscaled
sleeping-babies_453_File_Infant_SIDS_Tuck_In_Baby.jpg,Category:Sleeping babies,File:Infant SIDS Tuck In Baby.png,BruceBlaus,CC BY-SA 4.0,https://commons.wikimedia.org/wiki/File%3AInfant_SIDS_Tuck_In_Baby.png,https://upload.wikimedia.org/wikipedia/commons/0/09/Infant_SIDS_Tuck_In_Baby.png?utm_source=commons.wikimedia.org&utm_campaign=imageinfo&utm_content=thumbnail_unscaled
sleeping-babies_454_File_It_S_Snuggly_Here_53542876.jpg,Category:Sleeping babies,File:It S Snuggly Here (53542876).jpeg,Dave Robinet,CC BY-SA 3.0,https://commons.wikimedia.org/wiki/File%3AIt_S_Snuggly_Here_%2853542876%29.jpeg,https://thumb.wikimedia.org/wikipedia/commons/thumb/5/5e/It_S_Snuggly_Here_%2853542876%29.jpeg/960px-It_S_Snuggly_Here_%2853542876%29.jpeg?utm_source=commons.wikimedia.org&utm_campaign=imageinfo&utm_content=thumbnail
sleeping-babies_455_File_Kaitlin_Headphones.jpg,Category:Sleeping babies,File:Kaitlin Headphones.JPG,Atchoo420,Public domain,https://commons.wikimedia.org/wiki/File%3AKaitlin_Headphones.JPG,https://thumb.wikimedia.org/wikipedia/commons/thumb/4/42/Kaitlin_Headphones.JPG/960px-Kaitlin_Headphones.JPG?utm_source=commons.wikimedia.org&utm_campaign=imageinfo&utm_content=thumbnail
sleeping-babies_456_File_Kelksemajna_bebo_en_lito_Havano.jpg,Category:Sleeping babies,File:Kelksemajna bebo en lito (Havano).jpg,RG72,CC BY-SA 4.0,https://commons.wikimedia.org/wiki/File%3AKelksemajna_bebo_en_lito_%28Havano%29.jpg,https://thumb.wikimedia.org/wikipedia/commons/thumb/2/2a/Kelksemajna_bebo_en_lito_%28Havano%29.jpg/960px-Kelksemajna_bebo_en_lito_%28Havano%29.jpg?utm_source=commons.wikimedia.org&utm_campaign=imageinfo&utm_content=thumbnail
sleeping-babies_457_File_Knabeto_en_vindoj.jpg,Category:Sleeping babies,File:Knabeto en vindoj.jpg,RG72,CC BY-SA 4.0,https://commons.wikimedia.org/wiki/File%3AKnabeto_en_vindoj.jpg,https://thumb.wikimedia.org/wikipedia/commons/thumb/6/65/Knabeto_en_vindoj.jpg/960px-Knabeto_en_vindoj.jpg?utm_source=commons.wikimedia.org&utm_campaign=imageinfo&utm_content=thumbnail
sleeping-babies_458_File_Laura_Lee_Moreau_2016_Unsplash.jpg,Category:Sleeping babies,File:Laura Lee Moreau 2016 (Unsplash).jpg,Laura Lee Moreau laura_lee,CC0,https://commons.wikimedia.org/wiki/File%3ALaura_Lee_Moreau_2016_%28Unsplash%29.jpg,https://thumb.wikimedia.org/wikipedia/commons/thumb/b/be/Laura_Lee_Moreau_2016_%28Unsplash%29.jpg/960px-Laura_Lee_Moreau_2016_%28Unsplash%29.jpg?utm_source=commons.wikimedia.org&utm_campaign=imageinfo&utm_content=thumbnail
sleeping-babies_459_File_Laura_Uzcategui_De_Russo.jpg,Category:Sleeping babies,File:Laura Uzcategui De Russo.jpg,Russostefy,CC BY-SA 4.0,https://commons.wikimedia.org/wiki/File%3ALaura_Uzcategui_De_Russo.jpg,https://thumb.wikimedia.org/wikipedia/commons/thumb/5/5d/Laura_Uzcategui_De_Russo.jpg/960px-Laura_Uzcategui_De_Russo.jpg?utm_source=commons.wikimedia.org&utm_campaign=imageinfo&utm_content=thumbnail
sleeping-babies_460_File_Le_Trong_Thanh_Lam.jpg,Category:Sleeping babies,File:Le Trong Thanh Lam.PNG,Lê Trọng Lục,CC BY-SA 4.0,https://commons.wikimedia.org/wiki/File%3ALe_Trong_Thanh_Lam.PNG,https://upload.wikimedia.org/wikipedia/commons/1/19/Le_Trong_Thanh_Lam.PNG?utm_source=commons.wikimedia.org&utm_campaign=imageinfo&utm_content=thumbnail_unscaled
sleeping-babies_461_File_Little_Henry_54779060.jpg,Category:Sleeping babies,File:Little Henry (54779060).jpeg,Vanessa Kay,CC BY 3.0,https://commons.wikimedia.org/wiki/File%3ALittle_Henry_%2854779060%29.jpeg,https://thumb.wikimedia.org/wikipedia/commons/thumb/7/72/Little_Henry_%2854779060%29.jpeg/960px-Little_Henry_%2854779060%29.jpeg?utm_source=commons.wikimedia.org&utm_campaign=imageinfo&utm_content=thumbnail
sleeping-babies_462_File_Lo_egin.jpg,Category:Sleeping babies,File:Lo egin.webp,Daniela Dimitrova,CC0,https://commons.wikimedia.org/wiki/File%3ALo_egin.webp,https://upload.wikimedia.org/wikipedia/commons/5/5f/Lo_egin.webp?utm_source=commons.wikimedia.org&utm_campaign=imageinfo&utm_content=thumbnail_unscaled
sleeping-babies_463_File_Love_all_around.jpg,Category:Sleeping babies,File:Love all around.jpg,Damas7damas,CC BY-SA 4.0,https://commons.wikimedia.org/wiki/File%3ALove_all_around.jpg,https://thumb.wikimedia.org/wikipedia/commons/thumb/9/9d/Love_all_around.jpg/960px-Love_all_around.jpg?utm_source=commons.wikimedia.org&utm_campaign=imageinfo&utm_content=thumbnail
sleeping-babies_464_File_Love_cutiee.jpg,Category:Sleeping babies,File:Love cutiee.jpg,IndianAuthorShraddha,CC BY-SA 4.0,https://commons.wikimedia.org/wiki/File%3ALove_cutiee.jpg,https://thumb.wikimedia.org/wikipedia/commons/thumb/f/f5/Love_cutiee.jpg/960px-Love_cutiee.jpg?utm_source=commons.wikimedia.org&utm_campaign=imageinfo&utm_content=thumbnail
sleeping-babies_465_File_LucasSleeping.jpg,Category:Sleeping babies,File:LucasSleeping.JPG,Maria A Rodriguez,CC BY 3.0,https://commons.wikimedia.org/wiki/File%3ALucasSleeping.JPG,https://thumb.wikimedia.org/wikipedia/commons/thumb/2/26/LucasSleeping.JPG/960px-LucasSleeping.JPG?utm_source=commons.wikimedia.org&utm_campaign=imageinfo&utm_content=thumbnail
sleeping-babies_466_File_Lull_baby.jpg,Category:Sleeping babies,File:Lull baby.jpg,Exhausted.jpg: Sarah Katzenell derivative work: Daniel. (talk),CC BY-SA 2.0,https://commons.wikimedia.org/wiki/File%3ALull_baby.jpg,https://upload.wikimedia.org/wikipedia/commons/f/f3/Lull_baby.jpg?utm_source=commons.wikimedia.org&utm_campaign=imageinfo&utm_content=thumbnail_unscaled
sleeping-babies_467_File_Making_this_Big_of_a_Mess_is_Hard_Work.jpg,Category:Sleeping babies,File:Making this Big of a Mess is Hard Work.jpg,Liza from Atlanga,CC BY-SA 2.0,https://commons.wikimedia.org/wiki/File%3AMaking_this_Big_of_a_Mess_is_Hard_Work.jpg,https://upload.wikimedia.org/wikipedia/commons/e/eb/Making_this_Big_of_a_Mess_is_Hard_Work.jpg?utm_source=commons.wikimedia.org&utm_campaign=imageinfo&utm_content=thumbnail_unscaled
sleeping-babies_468_File_Morasko_Poznan_child.jpg,Category:Sleeping babies,"File:Morasko, Poznan, child.JPG",MOs810,CC BY-SA 3.0,https://commons.wikimedia.org/wiki/File%3AMorasko%2C_Poznan%2C_child.JPG,https://thumb.wikimedia.org/wikipedia/commons/thumb/6/6d/Morasko%2C_Poznan%2C_child.JPG/960px-Morasko%2C_Poznan%2C_child.JPG?utm_source=commons.wikimedia.org&utm_campaign=imageinfo&utm_content=thumbnail
sleeping-babies_469_File_Newborn_baby_girl_in_colors_Moscow_Russia.jpg,Category:Sleeping babies,"File:Newborn baby girl in colors, Moscow, Russia.jpg",Vyacheslav Argenberg,CC BY 4.0,https://commons.wikimedia.org/wiki/File%3ANewborn_baby_girl_in_colors%2C_Moscow%2C_Russia.jpg,https://thumb.wikimedia.org/wikipedia/commons/thumb/6/6e/Newborn_baby_girl_in_colors%2C_Moscow%2C_Russia.jpg/960px-Newborn_baby_girl_in_colors%2C_Moscow%2C_Russia.jpg?utm_source=commons.wikimedia.org&utm_campaign=imageinfo&utm_content=thumbnail
sleeping-babies_470_File_Newborn_baby_girl_Infant_Moscow_Russia.jpg,Category:Sleeping babies,"File:Newborn baby girl, Infant, Moscow, Russia.jpg",Vyacheslav Argenberg,CC BY 4.0,https://commons.wikimedia.org/wiki/File%3ANewborn_baby_girl%2C_Infant%2C_Moscow%2C_Russia.jpg,https://thumb.wikimedia.org/wikipedia/commons/thumb/5/59/Newborn_baby_girl%2C_Infant%2C_Moscow%2C_Russia.jpg/960px-Newborn_baby_girl%2C_Infant%2C_Moscow%2C_Russia.jpg?utm_source=commons.wikimedia.org&utm_campaign=imageinfo&utm_content=thumbnail
sleeping-babies_471_File_Newborn_baby_sleeps_in_a_basket.jpg,Category:Sleeping babies,File:Newborn baby sleeps in a basket.jpg,Elizabeth,CC0,https://commons.wikimedia.org/wiki/File%3ANewborn_baby_sleeps_in_a_basket.jpg,https://thumb.wikimedia.org/wikipedia/commons/thumb/f/fe/Newborn_baby_sleeps_in_a_basket.jpg/960px-Newborn_baby_sleeps_in_a_basket.jpg?utm_source=commons.wikimedia.org&utm_campaign=imageinfo&utm_content=thumbnail
sleeping-babies_472_File_Newborn_IMG_1058.jpg,Category:Sleeping babies,File:Newborn IMG 1058.JPG,No machine-readable author provided. Anthere assumed (based on copyright claims).,CC BY 2.5,https://commons.wikimedia.org/wiki/File%3ANewborn_IMG_1058.JPG,https://thumb.wikimedia.org/wikipedia/commons/thumb/b/b9/Newborn_IMG_1058.JPG/960px-Newborn_IMG_1058.JPG?utm_source=commons.wikimedia.org&utm_campaign=imageinfo&utm_content=thumbnail
sleeping-babies_473_File_Newborn_infant_Baby_girl_Moscow_Russia.jpg,Category:Sleeping babies,"File:Newborn infant, Baby girl, Moscow, Russia.jpg",Vyacheslav Argenberg,CC BY 4.0,https://commons.wikimedia.org/wiki/File%3ANewborn_infant%2C_Baby_girl%2C_Moscow%2C_Russia.jpg,https://thumb.wikimedia.org/wikipedia/commons/thumb/2/2e/Newborn_infant%2C_Baby_girl%2C_Moscow%2C_Russia.jpg/960px-Newborn_infant%2C_Baby_girl%2C_Moscow%2C_Russia.jpg?utm_source=commons.wikimedia.org&utm_campaign=imageinfo&utm_content=thumbnail
sleeping-babies_474_File_Newborn_infant_Newborn_baby_girl_Moscow_Russi.jpg,Category:Sleeping babies,"File:Newborn infant, Newborn baby girl, Moscow, Russia.jpg",Vyacheslav Argenberg,CC BY 4.0,https://commons.wikimedia.org/wiki/File%3ANewborn_infant%2C_Newborn_baby_girl%2C_Moscow%2C_Russia.jpg,https://thumb.wikimedia.org/wikipedia/commons/thumb/3/3e/Newborn_infant%2C_Newborn_baby_girl%2C_Moscow%2C_Russia.jpg/960px-Newborn_infant%2C_Newborn_baby_girl%2C_Moscow%2C_Russia.jpg?utm_source=commons.wikimedia.org&utm_campaign=imageinfo&utm_content=thumbnail
sleeping-babies_475_File_NEWBORN_Monument_17_Feb_2013.jpg,Category:Sleeping babies,"File:NEWBORN Monument, 17 Feb 2013.jpg",Karrota,CC BY-SA 3.0,https://commons.wikimedia.org/wiki/File%3ANEWBORN_Monument%2C_17_Feb_2013.jpg,https://thumb.wikimedia.org/wikipedia/commons/thumb/b/be/NEWBORN_Monument%2C_17_Feb_2013.jpg/960px-NEWBORN_Monument%2C_17_Feb_2013.jpg?utm_source=commons.wikimedia.org&utm_campaign=imageinfo&utm_content=thumbnail
sleeping-babies_476_File_Newborn_1328454_1920.jpg,Category:Sleeping babies,File:Newborn-1328454 1920.jpg,Puzzle dop,CC BY-SA 4.0,https://commons.wikimedia.org/wiki/File%3ANewborn-1328454_1920.jpg,https://thumb.wikimedia.org/wikipedia/commons/thumb/a/a7/Newborn-1328454_1920.jpg/960px-Newborn-1328454_1920.jpg?utm_source=commons.wikimedia.org&utm_campaign=imageinfo&utm_content=thumbnail
sleeping-babies_477_File_North_Korea_Maternity_hospital_5015278221.jpg,Category:Sleeping babies,File:North Korea - Maternity hospital (5015278221).jpg,Roman Harak,CC BY-SA 2.0,https://commons.wikimedia.org/wiki/File%3ANorth_Korea_-_Maternity_hospital_%285015278221%29.jpg,https://thumb.wikimedia.org/wikipedia/commons/thumb/6/65/North_Korea_-_Maternity_hospital_%285015278221%29.jpg/960px-North_Korea_-_Maternity_hospital_%285015278221%29.jpg?utm_source=commons.wikimedia.org&utm_campaign=imageinfo&utm_content=thumbnail
sleeping-babies_478_File_Nortoft_Rd_Bournemouth_300509_24280605110.jpg,Category:Sleeping babies,"File:Nortoft Rd, Bournemouth (300509) (24280605110).jpg","Robert Linsdell from St. Andrews, Canada",CC BY 2.0,https://commons.wikimedia.org/wiki/File%3ANortoft_Rd%2C_Bournemouth_%28300509%29_%2824280605110%29.jpg,https://thumb.wikimedia.org/wikipedia/commons/thumb/f/f8/Nortoft_Rd%2C_Bournemouth_%28300509%29_%2824280605110%29.jpg/960px-Nortoft_Rd%2C_Bournemouth_%28300509%29_%2824280605110%29.jpg?utm_source=commons.wikimedia.org&utm_campaign=imageinfo&utm_content=thumbnail
blinking_479_File_0_Quiscalus_niger_2_Greater_Antillean_grackle.jpg,Category:Blinking,"File:0 Quiscalus niger-2 Greater Antillean grackle in Aibonito, Puerto Rico.jpg",Ligocsicnarf89,CC BY 4.0,https://commons.wikimedia.org/wiki/File%3A0_Quiscalus_niger-2_Greater_Antillean_grackle_in_Aibonito%2C_Puerto_Rico.jpg,https://thumb.wikimedia.org/wikipedia/commons/thumb/a/a4/0_Quiscalus_niger-2_Greater_Antillean_grackle_in_Aibonito%2C_Puerto_Rico.jpg/960px-0_Quiscalus_niger-2_Greater_Antillean_grackle_in_Aibonito%2C_Puerto_Rico.jpg?utm_source=commons.wikimedia.org&utm_campaign=imageinfo&utm_content=thumbnail
blinking_480_File_2024_08_19_Event_Th_ringer_Wahlkampftour_Star.jpg,Category:Blinking,"File:2024-08-19 Event, Thüringer Wahlkampftour-Start des BSW in Eisenach STP 3005 by Stepro.jpg",Steffen Prößdorf,CC BY-SA 4.0,https://commons.wikimedia.org/wiki/File%3A2024-08-19_Event%2C_Th%C3%BCringer_Wahlkampftour-Start_des_BSW_in_Eisenach_STP_3005_by_Stepro.jpg,https://thumb.wikimedia.org/wikipedia/commons/thumb/7/70/2024-08-19_Event%2C_Th%C3%BCringer_Wahlkampftour-Start_des_BSW_in_Eisenach_STP_3005_by_Stepro.jpg/960px-2024-08-19_Event%2C_Th%C3%BCringer_Wahlkampftour-Start_des_BSW_in_Eisenach_STP_3005_by_Stepro.jpg?utm_source=commons.wikimedia.org&utm_campaign=imageinfo&utm_content=thumbnail
blinking_481_File_50pMol_2407_1_1.jpg,Category:Blinking,File:50pMol 2407 1 (1).gif,Apalillo,CC BY-SA 3.0,https://commons.wikimedia.org/wiki/File%3A50pMol_2407_1_%281%29.gif,https://upload.wikimedia.org/wikipedia/commons/6/67/50pMol_2407_1_%281%29.gif?utm_source=commons.wikimedia.org&utm_campaign=imageinfo&utm_content=thumbnail_unscaled
blinking_482_File_A_blink_program_through_LED.jpg,Category:Blinking,File:A blink program through LED.gif,Benjamin Tucker,CC BY-SA 3.0,https://commons.wikimedia.org/wiki/File%3AA_blink_program_through_LED.gif,https://upload.wikimedia.org/wikipedia/commons/a/ac/A_blink_program_through_LED.gif?utm_source=commons.wikimedia.org&utm_campaign=imageinfo&utm_content=thumbnail_unscaled
blinking_483_File_Apocalypse_Animated_Whore_reflection3.jpg,Category:Blinking,File:Apocalypse Animated - Whore reflection3.gif,Nina Paley,CC BY-SA 4.0,https://commons.wikimedia.org/wiki/File%3AApocalypse_Animated_-_Whore_reflection3.gif,https://upload.wikimedia.org/wikipedia/commons/4/4d/Apocalypse_Animated_-_Whore_reflection3.gif?utm_source=commons.wikimedia.org&utm_campaign=imageinfo&utm_content=thumbnail_unscaled
blinking_484_File_Bird_blink_edit.jpg,Category:Blinking,File:Bird blink-edit.jpg,Toby Hudson,CC BY-SA 3.0,https://commons.wikimedia.org/wiki/File%3ABird_blink-edit.jpg,https://thumb.wikimedia.org/wikipedia/commons/thumb/d/d0/Bird_blink-edit.jpg/960px-Bird_blink-edit.jpg?utm_source=commons.wikimedia.org&utm_campaign=imageinfo&utm_content=thumbnail
blinking_485_File_Bird_blink_edit2.jpg,Category:Blinking,File:Bird blink-edit2.jpg,Toby Hudson,CC BY-SA 3.0,https://commons.wikimedia.org/wiki/File%3ABird_blink-edit2.jpg,https://upload.wikimedia.org/wikipedia/commons/5/50/Bird_blink-edit2.jpg?utm_source=commons.wikimedia.org&utm_campaign=imageinfo&utm_content=thumbnail_unscaled
blinking_486_File_Bird_blink.jpg,Category:Blinking,File:Bird blink.jpg,Toby Hudson,CC BY-SA 3.0,https://commons.wikimedia.org/wiki/File%3ABird_blink.jpg,https://thumb.wikimedia.org/wikipedia/commons/thumb/6/60/Bird_blink.jpg/960px-Bird_blink.jpg?utm_source=commons.wikimedia.org&utm_campaign=imageinfo&utm_content=thumbnail
blinking_487_File_Blinking_back_into_seeability_4481729232.jpg,Category:Blinking,File:Blinking back into seeability (4481729232).jpg,"TheeErin from Chicago, USA",CC BY-SA 2.0,https://commons.wikimedia.org/wiki/File%3ABlinking_back_into_seeability_%284481729232%29.jpg,https://thumb.wikimedia.org/wikipedia/commons/thumb/a/a4/Blinking_back_into_seeability_%284481729232%29.jpg/960px-Blinking_back_into_seeability_%284481729232%29.jpg?utm_source=commons.wikimedia.org&utm_campaign=imageinfo&utm_content=thumbnail
blinking_488_File_Blinking_has_evolved_repeatedly_cropped.jpg,Category:Blinking,File:Blinking has evolved repeatedly (cropped).jpg,"Aiello BR, Bhamla MS, Gau J, Morris JGL, Bomar K, da Cunha S, Fu H, Laws J, Minoguchi H, Sripathi M, Washington K, Wong G, Shubin NH, Sponberg S, Stewart TA.",CC BY 4.0,https://commons.wikimedia.org/wiki/File%3ABlinking_has_evolved_repeatedly_%28cropped%29.jpg,https://upload.wikimedia.org/wikipedia/commons/d/dc/Blinking_has_evolved_repeatedly_%28cropped%29.jpg?utm_source=commons.wikimedia.org&utm_campaign=imageinfo&utm_content=thumbnail_unscaled
blinking_489_File_Blinking_has_evolved_repeatedly.jpg,Category:Blinking,File:Blinking has evolved repeatedly.jpg,"Aiello BR, Bhamla MS, Gau J, Morris JGL, Bomar K, da Cunha S, Fu H, Laws J, Minoguchi H, Sripathi M, Washington K, Wong G, Shubin NH, Sponberg S, Stewart TA.",CC BY 4.0,https://commons.wikimedia.org/wiki/File%3ABlinking_has_evolved_repeatedly.jpg,https://thumb.wikimedia.org/wikipedia/commons/thumb/2/24/Blinking_has_evolved_repeatedly.jpg/960px-Blinking_has_evolved_repeatedly.jpg?utm_source=commons.wikimedia.org&utm_campaign=imageinfo&utm_content=thumbnail
blinking_490_File_Blinking_in_Upside_Down_Goggles.jpg,Category:Blinking,File:Blinking in Upside Down Goggles.gif,Dmitry HOH,CC BY-SA 4.0,https://commons.wikimedia.org/wiki/File%3ABlinking_in_Upside_Down_Goggles.gif,https://upload.wikimedia.org/wikipedia/commons/2/23/Blinking_in_Upside_Down_Goggles.gif?utm_source=commons.wikimedia.org&utm_campaign=imageinfo&utm_content=thumbnail_unscaled
blinking_491_File_Blinking_Keynote_7993868305.jpg,Category:Blinking,File:Blinking Keynote (7993868305).jpg,"Schezar from New York City, USA",CC BY 2.0,https://commons.wikimedia.org/wiki/File%3ABlinking_Keynote_%287993868305%29.jpg,https://thumb.wikimedia.org/wikipedia/commons/thumb/0/08/Blinking_Keynote_%287993868305%29.jpg/960px-Blinking_Keynote_%287993868305%29.jpg?utm_source=commons.wikimedia.org&utm_campaign=imageinfo&utm_content=thumbnail
blinking_492_File_Blinking_Shiba.jpg,Category:Blinking,File:Blinking Shiba.jpg,Milkomède,CC BY-SA 4.0,https://commons.wikimedia.org/wiki/File%3ABlinking_Shiba.jpg,https://thumb.wikimedia.org/wikipedia/commons/thumb/5/5c/Blinking_Shiba.jpg/960px-Blinking_Shiba.jpg?utm_source=commons.wikimedia.org&utm_campaign=imageinfo&utm_content=thumbnail
blinking_493_File_Blinking.jpg,Category:Blinking,File:Blinking.jpg,Themeramisin,CC0,https://commons.wikimedia.org/wiki/File%3ABlinking.jpg,https://upload.wikimedia.org/wikipedia/commons/3/36/Blinking.jpg?utm_source=commons.wikimedia.org&utm_campaign=imageinfo&utm_content=thumbnail_unscaled
blinking_494_File_Columba_livia_Madrid_Spain_002.jpg,Category:Blinking,"File:Columba livia (Madrid, Spain) 002.jpg",Luis García (Zaqarbal),CC BY-SA 3.0 es,https://commons.wikimedia.org/wiki/File%3AColumba_livia_%28Madrid%2C_Spain%29_002.jpg,https://thumb.wikimedia.org/wikipedia/commons/thumb/7/74/Columba_livia_%28Madrid%2C_Spain%29_002.jpg/960px-Columba_livia_%28Madrid%2C_Spain%29_002.jpg?utm_source=commons.wikimedia.org&utm_campaign=imageinfo&utm_content=thumbnail
blinking_495_File_Edgar_Wright_Blinking_4889955408.jpg,Category:Blinking,File:Edgar Wright Blinking (4889955408).jpg,Chris Jackson,CC BY 2.0,https://commons.wikimedia.org/wiki/File%3AEdgar_Wright_Blinking_%284889955408%29.jpg,https://thumb.wikimedia.org/wikipedia/commons/thumb/0/0c/Edgar_Wright_Blinking_%284889955408%29.jpg/960px-Edgar_Wright_Blinking_%284889955408%29.jpg?utm_source=commons.wikimedia.org&utm_campaign=imageinfo&utm_content=thumbnail
blinking_496_File_Honac_Stopbord_Whelen_LFL_Liberty.jpg,Category:Blinking,File:Honac Stopbord Whelen LFL Liberty.jpg,Venture,CC BY-SA 3.0,https://commons.wikimedia.org/wiki/File%3AHonac_Stopbord_Whelen_LFL_Liberty.jpg,https://thumb.wikimedia.org/wikipedia/commons/thumb/7/7e/Honac_Stopbord_Whelen_LFL_Liberty.jpg/960px-Honac_Stopbord_Whelen_LFL_Liberty.jpg?utm_source=commons.wikimedia.org&utm_campaign=imageinfo&utm_content=thumbnail
blinking_497_File_Jimbo_Blinking.jpg,Category:Blinking,File:Jimbo Blinking.gif,Krimpet,CC BY-SA 2.5,https://commons.wikimedia.org/wiki/File%3AJimbo_Blinking.gif,https://upload.wikimedia.org/wikipedia/commons/b/bd/Jimbo_Blinking.gif?utm_source=commons.wikimedia.org&utm_campaign=imageinfo&utm_content=thumbnail_unscaled
blinking_498_File_Nazi_Lithuanian_poster.jpg,Category:Blinking,File:Nazi Lithuanian poster.jpg,Unknown authorUnknown author,Public domain,https://commons.wikimedia.org/wiki/File%3ANazi_Lithuanian_poster.jpg,https://upload.wikimedia.org/wikipedia/commons/8/87/Nazi_Lithuanian_poster.jpg?utm_source=commons.wikimedia.org&utm_campaign=imageinfo&utm_content=thumbnail_unscaled
blinking_499_File_Oogknipper.jpg,Category:Blinking,File:Oogknipper.gif,Lichaamstaal at Dutch Wikipedia,CC BY-SA 3.0,https://commons.wikimedia.org/wiki/File%3AOogknipper.gif,https://upload.wikimedia.org/wikipedia/commons/4/41/Oogknipper.gif?utm_source=commons.wikimedia.org&utm_campaign=imageinfo&utm_content=thumbnail_unscaled
blinking_500_File_Ralph_Hedley_1848_1913_Blinking_in_the_Sun_TW.jpg,Category:Blinking,"File:Ralph Hedley (1848-1913) - Blinking in the Sun - TWCMS , B6682 - Laing Art Gallery.jpg",Ralph Hedley,Public domain,https://commons.wikimedia.org/wiki/File%3ARalph_Hedley_%281848-1913%29_-_Blinking_in_the_Sun_-_TWCMS_%2C_B6682_-_Laing_Art_Gallery.jpg,https://thumb.wikimedia.org/wikipedia/commons/thumb/f/f4/Ralph_Hedley_%281848-1913%29_-_Blinking_in_the_Sun_-_TWCMS_%2C_B6682_-_Laing_Art_Gallery.jpg/960px-Ralph_Hedley_%281848-1913%29_-_Blinking_in_the_Sun_-_TWCMS_%2C_B6682_-_Laing_Art_Gallery.jpg?utm_source=commons.wikimedia.org&utm_campaign=imageinfo&utm_content=thumbnail
blinking_501_File_Zygmunt_Bauman.jpg,Category:Blinking,File:Zygmunt Bauman.jpg,official photo from personal file,Public domain,https://commons.wikimedia.org/wiki/File%3AZygmunt_Bauman.jpg,https://upload.wikimedia.org/wikipedia/commons/6/65/Zygmunt_Bauman.jpg?utm_source=commons.wikimedia.org&utm_campaign=imageinfo&utm_content=thumbnail_unscaled
meditation_502_File_170_Jain_Tirthankars.jpg,Category:Meditation,File:170 Jain Tirthankars.jpg,Helenhgj,CC BY-SA 4.0,https://commons.wikimedia.org/wiki/File%3A170_Jain_Tirthankars.jpg,https://upload.wikimedia.org/wikipedia/commons/1/11/170_Jain_Tirthankars.jpg?utm_source=commons.wikimedia.org&utm_campaign=imageinfo&utm_content=thumbnail_unscaled
meditation_503_File_213_Mystical_Gates_x250.jpg,Category:Meditation,File:213 Mystical Gates x250.jpg,Bondigoldwiki,CC0,https://commons.wikimedia.org/wiki/File%3A213_Mystical_Gates_x250.jpg,https://upload.wikimedia.org/wikipedia/commons/e/ec/213_Mystical_Gates_x250.jpg?utm_source=commons.wikimedia.org&utm_campaign=imageinfo&utm_content=thumbnail_unscaled
meditation_504_File_213_Mystical_Gates_x600.jpg,Category:Meditation,File:213 Mystical Gates x600.jpg,Bondigoldwiki,CC0,https://commons.wikimedia.org/wiki/File%3A213_Mystical_Gates_x600.jpg,https://upload.wikimedia.org/wikipedia/commons/0/0e/213_Mystical_Gates_x600.jpg?utm_source=commons.wikimedia.org&utm_campaign=imageinfo&utm_content=thumbnail_unscaled
meditation_505_File_3231_Roma_Santa_Maria_degli_Angeli_Meditazion.jpg,Category:Meditation,File:3231 - Roma - Santa Maria degli Angeli - Meditazione e Preghiera - Foto G. Dall'Orto 17-June-2007.jpg,G.dallorto,CC BY-SA 2.5 it,https://commons.wikimedia.org/wiki/File%3A3231_-_Roma_-_Santa_Maria_degli_Angeli_-_Meditazione_e_Preghiera_-_Foto_G._Dall%27Orto_17-June-2007.jpg,https://thumb.wikimedia.org/wikipedia/commons/thumb/5/5c/3231_-_Roma_-_Santa_Maria_degli_Angeli_-_Meditazione_e_Preghiera_-_Foto_G._Dall%27Orto_17-June-2007.jpg/960px-3231_-_Roma_-_Santa_Maria_degli_Angeli_-_Meditazione_e_Preghiera_-_Foto_G._Dall%27Orto_17-June-2007.jpg?utm_source=commons.wikimedia.org&utm_campaign=imageinfo&utm_content=thumbnail
meditation_506_File_5_steps_to_a_happier_life.jpg,Category:Meditation,File:5 steps to a happier life.jpg,LeoRomero,CC BY-SA 3.0,https://commons.wikimedia.org/wiki/File%3A5_steps_to_a_happier_life.jpg,https://thumb.wikimedia.org/wikipedia/commons/thumb/9/9c/5_steps_to_a_happier_life.jpg/960px-5_steps_to_a_happier_life.jpg?utm_source=commons.wikimedia.org&utm_campaign=imageinfo&utm_content=thumbnail
meditation_507_File_A_momen_ts_rest_4469868801.jpg,Category:Meditation,File:A momen'ts rest .. (4469868801).jpg,"Earth-Bound Misfit, I",CC BY 2.0,https://commons.wikimedia.org/wiki/File%3AA_momen%27ts_rest_.._%284469868801%29.jpg,https://thumb.wikimedia.org/wikipedia/commons/thumb/d/d1/A_momen%27ts_rest_.._%284469868801%29.jpg/960px-A_momen%27ts_rest_.._%284469868801%29.jpg?utm_source=commons.wikimedia.org&utm_campaign=imageinfo&utm_content=thumbnail
meditation_508_File_A_musing_morning_at_High_Camp.jpg,Category:Meditation,File:A musing morning at High Camp.jpg,Anusandhan Pokhrel,CC BY-SA 4.0,https://commons.wikimedia.org/wiki/File%3AA_musing_morning_at_High_Camp.jpg,https://thumb.wikimedia.org/wikipedia/commons/thumb/8/88/A_musing_morning_at_High_Camp.jpg/960px-A_musing_morning_at_High_Camp.jpg?utm_source=commons.wikimedia.org&utm_campaign=imageinfo&utm_content=thumbnail
meditation_509_File_A_practiced_ritual_of_coming_home_to_self.jpg,Category:Meditation,File:A practiced ritual of coming home to self.jpg,Rasheedhrasheed,CC BY-SA 4.0,https://commons.wikimedia.org/wiki/File%3AA_practiced_ritual_of_coming_home_to_self.jpg,https://thumb.wikimedia.org/wikipedia/commons/thumb/b/bb/A_practiced_ritual_of_coming_home_to_self.jpg/960px-A_practiced_ritual_of_coming_home_to_self.jpg?utm_source=commons.wikimedia.org&utm_campaign=imageinfo&utm_content=thumbnail
meditation_510_File_A_relief_depicting_seven_postures_of_meditati.jpg,Category:Meditation,"File:A relief depicting seven postures of meditation, near Dhamekh Stupa, Sarnath.jpg",BOMBMAN,CC BY 2.0,https://commons.wikimedia.org/wiki/File%3AA_relief_depicting_seven_postures_of_meditation%2C_near_Dhamekh_Stupa%2C_Sarnath.jpg,https://upload.wikimedia.org/wikipedia/commons/8/85/A_relief_depicting_seven_postures_of_meditation%2C_near_Dhamekh_Stupa%2C_Sarnath.jpg?utm_source=commons.wikimedia.org&utm_campaign=imageinfo&utm_content=thumbnail_unscaled
meditation_511_File_A_small_ritual.jpg,Category:Meditation,File:A small ritual.jpg,Rasheedhrasheed,CC BY-SA 4.0,https://commons.wikimedia.org/wiki/File%3AA_small_ritual.jpg,https://thumb.wikimedia.org/wikipedia/commons/thumb/4/44/A_small_ritual.jpg/960px-A_small_ritual.jpg?utm_source=commons.wikimedia.org&utm_campaign=imageinfo&utm_content=thumbnail
meditation_512_File_A_traveler_lost_in_meditation_in_Meghalaya.jpg,Category:Meditation,File:A traveler lost in meditation in Meghalaya.jpg,Inu Etc,CC BY 4.0,https://commons.wikimedia.org/wiki/File%3AA_traveler_lost_in_meditation_in_Meghalaya.jpg,https://thumb.wikimedia.org/wikipedia/commons/thumb/0/02/A_traveler_lost_in_meditation_in_Meghalaya.jpg/960px-A_traveler_lost_in_meditation_in_Meghalaya.jpg?utm_source=commons.wikimedia.org&utm_campaign=imageinfo&utm_content=thumbnail
meditation_513_File_Acharavadee_Wongsakon_KBO_Climate_Change.jpg,Category:Meditation,File:Acharavadee Wongsakon KBO Climate Change.jpg,Apanee Wongsakon,CC BY-SA 4.0,https://commons.wikimedia.org/wiki/File%3AAcharavadee_Wongsakon_KBO_Climate_Change.jpg,https://thumb.wikimedia.org/wikipedia/commons/thumb/3/3e/Acharavadee_Wongsakon_KBO_Climate_Change.jpg/960px-Acharavadee_Wongsakon_KBO_Climate_Change.jpg?utm_source=commons.wikimedia.org&utm_campaign=imageinfo&utm_content=thumbnail
meditation_514_File_Acharya_Nagarjuna_Buddavanam_Nagarjuna_sagar.jpg,Category:Meditation,File:Acharya Nagarjuna Buddavanam Nagarjuna sagar 2.jpg,Verginmind,CC0,https://commons.wikimedia.org/wiki/File%3AAcharya_Nagarjuna_Buddavanam_Nagarjuna_sagar_2.jpg,https://thumb.wikimedia.org/wikipedia/commons/thumb/a/a5/Acharya_Nagarjuna_Buddavanam_Nagarjuna_sagar_2.jpg/960px-Acharya_Nagarjuna_Buddavanam_Nagarjuna_sagar_2.jpg?utm_source=commons.wikimedia.org&utm_campaign=imageinfo&utm_content=thumbnail
meditation_515_File_Adhyatma_Vigyan_Satsang_Kendra_Jodhpur.jpg,Category:Meditation,"File:Adhyatma Vigyan Satsang Kendra, Jodhpur.jpg",Radhikasaloni,CC BY-SA 4.0,https://commons.wikimedia.org/wiki/File%3AAdhyatma_Vigyan_Satsang_Kendra%2C_Jodhpur.jpg,https://thumb.wikimedia.org/wikipedia/commons/thumb/c/cb/Adhyatma_Vigyan_Satsang_Kendra%2C_Jodhpur.jpg/960px-Adhyatma_Vigyan_Satsang_Kendra%2C_Jodhpur.jpg?utm_source=commons.wikimedia.org&utm_campaign=imageinfo&utm_content=thumbnail
meditation_516_File_Ananda_Village_entrance.jpg,Category:Meditation,File:Ananda Village entrance.jpg,Cullen328,CC BY-SA 4.0,https://commons.wikimedia.org/wiki/File%3AAnanda_Village_entrance.jpg,https://thumb.wikimedia.org/wikipedia/commons/thumb/7/7c/Ananda_Village_entrance.jpg/960px-Ananda_Village_entrance.jpg?utm_source=commons.wikimedia.org&utm_campaign=imageinfo&utm_content=thumbnail
meditation_517_File_Autumn_in_Abuja.jpg,Category:Meditation,File:Autumn in Abuja.jpg,Kevin Oche,CC BY-SA 4.0,https://commons.wikimedia.org/wiki/File%3AAutumn_in_Abuja.jpg,https://upload.wikimedia.org/wikipedia/commons/e/ee/Autumn_in_Abuja.jpg?utm_source=commons.wikimedia.org&utm_campaign=imageinfo&utm_content=thumbnail_unscaled
meditation_518_File_Moine_en_pri_re_NYPL_b14922539_1218161.jpg,Category:Meditation,File:Moine en prière (NYPL b14922539-1218161).jpg,Scan by NYPL,Public domain,https://commons.wikimedia.org/wiki/File%3AMoine_en_pri%C3%A8re_%28NYPL_b14922539-1218161%29.jpg,https://thumb.wikimedia.org/wikipedia/commons/thumb/3/39/Moine_en_pri%C3%A8re_%28NYPL_b14922539-1218161%29.jpg/960px-Moine_en_pri%C3%A8re_%28NYPL_b14922539-1218161%29.jpg?utm_source=commons.wikimedia.org&utm_campaign=imageinfo&utm_content=thumbnail
meditation_519_File_Moine_en_pri_re_NYPL_b14922539_1218162.jpg,Category:Meditation,File:Moine en prière (NYPL b14922539-1218162).jpg,Scan by NYPL,Public domain,https://commons.wikimedia.org/wiki/File%3AMoine_en_pri%C3%A8re_%28NYPL_b14922539-1218162%29.jpg,https://thumb.wikimedia.org/wikipedia/commons/thumb/5/5e/Moine_en_pri%C3%A8re_%28NYPL_b14922539-1218162%29.jpg/960px-Moine_en_pri%C3%A8re_%28NYPL_b14922539-1218162%29.jpg?utm_source=commons.wikimedia.org&utm_campaign=imageinfo&utm_content=thumbnail
meditation_520_File_Moine_en_pri_re_NYPL_b14922539_1218163.jpg,Category:Meditation,File:Moine en prière (NYPL b14922539-1218163).jpg,Scan by NYPL,Public domain,https://commons.wikimedia.org/wiki/File%3AMoine_en_pri%C3%A8re_%28NYPL_b14922539-1218163%29.jpg,https://thumb.wikimedia.org/wikipedia/commons/thumb/6/6c/Moine_en_pri%C3%A8re_%28NYPL_b14922539-1218163%29.jpg/960px-Moine_en_pri%C3%A8re_%28NYPL_b14922539-1218163%29.jpg?utm_source=commons.wikimedia.org&utm_campaign=imageinfo&utm_content=thumbnail
meditation_521_File_Moine_en_pri_re_NYPL_b14922539_1218161.jpg,Category:Meditation,File:Moine en prière (NYPL b14922539-1218161).tiff,Scan by NYPL,Public domain,https://commons.wikimedia.org/wiki/File%3AMoine_en_pri%C3%A8re_%28NYPL_b14922539-1218161%29.tiff,https://thumb.wikimedia.org/wikipedia/commons/thumb/8/89/Moine_en_pri%C3%A8re_%28NYPL_b14922539-1218161%29.tiff/lossy-page1-960px-Moine_en_pri%C3%A8re_%28NYPL_b14922539-1218161%29.tiff.jpg?utm_source=commons.wikimedia.org&utm_campaign=imageinfo&utm_content=thumbnail
meditation_522_File_Moine_en_pri_re_NYPL_b14922539_1218162.jpg,Category:Meditation,File:Moine en prière (NYPL b14922539-1218162).tiff,Scan by NYPL,Public domain,https://commons.wikimedia.org/wiki/File%3AMoine_en_pri%C3%A8re_%28NYPL_b14922539-1218162%29.tiff,https://thumb.wikimedia.org/wikipedia/commons/thumb/d/de/Moine_en_pri%C3%A8re_%28NYPL_b14922539-1218162%29.tiff/lossy-page1-960px-Moine_en_pri%C3%A8re_%28NYPL_b14922539-1218162%29.tiff.jpg?utm_source=commons.wikimedia.org&utm_campaign=imageinfo&utm_content=thumbnail
meditation_523_File_Moine_en_pri_re_NYPL_b14922539_1218163.jpg,Category:Meditation,File:Moine en prière (NYPL b14922539-1218163).tiff,Scan by NYPL,Public domain,https://commons.wikimedia.org/wiki/File%3AMoine_en_pri%C3%A8re_%28NYPL_b14922539-1218163%29.tiff,https://thumb.wikimedia.org/wikipedia/commons/thumb/5/5a/Moine_en_pri%C3%A8re_%28NYPL_b14922539-1218163%29.tiff/lossy-page1-960px-Moine_en_pri%C3%A8re_%28NYPL_b14922539-1218163%29.tiff.jpg?utm_source=commons.wikimedia.org&utm_campaign=imageinfo&utm_content=thumbnail
meditation_524_File_Baba_s_House_Avatars_Abode.jpg,Category:Meditation,File:Baba's House Avatars Abode.jpg,No-More-Religion,CC BY-SA 3.0,https://commons.wikimedia.org/wiki/File%3ABaba%27s_House_Avatars_Abode.jpg,https://thumb.wikimedia.org/wikipedia/commons/thumb/b/bd/Baba%27s_House_Avatars_Abode.jpg/960px-Baba%27s_House_Avatars_Abode.jpg?utm_source=commons.wikimedia.org&utm_campaign=imageinfo&utm_content=thumbnail
meditation_525_File_Bairinji_Zendo.jpg,Category:Meditation,File:Bairinji Zendo.jpg,Lepke99,CC BY 4.0,https://commons.wikimedia.org/wiki/File%3ABairinji_Zendo.jpg,https://upload.wikimedia.org/wikipedia/commons/1/11/Bairinji_Zendo.jpg?utm_source=commons.wikimedia.org&utm_campaign=imageinfo&utm_content=thumbnail_unscaled
meditation_526_File_Banyan_tree_in_meditation_Paliem_Goa_India.jpg,Category:Meditation,"File:Banyan tree in meditation, Paliem, Goa, India.jpg",Vyacheslav Argenberg,CC BY 4.0,https://commons.wikimedia.org/wiki/File%3ABanyan_tree_in_meditation%2C_Paliem%2C_Goa%2C_India.jpg,https://thumb.wikimedia.org/wikipedia/commons/thumb/1/1b/Banyan_tree_in_meditation%2C_Paliem%2C_Goa%2C_India.jpg/960px-Banyan_tree_in_meditation%2C_Paliem%2C_Goa%2C_India.jpg?utm_source=commons.wikimedia.org&utm_campaign=imageinfo&utm_content=thumbnail
meditation_527_File_Banyan_tree_in_meditation_Yogi_in_meditation.jpg,Category:Meditation,"File:Banyan tree in meditation, Yogi in meditation, Paliem, Goa, India.jpg",Vyacheslav Argenberg,CC BY 4.0,https://commons.wikimedia.org/wiki/File%3ABanyan_tree_in_meditation%2C_Yogi_in_meditation%2C_Paliem%2C_Goa%2C_India.jpg,https://thumb.wikimedia.org/wikipedia/commons/thumb/a/a0/Banyan_tree_in_meditation%2C_Yogi_in_meditation%2C_Paliem%2C_Goa%2C_India.jpg/960px-Banyan_tree_in_meditation%2C_Yogi_in_meditation%2C_Paliem%2C_Goa%2C_India.jpg?utm_source=commons.wikimedia.org&utm_campaign=imageinfo&utm_content=thumbnail
meditation_528_File_Banyan_tree_in_meditation_Yogi_Sadhu_Paliem_G.jpg,Category:Meditation,"File:Banyan tree in meditation, Yogi, Sadhu, Paliem, Goa, India.jpg",Vyacheslav Argenberg,CC BY 4.0,https://commons.wikimedia.org/wiki/File%3ABanyan_tree_in_meditation%2C_Yogi%2C_Sadhu%2C_Paliem%2C_Goa%2C_India.jpg,https://thumb.wikimedia.org/wikipedia/commons/thumb/f/f8/Banyan_tree_in_meditation%2C_Yogi%2C_Sadhu%2C_Paliem%2C_Goa%2C_India.jpg/960px-Banyan_tree_in_meditation%2C_Yogi%2C_Sadhu%2C_Paliem%2C_Goa%2C_India.jpg?utm_source=commons.wikimedia.org&utm_campaign=imageinfo&utm_content=thumbnail
meditation_529_File_Bgsmeditation.jpg,Category:Meditation,File:Bgsmeditation.jpg,Gakuro,CC BY-SA 3.0,https://commons.wikimedia.org/wiki/File%3ABgsmeditation.jpg,https://thumb.wikimedia.org/wikipedia/commons/thumb/a/aa/Bgsmeditation.jpg/960px-Bgsmeditation.jpg?utm_source=commons.wikimedia.org&utm_campaign=imageinfo&utm_content=thumbnail
meditation_530_File_Bhyragai_Vairagya.jpg,Category:Meditation,File:Bhyragai - Vairagya -..jpg,Day &amp; Son -- Lithographer,Public domain,https://commons.wikimedia.org/wiki/File%3ABhyragai_-_Vairagya_-..jpg,https://upload.wikimedia.org/wikipedia/commons/0/07/Bhyragai_-_Vairagya_-..jpg?utm_source=commons.wikimedia.org&utm_campaign=imageinfo&utm_content=thumbnail_unscaled
meditation_531_File_Buddha_in_Dhyana_Mudra_flanked_by_attendants.jpg,Category:Meditation,"File:Buddha in Dhyana Mudra flanked by attendants, The Great Stupa, Sanchi.jpg",SpeakingArch,CC BY-SA 4.0,https://commons.wikimedia.org/wiki/File%3ABuddha_in_Dhyana_Mudra_flanked_by_attendants%2C_The_Great_Stupa%2C_Sanchi.jpg,https://upload.wikimedia.org/wikipedia/commons/e/e2/Buddha_in_Dhyana_Mudra_flanked_by_attendants%2C_The_Great_Stupa%2C_Sanchi.jpg?utm_source=commons.wikimedia.org&utm_campaign=imageinfo&utm_content=thumbnail_unscaled
meditation_532_File_Buddha_seated_in_meditation_circa_400_500_CE.jpg,Category:Meditation,"File:Buddha seated in meditation, circa 400-500 CE, Gupta Period.jpg",SpeakingArch,CC BY-SA 4.0,https://commons.wikimedia.org/wiki/File%3ABuddha_seated_in_meditation%2C_circa_400-500_CE%2C_Gupta_Period.jpg,https://thumb.wikimedia.org/wikipedia/commons/thumb/9/99/Buddha_seated_in_meditation%2C_circa_400-500_CE%2C_Gupta_Period.jpg/960px-Buddha_seated_in_meditation%2C_circa_400-500_CE%2C_Gupta_Period.jpg?utm_source=commons.wikimedia.org&utm_campaign=imageinfo&utm_content=thumbnail
meditation_533_File_Buddha_topview.jpg,Category:Meditation,File:Buddha topview.jpg,Honey Kochphon Onshawee,CC0,https://commons.wikimedia.org/wiki/File%3ABuddha_topview.jpg,https://thumb.wikimedia.org/wikipedia/commons/thumb/2/27/Buddha_topview.jpg/960px-Buddha_topview.jpg?utm_source=commons.wikimedia.org&utm_campaign=imageinfo&utm_content=thumbnail
meditation_534_File_Budhha_in_Dhyana_Mudra_The_Great_Stupa_Sanchi.jpg,Category:Meditation,"File:Budhha in Dhyana Mudra The Great Stupa, Sanchi.jpg",SpeakingArch,CC BY-SA 4.0,https://commons.wikimedia.org/wiki/File%3ABudhha_in_Dhyana_Mudra_The_Great_Stupa%2C_Sanchi.jpg,https://upload.wikimedia.org/wikipedia/commons/1/1e/Budhha_in_Dhyana_Mudra_The_Great_Stupa%2C_Sanchi.jpg?utm_source=commons.wikimedia.org&utm_campaign=imageinfo&utm_content=thumbnail_unscaled
meditation_535_File_Budhha_in_Dhyana_Mudra_The_Great_Stupa_Sanchi.jpg,Category:Meditation,"File:Budhha in Dhyana Mudra, The Great Stupa, Sanchi.jpg",SpeakingArch,CC BY-SA 4.0,https://commons.wikimedia.org/wiki/File%3ABudhha_in_Dhyana_Mudra%2C_The_Great_Stupa%2C_Sanchi.jpg,https://thumb.wikimedia.org/wikipedia/commons/thumb/6/6f/Budhha_in_Dhyana_Mudra%2C_The_Great_Stupa%2C_Sanchi.jpg/960px-Budhha_in_Dhyana_Mudra%2C_The_Great_Stupa%2C_Sanchi.jpg?utm_source=commons.wikimedia.org&utm_campaign=imageinfo&utm_content=thumbnail
meditation_536_File_Calm_the_storm_within.jpg,Category:Meditation,File:Calm the storm within.jpg,Rasheedhrasheed,CC BY-SA 4.0,https://commons.wikimedia.org/wiki/File%3ACalm_the_storm_within.jpg,https://thumb.wikimedia.org/wikipedia/commons/thumb/b/b1/Calm_the_storm_within.jpg/960px-Calm_the_storm_within.jpg?utm_source=commons.wikimedia.org&utm_campaign=imageinfo&utm_content=thumbnail
meditation_537_File_Certificate_of_improvement_of_diabetic_condit.jpg,Category:Meditation,File:Certificate of improvement of diabetic condition through Samarpan mediation.jpg,Indian Red cross society,CC BY-SA 4.0,https://commons.wikimedia.org/wiki/File%3ACertificate_of_improvement_of_diabetic_condition_through_Samarpan_mediation.jpg,https://thumb.wikimedia.org/wikipedia/commons/thumb/2/2b/Certificate_of_improvement_of_diabetic_condition_through_Samarpan_mediation.jpg/960px-Certificate_of_improvement_of_diabetic_condition_through_Samarpan_mediation.jpg?utm_source=commons.wikimedia.org&utm_campaign=imageinfo&utm_content=thumbnail
meditation_538_File_Chakra_Rainbow_Colors.jpg,Category:Meditation,File:Chakra Rainbow Colors.jpg,Bondigoldwiki,CC0,https://commons.wikimedia.org/wiki/File%3AChakra_Rainbow_Colors.jpg,https://thumb.wikimedia.org/wikipedia/commons/thumb/d/dc/Chakra_Rainbow_Colors.jpg/960px-Chakra_Rainbow_Colors.jpg?utm_source=commons.wikimedia.org&utm_campaign=imageinfo&utm_content=thumbnail
meditation_539_File_Chorriya_Town_Meditation_Center.jpg,Category:Meditation,File:Chorriya Town Meditation Center.png,SonRash,CC BY-SA 4.0,https://commons.wikimedia.org/wiki/File%3AChorriya_Town_Meditation_Center.png,https://thumb.wikimedia.org/wikipedia/commons/thumb/b/b4/Chorriya_Town_Meditation_Center.png/960px-Chorriya_Town_Meditation_Center.png?utm_source=commons.wikimedia.org&utm_campaign=imageinfo&utm_content=thumbnail
meditation_540_File_Cible_meditation_Sarbacana.jpg,Category:Meditation,File:Cible meditation Sarbacana.jpg,Michel-Laurent Dioptaz,CC BY 3.0,https://commons.wikimedia.org/wiki/File%3ACible_meditation_Sarbacana.jpg,https://upload.wikimedia.org/wikipedia/commons/8/81/Cible_meditation_Sarbacana.jpg?utm_source=commons.wikimedia.org&utm_campaign=imageinfo&utm_content=thumbnail_unscaled
meditation_541_File_Cuadro_metodos_psicoterapia_autogena.jpg,Category:Meditation,File:Cuadro metodos psicoterapia autogena.PNG,Jose Luis Gonzalez de Rivera,CC BY-SA 3.0,https://commons.wikimedia.org/wiki/File%3ACuadro_metodos_psicoterapia_autogena.PNG,https://upload.wikimedia.org/wikipedia/commons/e/ef/Cuadro_metodos_psicoterapia_autogena.PNG?utm_source=commons.wikimedia.org&utm_campaign=imageinfo&utm_content=thumbnail_unscaled
meditation_542_File_CuboZen.jpg,Category:Meditation,File:CuboZen.jpg,Emilianogreco,CC BY-SA 4.0,https://commons.wikimedia.org/wiki/File%3ACuboZen.jpg,https://thumb.wikimedia.org/wikipedia/commons/thumb/2/25/CuboZen.jpg/960px-CuboZen.jpg?utm_source=commons.wikimedia.org&utm_campaign=imageinfo&utm_content=thumbnail
meditation_543_File_Dan_Hadani_collection_990048253260205171.jpg,Category:Meditation,File:Dan Hadani collection (990048253260205171).jpg,Israel Press and Photo Agency (I.P.P.A.) photographer,CC BY 4.0,https://commons.wikimedia.org/wiki/File%3ADan_Hadani_collection_%28990048253260205171%29.jpg,https://thumb.wikimedia.org/wikipedia/commons/thumb/5/59/Dan_Hadani_collection_%28990048253260205171%29.jpg/960px-Dan_Hadani_collection_%28990048253260205171%29.jpg?utm_source=commons.wikimedia.org&utm_campaign=imageinfo&utm_content=thumbnail
meditation_544_File_Dan_Hadani_collection_990048253270205171.jpg,Category:Meditation,File:Dan Hadani collection (990048253270205171).jpg,Israel Press and Photo Agency (I.P.P.A.) photographer,CC BY 4.0,https://commons.wikimedia.org/wiki/File%3ADan_Hadani_collection_%28990048253270205171%29.jpg,https://thumb.wikimedia.org/wikipedia/commons/thumb/b/b7/Dan_Hadani_collection_%28990048253270205171%29.jpg/960px-Dan_Hadani_collection_%28990048253270205171%29.jpg?utm_source=commons.wikimedia.org&utm_campaign=imageinfo&utm_content=thumbnail
meditation_545_File_Dan_Hadani_collection_990048253280205171.jpg,Category:Meditation,File:Dan Hadani collection (990048253280205171).jpg,Israel Press and Photo Agency (I.P.P.A.) photographer,CC BY 4.0,https://commons.wikimedia.org/wiki/File%3ADan_Hadani_collection_%28990048253280205171%29.jpg,https://thumb.wikimedia.org/wikipedia/commons/thumb/d/d9/Dan_Hadani_collection_%28990048253280205171%29.jpg/960px-Dan_Hadani_collection_%28990048253280205171%29.jpg?utm_source=commons.wikimedia.org&utm_campaign=imageinfo&utm_content=thumbnail
meditation_546_File_Deep_meditation_in_forest.jpg,Category:Meditation,File:Deep meditation in forest.jpg,intergalactic Passenger,CC BY-SA 4.0,https://commons.wikimedia.org/wiki/File%3ADeep_meditation_in_forest.jpg,https://thumb.wikimedia.org/wikipedia/commons/thumb/e/e8/Deep_meditation_in_forest.jpg/960px-Deep_meditation_in_forest.jpg?utm_source=commons.wikimedia.org&utm_campaign=imageinfo&utm_content=thumbnail
meditation_547_File_Meditacao_para_tod_s_en.jpg,Category:Meditation,File:Meditacao para tod@s - en.svg,"Eugenio Hansen, OFS , picture by Karoly Czifra",CC BY-SA 3.0,https://commons.wikimedia.org/wiki/File%3AMeditacao_para_tod%40s_-_en.svg,https://thumb.wikimedia.org/wikipedia/commons/thumb/c/c4/Meditacao_para_tod%40s_-_en.svg/960px-Meditacao_para_tod%40s_-_en.svg.png?utm_source=commons.wikimedia.org&utm_campaign=imageinfo&utm_content=thumbnail
meditation_548_File_Meditacao_para_tod_s_es.jpg,Category:Meditation,File:Meditacao para tod@s - es.svg,"Eugenio Hansen, OFS , picture by Karoly Czifra",CC BY-SA 3.0,https://commons.wikimedia.org/wiki/File%3AMeditacao_para_tod%40s_-_es.svg,https://thumb.wikimedia.org/wikipedia/commons/thumb/6/6b/Meditacao_para_tod%40s_-_es.svg/960px-Meditacao_para_tod%40s_-_es.svg.png?utm_source=commons.wikimedia.org&utm_campaign=imageinfo&utm_content=thumbnail
meditation_549_File_Meditacao_para_tod_s_fr.jpg,Category:Meditation,File:Meditacao para tod@s - fr.svg,"Eugenio Hansen, OFS , picture by Karoly Czifra",CC BY-SA 3.0,https://commons.wikimedia.org/wiki/File%3AMeditacao_para_tod%40s_-_fr.svg,https://thumb.wikimedia.org/wikipedia/commons/thumb/5/53/Meditacao_para_tod%40s_-_fr.svg/960px-Meditacao_para_tod%40s_-_fr.svg.png?utm_source=commons.wikimedia.org&utm_campaign=imageinfo&utm_content=thumbnail
meditation_550_File_Meditacao_para_tod_s_it.jpg,Category:Meditation,File:Meditacao para tod@s - it.svg,"Eugenio Hansen, OFS , picture by Karoly Czifra",CC BY-SA 3.0,https://commons.wikimedia.org/wiki/File%3AMeditacao_para_tod%40s_-_it.svg,https://thumb.wikimedia.org/wikipedia/commons/thumb/2/2c/Meditacao_para_tod%40s_-_it.svg/960px-Meditacao_para_tod%40s_-_it.svg.png?utm_source=commons.wikimedia.org&utm_campaign=imageinfo&utm_content=thumbnail
meditation_551_File_Meditacao_para_tod_s_pt.jpg,Category:Meditation,File:Meditacao para tod@s - pt.svg,"Eugenio Hansen, OFS , picture by Karoly Czifra",CC BY-SA 3.0,https://commons.wikimedia.org/wiki/File%3AMeditacao_para_tod%40s_-_pt.svg,https://thumb.wikimedia.org/wikipedia/commons/thumb/6/63/Meditacao_para_tod%40s_-_pt.svg/960px-Meditacao_para_tod%40s_-_pt.svg.png?utm_source=commons.wikimedia.org&utm_campaign=imageinfo&utm_content=thumbnail
meditation_552_File_Meditacao_para_tod_s_00_pt.jpg,Category:Meditation,File:Meditacao para tod@s 00 - pt.svg,"Eugenio Hansen, OFS , picture by Karoly Czifra",CC BY-SA 3.0,https://commons.wikimedia.org/wiki/File%3AMeditacao_para_tod%40s_00_-_pt.svg,https://thumb.wikimedia.org/wikipedia/commons/thumb/5/5a/Meditacao_para_tod%40s_00_-_pt.svg/960px-Meditacao_para_tod%40s_00_-_pt.svg.png?utm_source=commons.wikimedia.org&utm_campaign=imageinfo&utm_content=thumbnail
meditation_553_File_Meditacao_para_tod_s_000_pt.jpg,Category:Meditation,File:Meditacao para tod@s 000- pt.svg,"Eugenio Hansen, OFS , picture by Karoly Czifra",CC BY-SA 3.0,https://commons.wikimedia.org/wiki/File%3AMeditacao_para_tod%40s_000-_pt.svg,https://thumb.wikimedia.org/wikipedia/commons/thumb/a/ad/Meditacao_para_tod%40s_000-_pt.svg/960px-Meditacao_para_tod%40s_000-_pt.svg.png?utm_source=commons.wikimedia.org&utm_campaign=imageinfo&utm_content=thumbnail
meditation_554_File_Dharma_Primary_School_Children_Meditating_201.jpg,Category:Meditation,File:Dharma Primary School - Children Meditating 2015.jpg,DharmaBN1,CC BY-SA 4.0,https://commons.wikimedia.org/wiki/File%3ADharma_Primary_School_-_Children_Meditating_2015.jpg,https://thumb.wikimedia.org/wikipedia/commons/thumb/d/d6/Dharma_Primary_School_-_Children_Meditating_2015.jpg/960px-Dharma_Primary_School_-_Children_Meditating_2015.jpg?utm_source=commons.wikimedia.org&utm_campaign=imageinfo&utm_content=thumbnail
meditation_555_File_Diafragma_ademhaling_mr.jpg,Category:Meditation,File:Diafragma ademhaling mr.gif,Diafragma_ademhaling.gif: The original uploader was Brbbl at Dutch Wikipedia. (Original text: brbbl brbbl 23 dec 2007 16:53 (CET)),CC BY-SA 3.0,https://commons.wikimedia.org/wiki/File%3ADiafragma_ademhaling_mr.gif,https://upload.wikimedia.org/wikipedia/commons/c/c0/Diafragma_ademhaling_mr.gif?utm_source=commons.wikimedia.org&utm_campaign=imageinfo&utm_content=thumbnail_unscaled
meditation_556_File_Digambar_Jain_Muni_Shri_108_Pranamya_Sagar_Ji.jpg,Category:Meditation,"File:Digambar Jain Muni Shri 108 Pranamya Sagar Ji meditating at the Red Fort, Delhi, India.jpg",Hiten Jain (Glory of Jainism),CC BY-SA 4.0,https://commons.wikimedia.org/wiki/File%3ADigambar_Jain_Muni_Shri_108_Pranamya_Sagar_Ji_meditating_at_the_Red_Fort%2C_Delhi%2C_India.jpg,https://thumb.wikimedia.org/wikipedia/commons/thumb/e/ee/Digambar_Jain_Muni_Shri_108_Pranamya_Sagar_Ji_meditating_at_the_Red_Fort%2C_Delhi%2C_India.jpg/960px-Digambar_Jain_Muni_Shri_108_Pranamya_Sagar_Ji_meditating_at_the_Red_Fort%2C_Delhi%2C_India.jpg?utm_source=commons.wikimedia.org&utm_campaign=imageinfo&utm_content=thumbnail
meditation_557_File_Dzogchen_Beara.jpg,Category:Meditation,File:Dzogchen Beara.jpg,Derekcorr,CC BY-SA 4.0,https://commons.wikimedia.org/wiki/File%3ADzogchen_Beara.jpg,https://thumb.wikimedia.org/wikipedia/commons/thumb/c/c6/Dzogchen_Beara.jpg/960px-Dzogchen_Beara.jpg?utm_source=commons.wikimedia.org&utm_campaign=imageinfo&utm_content=thumbnail
meditation_558_File_D_a_de_la_Buena_Acci_n_Ren_Mey_1.jpg,Category:Meditation,File:Día de la Buena Acción René Mey 1.jpg,Juliette Myriam Laure,CC BY-SA 4.0,https://commons.wikimedia.org/wiki/File%3AD%C3%ADa_de_la_Buena_Acci%C3%B3n_Ren%C3%A9_Mey_1.jpg,https://upload.wikimedia.org/wikipedia/commons/1/18/D%C3%ADa_de_la_Buena_Acci%C3%B3n_Ren%C3%A9_Mey_1.jpg?utm_source=commons.wikimedia.org&utm_campaign=imageinfo&utm_content=thumbnail_unscaled
meditation_559_File_D_a_de_la_Buena_Acci_n_Ren_Mey_2.jpg,Category:Meditation,File:Día de la Buena Acción René Mey 2.jpg,Juliette Myriam Laure,CC BY-SA 4.0,https://commons.wikimedia.org/wiki/File%3AD%C3%ADa_de_la_Buena_Acci%C3%B3n_Ren%C3%A9_Mey_2.jpg,https://thumb.wikimedia.org/wikipedia/commons/thumb/1/13/D%C3%ADa_de_la_Buena_Acci%C3%B3n_Ren%C3%A9_Mey_2.jpg/960px-D%C3%ADa_de_la_Buena_Acci%C3%B3n_Ren%C3%A9_Mey_2.jpg?utm_source=commons.wikimedia.org&utm_campaign=imageinfo&utm_content=thumbnail
meditation_560_File_D_a_de_la_Buena_Acci_n_Ren_Mey_3.jpg,Category:Meditation,File:Día de la Buena Acción René Mey 3.jpg,Juliette Myriam Laure,CC BY-SA 4.0,https://commons.wikimedia.org/wiki/File%3AD%C3%ADa_de_la_Buena_Acci%C3%B3n_Ren%C3%A9_Mey_3.jpg,https://upload.wikimedia.org/wikipedia/commons/1/12/D%C3%ADa_de_la_Buena_Acci%C3%B3n_Ren%C3%A9_Mey_3.jpg?utm_source=commons.wikimedia.org&utm_campaign=imageinfo&utm_content=thumbnail_unscaled
meditation_561_File_Easy_Mandala.jpg,Category:Meditation,File:Easy Mandala.jpg,Template:SkoroLeto,Public domain,https://commons.wikimedia.org/wiki/File%3AEasy_Mandala.jpg,https://upload.wikimedia.org/wikipedia/commons/6/61/Easy_Mandala.jpg?utm_source=commons.wikimedia.org&utm_campaign=imageinfo&utm_content=thumbnail_unscaled
meditation_562_File_Elefantengrau_Meditation.jpg,Category:Meditation,File:Elefantengrau-Meditation.gif,Fritzober,CC BY-SA 4.0,https://commons.wikimedia.org/wiki/File%3AElefantengrau-Meditation.gif,https://upload.wikimedia.org/wikipedia/commons/0/0b/Elefantengrau-Meditation.gif?utm_source=commons.wikimedia.org&utm_campaign=imageinfo&utm_content=thumbnail_unscaled
meditation_563_File_Ely_Folk_Festival_sound_bath_session.jpg,Category:Meditation,File:Ely Folk Festival sound bath session.jpg,Greenbird999,CC BY-SA 4.0,https://commons.wikimedia.org/wiki/File%3AEly_Folk_Festival_sound_bath_session.jpg,https://thumb.wikimedia.org/wikipedia/commons/thumb/e/ef/Ely_Folk_Festival_sound_bath_session.jpg/960px-Ely_Folk_Festival_sound_bath_session.jpg?utm_source=commons.wikimedia.org&utm_campaign=imageinfo&utm_content=thumbnail
meditation_564_File_EveryDayIsAGoodDay.jpg,Category:Meditation,File:EveryDayIsAGoodDay.jpg,The original uploader was Kencf0618 at English Wikipedia.,CC BY-SA 3.0,https://commons.wikimedia.org/wiki/File%3AEveryDayIsAGoodDay.jpg,https://thumb.wikimedia.org/wikipedia/commons/thumb/3/35/EveryDayIsAGoodDay.jpg/960px-EveryDayIsAGoodDay.jpg?utm_source=commons.wikimedia.org&utm_campaign=imageinfo&utm_content=thumbnail
meditation_565_File_Ewr_I_Ll_Have_To_Look_For_This_In_Tpa_Ikid_70.jpg,Category:Meditation,File:Ewr I Ll Have To Look For This In Tpa Ikid (70622973).jpeg,Simon Kellogg,CC BY 3.0,https://commons.wikimedia.org/wiki/File%3AEwr_I_Ll_Have_To_Look_For_This_In_Tpa_Ikid_%2870622973%29.jpeg,https://upload.wikimedia.org/wikipedia/commons/5/5f/Ewr_I_Ll_Have_To_Look_For_This_In_Tpa_Ikid_%2870622973%29.jpeg?utm_source=commons.wikimedia.org&utm_campaign=imageinfo&utm_content=thumbnail_unscaled
meditation_566_File_Gautam_Buddha_Buddavanam_Nagarjuna_sagar_1.jpg,Category:Meditation,"File:Gautam Buddha,Buddavanam Nagarjuna sagar 1.jpg",Verginmind,CC0,https://commons.wikimedia.org/wiki/File%3AGautam_Buddha%2CBuddavanam_Nagarjuna_sagar_1.jpg,https://thumb.wikimedia.org/wikipedia/commons/thumb/9/96/Gautam_Buddha%2CBuddavanam_Nagarjuna_sagar_1.jpg/960px-Gautam_Buddha%2CBuddavanam_Nagarjuna_sagar_1.jpg?utm_source=commons.wikimedia.org&utm_campaign=imageinfo&utm_content=thumbnail
meditation_567_File_Gefrostete_Kristallklangschale_by_GilaBenz.jpg,Category:Meditation,File:Gefrostete Kristallklangschale by GilaBenz.jpg,DieKlangschale,CC BY-SA 3.0,https://commons.wikimedia.org/wiki/File%3AGefrostete_Kristallklangschale_by_GilaBenz.jpg,https://upload.wikimedia.org/wikipedia/commons/7/70/Gefrostete_Kristallklangschale_by_GilaBenz.jpg?utm_source=commons.wikimedia.org&utm_campaign=imageinfo&utm_content=thumbnail_unscaled
meditation_568_File_Group_meditation_by_East_Coast_Beach_Singapor.jpg,Category:Meditation,"File:Group meditation by East Coast Beach, Singapore.jpg",Zcognito,CC BY-SA 4.0,https://commons.wikimedia.org/wiki/File%3AGroup_meditation_by_East_Coast_Beach%2C_Singapore.jpg,https://thumb.wikimedia.org/wikipedia/commons/thumb/b/be/Group_meditation_by_East_Coast_Beach%2C_Singapore.jpg/960px-Group_meditation_by_East_Coast_Beach%2C_Singapore.jpg?utm_source=commons.wikimedia.org&utm_campaign=imageinfo&utm_content=thumbnail
meditation_569_File_Half_Lotus_Full_Picture_32670681905.jpg,Category:Meditation,"File:Half Lotus, Full Picture (32670681905).jpg",vastateparksstaff,CC BY 2.0,https://commons.wikimedia.org/wiki/File%3AHalf_Lotus%2C_Full_Picture_%2832670681905%29.jpg,https://thumb.wikimedia.org/wikipedia/commons/thumb/d/d4/Half_Lotus%2C_Full_Picture_%2832670681905%29.jpg/960px-Half_Lotus%2C_Full_Picture_%2832670681905%29.jpg?utm_source=commons.wikimedia.org&utm_campaign=imageinfo&utm_content=thumbnail
meditation_570_File_Hon_President_of_India_unveils_the_World_s_la.jpg,Category:Meditation,File:Hon President of India unveils the World's largest meditation hall.jpg,Heartfulness Photos,CC BY-SA 2.0,https://commons.wikimedia.org/wiki/File%3AHon_President_of_India_unveils_the_World%27s_largest_meditation_hall.jpg,https://thumb.wikimedia.org/wikipedia/commons/thumb/a/a4/Hon_President_of_India_unveils_the_World%27s_largest_meditation_hall.jpg/960px-Hon_President_of_India_unveils_the_World%27s_largest_meditation_hall.jpg?utm_source=commons.wikimedia.org&utm_campaign=imageinfo&utm_content=thumbnail
meditation_571_File_Hugger_mugger_logo.jpg,Category:Meditation,File:Hugger-mugger-logo.gif,Hugger Mugger Yoga Products,CC BY-SA 4.0,https://commons.wikimedia.org/wiki/File%3AHugger-mugger-logo.gif,https://upload.wikimedia.org/wikipedia/commons/b/b7/Hugger-mugger-logo.gif?utm_source=commons.wikimedia.org&utm_campaign=imageinfo&utm_content=thumbnail_unscaled
meditation_572_File_Hugger_mugger_logo.jpg,Category:Meditation,File:Hugger-mugger-logo.jpg,Hugger Mugger Yoga Products,CC BY-SA 4.0,https://commons.wikimedia.org/wiki/File%3AHugger-mugger-logo.jpg,https://upload.wikimedia.org/wikipedia/commons/e/e5/Hugger-mugger-logo.jpg?utm_source=commons.wikimedia.org&utm_campaign=imageinfo&utm_content=thumbnail_unscaled
meditation_573_File_Identified_Japanese_Komuso_monks_street_scene.jpg,Category:Meditation,"File:Identified! Japanese Komuso (虚無僧), monks - street scene, early 1900s (2464882703).jpg","whatsthatpicture from Hanwell, London, UK",CC BY 2.0,https://commons.wikimedia.org/wiki/File%3AIdentified%21_Japanese_Komuso_%28%E8%99%9A%E7%84%A1%E5%83%A7%29%2C_monks_-_street_scene%2C_early_1900s_%282464882703%29.jpg,https://upload.wikimedia.org/wikipedia/commons/5/5c/Identified%21_Japanese_Komuso_%28%E8%99%9A%E7%84%A1%E5%83%A7%29%2C_monks_-_street_scene%2C_early_1900s_%282464882703%29.jpg?utm_source=commons.wikimedia.org&utm_campaign=imageinfo&utm_content=thumbnail_unscaled
meditation_574_File_Imagen_para_wikipedia.jpg,Category:Meditation,File:Imagen para wikipedia.jpg,FGHARLAUTEN,CC BY-SA 4.0,https://commons.wikimedia.org/wiki/File%3AImagen_para_wikipedia.jpg,https://upload.wikimedia.org/wikipedia/commons/a/ac/Imagen_para_wikipedia.jpg?utm_source=commons.wikimedia.org&utm_campaign=imageinfo&utm_content=thumbnail_unscaled
meditation_575_File_In_the_zone.jpg,Category:Meditation,File:In the zone.jpg,Colette Gemmell,CC BY-SA 4.0,https://commons.wikimedia.org/wiki/File%3AIn_the_zone.jpg,https://thumb.wikimedia.org/wikipedia/commons/thumb/6/6a/In_the_zone.jpg/960px-In_the_zone.jpg?utm_source=commons.wikimedia.org&utm_campaign=imageinfo&utm_content=thumbnail
meditation_576_File_Inscribed_pedestal_with_the_feet_of_standing.jpg,Category:Meditation,"File:Inscribed pedestal with the feet of standing Buddha dated to the 22nd year of Vasnushana, 2nd Century CE housed at Site Museum Sanchi.jpg",SpeakingArch,CC BY-SA 4.0,https://commons.wikimedia.org/wiki/File%3AInscribed_pedestal_with_the_feet_of_standing_Buddha_dated_to_the_22nd_year_of_Vasnushana%2C_2nd_Century_CE_housed_at_Site_Museum_Sanchi.jpg,https://thumb.wikimedia.org/wikipedia/commons/thumb/4/4c/Inscribed_pedestal_with_the_feet_of_standing_Buddha_dated_to_the_22nd_year_of_Vasnushana%2C_2nd_Century_CE_housed_at_Site_Museum_Sanchi.jpg/960px-Inscribed_pedestal_with_the_feet_of_standing_Buddha_dated_to_the_22nd_year_of_Vasnushana%2C_2nd_Century_CE_housed_at_Site_Museum_Sanchi.jpg?utm_source=commons.wikimedia.org&utm_campaign=imageinfo&utm_content=thumbnail
meditation_577_File_Kalki_Avtaar_The_Overmind_Godhead.jpg,Category:Meditation,File:Kalki Avtaar - The Overmind Godhead.jpg,Rajshiv,CC BY-SA 4.0,https://commons.wikimedia.org/wiki/File%3AKalki_Avtaar_-_The_Overmind_Godhead.jpg,https://thumb.wikimedia.org/wikipedia/commons/thumb/a/a1/Kalki_Avtaar_-_The_Overmind_Godhead.jpg/960px-Kalki_Avtaar_-_The_Overmind_Godhead.jpg?utm_source=commons.wikimedia.org&utm_campaign=imageinfo&utm_content=thumbnail
meditation_578_File_Kanha_Shanti_Vanam_Meditation_Center_Dome.jpg,Category:Meditation,File:Kanha Shanti Vanam Meditation Center Dome.jpg,Kasyap,CC BY-SA 4.0,https://commons.wikimedia.org/wiki/File%3AKanha_Shanti_Vanam_Meditation_Center_Dome.jpg,https://thumb.wikimedia.org/wikipedia/commons/thumb/1/11/Kanha_Shanti_Vanam_Meditation_Center_Dome.jpg/960px-Kanha_Shanti_Vanam_Meditation_Center_Dome.jpg?utm_source=commons.wikimedia.org&utm_campaign=imageinfo&utm_content=thumbnail
meditation_579_File_Kanphata_yogi_seated_in_Virasana_sahajasana_p.jpg,Category:Meditation,File:Kanphata yogi seated in Virasana (sahajasana) position (CBL In 16.10a) (crop and colour).png,Unknown authorUnknown author,Public domain,https://commons.wikimedia.org/wiki/File%3AKanphata_yogi_seated_in_Virasana_%28sahajasana%29_position_%28CBL_In_16.10a%29_%28crop_and_colour%29.png,https://thumb.wikimedia.org/wikipedia/commons/thumb/0/03/Kanphata_yogi_seated_in_Virasana_%28sahajasana%29_position_%28CBL_In_16.10a%29_%28crop_and_colour%29.png/960px-Kanphata_yogi_seated_in_Virasana_%28sahajasana%29_position_%28CBL_In_16.10a%29_%28crop_and_colour%29.png?utm_source=commons.wikimedia.org&utm_campaign=imageinfo&utm_content=thumbnail
meditation_580_File_Katie_Walking_Labyrinth_2.jpg,Category:Meditation,File:Katie Walking Labyrinth 2.jpg,JamesJen,CC BY-SA 3.0,https://commons.wikimedia.org/wiki/File%3AKatie_Walking_Labyrinth_2.jpg,https://upload.wikimedia.org/wikipedia/commons/d/d9/Katie_Walking_Labyrinth_2.jpg?utm_source=commons.wikimedia.org&utm_campaign=imageinfo&utm_content=thumbnail_unscaled
meditation_581_File_Kazantip_early_meditations_on_the_beach_2006.jpg,Category:Meditation,File:Kazantip early meditations on the beach (2006-08-135) (329954748).jpg,"Vyacheslav Argenberg from Seattle, WA, USA",CC BY 2.0,https://commons.wikimedia.org/wiki/File%3AKazantip_early_meditations_on_the_beach_%282006-08-135%29_%28329954748%29.jpg,https://thumb.wikimedia.org/wikipedia/commons/thumb/1/17/Kazantip_early_meditations_on_the_beach_%282006-08-135%29_%28329954748%29.jpg/960px-Kazantip_early_meditations_on_the_beach_%282006-08-135%29_%28329954748%29.jpg?utm_source=commons.wikimedia.org&utm_campaign=imageinfo&utm_content=thumbnail
meditation_582_File_Kid_Contemplating.jpg,Category:Meditation,File:Kid Contemplating.jpg,Wahyudi.sabo,CC BY-SA 4.0,https://commons.wikimedia.org/wiki/File%3AKid_Contemplating.jpg,https://thumb.wikimedia.org/wikipedia/commons/thumb/7/77/Kid_Contemplating.jpg/960px-Kid_Contemplating.jpg?utm_source=commons.wikimedia.org&utm_campaign=imageinfo&utm_content=thumbnail
meditation_583_File_Labyrinth_Troy_Meditation_Board.jpg,Category:Meditation,File:Labyrinth Troy Meditation Board.jpg,Malcolm Lidbury (aka Pinkpasty),CC BY-SA 3.0,https://commons.wikimedia.org/wiki/File%3ALabyrinth_Troy_Meditation_Board.jpg,https://thumb.wikimedia.org/wikipedia/commons/thumb/0/05/Labyrinth_Troy_Meditation_Board.jpg/960px-Labyrinth_Troy_Meditation_Board.jpg?utm_source=commons.wikimedia.org&utm_campaign=imageinfo&utm_content=thumbnail
meditation_584_File_Leisure_Time_94249165.jpg,Category:Meditation,File:Leisure Time (94249165).jpeg,Arifgraphy,CC BY-SA 3.0,https://commons.wikimedia.org/wiki/File%3ALeisure_Time_%2894249165%29.jpeg,https://thumb.wikimedia.org/wikipedia/commons/thumb/6/6f/Leisure_Time_%2894249165%29.jpeg/960px-Leisure_Time_%2894249165%29.jpeg?utm_source=commons.wikimedia.org&utm_campaign=imageinfo&utm_content=thumbnail
meditation_585_File_Life_Coach_01.jpg,Category:Meditation,File:Life Coach 01.jpg,JupiterPatra,CC BY-SA 4.0,https://commons.wikimedia.org/wiki/File%3ALife_Coach_01.jpg,https://thumb.wikimedia.org/wikipedia/commons/thumb/c/c5/Life_Coach_01.jpg/960px-Life_Coach_01.jpg?utm_source=commons.wikimedia.org&utm_campaign=imageinfo&utm_content=thumbnail
meditation_586_File_Logo_MT.jpg,Category:Meditation,File:Logo MT.jpg,Dr Jean Fortunet,CC BY-SA 3.0,https://commons.wikimedia.org/wiki/File%3ALogo_MT.jpg,https://upload.wikimedia.org/wikipedia/commons/a/a5/Logo_MT.jpg?utm_source=commons.wikimedia.org&utm_campaign=imageinfo&utm_content=thumbnail_unscaled
meditation_587_File_Logo_Via_Energia.jpg,Category:Meditation,File:Logo Via Energia.png,Valente.raphael,CC BY-SA 4.0,https://commons.wikimedia.org/wiki/File%3ALogo_Via_Energia.png,https://thumb.wikimedia.org/wikipedia/commons/thumb/d/dd/Logo_Via_Energia.png/960px-Logo_Via_Energia.png?utm_source=commons.wikimedia.org&utm_campaign=imageinfo&utm_content=thumbnail
meditation_588_File_Lord_Mahavira_Omniscience.jpg,Category:Meditation,File:Lord Mahavira Omniscience.jpg,Livingstonshr,CC0,https://commons.wikimedia.org/wiki/File%3ALord_Mahavira_Omniscience.jpg,https://upload.wikimedia.org/wikipedia/commons/7/76/Lord_Mahavira_Omniscience.jpg?utm_source=commons.wikimedia.org&utm_campaign=imageinfo&utm_content=thumbnail_unscaled
meditation_589_File_Lord_Shitalnath_Bhagwan.jpg,Category:Meditation,File:Lord Shitalnath Bhagwan.jpg,Livingstonshr,CC0,https://commons.wikimedia.org/wiki/File%3ALord_Shitalnath_Bhagwan.jpg,https://thumb.wikimedia.org/wikipedia/commons/thumb/4/4f/Lord_Shitalnath_Bhagwan.jpg/960px-Lord_Shitalnath_Bhagwan.jpg?utm_source=commons.wikimedia.org&utm_campaign=imageinfo&utm_content=thumbnail
meditation_590_File_Lord_Suparshvanatha.jpg,Category:Meditation,File:Lord Suparshvanatha.jpg,Livingstonshr,CC0,https://commons.wikimedia.org/wiki/File%3ALord_Suparshvanatha.jpg,https://thumb.wikimedia.org/wikipedia/commons/thumb/d/d9/Lord_Suparshvanatha.jpg/960px-Lord_Suparshvanatha.jpg?utm_source=commons.wikimedia.org&utm_campaign=imageinfo&utm_content=thumbnail
meditation_591_File_Mahara_McKay_profile.jpg,Category:Meditation,File:Mahara McKay profile.png,Dudupimentaa,CC BY-SA 4.0,https://commons.wikimedia.org/wiki/File%3AMahara_McKay_profile.png,https://thumb.wikimedia.org/wikipedia/commons/thumb/3/32/Mahara_McKay_profile.png/960px-Mahara_McKay_profile.png?utm_source=commons.wikimedia.org&utm_campaign=imageinfo&utm_content=thumbnail
meditation_592_File_Mahara_profile.jpg,Category:Meditation,File:Mahara profile.png,Dudupimentaa,CC BY-SA 4.0,https://commons.wikimedia.org/wiki/File%3AMahara_profile.png,https://thumb.wikimedia.org/wikipedia/commons/thumb/7/74/Mahara_profile.png/960px-Mahara_profile.png?utm_source=commons.wikimedia.org&utm_campaign=imageinfo&utm_content=thumbnail
meditation_593_File_Maharishi_Mahesh_Yogi.jpg,Category:Meditation,File:Maharishi Mahesh Yogi.jpg,Usernet123u,CC BY-SA 4.0,https://commons.wikimedia.org/wiki/File%3AMaharishi_Mahesh_Yogi.jpg,https://thumb.wikimedia.org/wikipedia/commons/thumb/c/c4/Maharishi_Mahesh_Yogi.jpg/960px-Maharishi_Mahesh_Yogi.jpg?utm_source=commons.wikimedia.org&utm_campaign=imageinfo&utm_content=thumbnail
meditation_594_File_Man_relaxing_inside_camper_van_while_enjoying.jpg,Category:Meditation,File:Man relaxing inside camper van while enjoying a moment of leisure during a travel break.jpg,Shixart1985,CC BY 2.0,https://commons.wikimedia.org/wiki/File%3AMan_relaxing_inside_camper_van_while_enjoying_a_moment_of_leisure_during_a_travel_break.jpg,https://thumb.wikimedia.org/wikipedia/commons/thumb/5/57/Man_relaxing_inside_camper_van_while_enjoying_a_moment_of_leisure_during_a_travel_break.jpg/960px-Man_relaxing_inside_camper_van_while_enjoying_a_moment_of_leisure_during_a_travel_break.jpg?utm_source=commons.wikimedia.org&utm_campaign=imageinfo&utm_content=thumbnail
meditation_595_File_Matsyaskumin.jpg,Category:Meditation,File:Matsyaskumin.jpg,Chair98,CC BY-SA 4.0,https://commons.wikimedia.org/wiki/File%3AMatsyaskumin.jpg,https://thumb.wikimedia.org/wikipedia/commons/thumb/d/d7/Matsyaskumin.jpg/500px-Matsyaskumin.jpg?utm_source=commons.wikimedia.org&utm_campaign=imageinfo&utm_content=thumbnail
meditation_596_File_Maum_Meditation_Main_Center_in_Autumn.jpg,Category:Meditation,File:Maum Meditation Main Center in Autumn.jpg,Simbabloom,CC BY-SA 3.0,https://commons.wikimedia.org/wiki/File%3AMaum_Meditation_Main_Center_in_Autumn.jpg,https://upload.wikimedia.org/wikipedia/commons/9/98/Maum_Meditation_Main_Center_in_Autumn.jpg?utm_source=commons.wikimedia.org&utm_campaign=imageinfo&utm_content=thumbnail_unscaled
meditation_597_File_Maum_Meditation_Main_Center.jpg,Category:Meditation,File:Maum Meditation Main Center.jpg,Simbabloom,CC BY-SA 3.0,https://commons.wikimedia.org/wiki/File%3AMaum_Meditation_Main_Center.jpg,https://upload.wikimedia.org/wikipedia/commons/c/cc/Maum_Meditation_Main_Center.jpg?utm_source=commons.wikimedia.org&utm_campaign=imageinfo&utm_content=thumbnail_unscaled
meditation_598_File_Mediation_Teacher_Swami_Chaittanya_Hari.jpg,Category:Meditation,File:Mediation Teacher - Swami Chaittanya Hari.jpg,Pinkpanther0,CC BY 4.0,https://commons.wikimedia.org/wiki/File%3AMediation_Teacher_-_Swami_Chaittanya_Hari.jpg,https://thumb.wikimedia.org/wikipedia/commons/thumb/1/1b/Mediation_Teacher_-_Swami_Chaittanya_Hari.jpg/960px-Mediation_Teacher_-_Swami_Chaittanya_Hari.jpg?utm_source=commons.wikimedia.org&utm_campaign=imageinfo&utm_content=thumbnail
meditation_599_File_Meditaciones_con_AL.jpg,Category:Meditation,File:Meditaciones con AL.jpg,Alvaro Fernandez visualizacion,CC BY-SA 4.0,https://commons.wikimedia.org/wiki/File%3AMeditaciones_con_AL.jpg,https://thumb.wikimedia.org/wikipedia/commons/thumb/c/c1/Meditaciones_con_AL.jpg/960px-Meditaciones_con_AL.jpg?utm_source=commons.wikimedia.org&utm_campaign=imageinfo&utm_content=thumbnail
meditation_600_File_Meditaci_n_86659041.jpg,Category:Meditation,File:Meditación (86659041).jpeg,Ariel Manuel,CC BY 3.0,https://commons.wikimedia.org/wiki/File%3AMeditaci%C3%B3n_%2886659041%29.jpeg,https://thumb.wikimedia.org/wikipedia/commons/thumb/c/c1/Meditaci%C3%B3n_%2886659041%29.jpeg/960px-Meditaci%C3%B3n_%2886659041%29.jpeg?utm_source=commons.wikimedia.org&utm_campaign=imageinfo&utm_content=thumbnail
meditation_601_File_Meditasi_Bali_Usada.jpg,Category:Meditation,File:Meditasi Bali Usada.jpg,Wirya Utari,CC BY-SA 4.0,https://commons.wikimedia.org/wiki/File%3AMeditasi_Bali_Usada.jpg,https://thumb.wikimedia.org/wikipedia/commons/thumb/9/95/Meditasi_Bali_Usada.jpg/960px-Meditasi_Bali_Usada.jpg?utm_source=commons.wikimedia.org&utm_campaign=imageinfo&utm_content=thumbnail
meditation_602_File_Meditation_11815704426.jpg,Category:Meditation,File:Meditation (11815704426).jpg,"Romain Guy from San Francisco, USA",CC0,https://commons.wikimedia.org/wiki/File%3AMeditation_%2811815704426%29.jpg,https://thumb.wikimedia.org/wikipedia/commons/thumb/6/61/Meditation_%2811815704426%29.jpg/960px-Meditation_%2811815704426%29.jpg?utm_source=commons.wikimedia.org&utm_campaign=imageinfo&utm_content=thumbnail
meditation_603_File_Meditation_15756503205.jpg,Category:Meditation,File:Meditation (15756503205).jpg,Moyan Brenn from Italy,CC BY 2.0,https://commons.wikimedia.org/wiki/File%3AMeditation_%2815756503205%29.jpg,https://thumb.wikimedia.org/wikipedia/commons/thumb/e/e9/Meditation_%2815756503205%29.jpg/960px-Meditation_%2815756503205%29.jpg?utm_source=commons.wikimedia.org&utm_campaign=imageinfo&utm_content=thumbnail
meditation_604_File_Meditation_6152380063.jpg,Category:Meditation,File:Meditation (6152380063).jpg,"^ Missi ^ from Mississauga, Canada",CC BY 2.0,https://commons.wikimedia.org/wiki/File%3AMeditation_%286152380063%29.jpg,https://thumb.wikimedia.org/wikipedia/commons/thumb/c/c2/Meditation_%286152380063%29.jpg/960px-Meditation_%286152380063%29.jpg?utm_source=commons.wikimedia.org&utm_campaign=imageinfo&utm_content=thumbnail
meditation_605_File_Meditation_Artistic_Retreat_Banner.jpg,Category:Meditation,File:Meditation Artistic Retreat Banner.jpg,Kno 87,CC BY-SA 3.0,https://commons.wikimedia.org/wiki/File%3AMeditation_Artistic_Retreat_Banner.jpg,https://thumb.wikimedia.org/wikipedia/commons/thumb/e/e7/Meditation_Artistic_Retreat_Banner.jpg/960px-Meditation_Artistic_Retreat_Banner.jpg?utm_source=commons.wikimedia.org&utm_campaign=imageinfo&utm_content=thumbnail
meditation_606_File_Meditation_Centre_NISER.jpg,Category:Meditation,"File:Meditation Centre, NISER.jpg",Amiwins,CC BY-SA 4.0,https://commons.wikimedia.org/wiki/File%3AMeditation_Centre%2C_NISER.jpg,https://thumb.wikimedia.org/wikipedia/commons/thumb/5/5b/Meditation_Centre%2C_NISER.jpg/960px-Meditation_Centre%2C_NISER.jpg?utm_source=commons.wikimedia.org&utm_campaign=imageinfo&utm_content=thumbnail
meditation_607_File_Meditation_class_2.jpg,Category:Meditation,File:Meditation class 2.jpg,Akhlispurnomo,CC BY-SA 3.0,https://commons.wikimedia.org/wiki/File%3AMeditation_class_2.jpg,https://thumb.wikimedia.org/wikipedia/commons/thumb/d/d3/Meditation_class_2.jpg/960px-Meditation_class_2.jpg?utm_source=commons.wikimedia.org&utm_campaign=imageinfo&utm_content=thumbnail
meditation_608_File_Meditation_cushion.jpg,Category:Meditation,File:Meditation cushion.jpg,Holabuenosdiasquetal,CC0,https://commons.wikimedia.org/wiki/File%3AMeditation_cushion.jpg,https://thumb.wikimedia.org/wikipedia/commons/thumb/d/de/Meditation_cushion.jpg/960px-Meditation_cushion.jpg?utm_source=commons.wikimedia.org&utm_campaign=imageinfo&utm_content=thumbnail
meditation_609_File_Meditation_Focus_Point.jpg,Category:Meditation,File:Meditation Focus Point.jpg,Bondigoldwiki,CC0,https://commons.wikimedia.org/wiki/File%3AMeditation_Focus_Point.jpg,https://thumb.wikimedia.org/wikipedia/commons/thumb/0/00/Meditation_Focus_Point.jpg/960px-Meditation_Focus_Point.jpg?utm_source=commons.wikimedia.org&utm_campaign=imageinfo&utm_content=thumbnail
meditation_610_File_Meditation_Hall.jpg,Category:Meditation,File:Meditation Hall.jpg,Heartfulness Photos,CC BY-SA 3.0,https://commons.wikimedia.org/wiki/File%3AMeditation_Hall.jpg,https://upload.wikimedia.org/wikipedia/commons/9/98/Meditation_Hall.jpg?utm_source=commons.wikimedia.org&utm_campaign=imageinfo&utm_content=thumbnail_unscaled
meditation_611_File_Meditation_Harmony_Peace_Crystal.jpg,Category:Meditation,File:Meditation Harmony Peace Crystal.jpg,Cornelia Kopp,CC BY 2.0,https://commons.wikimedia.org/wiki/File%3AMeditation_Harmony_Peace_Crystal.jpg,https://thumb.wikimedia.org/wikipedia/commons/thumb/2/24/Meditation_Harmony_Peace_Crystal.jpg/960px-Meditation_Harmony_Peace_Crystal.jpg?utm_source=commons.wikimedia.org&utm_campaign=imageinfo&utm_content=thumbnail
meditation_612_File_Meditation_in_deep_forest_in_Nepal.jpg,Category:Meditation,File:Meditation in deep forest in Nepal.jpg,Ganesh Niraula,CC BY 4.0,https://commons.wikimedia.org/wiki/File%3AMeditation_in_deep_forest_in_Nepal.jpg,https://upload.wikimedia.org/wikipedia/commons/9/90/Meditation_in_deep_forest_in_Nepal.jpg?utm_source=commons.wikimedia.org&utm_campaign=imageinfo&utm_content=thumbnail_unscaled
meditation_613_File_Meditation_on_a_Ghat_on_the_Ganges_Varanasi.jpg,Category:Meditation,"File:Meditation on a Ghat on the Ganges, Varanasi.jpg","Naquib Hossain from Ottawa, Philadelphia, Dhaka",CC BY-SA 2.0,https://commons.wikimedia.org/wiki/File%3AMeditation_on_a_Ghat_on_the_Ganges%2C_Varanasi.jpg,https://thumb.wikimedia.org/wikipedia/commons/thumb/8/83/Meditation_on_a_Ghat_on_the_Ganges%2C_Varanasi.jpg/960px-Meditation_on_a_Ghat_on_the_Ganges%2C_Varanasi.jpg?utm_source=commons.wikimedia.org&utm_campaign=imageinfo&utm_content=thumbnail
meditation_614_File_Meditation_Practice.jpg,Category:Meditation,File:Meditation Practice.jpg,Patrickasb,CC BY-SA 4.0,https://commons.wikimedia.org/wiki/File%3AMeditation_Practice.jpg,https://thumb.wikimedia.org/wikipedia/commons/thumb/d/dd/Meditation_Practice.jpg/960px-Meditation_Practice.jpg?utm_source=commons.wikimedia.org&utm_campaign=imageinfo&utm_content=thumbnail
meditation_615_File_Meditation_Recliner_1440.jpg,Category:Meditation,File:Meditation Recliner 1440.jpg,Bondigoldwiki,CC0,https://commons.wikimedia.org/wiki/File%3AMeditation_Recliner_1440.jpg,https://thumb.wikimedia.org/wikipedia/commons/thumb/e/e0/Meditation_Recliner_1440.jpg/960px-Meditation_Recliner_1440.jpg?utm_source=commons.wikimedia.org&utm_campaign=imageinfo&utm_content=thumbnail
meditation_616_File_Meditation_Suan_01.jpg,Category:Meditation,File:Meditation Suan 01 .jpg,JupiterPatra,CC BY-SA 4.0,https://commons.wikimedia.org/wiki/File%3AMeditation_Suan_01_.jpg,https://thumb.wikimedia.org/wikipedia/commons/thumb/0/0f/Meditation_Suan_01_.jpg/960px-Meditation_Suan_01_.jpg?utm_source=commons.wikimedia.org&utm_campaign=imageinfo&utm_content=thumbnail
meditation_617_File_Meditation_Suan_02.jpg,Category:Meditation,File:Meditation Suan 02.jpg,JupiterPatra,CC BY-SA 4.0,https://commons.wikimedia.org/wiki/File%3AMeditation_Suan_02.jpg,https://upload.wikimedia.org/wikipedia/commons/0/0b/Meditation_Suan_02.jpg?utm_source=commons.wikimedia.org&utm_campaign=imageinfo&utm_content=thumbnail_unscaled
meditation_618_File_Meditation_tents_at_Banping_Lake_Wetland_Park.jpg,Category:Meditation,File:Meditation tents at Banping Lake Wetland Park Kaohsiung May 2026.jpg,Heidi Meudt,CC BY 4.0,https://commons.wikimedia.org/wiki/File%3AMeditation_tents_at_Banping_Lake_Wetland_Park_Kaohsiung_May_2026.jpg,https://thumb.wikimedia.org/wikipedia/commons/thumb/a/a5/Meditation_tents_at_Banping_Lake_Wetland_Park_Kaohsiung_May_2026.jpg/960px-Meditation_tents_at_Banping_Lake_Wetland_Park_Kaohsiung_May_2026.jpg?utm_source=commons.wikimedia.org&utm_campaign=imageinfo&utm_content=thumbnail
meditation_619_File_Meditation_BP.jpg,Category:Meditation,File:Meditation&BP.jpg,Ospina et al,Public domain,https://commons.wikimedia.org/wiki/File%3AMeditation%26BP.jpg,https://upload.wikimedia.org/wikipedia/commons/6/6c/Meditation%26BP.jpg?utm_source=commons.wikimedia.org&utm_campaign=imageinfo&utm_content=thumbnail_unscaled
meditation_620_File_Meditation.jpg,Category:Meditation,File:Meditation.png,"Archi Chen/Zeichner: selbst, Benutzer:Giramo",Public domain,https://commons.wikimedia.org/wiki/File%3AMeditation.png,https://upload.wikimedia.org/wikipedia/commons/6/62/Meditation.png?utm_source=commons.wikimedia.org&utm_campaign=imageinfo&utm_content=thumbnail_unscaled
meditation_621_File_Meditations_a.jpg,Category:Meditation,File:Meditations a.jpg,Unknown authorUnknown author,Public domain,https://commons.wikimedia.org/wiki/File%3AMeditations_a.jpg,https://upload.wikimedia.org/wikipedia/commons/a/a5/Meditations_a.jpg?utm_source=commons.wikimedia.org&utm_campaign=imageinfo&utm_content=thumbnail_unscaled
yawning-people_622_File_14_Street_subway_station_woman_yawning.jpg,Category:Yawning people,File:14 Street subway station woman yawning.jpg,Imad HADDAD,CC BY 2.0,https://commons.wikimedia.org/wiki/File%3A14_Street_subway_station_woman_yawning.jpg,https://thumb.wikimedia.org/wikipedia/commons/thumb/f/f1/14_Street_subway_station_woman_yawning.jpg/960px-14_Street_subway_station_woman_yawning.jpg?utm_source=commons.wikimedia.org&utm_campaign=imageinfo&utm_content=thumbnail
yawning-people_623_File_Ajawajaa.jpg,Category:Yawning people,File:Ajawajaa.jpg,Yusmery94,CC BY-SA 4.0,https://commons.wikimedia.org/wiki/File%3AAjawajaa.jpg,https://thumb.wikimedia.org/wikipedia/commons/thumb/4/4e/Ajawajaa.jpg/960px-Ajawajaa.jpg?utm_source=commons.wikimedia.org&utm_campaign=imageinfo&utm_content=thumbnail
yawning-people_624_File_Alex_Cora_on_June_18_2009.jpg,Category:Yawning people,"File:Alex Cora on June 18, 2009.jpg",Keith Allison on Flickr,CC BY-SA 2.0,https://commons.wikimedia.org/wiki/File%3AAlex_Cora_on_June_18%2C_2009.jpg,https://thumb.wikimedia.org/wikipedia/commons/thumb/c/c9/Alex_Cora_on_June_18%2C_2009.jpg/960px-Alex_Cora_on_June_18%2C_2009.jpg?utm_source=commons.wikimedia.org&utm_campaign=imageinfo&utm_content=thumbnail
yawning-people_625_File_Baby_yawning.jpg,Category:Yawning people,File:Baby yawning.jpg,Jeuwre,CC BY-SA 4.0,https://commons.wikimedia.org/wiki/File%3ABaby_yawning.jpg,https://thumb.wikimedia.org/wikipedia/commons/thumb/1/1d/Baby_yawning.jpg/960px-Baby_yawning.jpg?utm_source=commons.wikimedia.org&utm_campaign=imageinfo&utm_content=thumbnail
yawning-people_626_File_BAHNA_2018_640.jpg,Category:Yawning people,File:BAHNA 2018 - 640.jpg,Adam Hauner,CC BY-SA 4.0,https://commons.wikimedia.org/wiki/File%3ABAHNA_2018_-_640.jpg,https://thumb.wikimedia.org/wikipedia/commons/thumb/8/87/BAHNA_2018_-_640.jpg/960px-BAHNA_2018_-_640.jpg?utm_source=commons.wikimedia.org&utm_campaign=imageinfo&utm_content=thumbnail
yawning-people_627_File_Bo_ai_Road_area_04.jpg,Category:Yawning people,File:Bo'ai Road area - 04.jpg,Anna Frodesiak,Public domain,https://commons.wikimedia.org/wiki/File%3ABo%27ai_Road_area_-_04.jpg,https://thumb.wikimedia.org/wikipedia/commons/thumb/2/24/Bo%27ai_Road_area_-_04.jpg/960px-Bo%27ai_Road_area_-_04.jpg?utm_source=commons.wikimedia.org&utm_campaign=imageinfo&utm_content=thumbnail
yawning-people_628_File_Bob_Hastings_Archie_Andrews_1946.jpg,Category:Yawning people,File:Bob Hastings Archie Andrews 1946.JPG,NBC Radio,Public domain,https://commons.wikimedia.org/wiki/File%3ABob_Hastings_Archie_Andrews_1946.JPG,https://thumb.wikimedia.org/wikipedia/commons/thumb/e/ed/Bob_Hastings_Archie_Andrews_1946.JPG/960px-Bob_Hastings_Archie_Andrews_1946.JPG?utm_source=commons.wikimedia.org&utm_campaign=imageinfo&utm_content=thumbnail
yawning-people_629_File_Bored.jpg,Category:Yawning people,File:Bored.gif,GRPH3B18,CC BY-SA 3.0,https://commons.wikimedia.org/wiki/File%3ABored.gif,https://upload.wikimedia.org/wikipedia/commons/c/c1/Bored.gif?utm_source=commons.wikimedia.org&utm_campaign=imageinfo&utm_content=thumbnail_unscaled
yawning-people_630_File_Boring_political_caucus_25450068264.jpg,Category:Yawning people,File:Boring political caucus (25450068264).jpg,"James Brooks from Juneau, Alaska",CC BY 2.0,https://commons.wikimedia.org/wiki/File%3ABoring_political_caucus_%2825450068264%29.jpg,https://thumb.wikimedia.org/wikipedia/commons/thumb/7/7f/Boring_political_caucus_%2825450068264%29.jpg/960px-Boring_political_caucus_%2825450068264%29.jpg?utm_source=commons.wikimedia.org&utm_campaign=imageinfo&utm_content=thumbnail
yawning-people_631_File_Bostezo_de_mujer.jpg,Category:Yawning people,File:Bostezo de mujer.JPG,Lusb,CC BY-SA 3.0,https://commons.wikimedia.org/wiki/File%3ABostezo_de_mujer.JPG,https://thumb.wikimedia.org/wikipedia/commons/thumb/e/eb/Bostezo_de_mujer.JPG/960px-Bostezo_de_mujer.JPG?utm_source=commons.wikimedia.org&utm_campaign=imageinfo&utm_content=thumbnail
yawning-people_632_File_Bundesarchiv_Bild_183_P0310_0025_Berlin_Stra.jpg,Category:Yawning people,"File:Bundesarchiv Bild 183-P0310-0025, Berlin, Straßenszene.jpg",Rainer Mittelstädt,CC BY-SA 3.0 de,https://commons.wikimedia.org/wiki/File%3ABundesarchiv_Bild_183-P0310-0025%2C_Berlin%2C_Stra%C3%9Fenszene.jpg,https://upload.wikimedia.org/wikipedia/commons/a/a1/Bundesarchiv_Bild_183-P0310-0025%2C_Berlin%2C_Stra%C3%9Fenszene.jpg?utm_source=commons.wikimedia.org&utm_campaign=imageinfo&utm_content=thumbnail_unscaled
yawning-people_633_File_Dmytro_Tchystiak.jpg,Category:Yawning people,File:Dmytro Tchystiak.JPG,Dmytro.Tchystiak,CC BY-SA 3.0,https://commons.wikimedia.org/wiki/File%3ADmytro_Tchystiak.JPG,https://thumb.wikimedia.org/wikipedia/commons/thumb/9/98/Dmytro_Tchystiak.JPG/960px-Dmytro_Tchystiak.JPG?utm_source=commons.wikimedia.org&utm_campaign=imageinfo&utm_content=thumbnail
yawning-people_634_File_Douglas_Fairbanks_and_Charlie_Chaplin.jpg,Category:Yawning people,File:Douglas Fairbanks and Charlie Chaplin.jpg,Breve Storia del Cinema,Public domain,https://commons.wikimedia.org/wiki/File%3ADouglas_Fairbanks_and_Charlie_Chaplin.jpg,https://thumb.wikimedia.org/wikipedia/commons/thumb/5/5f/Douglas_Fairbanks_and_Charlie_Chaplin.jpg/960px-Douglas_Fairbanks_and_Charlie_Chaplin.jpg?utm_source=commons.wikimedia.org&utm_campaign=imageinfo&utm_content=thumbnail
yawning-people_635_File_Een_suppoost_gaapt_Bestanddeelnr_900_8944.jpg,Category:Yawning people,"File:Een suppoost gaapt, Bestanddeelnr 900-8944.jpg",Anefo,CC0,https://commons.wikimedia.org/wiki/File%3AEen_suppoost_gaapt%2C_Bestanddeelnr_900-8944.jpg,https://thumb.wikimedia.org/wikipedia/commons/thumb/7/73/Een_suppoost_gaapt%2C_Bestanddeelnr_900-8944.jpg/960px-Een_suppoost_gaapt%2C_Bestanddeelnr_900-8944.jpg?utm_source=commons.wikimedia.org&utm_campaign=imageinfo&utm_content=thumbnail
yawning-people_636_File_Een_suppoost_gaapt_Bestanddeelnr_900_8945.jpg,Category:Yawning people,"File:Een suppoost gaapt, Bestanddeelnr 900-8945.jpg",Anefo,CC0,https://commons.wikimedia.org/wiki/File%3AEen_suppoost_gaapt%2C_Bestanddeelnr_900-8945.jpg,https://thumb.wikimedia.org/wikipedia/commons/thumb/d/da/Een_suppoost_gaapt%2C_Bestanddeelnr_900-8945.jpg/960px-Een_suppoost_gaapt%2C_Bestanddeelnr_900-8945.jpg?utm_source=commons.wikimedia.org&utm_campaign=imageinfo&utm_content=thumbnail
yawning-people_637_File_Ferrari_California_at_Mille_Miglia_2012.jpg,Category:Yawning people,File:Ferrari California at Mille Miglia (2012).jpg,paPisc from Bologna,CC BY-SA 2.0,https://commons.wikimedia.org/wiki/File%3AFerrari_California_at_Mille_Miglia_%282012%29.jpg,https://upload.wikimedia.org/wikipedia/commons/b/b4/Ferrari_California_at_Mille_Miglia_%282012%29.jpg?utm_source=commons.wikimedia.org&utm_campaign=imageinfo&utm_content=thumbnail_unscaled
yawning-people_638_File_Gus_Grissom_having_breakfast_before_a_scrubbe.jpg,Category:Yawning people,File:Gus Grissom having breakfast before a scrubbed launch.jpg,NASA,Public domain,https://commons.wikimedia.org/wiki/File%3AGus_Grissom_having_breakfast_before_a_scrubbed_launch.jpg,https://thumb.wikimedia.org/wikipedia/commons/thumb/4/47/Gus_Grissom_having_breakfast_before_a_scrubbed_launch.jpg/960px-Gus_Grissom_having_breakfast_before_a_scrubbed_launch.jpg?utm_source=commons.wikimedia.org&utm_campaign=imageinfo&utm_content=thumbnail
yawning-people_639_File_K_nex_DNA_model_2.jpg,Category:Yawning people,File:K'nex DNA model 2.jpg,rox,CC BY 2.0,https://commons.wikimedia.org/wiki/File%3AK%27nex_DNA_model_2.jpg,https://upload.wikimedia.org/wikipedia/commons/6/62/K%27nex_DNA_model_2.jpg?utm_source=commons.wikimedia.org&utm_campaign=imageinfo&utm_content=thumbnail_unscaled
yawning-people_640_File_Koninginnedag_Prinses_Beatrix_met_een_gapende.jpg,Category:Yawning people,"File:Koninginnedag. Prinses Beatrix met een gapende prins Willem Alexander achter ven, Bestanddeelnr 921-2999.jpg",Eric Koch for Anefo,CC0,https://commons.wikimedia.org/wiki/File%3AKoninginnedag._Prinses_Beatrix_met_een_gapende_prins_Willem_Alexander_achter_ven%2C_Bestanddeelnr_921-2999.jpg,https://thumb.wikimedia.org/wikipedia/commons/thumb/1/10/Koninginnedag._Prinses_Beatrix_met_een_gapende_prins_Willem_Alexander_achter_ven%2C_Bestanddeelnr_921-2999.jpg/960px-Koninginnedag._Prinses_Beatrix_met_een_gapende_prins_Willem_Alexander_achter_ven%2C_Bestanddeelnr_921-2999.jpg?utm_source=commons.wikimedia.org&utm_campaign=imageinfo&utm_content=thumbnail
yawning-people_641_File_Living_Goddess_Kumari_in_Nepal.jpg,Category:Yawning people,File:Living Goddess Kumari in Nepal.jpg,Skandagautam,CC BY-SA 4.0,https://commons.wikimedia.org/wiki/File%3ALiving_Goddess_Kumari_in_Nepal.jpg,https://thumb.wikimedia.org/wikipedia/commons/thumb/2/24/Living_Goddess_Kumari_in_Nepal.jpg/960px-Living_Goddess_Kumari_in_Nepal.jpg?utm_source=commons.wikimedia.org&utm_campaign=imageinfo&utm_content=thumbnail
yawning-people_642_File_MANY_SUBWAY_CARS_IN_NEW_YORK_CITY_HAVE_BEEN_S.jpg,Category:Yawning people,File:MANY SUBWAY CARS IN NEW YORK CITY HAVE BEEN SPRAY-PAINTED BY VANDALS - NARA - 548260.jpg,Erik Calonius,Public domain,https://commons.wikimedia.org/wiki/File%3AMANY_SUBWAY_CARS_IN_NEW_YORK_CITY_HAVE_BEEN_SPRAY-PAINTED_BY_VANDALS_-_NARA_-_548260.jpg,https://thumb.wikimedia.org/wikipedia/commons/thumb/9/96/MANY_SUBWAY_CARS_IN_NEW_YORK_CITY_HAVE_BEEN_SPRAY-PAINTED_BY_VANDALS_-_NARA_-_548260.jpg/960px-MANY_SUBWAY_CARS_IN_NEW_YORK_CITY_HAVE_BEEN_SPRAY-PAINTED_BY_VANDALS_-_NARA_-_548260.jpg?utm_source=commons.wikimedia.org&utm_campaign=imageinfo&utm_content=thumbnail
yawning-people_643_File_Michael_Del_Zotto_Yawn.jpg,Category:Yawning people,File:Michael Del Zotto Yawn.jpg,Sarah Connors,CC BY 2.0,https://commons.wikimedia.org/wiki/File%3AMichael_Del_Zotto_Yawn.jpg,https://thumb.wikimedia.org/wikipedia/commons/thumb/5/5f/Michael_Del_Zotto_Yawn.jpg/960px-Michael_Del_Zotto_Yawn.jpg?utm_source=commons.wikimedia.org&utm_campaign=imageinfo&utm_content=thumbnail
yawning-people_644_File_Nap_time_8104156352.jpg,Category:Yawning people,File:Nap time (8104156352).jpg,"Frank Kovalchek from Anchorage, Alaska, USA",CC BY 2.0,https://commons.wikimedia.org/wiki/File%3ANap_time_%288104156352%29.jpg,https://upload.wikimedia.org/wikipedia/commons/b/be/Nap_time_%288104156352%29.jpg?utm_source=commons.wikimedia.org&utm_campaign=imageinfo&utm_content=thumbnail_unscaled
yawning-people_645_File_Napoli_3572.jpg,Category:Yawning people,File:Napoli 3572.jpg,"General Cucombre from New York, USA",CC BY 2.0,https://commons.wikimedia.org/wiki/File%3ANapoli_3572.jpg,https://thumb.wikimedia.org/wikipedia/commons/thumb/a/a8/Napoli_3572.jpg/960px-Napoli_3572.jpg?utm_source=commons.wikimedia.org&utm_campaign=imageinfo&utm_content=thumbnail
yawning-people_646_File_Noname_Jane_on_Set_Bang_My_White_Tight_Ass_17.jpg,Category:Yawning people,File:Noname Jane on Set Bang My White Tight Ass 17 3.jpg,Photo from www.lukeisback.com,CC BY-SA 2.5,https://commons.wikimedia.org/wiki/File%3ANoname_Jane_on_Set_Bang_My_White_Tight_Ass_17_3.jpg,https://upload.wikimedia.org/wikipedia/commons/0/0d/Noname_Jane_on_Set_Bang_My_White_Tight_Ass_17_3.jpg?utm_source=commons.wikimedia.org&utm_campaign=imageinfo&utm_content=thumbnail_unscaled
yawning-people_647_File_Overzicht_regeringstafel_met_een_gapende_mini.jpg,Category:Yawning people,"File:Overzicht regeringstafel met een gapende minister Joseph Luns (KVP), Bestanddeelnr 919-6686.jpg",Anefo,CC0,https://commons.wikimedia.org/wiki/File%3AOverzicht_regeringstafel_met_een_gapende_minister_Joseph_Luns_%28KVP%29%2C_Bestanddeelnr_919-6686.jpg,https://thumb.wikimedia.org/wikipedia/commons/thumb/6/6e/Overzicht_regeringstafel_met_een_gapende_minister_Joseph_Luns_%28KVP%29%2C_Bestanddeelnr_919-6686.jpg/960px-Overzicht_regeringstafel_met_een_gapende_minister_Joseph_Luns_%28KVP%29%2C_Bestanddeelnr_919-6686.jpg?utm_source=commons.wikimedia.org&utm_campaign=imageinfo&utm_content=thumbnail
yawning-people_648_File_PM_000378_B_Gent.jpg,Category:Yawning people,File:PM 000378 B Gent.jpg,PMRMaeyaert,CC BY-SA 4.0,https://commons.wikimedia.org/wiki/File%3APM_000378_B_Gent.jpg,https://upload.wikimedia.org/wikipedia/commons/3/3d/PM_000378_B_Gent.jpg?utm_source=commons.wikimedia.org&utm_campaign=imageinfo&utm_content=thumbnail_unscaled
yawning-people_649_File_REM_debat_in_Tweede_Kamer_Luns_gapend_en_Scho.jpg,Category:Yawning people,"File:REM debat in Tweede Kamer , Luns (gapend) en Scholten, Bestanddeelnr 916-6020.jpg",Harry Pot / Anefo,CC0,https://commons.wikimedia.org/wiki/File%3AREM_debat_in_Tweede_Kamer_%2C_Luns_%28gapend%29_en_Scholten%2C_Bestanddeelnr_916-6020.jpg,https://thumb.wikimedia.org/wikipedia/commons/thumb/4/4c/REM_debat_in_Tweede_Kamer_%2C_Luns_%28gapend%29_en_Scholten%2C_Bestanddeelnr_916-6020.jpg/960px-REM_debat_in_Tweede_Kamer_%2C_Luns_%28gapend%29_en_Scholten%2C_Bestanddeelnr_916-6020.jpg?utm_source=commons.wikimedia.org&utm_campaign=imageinfo&utm_content=thumbnail
yawning-people_650_File_Representative_Sam_Mitchell_dnd0151.jpg,Category:Yawning people,File:Representative Sam Mitchell dnd0151.jpg,"Dughi, Donn.",Public domain,https://commons.wikimedia.org/wiki/File%3ARepresentative_Sam_Mitchell_dnd0151.jpg,https://upload.wikimedia.org/wikipedia/commons/e/e2/Representative_Sam_Mitchell_dnd0151.jpg?utm_source=commons.wikimedia.org&utm_campaign=imageinfo&utm_content=thumbnail_unscaled
yawning-people_651_File_Series_of_three_photos_showing_a_hysterical_y.jpg,Category:Yawning people,File:Series of three photos showing a hysterical yawning woman Wellcome L0034940 (cropped).jpg,,CC BY 4.0,https://commons.wikimedia.org/wiki/File%3ASeries_of_three_photos_showing_a_hysterical_yawning_woman_Wellcome_L0034940_%28cropped%29.jpg,https://thumb.wikimedia.org/wikipedia/commons/thumb/4/44/Series_of_three_photos_showing_a_hysterical_yawning_woman_Wellcome_L0034940_%28cropped%29.jpg/960px-Series_of_three_photos_showing_a_hysterical_yawning_woman_Wellcome_L0034940_%28cropped%29.jpg?utm_source=commons.wikimedia.org&utm_campaign=imageinfo&utm_content=thumbnail
yawning-people_652_File_Series_of_three_photos_showing_a_hysterical_y.jpg,Category:Yawning people,File:Series of three photos showing a hysterical yawning woman Wellcome L0034940.jpg,,CC BY 4.0,https://commons.wikimedia.org/wiki/File%3ASeries_of_three_photos_showing_a_hysterical_yawning_woman_Wellcome_L0034940.jpg,https://thumb.wikimedia.org/wikipedia/commons/thumb/0/0b/Series_of_three_photos_showing_a_hysterical_yawning_woman_Wellcome_L0034940.jpg/960px-Series_of_three_photos_showing_a_hysterical_yawning_woman_Wellcome_L0034940.jpg?utm_source=commons.wikimedia.org&utm_campaign=imageinfo&utm_content=thumbnail
yawning-people_653_File_Sidney_is_thrilled_jeh.jpg,Category:Yawning people,File:Sidney is thrilled jeh.JPG,Jim.henderson,Public domain,https://commons.wikimedia.org/wiki/File%3ASidney_is_thrilled_jeh.JPG,https://thumb.wikimedia.org/wikipedia/commons/thumb/8/8f/Sidney_is_thrilled_jeh.JPG/960px-Sidney_is_thrilled_jeh.JPG?utm_source=commons.wikimedia.org&utm_campaign=imageinfo&utm_content=thumbnail
yawning-people_654_File_Sleepy_6061273174.jpg,Category:Yawning people,File:Sleepy (6061273174).jpg,Chris Waits,CC BY 2.0,https://commons.wikimedia.org/wiki/File%3ASleepy_%286061273174%29.jpg,https://thumb.wikimedia.org/wikipedia/commons/thumb/b/b3/Sleepy_%286061273174%29.jpg/960px-Sleepy_%286061273174%29.jpg?utm_source=commons.wikimedia.org&utm_campaign=imageinfo&utm_content=thumbnail
yawning-people_655_File_Small_boy_with_long_hair_wearing_hat_and_sail.jpg,Category:Yawning people,File:Small boy with long hair wearing hat and sailor coat yawning LCCN2002710331 (cropped).jpg,"Miscellaneous Items in High Demand, PPOC, Library of Congress",Public domain,https://commons.wikimedia.org/wiki/File%3ASmall_boy_with_long_hair_wearing_hat_and_sailor_coat_yawning_LCCN2002710331_%28cropped%29.jpg,https://upload.wikimedia.org/wikipedia/commons/9/92/Small_boy_with_long_hair_wearing_hat_and_sailor_coat_yawning_LCCN2002710331_%28cropped%29.jpg?utm_source=commons.wikimedia.org&utm_campaign=imageinfo&utm_content=thumbnail_unscaled
yawning-people_656_File_Small_boy_with_long_hair_wearing_hat_and_sail.jpg,Category:Yawning people,File:Small boy with long hair wearing hat and sailor coat yawning LCCN2002710331.jpg,"Miscellaneous Items in High Demand, PPOC, Library of Congress",Public domain,https://commons.wikimedia.org/wiki/File%3ASmall_boy_with_long_hair_wearing_hat_and_sailor_coat_yawning_LCCN2002710331.jpg,https://thumb.wikimedia.org/wikipedia/commons/thumb/a/a3/Small_boy_with_long_hair_wearing_hat_and_sailor_coat_yawning_LCCN2002710331.jpg/960px-Small_boy_with_long_hair_wearing_hat_and_sailor_coat_yawning_LCCN2002710331.jpg?utm_source=commons.wikimedia.org&utm_campaign=imageinfo&utm_content=thumbnail
yawning-people_657_File_Small_boy_with_long_hair_wearing_hat_and_sail.jpg,Category:Yawning people,File:Small boy with long hair wearing hat and sailor coat yawning LCCN2002710331.tif,"Miscellaneous Items in High Demand, PPOC, Library of Congress",Public domain,https://commons.wikimedia.org/wiki/File%3ASmall_boy_with_long_hair_wearing_hat_and_sailor_coat_yawning_LCCN2002710331.tif,https://thumb.wikimedia.org/wikipedia/commons/thumb/0/0f/Small_boy_with_long_hair_wearing_hat_and_sailor_coat_yawning_LCCN2002710331.tif/lossy-page1-960px-Small_boy_with_long_hair_wearing_hat_and_sailor_coat_yawning_LCCN2002710331.tif.jpg?utm_source=commons.wikimedia.org&utm_campaign=imageinfo&utm_content=thumbnail
yawning-people_658_File_Stewart_yawn.jpg,Category:Yawning people,File:Stewart-yawn.jpg,,CC BY 2.0,https://commons.wikimedia.org/wiki/File%3AStewart-yawn.jpg,https://upload.wikimedia.org/wikipedia/commons/d/df/Stewart-yawn.jpg?utm_source=commons.wikimedia.org&utm_campaign=imageinfo&utm_content=thumbnail_unscaled
yawning-people_659_File_Stretchy_Laurie.jpg,Category:Yawning people,File:Stretchy Laurie!.jpg,essers,CC BY 2.0,https://commons.wikimedia.org/wiki/File%3AStretchy_Laurie%21.jpg,https://thumb.wikimedia.org/wikipedia/commons/thumb/8/83/Stretchy_Laurie%21.jpg/960px-Stretchy_Laurie%21.jpg?utm_source=commons.wikimedia.org&utm_campaign=imageinfo&utm_content=thumbnail
yawning-people_660_File_Sue_o_9215495371.jpg,Category:Yawning people,File:Sueño (9215495371).jpg,"Juanedc from Zaragoza, España",CC BY 2.0,https://commons.wikimedia.org/wiki/File%3ASue%C3%B1o_%289215495371%29.jpg,https://thumb.wikimedia.org/wikipedia/commons/thumb/d/d3/Sue%C3%B1o_%289215495371%29.jpg/960px-Sue%C3%B1o_%289215495371%29.jpg?utm_source=commons.wikimedia.org&utm_campaign=imageinfo&utm_content=thumbnail
yawning-people_661_File_Sweet_seller.jpg,Category:Yawning people,File:Sweet seller.jpg,"Aizawaiza, Ricard andrianamanana",CC BY-SA 4.0,https://commons.wikimedia.org/wiki/File%3ASweet_seller.jpg,https://thumb.wikimedia.org/wikipedia/commons/thumb/7/70/Sweet_seller.jpg/960px-Sweet_seller.jpg?utm_source=commons.wikimedia.org&utm_campaign=imageinfo&utm_content=thumbnail
yawning-people_662_File_The_Yawn_Embera_Village_8252019975.jpg,Category:Yawning people,File:The Yawn - Embera Village (8252019975).jpg,"Alex Proimos from Sydney, Australia",CC BY 2.0,https://commons.wikimedia.org/wiki/File%3AThe_Yawn_-_Embera_Village_%288252019975%29.jpg,https://thumb.wikimedia.org/wikipedia/commons/thumb/7/7c/The_Yawn_-_Embera_Village_%288252019975%29.jpg/960px-The_Yawn_-_Embera_Village_%288252019975%29.jpg?utm_source=commons.wikimedia.org&utm_campaign=imageinfo&utm_content=thumbnail
yawning-people_663_File_Tired_face.jpg,Category:Yawning people,File:Tired face.jpg,Jineshpanchal,CC BY-SA 4.0,https://commons.wikimedia.org/wiki/File%3ATired_face.jpg,https://thumb.wikimedia.org/wikipedia/commons/thumb/d/db/Tired_face.jpg/960px-Tired_face.jpg?utm_source=commons.wikimedia.org&utm_campaign=imageinfo&utm_content=thumbnail
yawning-people_664_File_Tiredness.jpg,Category:Yawning people,File:Tiredness.jpg,Vitold Muratov,CC BY-SA 3.0,https://commons.wikimedia.org/wiki/File%3ATiredness.jpg,https://thumb.wikimedia.org/wikipedia/commons/thumb/6/6c/Tiredness.jpg/960px-Tiredness.jpg?utm_source=commons.wikimedia.org&utm_campaign=imageinfo&utm_content=thumbnail
yawning-people_665_File_Tver_Oblast_Torzhok_2012_05_1337536212.jpg,Category:Yawning people,File:Tver Oblast Torzhok 2012-05 1337536212.JPG,Artyom Svetlov,CC BY-SA 4.0,https://commons.wikimedia.org/wiki/File%3ATver_Oblast_Torzhok_2012-05_1337536212.JPG,https://thumb.wikimedia.org/wikipedia/commons/thumb/1/11/Tver_Oblast_Torzhok_2012-05_1337536212.JPG/960px-Tver_Oblast_Torzhok_2012-05_1337536212.JPG?utm_source=commons.wikimedia.org&utm_campaign=imageinfo&utm_content=thumbnail
yawning-people_666_File_Tweede_Kamer_Algemene_beschouwingen_Minister.jpg,Category:Yawning people,"File:Tweede Kamer . Algemene beschouwingen. Minister Luns (gapende), Bestanddeelnr 920-7704.jpg",Ron Kroon / Anefo,CC0,https://commons.wikimedia.org/wiki/File%3ATweede_Kamer_._Algemene_beschouwingen._Minister_Luns_%28gapende%29%2C_Bestanddeelnr_920-7704.jpg,https://thumb.wikimedia.org/wikipedia/commons/thumb/0/0d/Tweede_Kamer_._Algemene_beschouwingen._Minister_Luns_%28gapende%29%2C_Bestanddeelnr_920-7704.jpg/960px-Tweede_Kamer_._Algemene_beschouwingen._Minister_Luns_%28gapende%29%2C_Bestanddeelnr_920-7704.jpg?utm_source=commons.wikimedia.org&utm_campaign=imageinfo&utm_content=thumbnail
yawning-people_667_File_Tweede_Kamer_Algemene_beschouwingen_Minister.jpg,Category:Yawning people,"File:Tweede Kamer Algemene beschouwingen Minister Luns en Witteveen (gapend), Bestanddeelnr 921-7487.jpg",Ron Kroon / Anefo,CC0,https://commons.wikimedia.org/wiki/File%3ATweede_Kamer_Algemene_beschouwingen_Minister_Luns_en_Witteveen_%28gapend%29%2C_Bestanddeelnr_921-7487.jpg,https://thumb.wikimedia.org/wikipedia/commons/thumb/3/32/Tweede_Kamer_Algemene_beschouwingen_Minister_Luns_en_Witteveen_%28gapend%29%2C_Bestanddeelnr_921-7487.jpg/960px-Tweede_Kamer_Algemene_beschouwingen_Minister_Luns_en_Witteveen_%28gapend%29%2C_Bestanddeelnr_921-7487.jpg?utm_source=commons.wikimedia.org&utm_campaign=imageinfo&utm_content=thumbnail
yawning-people_668_File_Tweede_Kamer_antwoord_van_regering_na_debatte.jpg,Category:Yawning people,"File:Tweede Kamer antwoord van regering na debatten van gisteren over Algemene Besc, Bestanddeelnr 923-9263.jpg",Eric Koch for Anefo,CC0,https://commons.wikimedia.org/wiki/File%3ATweede_Kamer_antwoord_van_regering_na_debatten_van_gisteren_over_Algemene_Besc%2C_Bestanddeelnr_923-9263.jpg,https://thumb.wikimedia.org/wikipedia/commons/thumb/b/b7/Tweede_Kamer_antwoord_van_regering_na_debatten_van_gisteren_over_Algemene_Besc%2C_Bestanddeelnr_923-9263.jpg/960px-Tweede_Kamer_antwoord_van_regering_na_debatten_van_gisteren_over_Algemene_Besc%2C_Bestanddeelnr_923-9263.jpg?utm_source=commons.wikimedia.org&utm_campaign=imageinfo&utm_content=thumbnail
yawning-people_669_File_Tweede_Kamer_antwoord_van_regering_na_debatte.jpg,Category:Yawning people,"File:Tweede Kamer antwoord van regering na debatten van gisteren over Algemene Besc, Bestanddeelnr 923-9266.jpg",Eric Koch for Anefo,CC0,https://commons.wikimedia.org/wiki/File%3ATweede_Kamer_antwoord_van_regering_na_debatten_van_gisteren_over_Algemene_Besc%2C_Bestanddeelnr_923-9266.jpg,https://thumb.wikimedia.org/wikipedia/commons/thumb/6/60/Tweede_Kamer_antwoord_van_regering_na_debatten_van_gisteren_over_Algemene_Besc%2C_Bestanddeelnr_923-9266.jpg/960px-Tweede_Kamer_antwoord_van_regering_na_debatten_van_gisteren_over_Algemene_Besc%2C_Bestanddeelnr_923-9266.jpg?utm_source=commons.wikimedia.org&utm_campaign=imageinfo&utm_content=thumbnail
yawning-people_670_File_Valborg_3310_1_3489955724.jpg,Category:Yawning people,File:Valborg 3310-1 (3489955724).jpg,"Bengt Nyman from Vaxholm, Sweden",CC BY 2.0,https://commons.wikimedia.org/wiki/File%3AValborg_3310-1_%283489955724%29.jpg,https://thumb.wikimedia.org/wikipedia/commons/thumb/a/ae/Valborg_3310-1_%283489955724%29.jpg/960px-Valborg_3310-1_%283489955724%29.jpg?utm_source=commons.wikimedia.org&utm_campaign=imageinfo&utm_content=thumbnail
yawning-people_671_File_Vital_Moreira_e_Ana_Gomes.jpg,Category:Yawning people,File:Vital Moreira e Ana Gomes.jpg,"José Goulão from Lisbon, Portugal",CC BY-SA 2.0,https://commons.wikimedia.org/wiki/File%3AVital_Moreira_e_Ana_Gomes.jpg,https://thumb.wikimedia.org/wikipedia/commons/thumb/9/98/Vital_Moreira_e_Ana_Gomes.jpg/960px-Vital_Moreira_e_Ana_Gomes.jpg?utm_source=commons.wikimedia.org&utm_campaign=imageinfo&utm_content=thumbnail
yawning-people_672_File_WM_RU_IN_YAKUTSK_2020_TOUR_86.jpg,Category:Yawning people,File:WM-RU IN YAKUTSK 2020 TOUR 86.jpg,HalanTul,CC BY-SA 4.0,https://commons.wikimedia.org/wiki/File%3AWM-RU_IN_YAKUTSK_2020_TOUR_86.jpg,https://thumb.wikimedia.org/wikipedia/commons/thumb/d/d1/WM-RU_IN_YAKUTSK_2020_TOUR_86.jpg/960px-WM-RU_IN_YAKUTSK_2020_TOUR_86.jpg?utm_source=commons.wikimedia.org&utm_campaign=imageinfo&utm_content=thumbnail
yawning-people_673_File_Yawning_and_personal_hygiene.jpg,Category:Yawning people,File:Yawning and personal hygiene.jpg,Chris Prince Udochukwu Njoku,CC BY-SA 4.0,https://commons.wikimedia.org/wiki/File%3AYawning_and_personal_hygiene.jpg,https://upload.wikimedia.org/wikipedia/commons/f/fc/Yawning_and_personal_hygiene.jpg?utm_source=commons.wikimedia.org&utm_campaign=imageinfo&utm_content=thumbnail_unscaled
yawning-people_674_File_Yawning_baby.jpg,Category:Yawning people,File:Yawning baby.jpg,Bobjgalindo,CC BY-SA 4.0,https://commons.wikimedia.org/wiki/File%3AYawning_baby.jpg,https://upload.wikimedia.org/wikipedia/commons/9/9f/Yawning_baby.jpg?utm_source=commons.wikimedia.org&utm_campaign=imageinfo&utm_content=thumbnail_unscaled
yawning-people_675_File_Yawning_Image.jpg,Category:Yawning people,File:Yawning Image.jpg,Thamizhpparithi Maari,CC BY-SA 4.0,https://commons.wikimedia.org/wiki/File%3AYawning_Image.jpg,https://thumb.wikimedia.org/wikipedia/commons/thumb/2/2b/Yawning_Image.jpg/960px-Yawning_Image.jpg?utm_source=commons.wikimedia.org&utm_campaign=imageinfo&utm_content=thumbnail
yawning-people_676_File_Yawning_Infant_August_2018.jpg,Category:Yawning people,"File:Yawning Infant, August 2018.jpg",Martin Falbisoner,CC BY-SA 4.0,https://commons.wikimedia.org/wiki/File%3AYawning_Infant%2C_August_2018.jpg,https://thumb.wikimedia.org/wikipedia/commons/thumb/b/b9/Yawning_Infant%2C_August_2018.jpg/960px-Yawning_Infant%2C_August_2018.jpg?utm_source=commons.wikimedia.org&utm_campaign=imageinfo&utm_content=thumbnail
yawning-people_677_File_Yawning_newborn_baby.jpg,Category:Yawning people,File:Yawning newborn baby.jpg,AndrePeltier at English Wikipedia,Public domain,https://commons.wikimedia.org/wiki/File%3AYawning_newborn_baby.jpg,https://upload.wikimedia.org/wikipedia/commons/1/1f/Yawning_newborn_baby.jpg?utm_source=commons.wikimedia.org&utm_campaign=imageinfo&utm_content=thumbnail_unscaled
yawning-people_678_File_Yawning_woman.jpg,Category:Yawning people,File:Yawning woman.jpg,Wheeler Cowperthwaite,CC BY 2.0,https://commons.wikimedia.org/wiki/File%3AYawning_woman.jpg,https://thumb.wikimedia.org/wikipedia/commons/thumb/8/88/Yawning_woman.jpg/960px-Yawning_woman.jpg?utm_source=commons.wikimedia.org&utm_campaign=imageinfo&utm_content=thumbnail
yawning-people_679_File_Yawning1.jpg,Category:Yawning people,File:Yawning1.jpg,Firm Foundations Duhok,CC BY-SA 4.0,https://commons.wikimedia.org/wiki/File%3AYawning1.jpg,https://thumb.wikimedia.org/wikipedia/commons/thumb/3/3e/Yawning1.jpg/960px-Yawning1.jpg?utm_source=commons.wikimedia.org&utm_campaign=imageinfo&utm_content=thumbnail
yawning_680_File_20240603_osprey_south_meadows_PD208672.jpg,Category:Yawning,File:20240603 osprey south meadows PD208672.jpg,Paul Danese,CC BY-SA 4.0,https://commons.wikimedia.org/wiki/File%3A20240603_osprey_south_meadows_PD208672.jpg,https://thumb.wikimedia.org/wikipedia/commons/thumb/0/07/20240603_osprey_south_meadows_PD208672.jpg/960px-20240603_osprey_south_meadows_PD208672.jpg?utm_source=commons.wikimedia.org&utm_campaign=imageinfo&utm_content=thumbnail
yawning_681_File_Anapa_panoramio.jpg,Category:Yawning,File:Anapa - panoramio.jpg,angelius1979,CC BY-SA 3.0,https://commons.wikimedia.org/wiki/File%3AAnapa_-_panoramio.jpg,https://thumb.wikimedia.org/wikipedia/commons/thumb/6/6d/Anapa_-_panoramio.jpg/960px-Anapa_-_panoramio.jpg?utm_source=commons.wikimedia.org&utm_campaign=imageinfo&utm_content=thumbnail
yawning_682_File_Beagle_yawning_2.jpg,Category:Yawning,File:Beagle yawning 2.jpg,Slyronit,CC BY-SA 4.0,https://commons.wikimedia.org/wiki/File%3ABeagle_yawning_2.jpg,https://thumb.wikimedia.org/wikipedia/commons/thumb/c/c0/Beagle_yawning_2.jpg/960px-Beagle_yawning_2.jpg?utm_source=commons.wikimedia.org&utm_campaign=imageinfo&utm_content=thumbnail
yawning_683_File_Beagle_yawning.jpg,Category:Yawning,File:Beagle yawning.jpg,Slyronit,CC BY-SA 4.0,https://commons.wikimedia.org/wiki/File%3ABeagle_yawning.jpg,https://thumb.wikimedia.org/wikipedia/commons/thumb/1/15/Beagle_yawning.jpg/960px-Beagle_yawning.jpg?utm_source=commons.wikimedia.org&utm_campaign=imageinfo&utm_content=thumbnail
yawning_684_File_CatYawn.jpg,Category:Yawning,File:CatYawn.png,TomT333,CC BY-SA 4.0,https://commons.wikimedia.org/wiki/File%3ACatYawn.png,https://upload.wikimedia.org/wikipedia/commons/f/f6/CatYawn.png?utm_source=commons.wikimedia.org&utm_campaign=imageinfo&utm_content=thumbnail_unscaled
yawning_685_File_Edinburgh_yawning_meerkat.jpg,Category:Yawning,File:Edinburgh yawning meerkat.jpg,Echo Severs,CC BY-SA 4.0,https://commons.wikimedia.org/wiki/File%3AEdinburgh_yawning_meerkat.jpg,https://thumb.wikimedia.org/wikipedia/commons/thumb/2/23/Edinburgh_yawning_meerkat.jpg/960px-Edinburgh_yawning_meerkat.jpg?utm_source=commons.wikimedia.org&utm_campaign=imageinfo&utm_content=thumbnail
yawning_686_File_Gjumi.jpg,Category:Yawning,File:Gjumi.jpg,Fjolle Ramadani,CC BY-SA 4.0,https://commons.wikimedia.org/wiki/File%3AGjumi.jpg,https://thumb.wikimedia.org/wikipedia/commons/thumb/1/15/Gjumi.jpg/960px-Gjumi.jpg?utm_source=commons.wikimedia.org&utm_campaign=imageinfo&utm_content=thumbnail
yawning_687_File_MOREmoji_yawn.jpg,Category:Yawning,File:MOREmoji yawn.svg,"alleZSoyez, derivative mork of Twemoji",CC BY 4.0,https://commons.wikimedia.org/wiki/File%3AMOREmoji_yawn.svg,https://thumb.wikimedia.org/wikipedia/commons/thumb/a/a1/MOREmoji_yawn.svg/960px-MOREmoji_yawn.svg.png?utm_source=commons.wikimedia.org&utm_campaign=imageinfo&utm_content=thumbnail
yawning_688_File.jpg,Category:Yawning,File:سوق الجمال بشلاتين ١٢.jpg,Mohamed shokry algarnosy,CC BY-SA 4.0,https://commons.wikimedia.org/wiki/File%3A%D8%B3%D9%88%D9%82_%D8%A7%D9%84%D8%AC%D9%85%D8%A7%D9%84_%D8%A8%D8%B4%D9%84%D8%A7%D8%AA%D9%8A%D9%86_%D9%A1%D9%A2.jpg,https://thumb.wikimedia.org/wikipedia/commons/thumb/6/63/%D8%B3%D9%88%D9%82_%D8%A7%D9%84%D8%AC%D9%85%D8%A7%D9%84_%D8%A8%D8%B4%D9%84%D8%A7%D8%AA%D9%8A%D9%86_%D9%A1%D9%A2.jpg/960px-%D8%B3%D9%88%D9%82_%D8%A7%D9%84%D8%AC%D9%85%D8%A7%D9%84_%D8%A8%D8%B4%D9%84%D8%A7%D8%AA%D9%8A%D9%86_%D9%A1%D9%A2.jpg?utm_source=commons.wikimedia.org&utm_campaign=imageinfo&utm_content=thumbnail
yawning_689_File_Yawning_muscles2_2.jpg,Category:Yawning,File:Yawning muscles2 (2).jpg,ChristiaanDoelman,CC BY-SA 4.0,https://commons.wikimedia.org/wiki/File%3AYawning_muscles2_%282%29.jpg,https://thumb.wikimedia.org/wikipedia/commons/thumb/d/d7/Yawning_muscles2_%282%29.jpg/960px-Yawning_muscles2_%282%29.jpg?utm_source=commons.wikimedia.org&utm_campaign=imageinfo&utm_content=thumbnail
napping_690_File_130_M_Young_Old_Peterborough_Hydro_Powerhouse.jpg,Category:Napping,"File:130. M. Young, Old Peterborough Hydro (Powerhouse?) Peterborough, Ont., 1903 (26456726331).jpg",Community Archives,Public domain,https://commons.wikimedia.org/wiki/File%3A130._M._Young%2C_Old_Peterborough_Hydro_%28Powerhouse%3F%29_Peterborough%2C_Ont.%2C_1903_%2826456726331%29.jpg,https://thumb.wikimedia.org/wikipedia/commons/thumb/5/57/130._M._Young%2C_Old_Peterborough_Hydro_%28Powerhouse%3F%29_Peterborough%2C_Ont.%2C_1903_%2826456726331%29.jpg/960px-130._M._Young%2C_Old_Peterborough_Hydro_%28Powerhouse%3F%29_Peterborough%2C_Ont.%2C_1903_%2826456726331%29.jpg?utm_source=commons.wikimedia.org&utm_campaign=imageinfo&utm_content=thumbnail
napping_691_File_20140729_Ichijima_Kawasuso_Matsuri_DSCF0550.jpg,Category:Napping,File:20140729 Ichijima-Kawasuso Matsuri 市島川裾祭（丹波市市島町）DSCF0550.JPG,松岡明芳,CC BY-SA 4.0,https://commons.wikimedia.org/wiki/File%3A20140729_Ichijima-Kawasuso_Matsuri_%E5%B8%82%E5%B3%B6%E5%B7%9D%E8%A3%BE%E7%A5%AD%EF%BC%88%E4%B8%B9%E6%B3%A2%E5%B8%82%E5%B8%82%E5%B3%B6%E7%94%BA%EF%BC%89DSCF0550.JPG,https://thumb.wikimedia.org/wikipedia/commons/thumb/e/e6/20140729_Ichijima-Kawasuso_Matsuri_%E5%B8%82%E5%B3%B6%E5%B7%9D%E8%A3%BE%E7%A5%AD%EF%BC%88%E4%B8%B9%E6%B3%A2%E5%B8%82%E5%B8%82%E5%B3%B6%E7%94%BA%EF%BC%89DSCF0550.JPG/960px-20140729_Ichijima-Kawasuso_Matsuri_%E5%B8%82%E5%B3%B6%E5%B7%9D%E8%A3%BE%E7%A5%AD%EF%BC%88%E4%B8%B9%E6%B3%A2%E5%B8%82%E5%B8%82%E5%B3%B6%E7%94%BA%EF%BC%89DSCF0550.JPG?utm_source=commons.wikimedia.org&utm_campaign=imageinfo&utm_content=thumbnail
napping_692_File_2015_03_08_Swayambhunath_Katmandu_Nepal_DSCF4.jpg,Category:Napping,"File:2015-03-08 Swayambhunath,Katmandu,Nepal,சுயம்புநாதர் கோயில்,スワヤンブナート DSCF4327.jpg",松岡明芳,CC BY-SA 4.0,https://commons.wikimedia.org/wiki/File%3A2015-03-08_Swayambhunath%2CKatmandu%2CNepal%2C%E0%AE%9A%E0%AF%81%E0%AE%AF%E0%AE%AE%E0%AF%8D%E0%AE%AA%E0%AF%81%E0%AE%A8%E0%AE%BE%E0%AE%A4%E0%AE%B0%E0%AF%8D_%E0%AE%95%E0%AF%8B%E0%AE%AF%E0%AE%BF%E0%AE%B2%E0%AF%8D%2C%E3%82%B9%E3%83%AF%E3%83%A4%E3%83%B3%E3%83%96%E3%83%8A%E3%83%BC%E3%83%88_DSCF4327.jpg,https://thumb.wikimedia.org/wikipedia/commons/thumb/c/c1/2015-03-08_Swayambhunath%2CKatmandu%2CNepal%2C%E0%AE%9A%E0%AF%81%E0%AE%AF%E0%AE%AE%E0%AF%8D%E0%AE%AA%E0%AF%81%E0%AE%A8%E0%AE%BE%E0%AE%A4%E0%AE%B0%E0%AF%8D_%E0%AE%95%E0%AF%8B%E0%AE%AF%E0%AE%BF%E0%AE%B2%E0%AF%8D%2C%E3%82%B9%E3%83%AF%E3%83%A4%E3%83%B3%E3%83%96%E3%83%8A%E3%83%BC%E3%83%88_DSCF4327.jpg/960px-2015-03-08_Swayambhunath%2CKatmandu%2CNepal%2C%E0%AE%9A%E0%AF%81%E0%AE%AF%E0%AE%AE%E0%AF%8D%E0%AE%AA%E0%AF%81%E0%AE%A8%E0%AE%BE%E0%AE%A4%E0%AE%B0%E0%AF%8D_%E0%AE%95%E0%AF%8B%E0%AE%AF%E0%AE%BF%E0%AE%B2%E0%AF%8D%2C%E3%82%B9%E3%83%AF%E3%83%A4%E3%83%B3%E3%83%96%E3%83%8A%E3%83%BC%E3%83%88_DSCF4327.jpg?utm_source=commons.wikimedia.org&utm_campaign=imageinfo&utm_content=thumbnail
napping_693_File_Asleep_on_the_job_2_41863115.jpg,Category:Napping,File:Asleep on the job 2 (41863115).jpg,Photocapy,CC BY-SA 2.0,https://commons.wikimedia.org/wiki/File%3AAsleep_on_the_job_2_%2841863115%29.jpg,https://thumb.wikimedia.org/wikipedia/commons/thumb/f/f5/Asleep_on_the_job_2_%2841863115%29.jpg/960px-Asleep_on_the_job_2_%2841863115%29.jpg?utm_source=commons.wikimedia.org&utm_campaign=imageinfo&utm_content=thumbnail
napping_694_File_Auguste_Toulmouche_An_Afternoon_Idyll.jpg,Category:Napping,File:Auguste Toulmouche - An Afternoon Idyll.jpg,Auguste Toulmouche,Public domain,https://commons.wikimedia.org/wiki/File%3AAuguste_Toulmouche_-_An_Afternoon_Idyll.jpg,https://upload.wikimedia.org/wikipedia/commons/6/6b/Auguste_Toulmouche_-_An_Afternoon_Idyll.jpg?utm_source=commons.wikimedia.org&utm_campaign=imageinfo&utm_content=thumbnail_unscaled
napping_695_File_B612_20211204_133630_484.jpg,Category:Napping,File:B612 20211204 133630 484.jpg,Eslamp,CC BY-SA 4.0,https://commons.wikimedia.org/wiki/File%3AB612_20211204_133630_484.jpg,https://thumb.wikimedia.org/wikipedia/commons/thumb/9/98/B612_20211204_133630_484.jpg/960px-B612_20211204_133630_484.jpg?utm_source=commons.wikimedia.org&utm_campaign=imageinfo&utm_content=thumbnail
napping_696_File_Barrel_67568481.jpg,Category:Napping,File:Barrel (67568481).jpeg,Abhimanyu Sirothia,CC BY 3.0,https://commons.wikimedia.org/wiki/File%3ABarrel_%2867568481%29.jpeg,https://thumb.wikimedia.org/wikipedia/commons/thumb/2/2c/Barrel_%2867568481%29.jpeg/960px-Barrel_%2867568481%29.jpeg?utm_source=commons.wikimedia.org&utm_campaign=imageinfo&utm_content=thumbnail
napping_697_File_COLLECTIE_TROPENMUSEUM_Man_op_ligstoel_doet_e.jpg,Category:Napping,File:COLLECTIE TROPENMUSEUM Man op ligstoel doet een middagdutje te Kera in noordwest Burkina Faso TMnr 20010149.jpg,Jan Broekhuijse,CC BY-SA 3.0,https://commons.wikimedia.org/wiki/File%3ACOLLECTIE_TROPENMUSEUM_Man_op_ligstoel_doet_een_middagdutje_te_Kera_in_noordwest_Burkina_Faso_TMnr_20010149.jpg,https://upload.wikimedia.org/wikipedia/commons/f/f7/COLLECTIE_TROPENMUSEUM_Man_op_ligstoel_doet_een_middagdutje_te_Kera_in_noordwest_Burkina_Faso_TMnr_20010149.jpg?utm_source=commons.wikimedia.org&utm_campaign=imageinfo&utm_content=thumbnail_unscaled
napping_698_File_Couple_napping_on_bench_at_San_Francisco_Bota.jpg,Category:Napping,File:Couple napping on bench at San Francisco Botanical Garden.tif,Michael Slaten,CC BY-SA 4.0,https://commons.wikimedia.org/wiki/File%3ACouple_napping_on_bench_at_San_Francisco_Botanical_Garden.tif,https://thumb.wikimedia.org/wikipedia/commons/thumb/e/e5/Couple_napping_on_bench_at_San_Francisco_Botanical_Garden.tif/lossy-page1-960px-Couple_napping_on_bench_at_San_Francisco_Botanical_Garden.tif.jpg?utm_source=commons.wikimedia.org&utm_campaign=imageinfo&utm_content=thumbnail
napping_699_File_Cowboy_Catching_some_ZZZZ_s_Bryce_Canyon_UT_9.jpg,Category:Napping,"File:Cowboy Catching some ZZZZ's, Bryce Canyon, UT 9-2009 (5882070590).jpg",inkknife_2000 (7.5 million views +),CC BY-SA 2.0,https://commons.wikimedia.org/wiki/File%3ACowboy_Catching_some_ZZZZ%27s%2C_Bryce_Canyon%2C_UT_9-2009_%285882070590%29.jpg,https://thumb.wikimedia.org/wikipedia/commons/thumb/9/9e/Cowboy_Catching_some_ZZZZ%27s%2C_Bryce_Canyon%2C_UT_9-2009_%285882070590%29.jpg/960px-Cowboy_Catching_some_ZZZZ%27s%2C_Bryce_Canyon%2C_UT_9-2009_%285882070590%29.jpg?utm_source=commons.wikimedia.org&utm_campaign=imageinfo&utm_content=thumbnail
napping_700_File_Cows_snoozing_in_Heden_Lysekil.jpg,Category:Napping,"File:Cows snoozing in Heden, Lysekil.jpg",W.carter,CC BY-SA 4.0,https://commons.wikimedia.org/wiki/File%3ACows_snoozing_in_Heden%2C_Lysekil.jpg,https://thumb.wikimedia.org/wikipedia/commons/thumb/8/87/Cows_snoozing_in_Heden%2C_Lysekil.jpg/960px-Cows_snoozing_in_Heden%2C_Lysekil.jpg?utm_source=commons.wikimedia.org&utm_campaign=imageinfo&utm_content=thumbnail
napping_701_File_Dormindo_na_boo_land_1547981692.jpg,Category:Napping,File:Dormindo na boo-land (1547981692).jpg,"Marco Gomes from São Paulo, Brasil",CC BY 2.0,https://commons.wikimedia.org/wiki/File%3ADormindo_na_boo-land_%281547981692%29.jpg,https://thumb.wikimedia.org/wikipedia/commons/thumb/3/39/Dormindo_na_boo-land_%281547981692%29.jpg/960px-Dormindo_na_boo-land_%281547981692%29.jpg?utm_source=commons.wikimedia.org&utm_campaign=imageinfo&utm_content=thumbnail
napping_702_File_Echando_Una_Cabezaita_120136599.jpg,Category:Napping,File:Echando Una Cabezaita (120136599).jpeg,Pedro Soler Bueno,CC BY 3.0,https://commons.wikimedia.org/wiki/File%3AEchando_Una_Cabezaita_%28120136599%29.jpeg,https://thumb.wikimedia.org/wikipedia/commons/thumb/9/92/Echando_Una_Cabezaita_%28120136599%29.jpeg/960px-Echando_Una_Cabezaita_%28120136599%29.jpeg?utm_source=commons.wikimedia.org&utm_campaign=imageinfo&utm_content=thumbnail
napping_703_File_Emergency_worker_takes_a_nap_in_the_call_cent.jpg,Category:Napping,File:Emergency worker takes a nap in the call center (16374226915).jpg,"City of Boston Archives from West Roxbury, United States",CC BY-SA 2.0,https://commons.wikimedia.org/wiki/File%3AEmergency_worker_takes_a_nap_in_the_call_center_%2816374226915%29.jpg,https://upload.wikimedia.org/wikipedia/commons/2/24/Emergency_worker_takes_a_nap_in_the_call_center_%2816374226915%29.jpg?utm_source=commons.wikimedia.org&utm_campaign=imageinfo&utm_content=thumbnail_unscaled
napping_704_File_F_lix_Bonfils_Mumienh_ndler.jpg,Category:Napping,File:Félix Bonfils - Mumienhändler.jpg,Félix Bonfils,Public domain,https://commons.wikimedia.org/wiki/File%3AF%C3%A9lix_Bonfils_-_Mumienh%C3%A4ndler.jpg,https://thumb.wikimedia.org/wikipedia/commons/thumb/b/b2/F%C3%A9lix_Bonfils_-_Mumienh%C3%A4ndler.jpg/960px-F%C3%A9lix_Bonfils_-_Mumienh%C3%A4ndler.jpg?utm_source=commons.wikimedia.org&utm_campaign=imageinfo&utm_content=thumbnail
napping_705_File_F_lix_Bonfils_Mumienh_ndler.jpg,Category:Napping,File:Félix Bonfils - Mumienhändler.png,Félix Bonfils,Public domain,https://commons.wikimedia.org/wiki/File%3AF%C3%A9lix_Bonfils_-_Mumienh%C3%A4ndler.png,https://thumb.wikimedia.org/wikipedia/commons/thumb/9/94/F%C3%A9lix_Bonfils_-_Mumienh%C3%A4ndler.png/960px-F%C3%A9lix_Bonfils_-_Mumienh%C3%A4ndler.png?utm_source=commons.wikimedia.org&utm_campaign=imageinfo&utm_content=thumbnail
napping_706_File_Hike_to_Croix_du_Nivolet_15221429689.jpg,Category:Napping,File:Hike to Croix du Nivolet (15221429689).jpg,"Guilhem Vellut from Annecy, France",CC BY 2.0,https://commons.wikimedia.org/wiki/File%3AHike_to_Croix_du_Nivolet_%2815221429689%29.jpg,https://thumb.wikimedia.org/wikipedia/commons/thumb/6/66/Hike_to_Croix_du_Nivolet_%2815221429689%29.jpg/960px-Hike_to_Croix_du_Nivolet_%2815221429689%29.jpg?utm_source=commons.wikimedia.org&utm_campaign=imageinfo&utm_content=thumbnail
napping_707_File_Human_frome_nablus_2.jpg,Category:Napping,File:Human frome nablus 2.jpg,Oday yaish,CC BY-SA 4.0,https://commons.wikimedia.org/wiki/File%3AHuman_frome_nablus_2.jpg,https://thumb.wikimedia.org/wikipedia/commons/thumb/e/ed/Human_frome_nablus_2.jpg/960px-Human_frome_nablus_2.jpg?utm_source=commons.wikimedia.org&utm_campaign=imageinfo&utm_content=thumbnail
napping_708_File_Human_frome_nablus_3.jpg,Category:Napping,File:Human frome nablus 3.jpg,Oday yaish,CC BY-SA 4.0,https://commons.wikimedia.org/wiki/File%3AHuman_frome_nablus_3.jpg,https://thumb.wikimedia.org/wikipedia/commons/thumb/2/29/Human_frome_nablus_3.jpg/960px-Human_frome_nablus_3.jpg?utm_source=commons.wikimedia.org&utm_campaign=imageinfo&utm_content=thumbnail
napping_709_File_Human_frome_nablus_4.jpg,Category:Napping,File:Human frome nablus 4.jpg,Oday yaish,CC BY-SA 4.0,https://commons.wikimedia.org/wiki/File%3AHuman_frome_nablus_4.jpg,https://thumb.wikimedia.org/wikipedia/commons/thumb/3/37/Human_frome_nablus_4.jpg/960px-Human_frome_nablus_4.jpg?utm_source=commons.wikimedia.org&utm_campaign=imageinfo&utm_content=thumbnail
napping_710_File_Human_frome_nablus_5.jpg,Category:Napping,File:Human frome nablus 5.jpg,Oday yaish,CC BY-SA 4.0,https://commons.wikimedia.org/wiki/File%3AHuman_frome_nablus_5.jpg,https://thumb.wikimedia.org/wikipedia/commons/thumb/7/70/Human_frome_nablus_5.jpg/960px-Human_frome_nablus_5.jpg?utm_source=commons.wikimedia.org&utm_campaign=imageinfo&utm_content=thumbnail
napping_711_File_Human_frome_nablus.jpg,Category:Napping,File:Human frome nablus.jpg,Oday yaish,CC BY-SA 4.0,https://commons.wikimedia.org/wiki/File%3AHuman_frome_nablus.jpg,https://thumb.wikimedia.org/wikipedia/commons/thumb/e/e0/Human_frome_nablus.jpg/960px-Human_frome_nablus.jpg?utm_source=commons.wikimedia.org&utm_campaign=imageinfo&utm_content=thumbnail
napping_712_File_In_the_park_on_hot_day_played_out_LCCN2014689.jpg,Category:Napping,"File:In the park on hot day-""played out"" LCCN2014689802.jpg","Bain News Service, publisher",Public domain,https://commons.wikimedia.org/wiki/File%3AIn_the_park_on_hot_day-%22played_out%22_LCCN2014689802.jpg,https://thumb.wikimedia.org/wikipedia/commons/thumb/1/1a/In_the_park_on_hot_day-%22played_out%22_LCCN2014689802.jpg/960px-In_the_park_on_hot_day-%22played_out%22_LCCN2014689802.jpg?utm_source=commons.wikimedia.org&utm_campaign=imageinfo&utm_content=thumbnail
napping_713_File_India_PA051960_15467583473.jpg,Category:Napping,File:India PA051960 (15467583473).jpg,yuen yan,CC BY-SA 2.0,https://commons.wikimedia.org/wiki/File%3AIndia_PA051960_%2815467583473%29.jpg,https://thumb.wikimedia.org/wikipedia/commons/thumb/f/fc/India_PA051960_%2815467583473%29.jpg/960px-India_PA051960_%2815467583473%29.jpg?utm_source=commons.wikimedia.org&utm_campaign=imageinfo&utm_content=thumbnail
napping_714_File_It_s_Lazy_Hay_Fever_Time_DPLA_6a0407610dff620.jpg,Category:Napping,"File:It's Lazy, Hay Fever Time - DPLA - 6a0407610dff620fed7827f8190ce900.jpg","Lee, Tommy",Public domain,https://commons.wikimedia.org/wiki/File%3AIt%27s_Lazy%2C_Hay_Fever_Time_-_DPLA_-_6a0407610dff620fed7827f8190ce900.jpg,https://thumb.wikimedia.org/wikipedia/commons/thumb/3/33/It%27s_Lazy%2C_Hay_Fever_Time_-_DPLA_-_6a0407610dff620fed7827f8190ce900.jpg/960px-It%27s_Lazy%2C_Hay_Fever_Time_-_DPLA_-_6a0407610dff620fed7827f8190ce900.jpg?utm_source=commons.wikimedia.org&utm_campaign=imageinfo&utm_content=thumbnail
napping_715_File_It_s_Lazy_Hay_Fever_Time_DPLA_a2fd3b7bcf46f62.jpg,Category:Napping,"File:It's Lazy, Hay Fever Time - DPLA - a2fd3b7bcf46f625ef02d3f01a7e1df0.jpg","Lee, Tommy",Public domain,https://commons.wikimedia.org/wiki/File%3AIt%27s_Lazy%2C_Hay_Fever_Time_-_DPLA_-_a2fd3b7bcf46f625ef02d3f01a7e1df0.jpg,https://thumb.wikimedia.org/wikipedia/commons/thumb/5/54/It%27s_Lazy%2C_Hay_Fever_Time_-_DPLA_-_a2fd3b7bcf46f625ef02d3f01a7e1df0.jpg/960px-It%27s_Lazy%2C_Hay_Fever_Time_-_DPLA_-_a2fd3b7bcf46f625ef02d3f01a7e1df0.jpg?utm_source=commons.wikimedia.org&utm_campaign=imageinfo&utm_content=thumbnail
napping_716_File_It_s_Lazy_Hay_Fever_Time_DPLA_ae1c904086d03ec.jpg,Category:Napping,"File:It's Lazy, Hay Fever Time - DPLA - ae1c904086d03ecef1d4be678a584619.jpg","Lee, Tommy",Public domain,https://commons.wikimedia.org/wiki/File%3AIt%27s_Lazy%2C_Hay_Fever_Time_-_DPLA_-_ae1c904086d03ecef1d4be678a584619.jpg,https://thumb.wikimedia.org/wikipedia/commons/thumb/0/02/It%27s_Lazy%2C_Hay_Fever_Time_-_DPLA_-_ae1c904086d03ecef1d4be678a584619.jpg/960px-It%27s_Lazy%2C_Hay_Fever_Time_-_DPLA_-_ae1c904086d03ecef1d4be678a584619.jpg?utm_source=commons.wikimedia.org&utm_campaign=imageinfo&utm_content=thumbnail
napping_717_File_Japan_Tokyo_Massage_1089.jpg,Category:Napping,File:Japan Tokyo Massage 1089.jpg,Ermell,CC BY-SA 4.0,https://commons.wikimedia.org/wiki/File%3AJapan_Tokyo_Massage_1089.jpg,https://thumb.wikimedia.org/wikipedia/commons/thumb/3/3d/Japan_Tokyo_Massage_1089.jpg/960px-Japan_Tokyo_Massage_1089.jpg?utm_source=commons.wikimedia.org&utm_campaign=imageinfo&utm_content=thumbnail
napping_718_File_Louis_Moe_Laboremus_1914.jpg,Category:Napping,File:Louis Moe - Laboremus - 1914.png,Louis Moe,Public domain,https://commons.wikimedia.org/wiki/File%3ALouis_Moe_-_Laboremus_-_1914.png,https://thumb.wikimedia.org/wikipedia/commons/thumb/c/cd/Louis_Moe_-_Laboremus_-_1914.png/960px-Louis_Moe_-_Laboremus_-_1914.png?utm_source=commons.wikimedia.org&utm_campaign=imageinfo&utm_content=thumbnail
napping_719_File_Napping_cat_and_women_at_a_stand.jpg,Category:Napping,File:Napping cat and women at a stand.jpg,Pingz Man,CC BY 2.0,https://commons.wikimedia.org/wiki/File%3ANapping_cat_and_women_at_a_stand.jpg,https://thumb.wikimedia.org/wikipedia/commons/thumb/5/5a/Napping_cat_and_women_at_a_stand.jpg/960px-Napping_cat_and_women_at_a_stand.jpg?utm_source=commons.wikimedia.org&utm_campaign=imageinfo&utm_content=thumbnail
napping_720_File_Nappinginoctober.jpg,Category:Napping,File:Nappinginoctober.jpg,Profdavid1971,CC0,https://commons.wikimedia.org/wiki/File%3ANappinginoctober.jpg,https://thumb.wikimedia.org/wikipedia/commons/thumb/4/41/Nappinginoctober.jpg/960px-Nappinginoctober.jpg?utm_source=commons.wikimedia.org&utm_campaign=imageinfo&utm_content=thumbnail
napping_721_File_Nappuccino_caf_napping_pods_Barcelona.jpg,Category:Napping,File:Nappuccino café napping pods Barcelona.jpg,Ju-lef98,CC BY-SA 4.0,https://commons.wikimedia.org/wiki/File%3ANappuccino_caf%C3%A9_napping_pods_Barcelona.jpg,https://thumb.wikimedia.org/wikipedia/commons/thumb/7/7c/Nappuccino_caf%C3%A9_napping_pods_Barcelona.jpg/960px-Nappuccino_caf%C3%A9_napping_pods_Barcelona.jpg?utm_source=commons.wikimedia.org&utm_campaign=imageinfo&utm_content=thumbnail
napping_722_File_Naps_thru_senate_questioning_Washington_D_C_J.jpg,Category:Napping,"File:Naps thru senate questioning. Washington, D.C., Jan. 7. While a majority of the spectators were cupping their ears to catch every word uttered by A.F. of L. head before the Senate Committee LCCN2016872834.jpg","Harris &amp; Ewing, photographer",Public domain,https://commons.wikimedia.org/wiki/File%3ANaps_thru_senate_questioning._Washington%2C_D.C.%2C_Jan._7._While_a_majority_of_the_spectators_were_cupping_their_ears_to_catch_every_word_uttered_by_A.F._of_L._head_before_the_Senate_Committee_LCCN2016872834.jpg,https://thumb.wikimedia.org/wikipedia/commons/thumb/8/81/Naps_thru_senate_questioning._Washington%2C_D.C.%2C_Jan._7._While_a_majority_of_the_spectators_were_cupping_their_ears_to_catch_every_word_uttered_by_A.F._of_L._head_before_the_Senate_Committee_LCCN2016872834.jpg/960px-thumbnail.jpg?utm_source=commons.wikimedia.org&utm_campaign=imageinfo&utm_content=thumbnail
napping_723_File_Ohra_schaaktoernooi_laatste_ronde_kroongroep.jpg,Category:Napping,"File:Ohra schaaktoernooi, laatste ronde (kroongroep) winnaar Kortsjnoij in actie teg, Bestanddeelnr 934-2962.jpg",Rob Bogaerts for Anefo,CC0,https://commons.wikimedia.org/wiki/File%3AOhra_schaaktoernooi%2C_laatste_ronde_%28kroongroep%29_winnaar_Kortsjnoij_in_actie_teg%2C_Bestanddeelnr_934-2962.jpg,https://thumb.wikimedia.org/wikipedia/commons/thumb/6/63/Ohra_schaaktoernooi%2C_laatste_ronde_%28kroongroep%29_winnaar_Kortsjnoij_in_actie_teg%2C_Bestanddeelnr_934-2962.jpg/960px-Ohra_schaaktoernooi%2C_laatste_ronde_%28kroongroep%29_winnaar_Kortsjnoij_in_actie_teg%2C_Bestanddeelnr_934-2962.jpg?utm_source=commons.wikimedia.org&utm_campaign=imageinfo&utm_content=thumbnail
napping_724_File_P_218_DaHF_found_Monrepos_to_hs_liking.jpg,Category:Napping,File:P 218 DaHF--found Monrepos to hs liking.png,Elizabeth Shippen Green,Public domain,https://commons.wikimedia.org/wiki/File%3AP_218_DaHF--found_Monrepos_to_hs_liking.png,https://thumb.wikimedia.org/wikipedia/commons/thumb/e/ec/P_218_DaHF--found_Monrepos_to_hs_liking.png/960px-P_218_DaHF--found_Monrepos_to_hs_liking.png?utm_source=commons.wikimedia.org&utm_campaign=imageinfo&utm_content=thumbnail
napping_725_File_P15763coll11_5525_large.jpg,Category:Napping,File:P15763coll11 5525 large.jpg,Unknown authorUnknown author,Public domain,https://commons.wikimedia.org/wiki/File%3AP15763coll11_5525_large.jpg,https://thumb.wikimedia.org/wikipedia/commons/thumb/7/75/P15763coll11_5525_large.jpg/960px-P15763coll11_5525_large.jpg?utm_source=commons.wikimedia.org&utm_campaign=imageinfo&utm_content=thumbnail
napping_726_File_Quit_relaxing_mood_with_beautiful_view.jpg,Category:Napping,File:Quit relaxing mood with beautiful view.jpg,Baized hossain,CC BY-SA 4.0,https://commons.wikimedia.org/wiki/File%3AQuit_relaxing_mood_with_beautiful_view.jpg,https://upload.wikimedia.org/wikipedia/commons/d/d8/Quit_relaxing_mood_with_beautiful_view.jpg?utm_source=commons.wikimedia.org&utm_campaign=imageinfo&utm_content=thumbnail_unscaled
napping_727_File_Rest_1246606675.jpg,Category:Napping,File:Rest (1246606675).jpg,antjeverena,CC BY-SA 2.0,https://commons.wikimedia.org/wiki/File%3ARest_%281246606675%29.jpg,https://thumb.wikimedia.org/wikipedia/commons/thumb/f/f5/Rest_%281246606675%29.jpg/960px-Rest_%281246606675%29.jpg?utm_source=commons.wikimedia.org&utm_campaign=imageinfo&utm_content=thumbnail
napping_728_File_Shehab_Khaled_adjusted.jpg,Category:Napping,File:Shehab Khaled (adjusted).jpg,Eslamp,CC BY-SA 4.0,https://commons.wikimedia.org/wiki/File%3AShehab_Khaled_%28adjusted%29.jpg,https://thumb.wikimedia.org/wikipedia/commons/thumb/b/b5/Shehab_Khaled_%28adjusted%29.jpg/960px-Shehab_Khaled_%28adjusted%29.jpg?utm_source=commons.wikimedia.org&utm_campaign=imageinfo&utm_content=thumbnail
napping_729_File_Sleep_12471598.jpg,Category:Napping,File:Sleep (12471598).jpg,matt smith,CC BY-SA 2.0,https://commons.wikimedia.org/wiki/File%3ASleep_%2812471598%29.jpg,https://upload.wikimedia.org/wikipedia/commons/a/a3/Sleep_%2812471598%29.jpg?utm_source=commons.wikimedia.org&utm_campaign=imageinfo&utm_content=thumbnail_unscaled
napping_730_File_Sleep_here_not_at_the_wheel_5633048976.jpg,Category:Napping,File:Sleep here - not at the wheel (5633048976).jpg,studio tdes,CC BY 2.0,https://commons.wikimedia.org/wiki/File%3ASleep_here_-_not_at_the_wheel_%285633048976%29.jpg,https://thumb.wikimedia.org/wikipedia/commons/thumb/5/50/Sleep_here_-_not_at_the_wheel_%285633048976%29.jpg/960px-Sleep_here_-_not_at_the_wheel_%285633048976%29.jpg?utm_source=commons.wikimedia.org&utm_campaign=imageinfo&utm_content=thumbnail
napping_731_File_Sleeping_girl_train_Japan.jpg,Category:Napping,File:Sleeping girl train Japan.jpg,"Michael Cornelius from Lincoln, Nebraska, USA",CC BY-SA 2.0,https://commons.wikimedia.org/wiki/File%3ASleeping_girl_train_Japan.jpg,https://thumb.wikimedia.org/wikipedia/commons/thumb/5/5c/Sleeping_girl_train_Japan.jpg/960px-Sleeping_girl_train_Japan.jpg?utm_source=commons.wikimedia.org&utm_campaign=imageinfo&utm_content=thumbnail
napping_732_File_Spring_Nap.jpg,Category:Napping,File:Spring Nap.jpg,Jon Candy,CC BY-SA 2.0,https://commons.wikimedia.org/wiki/File%3ASpring_Nap.jpg,https://thumb.wikimedia.org/wikipedia/commons/thumb/0/0c/Spring_Nap.jpg/960px-Spring_Nap.jpg?utm_source=commons.wikimedia.org&utm_campaign=imageinfo&utm_content=thumbnail
napping_733_File_Taiwanese_Junior_High_School_Students_Sleepin.jpg,Category:Napping,File:Taiwanese Junior High School Students Sleeping in School 2007-10-09.jpg,Flickr user enixii.,CC BY 2.0,https://commons.wikimedia.org/wiki/File%3ATaiwanese_Junior_High_School_Students_Sleeping_in_School_2007-10-09.jpg,https://thumb.wikimedia.org/wikipedia/commons/thumb/4/4a/Taiwanese_Junior_High_School_Students_Sleeping_in_School_2007-10-09.jpg/960px-Taiwanese_Junior_High_School_Students_Sleeping_in_School_2007-10-09.jpg?utm_source=commons.wikimedia.org&utm_campaign=imageinfo&utm_content=thumbnail
napping_734_File_Taking_a_Nap_10243750733.jpg,Category:Napping,File:Taking a Nap (10243750733).jpg,"Yoshikazu TAKADA from Tokyo, Japan",CC BY 2.0,https://commons.wikimedia.org/wiki/File%3ATaking_a_Nap_%2810243750733%29.jpg,https://thumb.wikimedia.org/wikipedia/commons/thumb/9/95/Taking_a_Nap_%2810243750733%29.jpg/960px-Taking_a_Nap_%2810243750733%29.jpg?utm_source=commons.wikimedia.org&utm_campaign=imageinfo&utm_content=thumbnail
napping_735_File_Taking_a_nap_9523228602.jpg,Category:Napping,File:Taking a nap (9523228602).jpg,"Pedro Ribeiro Simões from Lisboa, Portugal",CC BY 2.0,https://commons.wikimedia.org/wiki/File%3ATaking_a_nap_%289523228602%29.jpg,https://thumb.wikimedia.org/wikipedia/commons/thumb/5/55/Taking_a_nap_%289523228602%29.jpg/960px-Taking_a_nap_%289523228602%29.jpg?utm_source=commons.wikimedia.org&utm_campaign=imageinfo&utm_content=thumbnail
napping_736_File_The_Elks_Magazine_1925_07_cover.jpg,Category:Napping,File:The Elks Magazine 1925-07 cover.png,The Elks,Public domain,https://commons.wikimedia.org/wiki/File%3AThe_Elks_Magazine_1925-07_cover.png,https://thumb.wikimedia.org/wikipedia/commons/thumb/1/17/The_Elks_Magazine_1925-07_cover.png/960px-The_Elks_Magazine_1925-07_cover.png?utm_source=commons.wikimedia.org&utm_campaign=imageinfo&utm_content=thumbnail
napping_737_File_The_napping_old_man_on_the_bus.jpg,Category:Napping,File:The napping old man on the bus.jpg,Dquai,CC BY-SA 4.0,https://commons.wikimedia.org/wiki/File%3AThe_napping_old_man_on_the_bus.jpg,https://thumb.wikimedia.org/wikipedia/commons/thumb/6/6b/The_napping_old_man_on_the_bus.jpg/960px-The_napping_old_man_on_the_bus.jpg?utm_source=commons.wikimedia.org&utm_campaign=imageinfo&utm_content=thumbnail
napping_738_File_The_Rest.jpg,Category:Napping,File:The Rest.jpg,K.G.Suriya Prakash,CC BY-SA 4.0,https://commons.wikimedia.org/wiki/File%3AThe_Rest.jpg,https://thumb.wikimedia.org/wikipedia/commons/thumb/2/25/The_Rest.jpg/960px-The_Rest.jpg?utm_source=commons.wikimedia.org&utm_campaign=imageinfo&utm_content=thumbnail
napping_739_File_Time_for_a_nap_377494742.jpg,Category:Napping,File:Time for a nap (377494742).jpg,Lee Jordan,CC BY-SA 2.0,https://commons.wikimedia.org/wiki/File%3ATime_for_a_nap_%28377494742%29.jpg,https://thumb.wikimedia.org/wikipedia/commons/thumb/7/75/Time_for_a_nap_%28377494742%29.jpg/960px-Time_for_a_nap_%28377494742%29.jpg?utm_source=commons.wikimedia.org&utm_campaign=imageinfo&utm_content=thumbnail
napping_740_File_Two_cows_snoozing_in_Heden_Lysekil.jpg,Category:Napping,"File:Two cows snoozing in Heden, Lysekil.jpg",W.carter,CC BY-SA 4.0,https://commons.wikimedia.org/wiki/File%3ATwo_cows_snoozing_in_Heden%2C_Lysekil.jpg,https://thumb.wikimedia.org/wikipedia/commons/thumb/6/6b/Two_cows_snoozing_in_Heden%2C_Lysekil.jpg/960px-Two_cows_snoozing_in_Heden%2C_Lysekil.jpg?utm_source=commons.wikimedia.org&utm_campaign=imageinfo&utm_content=thumbnail
napping_741_File_View_2_After_lunch_2010_6974.jpg,Category:Napping,File:View 2. After lunch 2010-6974.tif,,Public domain,https://commons.wikimedia.org/wiki/File%3AView_2._After_lunch_2010-6974.tif,https://thumb.wikimedia.org/wikipedia/commons/thumb/7/79/View_2._After_lunch_2010-6974.tif/lossy-page1-960px-View_2._After_lunch_2010-6974.tif.jpg?utm_source=commons.wikimedia.org&utm_campaign=imageinfo&utm_content=thumbnail
napping_742_File_2020_25.jpg,Category:Napping,File:Вики-конференция 2020 (фото Красного) - 25.jpg,Красный,CC BY-SA 4.0,https://commons.wikimedia.org/wiki/File%3A%D0%92%D0%B8%D0%BA%D0%B8-%D0%BA%D0%BE%D0%BD%D1%84%D0%B5%D1%80%D0%B5%D0%BD%D1%86%D0%B8%D1%8F_2020_%28%D1%84%D0%BE%D1%82%D0%BE_%D0%9A%D1%80%D0%B0%D1%81%D0%BD%D0%BE%D0%B3%D0%BE%29_-_25.jpg,https://thumb.wikimedia.org/wikipedia/commons/thumb/2/2c/%D0%92%D0%B8%D0%BA%D0%B8-%D0%BA%D0%BE%D0%BD%D1%84%D0%B5%D1%80%D0%B5%D0%BD%D1%86%D0%B8%D1%8F_2020_%28%D1%84%D0%BE%D1%82%D0%BE_%D0%9A%D1%80%D0%B0%D1%81%D0%BD%D0%BE%D0%B3%D0%BE%29_-_25.jpg/960px-%D0%92%D0%B8%D0%BA%D0%B8-%D0%BA%D0%BE%D0%BD%D1%84%D0%B5%D1%80%D0%B5%D0%BD%D1%86%D0%B8%D1%8F_2020_%28%D1%84%D0%BE%D1%82%D0%BE_%D0%9A%D1%80%D0%B0%D1%81%D0%BD%D0%BE%D0%B3%D0%BE%29_-_25.jpg?utm_source=commons.wikimedia.org&utm_campaign=imageinfo&utm_content=thumbnail
napping_743_File_2225291693.jpg,Category:Napping,File:休憩 サンスポ (2225291693).jpg,"CoCreatr from Yokohama, Japan",CC BY-SA 2.0,https://commons.wikimedia.org/wiki/File%3A%E4%BC%91%E6%86%A9_%E3%82%B5%E3%83%B3%E3%82%B9%E3%83%9D_%282225291693%29.jpg,https://thumb.wikimedia.org/wikipedia/commons/thumb/b/b7/%E4%BC%91%E6%86%A9_%E3%82%B5%E3%83%B3%E3%82%B9%E3%83%9D_%282225291693%29.jpg/960px-%E4%BC%91%E6%86%A9_%E3%82%B5%E3%83%B3%E3%82%B9%E3%83%9D_%282225291693%29.jpg?utm_source=commons.wikimedia.org&utm_campaign=imageinfo&utm_content=thumbnail
sleeping-girls_744_File_013_Franz_Hanfstaengel_c_1855.jpg,Category:Sleeping girls,"File:013- Franz Hanfstaengel,c.1855.jpg",see file name,Public domain,https://commons.wikimedia.org/wiki/File%3A013-_Franz_Hanfstaengel%2Cc.1855.jpg,https://upload.wikimedia.org/wikipedia/commons/7/72/013-_Franz_Hanfstaengel%2Cc.1855.jpg?utm_source=commons.wikimedia.org&utm_campaign=imageinfo&utm_content=thumbnail_unscaled
sleeping-girls_745_File_A_beautiful_little_African_village_child_slee.jpg,Category:Sleeping girls,File:A beautiful little African village child sleeping and who also need care.jpg,Obaro4real,CC BY-SA 4.0,https://commons.wikimedia.org/wiki/File%3AA_beautiful_little_African_village_child_sleeping_and_who_also_need_care.jpg,https://thumb.wikimedia.org/wikipedia/commons/thumb/f/f3/A_beautiful_little_African_village_child_sleeping_and_who_also_need_care.jpg/960px-A_beautiful_little_African_village_child_sleeping_and_who_also_need_care.jpg?utm_source=commons.wikimedia.org&utm_campaign=imageinfo&utm_content=thumbnail
sleeping-girls_746_File_A_girl_sleep_in_running_bus.jpg,Category:Sleeping girls,File:A girl sleep in running bus.jpg,Love Krittaya,Public domain,https://commons.wikimedia.org/wiki/File%3AA_girl_sleep_in_running_bus.jpg,https://upload.wikimedia.org/wikipedia/commons/3/3c/A_girl_sleep_in_running_bus.jpg?utm_source=commons.wikimedia.org&utm_campaign=imageinfo&utm_content=thumbnail_unscaled
sleeping-girls_747_File_Alexandra_Xie_Kitchin_1873.jpg,Category:Sleeping girls,"File:Alexandra Xie Kitchin, 1873.jpg",Lewis Carroll,Public domain,https://commons.wikimedia.org/wiki/File%3AAlexandra_Xie_Kitchin%2C_1873.jpg,https://upload.wikimedia.org/wikipedia/commons/a/a4/Alexandra_Xie_Kitchin%2C_1873.jpg?utm_source=commons.wikimedia.org&utm_campaign=imageinfo&utm_content=thumbnail_unscaled
sleeping-girls_748_File_Anastasia_Romanova_resting_Standart_1914_1.jpg,Category:Sleeping girls,"File:Anastasia Romanova - resting, Standart, 1914 (1).jpg","Original authors: Romanov Family Attribution: Romanov Collection. General Collection, Beinecke Rare Book and Manuscript Library, Yale University. (https://archives.yale.edu/repositories/11/resources/683)",Public domain,https://commons.wikimedia.org/wiki/File%3AAnastasia_Romanova_-_resting%2C_Standart%2C_1914_%281%29.jpg,https://thumb.wikimedia.org/wikipedia/commons/thumb/5/56/Anastasia_Romanova_-_resting%2C_Standart%2C_1914_%281%29.jpg/960px-Anastasia_Romanova_-_resting%2C_Standart%2C_1914_%281%29.jpg?utm_source=commons.wikimedia.org&utm_campaign=imageinfo&utm_content=thumbnail
sleeping-girls_749_File_Anastasia_Romanova_resting_Standart_1914_2.jpg,Category:Sleeping girls,"File:Anastasia Romanova - resting, Standart, 1914 (2).jpg","Original authors: Romanov Family Attribution: Romanov Collection. General Collection, Beinecke Rare Book and Manuscript Library, Yale University. (https://archives.yale.edu/repositories/11/resources/683)",Public domain,https://commons.wikimedia.org/wiki/File%3AAnastasia_Romanova_-_resting%2C_Standart%2C_1914_%282%29.jpg,https://thumb.wikimedia.org/wikipedia/commons/thumb/1/1c/Anastasia_Romanova_-_resting%2C_Standart%2C_1914_%282%29.jpg/960px-Anastasia_Romanova_-_resting%2C_Standart%2C_1914_%282%29.jpg?utm_source=commons.wikimedia.org&utm_campaign=imageinfo&utm_content=thumbnail
sleeping-girls_750_File_Asleep_on_the_job_41863145.jpg,Category:Sleeping girls,File:Asleep on the job (41863145).jpg,Photocapy,CC BY-SA 2.0,https://commons.wikimedia.org/wiki/File%3AAsleep_on_the_job_%2841863145%29.jpg,https://thumb.wikimedia.org/wikipedia/commons/thumb/e/e5/Asleep_on_the_job_%2841863145%29.jpg/960px-Asleep_on_the_job_%2841863145%29.jpg?utm_source=commons.wikimedia.org&utm_campaign=imageinfo&utm_content=thumbnail
sleeping-girls_751_File_Child_dreaming_of_Santa_Claus_cph_3b11721.jpg,Category:Sleeping girls,File:Child dreaming of Santa Claus cph.3b11721.jpg,Unknown authorUnknown author,Public domain,https://commons.wikimedia.org/wiki/File%3AChild_dreaming_of_Santa_Claus_cph.3b11721.jpg,https://thumb.wikimedia.org/wikipedia/commons/thumb/e/ec/Child_dreaming_of_Santa_Claus_cph.3b11721.jpg/960px-Child_dreaming_of_Santa_Claus_cph.3b11721.jpg?utm_source=commons.wikimedia.org&utm_campaign=imageinfo&utm_content=thumbnail
sleeping-girls_752_File_Enfant_Endormi.jpg,Category:Sleeping girls,File:Enfant Endormi.jpg,Francesco Paolo Michetti,Public domain,https://commons.wikimedia.org/wiki/File%3AEnfant_Endormi.jpg,https://upload.wikimedia.org/wikipedia/commons/f/fb/Enfant_Endormi.jpg?utm_source=commons.wikimedia.org&utm_campaign=imageinfo&utm_content=thumbnail_unscaled
sleeping-girls_753_File_Fotothek_df_roe_neg_0006312_023_Portr_t.jpg,Category:Sleeping girls,File:Fotothek df roe-neg 0006312 023 Porträt.jpg,Roger Rössing / Renate Rössing,CC BY-SA 3.0 de,https://commons.wikimedia.org/wiki/File%3AFotothek_df_roe-neg_0006312_023_Portr%C3%A4t.jpg,https://upload.wikimedia.org/wikipedia/commons/f/fe/Fotothek_df_roe-neg_0006312_023_Portr%C3%A4t.jpg?utm_source=commons.wikimedia.org&utm_campaign=imageinfo&utm_content=thumbnail_unscaled
sleeping-girls_754_File_Fotothek_df_roe_neg_0006312_024_Portr_t.jpg,Category:Sleeping girls,File:Fotothek df roe-neg 0006312 024 Porträt.jpg,Roger Rössing / Renate Rössing,CC BY-SA 3.0 de,https://commons.wikimedia.org/wiki/File%3AFotothek_df_roe-neg_0006312_024_Portr%C3%A4t.jpg,https://upload.wikimedia.org/wikipedia/commons/9/97/Fotothek_df_roe-neg_0006312_024_Portr%C3%A4t.jpg?utm_source=commons.wikimedia.org&utm_campaign=imageinfo&utm_content=thumbnail_unscaled
sleeping-girls_755_File_Frosterus_Segerstr_le_Pieni_h_vieras.jpg,Category:Sleeping girls,File:Frosterus-Segerstråle Pieni häävieras.jpg,Hanna Frosterus-Segerstråle,Public domain,https://commons.wikimedia.org/wiki/File%3AFrosterus-Segerstr%C3%A5le_Pieni_h%C3%A4%C3%A4vieras.jpg,https://thumb.wikimedia.org/wikipedia/commons/thumb/4/4c/Frosterus-Segerstr%C3%A5le_Pieni_h%C3%A4%C3%A4vieras.jpg/960px-Frosterus-Segerstr%C3%A5le_Pieni_h%C3%A4%C3%A4vieras.jpg?utm_source=commons.wikimedia.org&utm_campaign=imageinfo&utm_content=thumbnail
sleeping-girls_756_File_Girl_asleep_with_her_smooth_Collie.jpg,Category:Sleeping girls,File:Girl asleep with her smooth Collie.JPG,David Shankbone,CC BY 3.0,https://commons.wikimedia.org/wiki/File%3AGirl_asleep_with_her_smooth_Collie.JPG,https://thumb.wikimedia.org/wikipedia/commons/thumb/a/a9/Girl_asleep_with_her_smooth_Collie.JPG/960px-Girl_asleep_with_her_smooth_Collie.JPG?utm_source=commons.wikimedia.org&utm_campaign=imageinfo&utm_content=thumbnail
sleeping-girls_757_File_Girl_sleeping_in_C_U.jpg,Category:Sleeping girls,File:Girl sleeping in C.U..jpg,ProtoplasmaKid,CC BY-SA 4.0,https://commons.wikimedia.org/wiki/File%3AGirl_sleeping_in_C.U..jpg,https://thumb.wikimedia.org/wikipedia/commons/thumb/c/c4/Girl_sleeping_in_C.U..jpg/960px-Girl_sleeping_in_C.U..jpg?utm_source=commons.wikimedia.org&utm_campaign=imageinfo&utm_content=thumbnail
sleeping-girls_758_File_Hanfstaengl_Franz_Kinderstudie_1_Zeno_Fotogra.jpg,Category:Sleeping girls,"File:Hanfstaengl, Franz - Kinderstudie (1) (Zeno Fotografie).jpg","Hanfstaengl, Franz",Public domain,https://commons.wikimedia.org/wiki/File%3AHanfstaengl%2C_Franz_-_Kinderstudie_%281%29_%28Zeno_Fotografie%29.jpg,https://thumb.wikimedia.org/wikipedia/commons/thumb/6/61/Hanfstaengl%2C_Franz_-_Kinderstudie_%281%29_%28Zeno_Fotografie%29.jpg/960px-Hanfstaengl%2C_Franz_-_Kinderstudie_%281%29_%28Zeno_Fotografie%29.jpg?utm_source=commons.wikimedia.org&utm_campaign=imageinfo&utm_content=thumbnail
sleeping-girls_759_File_NMAx_0085540.jpg,Category:Sleeping girls,File:NMAx.0085540.jpg,K. W. Gullers,CC BY-SA 4.0,https://commons.wikimedia.org/wiki/File%3ANMAx.0085540.jpg,https://thumb.wikimedia.org/wikipedia/commons/thumb/5/54/NMAx.0085540.jpg/960px-NMAx.0085540.jpg?utm_source=commons.wikimedia.org&utm_campaign=imageinfo&utm_content=thumbnail
sleeping-girls_760_File_P081409PS_0268_3860765676.jpg,Category:Sleeping girls,File:P081409PS-0268 (3860765676).jpg,"The White House from Washington, DC",Public domain,https://commons.wikimedia.org/wiki/File%3AP081409PS-0268_%283860765676%29.jpg,https://thumb.wikimedia.org/wikipedia/commons/thumb/b/b0/P081409PS-0268_%283860765676%29.jpg/960px-P081409PS-0268_%283860765676%29.jpg?utm_source=commons.wikimedia.org&utm_campaign=imageinfo&utm_content=thumbnail
sleeping-girls_761_File_Princess_asleep.jpg,Category:Sleeping girls,"File:Princess, asleep.jpg",Gordana Adamovic-Mladenovic,CC BY 2.0,https://commons.wikimedia.org/wiki/File%3APrincess%2C_asleep.jpg,https://upload.wikimedia.org/wikipedia/commons/f/f7/Princess%2C_asleep.jpg?utm_source=commons.wikimedia.org&utm_campaign=imageinfo&utm_content=thumbnail_unscaled
sleeping-girls_762_File_Roxane_Monnier_Zo_Duthion_Louise_Herrero_Amir.jpg,Category:Sleeping girls,"File:Roxane Monnier, Zoé Duthion, Louise Herrero, Amira Casar.jpg",Pascal Chantier,CC BY 4.0,https://commons.wikimedia.org/wiki/File%3ARoxane_Monnier%2C_Zo%C3%A9_Duthion%2C_Louise_Herrero%2C_Amira_Casar.jpg,https://thumb.wikimedia.org/wikipedia/commons/thumb/b/b9/Roxane_Monnier%2C_Zo%C3%A9_Duthion%2C_Louise_Herrero%2C_Amira_Casar.jpg/960px-Roxane_Monnier%2C_Zo%C3%A9_Duthion%2C_Louise_Herrero%2C_Amira_Casar.jpg?utm_source=commons.wikimedia.org&utm_campaign=imageinfo&utm_content=thumbnail
sleeping-girls_763_File_SAKIKO_is_sleeping_peacefully_30736591845.jpg,Category:Sleeping girls,File:SAKIKO is sleeping peacefully! (30736591845).jpg,"MIKI Yoshihito from Sapporo City,Hokkaido., JAPAN",CC BY 2.0,https://commons.wikimedia.org/wiki/File%3ASAKIKO_is_sleeping_peacefully%21_%2830736591845%29.jpg,https://thumb.wikimedia.org/wikipedia/commons/thumb/3/3a/SAKIKO_is_sleeping_peacefully%21_%2830736591845%29.jpg/960px-SAKIKO_is_sleeping_peacefully%21_%2830736591845%29.jpg?utm_source=commons.wikimedia.org&utm_campaign=imageinfo&utm_content=thumbnail
sleeping-girls_764_File_SAKIKO_is_tired_and_sleeping_ASAHIYAMA_Zoo_29.jpg,Category:Sleeping girls,File:SAKIKO is tired and sleeping - ASAHIYAMA Zoo. (29325290057).jpg,"MIKI Yoshihito from Sapporo City,Hokkaido., JAPAN",CC BY 2.0,https://commons.wikimedia.org/wiki/File%3ASAKIKO_is_tired_and_sleeping_-_ASAHIYAMA_Zoo._%2829325290057%29.jpg,https://thumb.wikimedia.org/wikipedia/commons/thumb/9/9a/SAKIKO_is_tired_and_sleeping_-_ASAHIYAMA_Zoo._%2829325290057%29.jpg/960px-SAKIKO_is_tired_and_sleeping_-_ASAHIYAMA_Zoo._%2829325290057%29.jpg?utm_source=commons.wikimedia.org&utm_campaign=imageinfo&utm_content=thumbnail
sleeping-girls_765_File_SAKIKO_takes_a_nap_47391925661.jpg,Category:Sleeping girls,File:SAKIKO takes a nap (47391925661).jpg,"MIKI Yoshihito from Sapporo City,Hokkaido., JAPAN",CC BY 2.0,https://commons.wikimedia.org/wiki/File%3ASAKIKO_takes_a_nap_%2847391925661%29.jpg,https://thumb.wikimedia.org/wikipedia/commons/thumb/f/f0/SAKIKO_takes_a_nap_%2847391925661%29.jpg/960px-SAKIKO_takes_a_nap_%2847391925661%29.jpg?utm_source=commons.wikimedia.org&utm_campaign=imageinfo&utm_content=thumbnail
sleeping-girls_766_File_SAKURAKO_falls_asleep_from_exhaustion_2078022.jpg,Category:Sleeping girls,File:SAKURAKO falls asleep from exhaustion. (20780229272).jpg,"MIKI Yoshihito from Sapporo City,Hokkaido., JAPAN",CC BY 2.0,https://commons.wikimedia.org/wiki/File%3ASAKURAKO_falls_asleep_from_exhaustion._%2820780229272%29.jpg,https://thumb.wikimedia.org/wikipedia/commons/thumb/2/22/SAKURAKO_falls_asleep_from_exhaustion._%2820780229272%29.jpg/960px-SAKURAKO_falls_asleep_from_exhaustion._%2820780229272%29.jpg?utm_source=commons.wikimedia.org&utm_campaign=imageinfo&utm_content=thumbnail
sleeping-girls_767_File_SAKURAKO_Sleep_in_car_3900472300.jpg,Category:Sleeping girls,File:SAKURAKO. Sleep in car. (3900472300).jpg,"MIKI Yoshihito from Sapporo City,Hokkaido., JAPAN",CC BY 2.0,https://commons.wikimedia.org/wiki/File%3ASAKURAKO._Sleep_in_car._%283900472300%29.jpg,https://thumb.wikimedia.org/wikipedia/commons/thumb/b/b7/SAKURAKO._Sleep_in_car._%283900472300%29.jpg/960px-SAKURAKO._Sleep_in_car._%283900472300%29.jpg?utm_source=commons.wikimedia.org&utm_campaign=imageinfo&utm_content=thumbnail
sleeping-girls_768_File_Slaap.jpg,Category:Sleeping girls,File:Slaap.JPG,Immeathome,CC BY-SA 4.0,https://commons.wikimedia.org/wiki/File%3ASlaap.JPG,https://thumb.wikimedia.org/wikipedia/commons/thumb/4/4e/Slaap.JPG/960px-Slaap.JPG?utm_source=commons.wikimedia.org&utm_campaign=imageinfo&utm_content=thumbnail
sleeping-girls_769_File_Sleep.jpg,Category:Sleeping girls,File:Sleep.jpg,VanessaQ,CC BY-SA 3.0,https://commons.wikimedia.org/wiki/File%3ASleep.jpg,https://thumb.wikimedia.org/wikipedia/commons/thumb/9/93/Sleep.jpg/960px-Sleep.jpg?utm_source=commons.wikimedia.org&utm_campaign=imageinfo&utm_content=thumbnail
sleeping-girls_770_File_Sleeping_in_a_bus.jpg,Category:Sleeping girls,File:Sleeping in a bus.jpg,Peter van der Sluijs,CC BY-SA 4.0,https://commons.wikimedia.org/wiki/File%3ASleeping_in_a_bus.jpg,https://thumb.wikimedia.org/wikipedia/commons/thumb/d/dc/Sleeping_in_a_bus.jpg/960px-Sleeping_in_a_bus.jpg?utm_source=commons.wikimedia.org&utm_campaign=imageinfo&utm_content=thumbnail
sleeping-girls_771_File_Sleeping_market_girl_Peru.jpg,Category:Sleeping girls,File:Sleeping market girl Peru.jpg,Peter van der Sluijs,CC BY-SA 3.0,https://commons.wikimedia.org/wiki/File%3ASleeping_market_girl_Peru.jpg,https://thumb.wikimedia.org/wikipedia/commons/thumb/9/95/Sleeping_market_girl_Peru.jpg/960px-Sleeping_market_girl_Peru.jpg?utm_source=commons.wikimedia.org&utm_campaign=imageinfo&utm_content=thumbnail
sleeping-girls_772_File_Sleeping_girl.jpg,Category:Sleeping girls,File:Sleeping-girl.jpg,rachel CALAMUSA at the Wayback Machine,CC BY-SA 2.0,https://commons.wikimedia.org/wiki/File%3ASleeping-girl.jpg,https://thumb.wikimedia.org/wikipedia/commons/thumb/a/a8/Sleeping-girl.jpg/960px-Sleeping-girl.jpg?utm_source=commons.wikimedia.org&utm_campaign=imageinfo&utm_content=thumbnail
sleeping-girls_773_File_Studie_van_Eugenie_von_Klenze_RP_F_1997_83.jpg,Category:Sleeping girls,"File:Studie van Eugenie von Klenze, RP-F-1997-83.jpg",Rijksmuseum,CC0,https://commons.wikimedia.org/wiki/File%3AStudie_van_Eugenie_von_Klenze%2C_RP-F-1997-83.jpg,https://thumb.wikimedia.org/wikipedia/commons/thumb/e/e7/Studie_van_Eugenie_von_Klenze%2C_RP-F-1997-83.jpg/960px-Studie_van_Eugenie_von_Klenze%2C_RP-F-1997-83.jpg?utm_source=commons.wikimedia.org&utm_campaign=imageinfo&utm_content=thumbnail
sleeping-girls_774_File_Two_female_beggars_n_l_a_mother_and_a_daughte.jpg,Category:Sleeping girls,File:Two female beggars n. l a mother and a daughter.jpg,Peter van der Sluijs,CC BY-SA 3.0,https://commons.wikimedia.org/wiki/File%3ATwo_female_beggars_n._l_a_mother_and_a_daughter.jpg,https://upload.wikimedia.org/wikipedia/commons/2/22/Two_female_beggars_n._l_a_mother_and_a_daughter.jpg?utm_source=commons.wikimedia.org&utm_campaign=imageinfo&utm_content=thumbnail_unscaled
sleeping-girls_775_File_Two_girls_are_sleeping_on_a_table.jpg,Category:Sleeping girls,File:Two girls are sleeping on a table.jpg,Stougard,CC BY-SA 3.0,https://commons.wikimedia.org/wiki/File%3ATwo_girls_are_sleeping_on_a_table.jpg,https://thumb.wikimedia.org/wikipedia/commons/thumb/e/e7/Two_girls_are_sleeping_on_a_table.jpg/960px-Two_girls_are_sleeping_on_a_table.jpg?utm_source=commons.wikimedia.org&utm_campaign=imageinfo&utm_content=thumbnail
sleeping-girls_776_File_Waking_up_a_sleeping_schoolchild_in_a_train.jpg,Category:Sleeping girls,File:Waking up a sleeping schoolchild in a train.jpg,tenaciousme,CC BY 2.0,https://commons.wikimedia.org/wiki/File%3AWaking_up_a_sleeping_schoolchild_in_a_train.jpg,https://thumb.wikimedia.org/wikipedia/commons/thumb/f/fe/Waking_up_a_sleeping_schoolchild_in_a_train.jpg/960px-Waking_up_a_sleeping_schoolchild_in_a_train.jpg?utm_source=commons.wikimedia.org&utm_campaign=imageinfo&utm_content=thumbnail
sleeping-girls_777_File_Wien_057_7084057883.jpg,Category:Sleeping girls,File:Wien 057 (7084057883).jpg,"János Korom Dr. from Wien, Austria",CC BY-SA 2.0,https://commons.wikimedia.org/wiki/File%3AWien_057_%287084057883%29.jpg,https://thumb.wikimedia.org/wikipedia/commons/thumb/5/51/Wien_057_%287084057883%29.jpg/960px-Wien_057_%287084057883%29.jpg?utm_source=commons.wikimedia.org&utm_campaign=imageinfo&utm_content=thumbnail
sleeping-girls_778_File_Young_blonde_white_girl_sleeping_on_the_side.jpg,Category:Sleeping girls,File:Young blonde white girl sleeping on the side.jpg,Alexandre Bernier Marceau,CC BY-SA 4.0,https://commons.wikimedia.org/wiki/File%3AYoung_blonde_white_girl_sleeping_on_the_side.jpg,https://thumb.wikimedia.org/wikipedia/commons/thumb/3/39/Young_blonde_white_girl_sleeping_on_the_side.jpg/960px-Young_blonde_white_girl_sleeping_on_the_side.jpg?utm_source=commons.wikimedia.org&utm_campaign=imageinfo&utm_content=thumbnail
sleeping-girls_779_File_Young_daughter_of_Geno_Tarufelli_miner_Calume.jpg,Category:Sleeping girls,"File:Young daughter of Geno Tarufelli, miner. Calumet Fuel Company, Delcarbon ^2 Mine, Delcarbon, Huerfano County, Colorado. - NARA - 540394.jpg",Russell Lee,Public domain,https://commons.wikimedia.org/wiki/File%3AYoung_daughter_of_Geno_Tarufelli%2C_miner._Calumet_Fuel_Company%2C_Delcarbon_%5E2_Mine%2C_Delcarbon%2C_Huerfano_County%2C_Colorado._-_NARA_-_540394.jpg,https://thumb.wikimedia.org/wikipedia/commons/thumb/0/00/Young_daughter_of_Geno_Tarufelli%2C_miner._Calumet_Fuel_Company%2C_Delcarbon_%5E2_Mine%2C_Delcarbon%2C_Huerfano_County%2C_Colorado._-_NARA_-_540394.jpg/960px-Young_daughter_of_Geno_Tarufelli%2C_miner._Calumet_Fuel_Company%2C_Delcarbon_%5E2_Mine%2C_Delcarbon%2C_Huerfano_County%2C_Colorado._-_NARA_-_540394.jpg?utm_source=commons.wikimedia.org&utm_campaign=imageinfo&utm_content=thumbnail
sleeping-girls_780_File_Zeynep_Elmas.jpg,Category:Sleeping girls,File:Zeynep Elmas.jpg,The original uploader was Selim Baba at Turkish Wikipedia.,CC BY-SA 3.0,https://commons.wikimedia.org/wiki/File%3AZeynep_Elmas.jpg,https://thumb.wikimedia.org/wikipedia/commons/thumb/d/dd/Zeynep_Elmas.jpg/960px-Zeynep_Elmas.jpg?utm_source=commons.wikimedia.org&utm_campaign=imageinfo&utm_content=thumbnail
sleeping-girls_781_File.jpg,Category:Sleeping girls,File:Хранитель твоїх снів.jpg,Анастейша2703,CC BY-SA 4.0,https://commons.wikimedia.org/wiki/File%3A%D0%A5%D1%80%D0%B0%D0%BD%D0%B8%D1%82%D0%B5%D0%BB%D1%8C_%D1%82%D0%B2%D0%BE%D1%97%D1%85_%D1%81%D0%BD%D1%96%D0%B2.jpg,https://thumb.wikimedia.org/wikipedia/commons/thumb/1/1a/%D0%A5%D1%80%D0%B0%D0%BD%D0%B8%D1%82%D0%B5%D0%BB%D1%8C_%D1%82%D0%B2%D0%BE%D1%97%D1%85_%D1%81%D0%BD%D1%96%D0%B2.jpg/960px-%D0%A5%D1%80%D0%B0%D0%BD%D0%B8%D1%82%D0%B5%D0%BB%D1%8C_%D1%82%D0%B2%D0%BE%D1%97%D1%85_%D1%81%D0%BD%D1%96%D0%B2.jpg?utm_source=commons.wikimedia.org&utm_campaign=imageinfo&utm_content=thumbnail
sleeping-girls_782_File_Intelligence_10.jpg,Category:Sleeping girls,File:هوش در کودکان - دختر بچه Intelligence 10.jpg,Mostafameraji,CC BY-SA 4.0,https://commons.wikimedia.org/wiki/File%3A%D9%87%D9%88%D8%B4_%D8%AF%D8%B1_%DA%A9%D9%88%D8%AF%DA%A9%D8%A7%D9%86_-_%D8%AF%D8%AE%D8%AA%D8%B1_%D8%A8%DA%86%D9%87_Intelligence_10.jpg,https://thumb.wikimedia.org/wikipedia/commons/thumb/5/50/%D9%87%D9%88%D8%B4_%D8%AF%D8%B1_%DA%A9%D9%88%D8%AF%DA%A9%D8%A7%D9%86_-_%D8%AF%D8%AE%D8%AA%D8%B1_%D8%A8%DA%86%D9%87_Intelligence_10.jpg/960px-%D9%87%D9%88%D8%B4_%D8%AF%D8%B1_%DA%A9%D9%88%D8%AF%DA%A9%D8%A7%D9%86_-_%D8%AF%D8%AE%D8%AA%D8%B1_%D8%A8%DA%86%D9%87_Intelligence_10.jpg?utm_source=commons.wikimedia.org&utm_campaign=imageinfo&utm_content=thumbnail
sleeping-girls_783_File_Flickr_Abhisit_Vejjajiva.jpg,Category:Sleeping girls,File:ถึงจะหลับก็ยังรอนายกฯ ค่ะ นายกรัฐมนตรีตรวจเยี่ยมผู้ปร - Flickr - Abhisit Vejjajiva.jpg,Government of Thailand,CC BY 2.0,https://commons.wikimedia.org/wiki/File%3A%E0%B8%96%E0%B8%B6%E0%B8%87%E0%B8%88%E0%B8%B0%E0%B8%AB%E0%B8%A5%E0%B8%B1%E0%B8%9A%E0%B8%81%E0%B9%87%E0%B8%A2%E0%B8%B1%E0%B8%87%E0%B8%A3%E0%B8%AD%E0%B8%99%E0%B8%B2%E0%B8%A2%E0%B8%81%E0%B8%AF_%E0%B8%84%E0%B9%88%E0%B8%B0_%E0%B8%99%E0%B8%B2%E0%B8%A2%E0%B8%81%E0%B8%A3%E0%B8%B1%E0%B8%90%E0%B8%A1%E0%B8%99%E0%B8%95%E0%B8%A3%E0%B8%B5%E0%B8%95%E0%B8%A3%E0%B8%A7%E0%B8%88%E0%B9%80%E0%B8%A2%E0%B8%B5%E0%B9%88%E0%B8%A2%E0%B8%A1%E0%B8%9C%E0%B8%B9%E0%B9%89%E0%B8%9B%E0%B8%A3_-_Flickr_-_Abhisit_Vejjajiva.jpg,https://thumb.wikimedia.org/wikipedia/commons/thumb/c/c8/%E0%B8%96%E0%B8%B6%E0%B8%87%E0%B8%88%E0%B8%B0%E0%B8%AB%E0%B8%A5%E0%B8%B1%E0%B8%9A%E0%B8%81%E0%B9%87%E0%B8%A2%E0%B8%B1%E0%B8%87%E0%B8%A3%E0%B8%AD%E0%B8%99%E0%B8%B2%E0%B8%A2%E0%B8%81%E0%B8%AF_%E0%B8%84%E0%B9%88%E0%B8%B0_%E0%B8%99%E0%B8%B2%E0%B8%A2%E0%B8%81%E0%B8%A3%E0%B8%B1%E0%B8%90%E0%B8%A1%E0%B8%99%E0%B8%95%E0%B8%A3%E0%B8%B5%E0%B8%95%E0%B8%A3%E0%B8%A7%E0%B8%88%E0%B9%80%E0%B8%A2%E0%B8%B5%E0%B9%88%E0%B8%A2%E0%B8%A1%E0%B8%9C%E0%B8%B9%E0%B9%89%E0%B8%9B%E0%B8%A3_-_Flickr_-_Abhisit_Vejjajiva.jpg/960px-thumbnail.jpg?utm_source=commons.wikimedia.org&utm_campaign=imageinfo&utm_content=thumbnail
sleeping-girls_784_File_P2274580.jpg,Category:Sleeping girls,File:チューブライトP2274580.JPG,Doctor Autumnal sky,CC BY-SA 3.0,https://commons.wikimedia.org/wiki/File%3A%E3%83%81%E3%83%A5%E3%83%BC%E3%83%96%E3%83%A9%E3%82%A4%E3%83%88P2274580.JPG,https://thumb.wikimedia.org/wikipedia/commons/thumb/8/80/%E3%83%81%E3%83%A5%E3%83%BC%E3%83%96%E3%83%A9%E3%82%A4%E3%83%88P2274580.JPG/960px-%E3%83%81%E3%83%A5%E3%83%BC%E3%83%96%E3%83%A9%E3%82%A4%E3%83%88P2274580.JPG?utm_source=commons.wikimedia.org&utm_campaign=imageinfo&utm_content=thumbnail
sleeping-boys_785_File_03806jfSacred_Heart_of_Jesus_Parish_Santa_Mes.jpg,Category:Sleeping boys,"File:03806jfSacred Heart of Jesus Parish Santa Mesa, Manilafvf 03.jpg",Judgefloro,CC0,https://commons.wikimedia.org/wiki/File%3A03806jfSacred_Heart_of_Jesus_Parish_Santa_Mesa%2C_Manilafvf_03.jpg,https://thumb.wikimedia.org/wikipedia/commons/thumb/6/68/03806jfSacred_Heart_of_Jesus_Parish_Santa_Mesa%2C_Manilafvf_03.jpg/960px-03806jfSacred_Heart_of_Jesus_Parish_Santa_Mesa%2C_Manilafvf_03.jpg?utm_source=commons.wikimedia.org&utm_campaign=imageinfo&utm_content=thumbnail
sleeping-boys_786_File_1974_Kind_Katze_Kopfh_rer.jpg,Category:Sleeping boys,File:1974 Kind Katze Kopfhörer.jpg,Studioguard,CC BY-SA 3.0 de,https://commons.wikimedia.org/wiki/File%3A1974_Kind_Katze_Kopfh%C3%B6rer.jpg,https://upload.wikimedia.org/wikipedia/commons/d/dd/1974_Kind_Katze_Kopfh%C3%B6rer.jpg?utm_source=commons.wikimedia.org&utm_campaign=imageinfo&utm_content=thumbnail_unscaled
sleeping-boys_787_File_A_boy_siting_on_stairs_shoeless_at_home_in_Ma.jpg,Category:Sleeping boys,"File:A boy siting on stairs shoeless at home in Maracay, Venezuela.jpg",Bobjgalindo,CC BY 4.0,https://commons.wikimedia.org/wiki/File%3AA_boy_siting_on_stairs_shoeless_at_home_in_Maracay%2C_Venezuela.jpg,https://thumb.wikimedia.org/wikipedia/commons/thumb/7/77/A_boy_siting_on_stairs_shoeless_at_home_in_Maracay%2C_Venezuela.jpg/960px-A_boy_siting_on_stairs_shoeless_at_home_in_Maracay%2C_Venezuela.jpg?utm_source=commons.wikimedia.org&utm_campaign=imageinfo&utm_content=thumbnail
sleeping-boys_788_File_Bedtime_reading.jpg,Category:Sleeping boys,File:Bedtime reading.jpg,woodleywonderworks (woodley wonderworks),CC BY 2.0,https://commons.wikimedia.org/wiki/File%3ABedtime_reading.jpg,https://thumb.wikimedia.org/wikipedia/commons/thumb/e/e2/Bedtime_reading.jpg/960px-Bedtime_reading.jpg?utm_source=commons.wikimedia.org&utm_campaign=imageinfo&utm_content=thumbnail
sleeping-boys_789_File_Berriel_com_filhos.jpg,Category:Sleeping boys,File:Berriel com filhos.png,Biosaction,CC BY-SA 4.0,https://commons.wikimedia.org/wiki/File%3ABerriel_com_filhos.png,https://upload.wikimedia.org/wikipedia/commons/0/05/Berriel_com_filhos.png?utm_source=commons.wikimedia.org&utm_campaign=imageinfo&utm_content=thumbnail_unscaled
sleeping-boys_790_File_Boys_sleeping_on_idle_fishing_nets_in_Riviera.jpg,Category:Sleeping boys,"File:Boys sleeping on idle fishing nets in Riviera Beach, Florida (12836926623).jpg",State Library and Archives of Florida,Public domain,https://commons.wikimedia.org/wiki/File%3ABoys_sleeping_on_idle_fishing_nets_in_Riviera_Beach%2C_Florida_%2812836926623%29.jpg,https://upload.wikimedia.org/wikipedia/commons/b/bf/Boys_sleeping_on_idle_fishing_nets_in_Riviera_Beach%2C_Florida_%2812836926623%29.jpg?utm_source=commons.wikimedia.org&utm_campaign=imageinfo&utm_content=thumbnail_unscaled
sleeping-boys_791_File_Child_of_Murray_Price_miner_asleep_on_couch_w.jpg,Category:Sleeping boys,"File:Child of Murray Price, miner, asleep on couch where he normally sleeps at night. Black Mountain Corporation, 30-31... - NARA - 541262.jpg",Russell Lee,Public domain,https://commons.wikimedia.org/wiki/File%3AChild_of_Murray_Price%2C_miner%2C_asleep_on_couch_where_he_normally_sleeps_at_night._Black_Mountain_Corporation%2C_30-31..._-_NARA_-_541262.jpg,https://thumb.wikimedia.org/wikipedia/commons/thumb/d/d1/Child_of_Murray_Price%2C_miner%2C_asleep_on_couch_where_he_normally_sleeps_at_night._Black_Mountain_Corporation%2C_30-31..._-_NARA_-_541262.jpg/960px-Child_of_Murray_Price%2C_miner%2C_asleep_on_couch_where_he_normally_sleeps_at_night._Black_Mountain_Corporation%2C_30-31..._-_NARA_-_541262.jpg?utm_source=commons.wikimedia.org&utm_campaign=imageinfo&utm_content=thumbnail
sleeping-boys_792_File_Children_in_Arbaeen_Walk_04.jpg,Category:Sleeping boys,File:Children in Arbaeen Walk 04.jpg,Mohammad Rafiei Movahed,CC BY 4.0,https://commons.wikimedia.org/wiki/File%3AChildren_in_Arbaeen_Walk_04.jpg,https://upload.wikimedia.org/wikipedia/commons/2/20/Children_in_Arbaeen_Walk_04.jpg?utm_source=commons.wikimedia.org&utm_campaign=imageinfo&utm_content=thumbnail_unscaled
sleeping-boys_793_File_Children_sleeping.jpg,Category:Sleeping boys,File:Children sleeping.jpg,Holly,CC BY 2.0,https://commons.wikimedia.org/wiki/File%3AChildren_sleeping.jpg,https://thumb.wikimedia.org/wikipedia/commons/thumb/0/02/Children_sleeping.jpg/960px-Children_sleeping.jpg?utm_source=commons.wikimedia.org&utm_campaign=imageinfo&utm_content=thumbnail
sleeping-boys_794_File_COLLECTIE_TROPENMUSEUM_Portret_van_een_slapen.jpg,Category:Sleeping boys,File:COLLECTIE TROPENMUSEUM Portret van een slapende jongen en een ezel TMnr 60056144.jpg,,CC BY-SA 3.0,https://commons.wikimedia.org/wiki/File%3ACOLLECTIE_TROPENMUSEUM_Portret_van_een_slapende_jongen_en_een_ezel_TMnr_60056144.jpg,https://upload.wikimedia.org/wikipedia/commons/9/9c/COLLECTIE_TROPENMUSEUM_Portret_van_een_slapende_jongen_en_een_ezel_TMnr_60056144.jpg?utm_source=commons.wikimedia.org&utm_campaign=imageinfo&utm_content=thumbnail_unscaled
sleeping-boys_795_File_CONVAR1125_Copy_18765408473.jpg,Category:Sleeping boys,File:CONVAR1125 (Copy) (18765408473).jpg,Graham Ó Síodhacháin,CC BY-SA 2.0,https://commons.wikimedia.org/wiki/File%3ACONVAR1125_%28Copy%29_%2818765408473%29.jpg,https://thumb.wikimedia.org/wikipedia/commons/thumb/c/c4/CONVAR1125_%28Copy%29_%2818765408473%29.jpg/960px-CONVAR1125_%28Copy%29_%2818765408473%29.jpg?utm_source=commons.wikimedia.org&utm_campaign=imageinfo&utm_content=thumbnail
sleeping-boys_796_File_Coworking_Conference_Tokyo_2012_7399821518.jpg,Category:Sleeping boys,File:Coworking Conference Tokyo 2012 (7399821518).jpg,"Yutaka Fujiki from Tokyo, Japan",CC BY 2.0,https://commons.wikimedia.org/wiki/File%3ACoworking_Conference_Tokyo_2012_%287399821518%29.jpg,https://thumb.wikimedia.org/wikipedia/commons/thumb/0/02/Coworking_Conference_Tokyo_2012_%287399821518%29.jpg/960px-Coworking_Conference_Tokyo_2012_%287399821518%29.jpg?utm_source=commons.wikimedia.org&utm_campaign=imageinfo&utm_content=thumbnail
sleeping-boys_797_File_De_kleinste_en_jongste_ober_slapend_aan_een_t.jpg,Category:Sleeping boys,"File:De kleinste en jongste ober slapend aan een tafel in restaurant Wivex, Bestanddeelnr 252-9189.jpg",Willem van de Poll,CC0,https://commons.wikimedia.org/wiki/File%3ADe_kleinste_en_jongste_ober_slapend_aan_een_tafel_in_restaurant_Wivex%2C_Bestanddeelnr_252-9189.jpg,https://thumb.wikimedia.org/wikipedia/commons/thumb/4/45/De_kleinste_en_jongste_ober_slapend_aan_een_tafel_in_restaurant_Wivex%2C_Bestanddeelnr_252-9189.jpg/960px-De_kleinste_en_jongste_ober_slapend_aan_een_tafel_in_restaurant_Wivex%2C_Bestanddeelnr_252-9189.jpg?utm_source=commons.wikimedia.org&utm_campaign=imageinfo&utm_content=thumbnail
sleeping-boys_798_File_De_kleinste_en_jongste_ober_slapend_aan_een_t.jpg,Category:Sleeping boys,"File:De kleinste en jongste ober slapend aan een tafel in restaurant Wivex, Bestanddeelnr 252-9190.jpg",Willem van de Poll,CC0,https://commons.wikimedia.org/wiki/File%3ADe_kleinste_en_jongste_ober_slapend_aan_een_tafel_in_restaurant_Wivex%2C_Bestanddeelnr_252-9190.jpg,https://thumb.wikimedia.org/wikipedia/commons/thumb/c/c2/De_kleinste_en_jongste_ober_slapend_aan_een_tafel_in_restaurant_Wivex%2C_Bestanddeelnr_252-9190.jpg/960px-De_kleinste_en_jongste_ober_slapend_aan_een_tafel_in_restaurant_Wivex%2C_Bestanddeelnr_252-9190.jpg?utm_source=commons.wikimedia.org&utm_campaign=imageinfo&utm_content=thumbnail
sleeping-boys_799_File_Defense_gov_photo_essay_080516_F_9629D_016.jpg,Category:Sleeping boys,File:Defense.gov photo essay 080516-F-9629D-016.jpg,Tech. Sgt. Suzanne M. Day,Public domain,https://commons.wikimedia.org/wiki/File%3ADefense.gov_photo_essay_080516-F-9629D-016.jpg,https://thumb.wikimedia.org/wikipedia/commons/thumb/d/db/Defense.gov_photo_essay_080516-F-9629D-016.jpg/960px-Defense.gov_photo_essay_080516-F-9629D-016.jpg?utm_source=commons.wikimedia.org&utm_campaign=imageinfo&utm_content=thumbnail
sleeping-boys_800_File_Beach_kids_smile_Fortepan_29088.jpg,Category:Sleeping boys,"File:Beach, kids, smile Fortepan 29088.jpg",FOTO:Fortepan — ID 29088: Adományozó/Donor: Ludovika. archive copy at the Wayback Machine,CC BY-SA 3.0,https://commons.wikimedia.org/wiki/File%3ABeach%2C_kids%2C_smile_Fortepan_29088.jpg,https://thumb.wikimedia.org/wikipedia/commons/thumb/5/5f/Beach%2C_kids%2C_smile_Fortepan_29088.jpg/960px-Beach%2C_kids%2C_smile_Fortepan_29088.jpg?utm_source=commons.wikimedia.org&utm_campaign=imageinfo&utm_content=thumbnail
sleeping-boys_801_File_Georgie_stone_film_flashes_1916.jpg,Category:Sleeping boys,File:Georgie stone film flashes 1916.jpg,"""Triangle""",Public domain,https://commons.wikimedia.org/wiki/File%3AGeorgie_stone_film_flashes_1916.jpg,https://thumb.wikimedia.org/wikipedia/commons/thumb/7/73/Georgie_stone_film_flashes_1916.jpg/960px-Georgie_stone_film_flashes_1916.jpg?utm_source=commons.wikimedia.org&utm_campaign=imageinfo&utm_content=thumbnail
sleeping-boys_802_File_Gloeden_Wilhelm_von_1856_1931_n_0522_recto_Tw.jpg,Category:Sleeping boys,"File:Gloeden, Wilhelm von (1856-1931) - n. 0522 recto - Twelvetrees p. 61 - Galerie Bassenge, 18x24.jpg",Wilhelm von Gloeden,Public domain,https://commons.wikimedia.org/wiki/File%3AGloeden%2C_Wilhelm_von_%281856-1931%29_-_n._0522_recto_-_Twelvetrees_p._61_-_Galerie_Bassenge%2C_18x24.jpg,https://thumb.wikimedia.org/wikipedia/commons/thumb/e/ef/Gloeden%2C_Wilhelm_von_%281856-1931%29_-_n._0522_recto_-_Twelvetrees_p._61_-_Galerie_Bassenge%2C_18x24.jpg/960px-Gloeden%2C_Wilhelm_von_%281856-1931%29_-_n._0522_recto_-_Twelvetrees_p._61_-_Galerie_Bassenge%2C_18x24.jpg?utm_source=commons.wikimedia.org&utm_campaign=imageinfo&utm_content=thumbnail
sleeping-boys_803_File_Gloeden_Wilhelm_von_1856_1931_n_630_B_Gloeden.jpg,Category:Sleeping boys,"File:Gloeden, Wilhelm von (1856-1931) - n. 630 B - Gloedeneries p. 36.jpg",Wilhelm von Gloeden,Public domain,https://commons.wikimedia.org/wiki/File%3AGloeden%2C_Wilhelm_von_%281856-1931%29_-_n._630_B_-_Gloedeneries_p._36.jpg,https://upload.wikimedia.org/wikipedia/commons/c/cf/Gloeden%2C_Wilhelm_von_%281856-1931%29_-_n._630_B_-_Gloedeneries_p._36.jpg?utm_source=commons.wikimedia.org&utm_campaign=imageinfo&utm_content=thumbnail_unscaled
sleeping-boys_804_File_Here_I_call_my_home.jpg,Category:Sleeping boys,File:Here I call my home.jpg,Saamuonifoto,CC BY-SA 4.0,https://commons.wikimedia.org/wiki/File%3AHere_I_call_my_home.jpg,https://upload.wikimedia.org/wikipedia/commons/4/45/Here_I_call_my_home.jpg?utm_source=commons.wikimedia.org&utm_campaign=imageinfo&utm_content=thumbnail_unscaled
sleeping-boys_805_File_Home_on_a_wooden_bunk.jpg,Category:Sleeping boys,File:Home on a wooden bunk.jpg,Saamuonifoto,CC BY-SA 4.0,https://commons.wikimedia.org/wiki/File%3AHome_on_a_wooden_bunk.jpg,https://thumb.wikimedia.org/wikipedia/commons/thumb/a/a8/Home_on_a_wooden_bunk.jpg/960px-Home_on_a_wooden_bunk.jpg?utm_source=commons.wikimedia.org&utm_campaign=imageinfo&utm_content=thumbnail
sleeping-boys_806_File_Ko_i_Robidi_e_1951.jpg,Category:Sleeping boys,"File:Koši, Robidišče 1951.jpg",Jernej Šušteršič,Public domain,https://commons.wikimedia.org/wiki/File%3AKo%C5%A1i%2C_Robidi%C5%A1%C4%8De_1951.jpg,https://thumb.wikimedia.org/wikipedia/commons/thumb/5/53/Ko%C5%A1i%2C_Robidi%C5%A1%C4%8De_1951.jpg/960px-Ko%C5%A1i%2C_Robidi%C5%A1%C4%8De_1951.jpg?utm_source=commons.wikimedia.org&utm_campaign=imageinfo&utm_content=thumbnail
sleeping-boys_807_File_Lap_of_relief.jpg,Category:Sleeping boys,File:Lap of relief.jpg,Soumon98,CC BY-SA 4.0,https://commons.wikimedia.org/wiki/File%3ALap_of_relief.jpg,https://thumb.wikimedia.org/wikipedia/commons/thumb/2/21/Lap_of_relief.jpg/960px-Lap_of_relief.jpg?utm_source=commons.wikimedia.org&utm_campaign=imageinfo&utm_content=thumbnail
sleeping-boys_808_File_Narcoleptic_Minute_006_0001.jpg,Category:Sleeping boys,File:Narcoleptic Minute 006 0001.jpg,,CC BY-SA 3.0,https://commons.wikimedia.org/wiki/File%3ANarcoleptic_Minute_006_0001.jpg,https://upload.wikimedia.org/wikipedia/commons/a/a6/Narcoleptic_Minute_006_0001.jpg?utm_source=commons.wikimedia.org&utm_campaign=imageinfo&utm_content=thumbnail_unscaled
sleeping-boys_809_File_Niuniu_4.jpg,Category:Sleeping boys,File:Niuniu 4.jpg,Matt1hew1holl1and1,CC BY-SA 4.0,https://commons.wikimedia.org/wiki/File%3ANiuniu_4.jpg,https://thumb.wikimedia.org/wikipedia/commons/thumb/0/02/Niuniu_4.jpg/960px-Niuniu_4.jpg?utm_source=commons.wikimedia.org&utm_campaign=imageinfo&utm_content=thumbnail
sleeping-boys_810_File_Phil_Young_USA.jpg,Category:Sleeping boys,File:Phil Young USA.JPG,Stokedsk8erboy at English Wikipedia,Public domain,https://commons.wikimedia.org/wiki/File%3APhil_Young_USA.JPG,https://thumb.wikimedia.org/wikipedia/commons/thumb/4/41/Phil_Young_USA.JPG/960px-Phil_Young_USA.JPG?utm_source=commons.wikimedia.org&utm_campaign=imageinfo&utm_content=thumbnail
sleeping-boys_811_File_Qur_an_reading_Imamzadeh_Hilal_ibn_Ali_Ramada.jpg,Category:Sleeping boys,"File:Qur'an reading, Imamzadeh Hilal ibn Ali, Ramadan 1438 AH 13.jpg",Mahdi Marizad,CC BY 4.0,https://commons.wikimedia.org/wiki/File%3AQur%27an_reading%2C_Imamzadeh_Hilal_ibn_Ali%2C_Ramadan_1438_AH_13.jpg,https://thumb.wikimedia.org/wikipedia/commons/thumb/f/f4/Qur%27an_reading%2C_Imamzadeh_Hilal_ibn_Ali%2C_Ramadan_1438_AH_13.jpg/960px-Qur%27an_reading%2C_Imamzadeh_Hilal_ibn_Ali%2C_Ramadan_1438_AH_13.jpg?utm_source=commons.wikimedia.org&utm_campaign=imageinfo&utm_content=thumbnail
sleeping-boys_812_File_Scout_sleeping_car_1939.jpg,Category:Sleeping boys,File:Scout sleeping car 1939.jpg,Santa Fe Railway,Public domain,https://commons.wikimedia.org/wiki/File%3AScout_sleeping_car_1939.jpg,https://upload.wikimedia.org/wikipedia/commons/5/5b/Scout_sleeping_car_1939.jpg?utm_source=commons.wikimedia.org&utm_campaign=imageinfo&utm_content=thumbnail_unscaled
sleeping-boys_813_File_Sleeping_20200919_210557.jpg,Category:Sleeping boys,File:Sleeping 20200919 210557.jpg,Ka23 13,CC BY-SA 4.0,https://commons.wikimedia.org/wiki/File%3ASleeping_20200919_210557.jpg,https://thumb.wikimedia.org/wikipedia/commons/thumb/0/05/Sleeping_20200919_210557.jpg/960px-Sleeping_20200919_210557.jpg?utm_source=commons.wikimedia.org&utm_campaign=imageinfo&utm_content=thumbnail
sleeping-boys_814_File_Sleeping_sailor.jpg,Category:Sleeping boys,File:Sleeping sailor.jpg,Josh Parrish,CC BY 2.0,https://commons.wikimedia.org/wiki/File%3ASleeping_sailor.jpg,https://thumb.wikimedia.org/wikipedia/commons/thumb/4/42/Sleeping_sailor.jpg/960px-Sleeping_sailor.jpg?utm_source=commons.wikimedia.org&utm_campaign=imageinfo&utm_content=thumbnail
sleeping-boys_815_File_Sleeping_students.jpg,Category:Sleeping boys,File:Sleeping students.jpg,Love Krittaya,Public domain,https://commons.wikimedia.org/wiki/File%3ASleeping_students.jpg,https://thumb.wikimedia.org/wikipedia/commons/thumb/7/7e/Sleeping_students.jpg/960px-Sleeping_students.jpg?utm_source=commons.wikimedia.org&utm_campaign=imageinfo&utm_content=thumbnail
sleeping-boys_816_File_StateLibQld_2_197239_Young_child_fast_asleep.jpg,Category:Sleeping boys,"File:StateLibQld 2 197239 Young child fast asleep on the floor next to his rocking horse, Saltbush Park, near Mackay, 1900-1910.jpg",,Public domain,https://commons.wikimedia.org/wiki/File%3AStateLibQld_2_197239_Young_child_fast_asleep_on_the_floor_next_to_his_rocking_horse%2C_Saltbush_Park%2C_near_Mackay%2C_1900-1910.jpg,https://thumb.wikimedia.org/wikipedia/commons/thumb/8/89/StateLibQld_2_197239_Young_child_fast_asleep_on_the_floor_next_to_his_rocking_horse%2C_Saltbush_Park%2C_near_Mackay%2C_1900-1910.jpg/960px-StateLibQld_2_197239_Young_child_fast_asleep_on_the_floor_next_to_his_rocking_horse%2C_Saltbush_Park%2C_near_Mackay%2C_1900-1910.jpg?utm_source=commons.wikimedia.org&utm_campaign=imageinfo&utm_content=thumbnail
sleeping-boys_817_File_Sweet_Dreams_5877513810.jpg,Category:Sleeping boys,File:Sweet Dreams (5877513810).jpg,Marcos Leal,CC BY 2.0,https://commons.wikimedia.org/wiki/File%3ASweet_Dreams_%285877513810%29.jpg,https://thumb.wikimedia.org/wikipedia/commons/thumb/b/b0/Sweet_Dreams_%285877513810%29.jpg/960px-Sweet_Dreams_%285877513810%29.jpg?utm_source=commons.wikimedia.org&utm_campaign=imageinfo&utm_content=thumbnail
sleeping-boys_818_File_Thailand_06_52_tuckered_out_158636955.jpg,Category:Sleeping boys,File:Thailand 06 - 52 tuckered out (158636955).jpg,"McKay Savage from London, UK",CC BY 2.0,https://commons.wikimedia.org/wiki/File%3AThailand_06_-_52_tuckered_out_%28158636955%29.jpg,https://thumb.wikimedia.org/wikipedia/commons/thumb/1/13/Thailand_06_-_52_tuckered_out_%28158636955%29.jpg/960px-Thailand_06_-_52_tuckered_out_%28158636955%29.jpg?utm_source=commons.wikimedia.org&utm_campaign=imageinfo&utm_content=thumbnail
sleeping-boys_819_File_Thailand_06_53_tuckered_out_158637584.jpg,Category:Sleeping boys,File:Thailand 06 - 53 tuckered out (158637584).jpg,"McKay Savage from London, UK",CC BY 2.0,https://commons.wikimedia.org/wiki/File%3AThailand_06_-_53_tuckered_out_%28158637584%29.jpg,https://thumb.wikimedia.org/wikipedia/commons/thumb/0/05/Thailand_06_-_53_tuckered_out_%28158637584%29.jpg/960px-Thailand_06_-_53_tuckered_out_%28158637584%29.jpg?utm_source=commons.wikimedia.org&utm_campaign=imageinfo&utm_content=thumbnail
sleeping-boys_820_File_Thailand_06_54_tuckered_out_158638035.jpg,Category:Sleeping boys,File:Thailand 06 - 54 tuckered out (158638035).jpg,"McKay Savage from London, UK",CC BY 2.0,https://commons.wikimedia.org/wiki/File%3AThailand_06_-_54_tuckered_out_%28158638035%29.jpg,https://thumb.wikimedia.org/wikipedia/commons/thumb/d/d5/Thailand_06_-_54_tuckered_out_%28158638035%29.jpg/960px-Thailand_06_-_54_tuckered_out_%28158638035%29.jpg?utm_source=commons.wikimedia.org&utm_campaign=imageinfo&utm_content=thumbnail
sleeping-boys_821_File_Thaipusam_Festival_5384204434.jpg,Category:Sleeping boys,File:Thaipusam Festival (5384204434).jpg,Peter Gronemann from Switzerland,CC BY 2.0,https://commons.wikimedia.org/wiki/File%3AThaipusam_Festival_%285384204434%29.jpg,https://thumb.wikimedia.org/wikipedia/commons/thumb/3/33/Thaipusam_Festival_%285384204434%29.jpg/960px-Thaipusam_Festival_%285384204434%29.jpg?utm_source=commons.wikimedia.org&utm_campaign=imageinfo&utm_content=thumbnail
sleeping-boys_822_File_Tired_after_school.jpg,Category:Sleeping boys,File:Tired after school.jpg,Mesho lonly,CC BY-SA 4.0,https://commons.wikimedia.org/wiki/File%3ATired_after_school.jpg,https://thumb.wikimedia.org/wikipedia/commons/thumb/7/7d/Tired_after_school.jpg/960px-Tired_after_school.jpg?utm_source=commons.wikimedia.org&utm_campaign=imageinfo&utm_content=thumbnail
sleeping-boys_823_File_US_Navy_080831_N_9620B_284_A_local_Colombian.jpg,Category:Sleeping boys,File:US Navy 080831-N-9620B-284 A local Colombian boy sleeps in a waiting room.jpg,U.S. Navy photo by Mass Communication Specialist 2nd Class Erik C. Barker,Public domain,https://commons.wikimedia.org/wiki/File%3AUS_Navy_080831-N-9620B-284_A_local_Colombian_boy_sleeps_in_a_waiting_room.jpg,https://thumb.wikimedia.org/wikipedia/commons/thumb/0/08/US_Navy_080831-N-9620B-284_A_local_Colombian_boy_sleeps_in_a_waiting_room.jpg/960px-US_Navy_080831-N-9620B-284_A_local_Colombian_boy_sleeps_in_a_waiting_room.jpg?utm_source=commons.wikimedia.org&utm_campaign=imageinfo&utm_content=thumbnail
sleeping-boys_824_File_Wellington_Countryman_Sleeping_DPLA_340518642.jpg,Category:Sleeping boys,File:Wellington Countryman Sleeping - DPLA - 340518642705d0d0324a3ca90ec1b1d4.jpg,,Public domain,https://commons.wikimedia.org/wiki/File%3AWellington_Countryman_Sleeping_-_DPLA_-_340518642705d0d0324a3ca90ec1b1d4.jpg,https://thumb.wikimedia.org/wikipedia/commons/thumb/6/60/Wellington_Countryman_Sleeping_-_DPLA_-_340518642705d0d0324a3ca90ec1b1d4.jpg/960px-Wellington_Countryman_Sleeping_-_DPLA_-_340518642705d0d0324a3ca90ec1b1d4.jpg?utm_source=commons.wikimedia.org&utm_campaign=imageinfo&utm_content=thumbnail
sleeping-boys_825_File_Wellington_Countryman_Sleeping_DPLA_cf93376cd.jpg,Category:Sleeping boys,File:Wellington Countryman Sleeping - DPLA - cf93376cd3423ee3f5a8332f2103da14.jpg,,Public domain,https://commons.wikimedia.org/wiki/File%3AWellington_Countryman_Sleeping_-_DPLA_-_cf93376cd3423ee3f5a8332f2103da14.jpg,https://thumb.wikimedia.org/wikipedia/commons/thumb/3/35/Wellington_Countryman_Sleeping_-_DPLA_-_cf93376cd3423ee3f5a8332f2103da14.jpg/960px-Wellington_Countryman_Sleeping_-_DPLA_-_cf93376cd3423ee3f5a8332f2103da14.jpg?utm_source=commons.wikimedia.org&utm_campaign=imageinfo&utm_content=thumbnail
sleeping-boys_826_File_Zkhiphani.jpg,Category:Sleeping boys,File:Zkhiphani.jpg,NgezaTPR,CC BY-SA 4.0,https://commons.wikimedia.org/wiki/File%3AZkhiphani.jpg,https://upload.wikimedia.org/wikipedia/commons/b/ba/Zkhiphani.jpg?utm_source=commons.wikimedia.org&utm_campaign=imageinfo&utm_content=thumbnail_unscaled
sleeping-boys_827_File.jpg,Category:Sleeping boys,File:Сон хлопчика на пляжі.JPG,В.С.Білецький,Public domain,https://commons.wikimedia.org/wiki/File%3A%D0%A1%D0%BE%D0%BD_%D1%85%D0%BB%D0%BE%D0%BF%D1%87%D0%B8%D0%BA%D0%B0_%D0%BD%D0%B0_%D0%BF%D0%BB%D1%8F%D0%B6%D1%96.JPG,https://thumb.wikimedia.org/wikipedia/commons/thumb/5/52/%D0%A1%D0%BE%D0%BD_%D1%85%D0%BB%D0%BE%D0%BF%D1%87%D0%B8%D0%BA%D0%B0_%D0%BD%D0%B0_%D0%BF%D0%BB%D1%8F%D0%B6%D1%96.JPG/960px-%D0%A1%D0%BE%D0%BD_%D1%85%D0%BB%D0%BE%D0%BF%D1%87%D0%B8%D0%BA%D0%B0_%D0%BD%D0%B0_%D0%BF%D0%BB%D1%8F%D0%B6%D1%96.JPG?utm_source=commons.wikimedia.org&utm_campaign=imageinfo&utm_content=thumbnail
sleeping-soldiers_828_File_Butch_a_Doberman_Pinscher_Marine_War_Dog_stan.jpg,Category:Sleeping soldiers,"File:""Butch"", a Doberman Pinscher Marine War Dog stands guard as his partner, Pvt. Rez Hester, of Liberty, N.C., snatches a few winks in a sandy foxhole on Iwo Jima. (49482847102).jpg",Signal Corps Archive from Ireland and United States,Public domain,https://commons.wikimedia.org/wiki/File%3A%22Butch%22%2C_a_Doberman_Pinscher_Marine_War_Dog_stands_guard_as_his_partner%2C_Pvt._Rez_Hester%2C_of_Liberty%2C_N.C.%2C_snatches_a_few_winks_in_a_sandy_foxhole_on_Iwo_Jima._%2849482847102%29.jpg,https://thumb.wikimedia.org/wikipedia/commons/thumb/d/dc/%22Butch%22%2C_a_Doberman_Pinscher_Marine_War_Dog_stands_guard_as_his_partner%2C_Pvt._Rez_Hester%2C_of_Liberty%2C_N.C.%2C_snatches_a_few_winks_in_a_sandy_foxhole_on_Iwo_Jima._%2849482847102%29.jpg/960px-thumbnail.jpg?utm_source=commons.wikimedia.org&utm_campaign=imageinfo&utm_content=thumbnail
sleeping-soldiers_829_File_Nap.jpg,Category:Sleeping soldiers,File:-Nap.jpg,Sjmak,Public domain,https://commons.wikimedia.org/wiki/File%3A-Nap.jpg,https://upload.wikimedia.org/wikipedia/commons/f/f6/-Nap.jpg?utm_source=commons.wikimedia.org&utm_campaign=imageinfo&utm_content=thumbnail_unscaled
sleeping-soldiers_830_File_Arthur_Thiele_Im_Nachtlager.jpg,Category:Sleeping soldiers,File:Arthur Thiele Im Nachtlager.jpg,Arthur Thiele,Public domain,https://commons.wikimedia.org/wiki/File%3AArthur_Thiele_Im_Nachtlager.jpg,https://thumb.wikimedia.org/wikipedia/commons/thumb/8/85/Arthur_Thiele_Im_Nachtlager.jpg/960px-Arthur_Thiele_Im_Nachtlager.jpg?utm_source=commons.wikimedia.org&utm_campaign=imageinfo&utm_content=thumbnail
sleeping-soldiers_831_File_Bernhard_Strigel_1460_1528_Sleeping_Soldier_Y.jpg,Category:Sleeping soldiers,"File:Bernhard Strigel (1460-1528) - Sleeping Soldier - YORAG , 753 - York Art Gallery.jpg",Bernhard Strigel,Public domain,https://commons.wikimedia.org/wiki/File%3ABernhard_Strigel_%281460-1528%29_-_Sleeping_Soldier_-_YORAG_%2C_753_-_York_Art_Gallery.jpg,https://thumb.wikimedia.org/wikipedia/commons/thumb/c/c7/Bernhard_Strigel_%281460-1528%29_-_Sleeping_Soldier_-_YORAG_%2C_753_-_York_Art_Gallery.jpg/960px-Bernhard_Strigel_%281460-1528%29_-_Sleeping_Soldier_-_YORAG_%2C_753_-_York_Art_Gallery.jpg?utm_source=commons.wikimedia.org&utm_campaign=imageinfo&utm_content=thumbnail
sleeping-soldiers_832_File_Bundesarchiv_Bild_101I_022_2923_10A_Russland.jpg,Category:Sleeping soldiers,"File:Bundesarchiv Bild 101I-022-2923-10A, Russland, Ruhepause auf Granaten.jpg",Kipper,CC BY-SA 3.0 de,https://commons.wikimedia.org/wiki/File%3ABundesarchiv_Bild_101I-022-2923-10A%2C_Russland%2C_Ruhepause_auf_Granaten.jpg,https://upload.wikimedia.org/wikipedia/commons/8/8d/Bundesarchiv_Bild_101I-022-2923-10A%2C_Russland%2C_Ruhepause_auf_Granaten.jpg?utm_source=commons.wikimedia.org&utm_campaign=imageinfo&utm_content=thumbnail_unscaled
sleeping-soldiers_833_File_Bundesarchiv_Bild_101I_291_1211_06_Dieppe_Lan.jpg,Category:Sleeping soldiers,"File:Bundesarchiv Bild 101I-291-1211-06, Dieppe, Landungsversuch, alliierte Kriegsgefangene.jpg",Koll,CC BY-SA 3.0 de,https://commons.wikimedia.org/wiki/File%3ABundesarchiv_Bild_101I-291-1211-06%2C_Dieppe%2C_Landungsversuch%2C_alliierte_Kriegsgefangene.jpg,https://upload.wikimedia.org/wikipedia/commons/0/09/Bundesarchiv_Bild_101I-291-1211-06%2C_Dieppe%2C_Landungsversuch%2C_alliierte_Kriegsgefangene.jpg?utm_source=commons.wikimedia.org&utm_campaign=imageinfo&utm_content=thumbnail_unscaled
sleeping-soldiers_834_File_Bundesarchiv_Bild_101I_291_1238_10A_Dieppe_La.jpg,Category:Sleeping soldiers,"File:Bundesarchiv Bild 101I-291-1238-10A, Dieppe, Landungsversuch, alliierte Kriegsgefangene.jpg",Teschendorf,CC BY-SA 3.0 de,https://commons.wikimedia.org/wiki/File%3ABundesarchiv_Bild_101I-291-1238-10A%2C_Dieppe%2C_Landungsversuch%2C_alliierte_Kriegsgefangene.jpg,https://upload.wikimedia.org/wikipedia/commons/5/5a/Bundesarchiv_Bild_101I-291-1238-10A%2C_Dieppe%2C_Landungsversuch%2C_alliierte_Kriegsgefangene.jpg?utm_source=commons.wikimedia.org&utm_campaign=imageinfo&utm_content=thumbnail_unscaled
sleeping-soldiers_835_File_Bundesarchiv_Bild_101I_291_1238_25A_Dieppe_La.jpg,Category:Sleeping soldiers,"File:Bundesarchiv Bild 101I-291-1238-25A, Dieppe, Landungsversuch, alliierte Kriegsgefangene.jpg",Teschendorf,CC BY-SA 3.0 de,https://commons.wikimedia.org/wiki/File%3ABundesarchiv_Bild_101I-291-1238-25A%2C_Dieppe%2C_Landungsversuch%2C_alliierte_Kriegsgefangene.jpg,https://upload.wikimedia.org/wikipedia/commons/7/77/Bundesarchiv_Bild_101I-291-1238-25A%2C_Dieppe%2C_Landungsversuch%2C_alliierte_Kriegsgefangene.jpg?utm_source=commons.wikimedia.org&utm_campaign=imageinfo&utm_content=thumbnail_unscaled
sleeping-soldiers_836_File_Bundesarchiv_Bild_101I_567_1503D_21_Italien_A.jpg,Category:Sleeping soldiers,"File:Bundesarchiv Bild 101I-567-1503D-21, Italien, Abruzzen. Abmarsch Fallschirmjäger.jpg",Toni Schneiders,CC BY-SA 3.0 de,https://commons.wikimedia.org/wiki/File%3ABundesarchiv_Bild_101I-567-1503D-21%2C_Italien%2C_Abruzzen._Abmarsch_Fallschirmj%C3%A4ger.jpg,https://upload.wikimedia.org/wikipedia/commons/1/14/Bundesarchiv_Bild_101I-567-1503D-21%2C_Italien%2C_Abruzzen._Abmarsch_Fallschirmj%C3%A4ger.jpg?utm_source=commons.wikimedia.org&utm_campaign=imageinfo&utm_content=thumbnail_unscaled
sleeping-soldiers_837_File_Bundesarchiv_Bild_101I_581_2072_13A_Italien_F.jpg,Category:Sleeping soldiers,"File:Bundesarchiv Bild 101I-581-2072-13A, Italien, Fallschirmjäger.jpg",Hanns Gross,CC BY-SA 3.0 de,https://commons.wikimedia.org/wiki/File%3ABundesarchiv_Bild_101I-581-2072-13A%2C_Italien%2C_Fallschirmj%C3%A4ger.jpg,https://upload.wikimedia.org/wikipedia/commons/0/05/Bundesarchiv_Bild_101I-581-2072-13A%2C_Italien%2C_Fallschirmj%C3%A4ger.jpg?utm_source=commons.wikimedia.org&utm_campaign=imageinfo&utm_content=thumbnail_unscaled
sleeping-soldiers_838_File_Bundesarchiv_Bild_101I_587_2253_31_Soldat_Fal.jpg,Category:Sleeping soldiers,"File:Bundesarchiv Bild 101I-587-2253-31, Soldat (Fallschirmjäger), schlafend auf Krad.jpg",Toni Schneiders,CC BY-SA 3.0 de,https://commons.wikimedia.org/wiki/File%3ABundesarchiv_Bild_101I-587-2253-31%2C_Soldat_%28Fallschirmj%C3%A4ger%29%2C_schlafend_auf_Krad.jpg,https://upload.wikimedia.org/wikipedia/commons/e/e3/Bundesarchiv_Bild_101I-587-2253-31%2C_Soldat_%28Fallschirmj%C3%A4ger%29%2C_schlafend_auf_Krad.jpg?utm_source=commons.wikimedia.org&utm_campaign=imageinfo&utm_content=thumbnail_unscaled
sleeping-soldiers_839_File_Bundesarchiv_Bild_101I_720_0313_11_Frankreich.jpg,Category:Sleeping soldiers,"File:Bundesarchiv Bild 101I-720-0313-11, Frankreich, ruhender Soldat.jpg",Koll,CC BY-SA 3.0 de,https://commons.wikimedia.org/wiki/File%3ABundesarchiv_Bild_101I-720-0313-11%2C_Frankreich%2C_ruhender_Soldat.jpg,https://upload.wikimedia.org/wikipedia/commons/b/b3/Bundesarchiv_Bild_101I-720-0313-11%2C_Frankreich%2C_ruhender_Soldat.jpg?utm_source=commons.wikimedia.org&utm_campaign=imageinfo&utm_content=thumbnail_unscaled
sleeping-soldiers_840_File_Descanso_de_los_Afrika_Korps_de_Alemania_WW2.jpg,Category:Sleeping soldiers,File:Descanso de los Afrika Korps de Alemania. WW2 German soldiers of the Afrikakorps. Resting.jpg,Segunda Guerra Mundial,Public domain,https://commons.wikimedia.org/wiki/File%3ADescanso_de_los_Afrika_Korps_de_Alemania._WW2_German_soldiers_of_the_Afrikakorps._Resting.jpg,https://thumb.wikimedia.org/wikipedia/commons/thumb/f/f6/Descanso_de_los_Afrika_Korps_de_Alemania._WW2_German_soldiers_of_the_Afrikakorps._Resting.jpg/960px-Descanso_de_los_Afrika_Korps_de_Alemania._WW2_German_soldiers_of_the_Afrikakorps._Resting.jpg?utm_source=commons.wikimedia.org&utm_campaign=imageinfo&utm_content=thumbnail
sleeping-soldiers_841_File_Dreams_of_Better_Times_Toshio_Sakai.jpg,Category:Sleeping soldiers,File:Dreams of Better Times (Toshio Sakai).jpg,"Toshio Sakai, United Press International",Public domain,https://commons.wikimedia.org/wiki/File%3ADreams_of_Better_Times_%28Toshio_Sakai%29.jpg,https://upload.wikimedia.org/wikipedia/commons/b/b0/Dreams_of_Better_Times_%28Toshio_Sakai%29.jpg?utm_source=commons.wikimedia.org&utm_campaign=imageinfo&utm_content=thumbnail_unscaled
sleeping-soldiers_842_File_German_soldiers_with_Pickelhaube_helmets_slee.jpg,Category:Sleeping soldiers,File:German soldiers with Pickelhaube helmets sleeping in their snow covered trench.jpg,"East Oregonian : E.O.,",Public domain,https://commons.wikimedia.org/wiki/File%3AGerman_soldiers_with_Pickelhaube_helmets_sleeping_in_their_snow_covered_trench.jpg,https://thumb.wikimedia.org/wikipedia/commons/thumb/e/e0/German_soldiers_with_Pickelhaube_helmets_sleeping_in_their_snow_covered_trench.jpg/960px-German_soldiers_with_Pickelhaube_helmets_sleeping_in_their_snow_covered_trench.jpg?utm_source=commons.wikimedia.org&utm_campaign=imageinfo&utm_content=thumbnail
sleeping-soldiers_843_File_Maastricht_Stadhuis_voormobilisatie_1938_1.jpg,Category:Sleeping soldiers,"File:Maastricht, Stadhuis, voormobilisatie 1938 (1).jpg",unknown photographer (Het Zuiden),CC BY-SA 3.0,https://commons.wikimedia.org/wiki/File%3AMaastricht%2C_Stadhuis%2C_voormobilisatie_1938_%281%29.jpg,https://upload.wikimedia.org/wikipedia/commons/5/57/Maastricht%2C_Stadhuis%2C_voormobilisatie_1938_%281%29.jpg?utm_source=commons.wikimedia.org&utm_campaign=imageinfo&utm_content=thumbnail_unscaled
sleeping-soldiers_844_File_Militairen_aan_boord_van_de_Sainfoin_varend_t.jpg,Category:Sleeping soldiers,"File:Militairen aan boord van de Sainfoin, varend tussen Malakka en Indonesië, Bestanddeelnr 255-8223.jpg",Willem van de Poll,CC0,https://commons.wikimedia.org/wiki/File%3AMilitairen_aan_boord_van_de_Sainfoin%2C_varend_tussen_Malakka_en_Indonesi%C3%AB%2C_Bestanddeelnr_255-8223.jpg,https://thumb.wikimedia.org/wikipedia/commons/thumb/b/b9/Militairen_aan_boord_van_de_Sainfoin%2C_varend_tussen_Malakka_en_Indonesi%C3%AB%2C_Bestanddeelnr_255-8223.jpg/960px-Militairen_aan_boord_van_de_Sainfoin%2C_varend_tussen_Malakka_en_Indonesi%C3%AB%2C_Bestanddeelnr_255-8223.jpg?utm_source=commons.wikimedia.org&utm_campaign=imageinfo&utm_content=thumbnail
sleeping-soldiers_845_File_Militairen_aan_boord_van_de_Sainfoin_varend_t.jpg,Category:Sleeping soldiers,"File:Militairen aan boord van de Sainfoin, varend tussen Malakka en Indonesië, Bestanddeelnr 255-8224.jpg",Willem van de Poll,CC0,https://commons.wikimedia.org/wiki/File%3AMilitairen_aan_boord_van_de_Sainfoin%2C_varend_tussen_Malakka_en_Indonesi%C3%AB%2C_Bestanddeelnr_255-8224.jpg,https://thumb.wikimedia.org/wikipedia/commons/thumb/a/ae/Militairen_aan_boord_van_de_Sainfoin%2C_varend_tussen_Malakka_en_Indonesi%C3%AB%2C_Bestanddeelnr_255-8224.jpg/960px-Militairen_aan_boord_van_de_Sainfoin%2C_varend_tussen_Malakka_en_Indonesi%C3%AB%2C_Bestanddeelnr_255-8224.jpg?utm_source=commons.wikimedia.org&utm_campaign=imageinfo&utm_content=thumbnail
sleeping-soldiers_846_File_Militairen_slapen_op_het_dek_van_de_het_Engel.jpg,Category:Sleeping soldiers,"File:Militairen slapen op het dek van de het Engelse troepentransportschip Sainfoin, Bestanddeelnr 255-6999.jpg",Willem van de Poll,CC0,https://commons.wikimedia.org/wiki/File%3AMilitairen_slapen_op_het_dek_van_de_het_Engelse_troepentransportschip_Sainfoin%2C_Bestanddeelnr_255-6999.jpg,https://thumb.wikimedia.org/wikipedia/commons/thumb/7/7d/Militairen_slapen_op_het_dek_van_de_het_Engelse_troepentransportschip_Sainfoin%2C_Bestanddeelnr_255-6999.jpg/960px-Militairen_slapen_op_het_dek_van_de_het_Engelse_troepentransportschip_Sainfoin%2C_Bestanddeelnr_255-6999.jpg?utm_source=commons.wikimedia.org&utm_campaign=imageinfo&utm_content=thumbnail
sleeping-soldiers_847_File_Nap_Between_Combat_Actions_DPLA_c62aeec9bbf9d.jpg,Category:Sleeping soldiers,File:Nap Between Combat Actions - DPLA - c62aeec9bbf9dd476defc815b0441c9d.jpg,United States Navy,Public domain,https://commons.wikimedia.org/wiki/File%3ANap_Between_Combat_Actions_-_DPLA_-_c62aeec9bbf9dd476defc815b0441c9d.jpg,https://thumb.wikimedia.org/wikipedia/commons/thumb/c/c7/Nap_Between_Combat_Actions_-_DPLA_-_c62aeec9bbf9dd476defc815b0441c9d.jpg/960px-Nap_Between_Combat_Actions_-_DPLA_-_c62aeec9bbf9dd476defc815b0441c9d.jpg?utm_source=commons.wikimedia.org&utm_campaign=imageinfo&utm_content=thumbnail
sleeping-soldiers_848_File_Norway_After_Liberation_1945_BU9775.jpg,Category:Sleeping soldiers,File:Norway After Liberation 1945 BU9775.jpg,"No 5 Army Film &amp; Photographic Unit, Jones A H (Sergeant)",Public domain,https://commons.wikimedia.org/wiki/File%3ANorway_After_Liberation_1945_BU9775.jpg,https://upload.wikimedia.org/wikipedia/commons/0/01/Norway_After_Liberation_1945_BU9775.jpg?utm_source=commons.wikimedia.org&utm_campaign=imageinfo&utm_content=thumbnail_unscaled
sleeping-soldiers_849_File_Patrington_St_Patrick_s_Church_The_Easter_Sep.jpg,Category:Sleeping soldiers,"File:Patrington, St. Patrick's Church, The Easter Sepulchre, the sleeping soldiers - geograph.org.uk - 5135217.jpg",Michael Garlick,CC BY-SA 2.0,https://commons.wikimedia.org/wiki/File%3APatrington%2C_St._Patrick%27s_Church%2C_The_Easter_Sepulchre%2C_the_sleeping_soldiers_-_geograph.org.uk_-_5135217.jpg,https://thumb.wikimedia.org/wikipedia/commons/thumb/1/15/Patrington%2C_St._Patrick%27s_Church%2C_The_Easter_Sepulchre%2C_the_sleeping_soldiers_-_geograph.org.uk_-_5135217.jpg/960px-Patrington%2C_St._Patrick%27s_Church%2C_The_Easter_Sepulchre%2C_the_sleeping_soldiers_-_geograph.org.uk_-_5135217.jpg?utm_source=commons.wikimedia.org&utm_campaign=imageinfo&utm_content=thumbnail
sleeping-soldiers_850_File_Royal_Marine_crew_of_X_turret_on_HMS_Sheffiel.jpg,Category:Sleeping soldiers,File:Royal Marine crew of X turret on HMS Sheffield WWII.jpg,Assumed Royal Navy.,Public domain,https://commons.wikimedia.org/wiki/File%3ARoyal_Marine_crew_of_X_turret_on_HMS_Sheffield_WWII.jpg,https://upload.wikimedia.org/wikipedia/commons/d/d3/Royal_Marine_crew_of_X_turret_on_HMS_Sheffield_WWII.jpg?utm_source=commons.wikimedia.org&utm_campaign=imageinfo&utm_content=thumbnail_unscaled
sleeping-soldiers_851_File_SC_329882_T_5_Clifford_Thompson_3_Terrace_Ave.jpg,Category:Sleeping soldiers,"File:SC 329882 - T 5 Clifford Thompson, 3 Terrace Ave., New London, Conn., of the 752nd Tank Bn., taking a few minutes out to sleep after having made the long, hard push to Bologna. 21 April, 1945. (52594104114).jpg",Signal Corps Archive from United States,Public domain,https://commons.wikimedia.org/wiki/File%3ASC_329882_-_T_5_Clifford_Thompson%2C_3_Terrace_Ave.%2C_New_London%2C_Conn.%2C_of_the_752nd_Tank_Bn.%2C_taking_a_few_minutes_out_to_sleep_after_having_made_the_long%2C_hard_push_to_Bologna._21_April%2C_1945._%2852594104114%29.jpg,https://thumb.wikimedia.org/wikipedia/commons/thumb/1/10/SC_329882_-_T_5_Clifford_Thompson%2C_3_Terrace_Ave.%2C_New_London%2C_Conn.%2C_of_the_752nd_Tank_Bn.%2C_taking_a_few_minutes_out_to_sleep_after_having_made_the_long%2C_hard_push_to_Bologna._21_April%2C_1945._%2852594104114%29.jpg/960px-thumbnail.jpg?utm_source=commons.wikimedia.org&utm_campaign=imageinfo&utm_content=thumbnail
sleeping-soldiers_852_File_Sleeping_soldier_by_Willem_Cornelisz_Duyster.jpg,Category:Sleeping soldiers,"File:Sleeping soldier, by Willem Cornelisz Duyster.jpg",Willem Cornelisz Duyster,Public domain,https://commons.wikimedia.org/wiki/File%3ASleeping_soldier%2C_by_Willem_Cornelisz_Duyster.jpg,https://thumb.wikimedia.org/wikipedia/commons/thumb/7/7a/Sleeping_soldier%2C_by_Willem_Cornelisz_Duyster.jpg/960px-Sleeping_soldier%2C_by_Willem_Cornelisz_Duyster.jpg?utm_source=commons.wikimedia.org&utm_campaign=imageinfo&utm_content=thumbnail
sleeping-soldiers_853_File_Soldaty_son_1.jpg,Category:Sleeping soldiers,File:Soldaty son 1.jpg,Nataly morpeh,CC0,https://commons.wikimedia.org/wiki/File%3ASoldaty_son_1.jpg,https://upload.wikimedia.org/wikipedia/commons/c/c7/Soldaty_son_1.jpg?utm_source=commons.wikimedia.org&utm_campaign=imageinfo&utm_content=thumbnail_unscaled
sleeping-soldiers_854_File_Soldaty_son_2.jpg,Category:Sleeping soldiers,File:Soldaty son 2.jpg,Nataly morpeh,CC0,https://commons.wikimedia.org/wiki/File%3ASoldaty_son_2.jpg,https://upload.wikimedia.org/wikipedia/commons/c/cc/Soldaty_son_2.jpg?utm_source=commons.wikimedia.org&utm_campaign=imageinfo&utm_content=thumbnail_unscaled
sleeping-soldiers_855_File_Soldaty_son_3.jpg,Category:Sleeping soldiers,File:Soldaty son 3.jpg,Nataly morpeh,CC0,https://commons.wikimedia.org/wiki/File%3ASoldaty_son_3.jpg,https://upload.wikimedia.org/wikipedia/commons/5/52/Soldaty_son_3.jpg?utm_source=commons.wikimedia.org&utm_campaign=imageinfo&utm_content=thumbnail_unscaled
sleeping-soldiers_856_File_Soldier_Sleeping_1948.jpg,Category:Sleeping soldiers,File:Soldier Sleeping 1948.jpg,Israeli GPO photographer,Public domain,https://commons.wikimedia.org/wiki/File%3ASoldier_Sleeping_1948.jpg,https://thumb.wikimedia.org/wikipedia/commons/thumb/5/54/Soldier_Sleeping_1948.jpg/960px-Soldier_Sleeping_1948.jpg?utm_source=commons.wikimedia.org&utm_campaign=imageinfo&utm_content=thumbnail
sleeping-soldiers_857_File_Soldier_sleeping_Jardin_M_di_val_de_Cluny_Par.jpg,Category:Sleeping soldiers,"File:Soldier sleeping, Jardin Médiéval de Cluny, Paris 10 December 2016.jpg","Guilhem Vellut from Paris, France",CC BY 2.0,https://commons.wikimedia.org/wiki/File%3ASoldier_sleeping%2C_Jardin_M%C3%A9di%C3%A9val_de_Cluny%2C_Paris_10_December_2016.jpg,https://thumb.wikimedia.org/wikipedia/commons/thumb/d/d6/Soldier_sleeping%2C_Jardin_M%C3%A9di%C3%A9val_de_Cluny%2C_Paris_10_December_2016.jpg/960px-Soldier_sleeping%2C_Jardin_M%C3%A9di%C3%A9val_de_Cluny%2C_Paris_10_December_2016.jpg?utm_source=commons.wikimedia.org&utm_campaign=imageinfo&utm_content=thumbnail
sleeping-soldiers_858_File_They_Solved_the_Problem_of_Sleeping_Out_of_Do.jpg,Category:Sleeping soldiers,File:They Solved the Problem of Sleeping Out of Doors - DPLA - ffdca34f6daf40056088c3c46358b7d1.jpg,United States Signal Corps,Public domain,https://commons.wikimedia.org/wiki/File%3AThey_Solved_the_Problem_of_Sleeping_Out_of_Doors_-_DPLA_-_ffdca34f6daf40056088c3c46358b7d1.jpg,https://thumb.wikimedia.org/wikipedia/commons/thumb/1/1e/They_Solved_the_Problem_of_Sleeping_Out_of_Doors_-_DPLA_-_ffdca34f6daf40056088c3c46358b7d1.jpg/960px-They_Solved_the_Problem_of_Sleeping_Out_of_Doors_-_DPLA_-_ffdca34f6daf40056088c3c46358b7d1.jpg?utm_source=commons.wikimedia.org&utm_campaign=imageinfo&utm_content=thumbnail
sleeping-soldiers_859_File_Tyskere_i_Norge.jpg,Category:Sleeping soldiers,File:Tyskere i Norge.jpg,Official photograph / British Armed Forces,Public domain,https://commons.wikimedia.org/wiki/File%3ATyskere_i_Norge.jpg,https://upload.wikimedia.org/wikipedia/commons/4/43/Tyskere_i_Norge.jpg?utm_source=commons.wikimedia.org&utm_campaign=imageinfo&utm_content=thumbnail_unscaled
sleeping-soldiers_860_File_Un_repos_bien_m_rit_soldats_serbes_dormant_su.jpg,Category:Sleeping soldiers,File:Un repos bien mérité (soldats serbes dormant sur un chariot) - btv1b53114486p.jpg,Agence Rol. Agence photographique (commanditaire),Public domain,https://commons.wikimedia.org/wiki/File%3AUn_repos_bien_m%C3%A9rit%C3%A9_%28soldats_serbes_dormant_sur_un_chariot%29_-_btv1b53114486p.jpg,https://thumb.wikimedia.org/wikipedia/commons/thumb/7/7a/Un_repos_bien_m%C3%A9rit%C3%A9_%28soldats_serbes_dormant_sur_un_chariot%29_-_btv1b53114486p.jpg/960px-Un_repos_bien_m%C3%A9rit%C3%A9_%28soldats_serbes_dormant_sur_un_chariot%29_-_btv1b53114486p.jpg?utm_source=commons.wikimedia.org&utm_campaign=imageinfo&utm_content=thumbnail
sleeping-soldiers_861_File_USA_P_Papua_p326_WEARY_SOLDIER_SLEEPS_after_t.jpg,Category:Sleeping soldiers,File:USA-P-Papua-p326 WEARY SOLDIER SLEEPS after the battle is over. milner.jpg,Centre of military history,Public domain,https://commons.wikimedia.org/wiki/File%3AUSA-P-Papua-p326_WEARY_SOLDIER_SLEEPS_after_the_battle_is_over._milner.jpg,https://upload.wikimedia.org/wikipedia/commons/4/48/USA-P-Papua-p326_WEARY_SOLDIER_SLEEPS_after_the_battle_is_over._milner.jpg?utm_source=commons.wikimedia.org&utm_campaign=imageinfo&utm_content=thumbnail_unscaled
sleeping-soldiers_862_File_Niemieccy_o_nierze_podczas_snu_na_wozach_2_56.jpg,Category:Sleeping soldiers,File:Niemieccy żołnierze podczas snu na wozach (2-56).jpg,Tobis,Public domain,https://commons.wikimedia.org/wiki/File%3ANiemieccy_%C5%BCo%C5%82nierze_podczas_snu_na_wozach_%282-56%29.jpg,https://thumb.wikimedia.org/wikipedia/commons/thumb/f/fa/Niemieccy_%C5%BCo%C5%82nierze_podczas_snu_na_wozach_%282-56%29.jpg/960px-Niemieccy_%C5%BCo%C5%82nierze_podczas_snu_na_wozach_%282-56%29.jpg?utm_source=commons.wikimedia.org&utm_campaign=imageinfo&utm_content=thumbnail
sleeping-soldiers_863_File_1943.jpg,Category:Sleeping soldiers,"File:Морская пехота отдыхает перед десантом, август 1943 г.jpg",Янов Николай Павлович,Public domain,https://commons.wikimedia.org/wiki/File%3A%D0%9C%D0%BE%D1%80%D1%81%D0%BA%D0%B0%D1%8F_%D0%BF%D0%B5%D1%85%D0%BE%D1%82%D0%B0_%D0%BE%D1%82%D0%B4%D1%8B%D1%85%D0%B0%D0%B5%D1%82_%D0%BF%D0%B5%D1%80%D0%B5%D0%B4_%D0%B4%D0%B5%D1%81%D0%B0%D0%BD%D1%82%D0%BE%D0%BC%2C_%D0%B0%D0%B2%D0%B3%D1%83%D1%81%D1%82_1943_%D0%B3.jpg,https://thumb.wikimedia.org/wikipedia/commons/thumb/4/48/%D0%9C%D0%BE%D1%80%D1%81%D0%BA%D0%B0%D1%8F_%D0%BF%D0%B5%D1%85%D0%BE%D1%82%D0%B0_%D0%BE%D1%82%D0%B4%D1%8B%D1%85%D0%B0%D0%B5%D1%82_%D0%BF%D0%B5%D1%80%D0%B5%D0%B4_%D0%B4%D0%B5%D1%81%D0%B0%D0%BD%D1%82%D0%BE%D0%BC%2C_%D0%B0%D0%B2%D0%B3%D1%83%D1%81%D1%82_1943_%D0%B3.jpg/960px-%D0%9C%D0%BE%D1%80%D1%81%D0%BA%D0%B0%D1%8F_%D0%BF%D0%B5%D1%85%D0%BE%D1%82%D0%B0_%D0%BE%D1%82%D0%B4%D1%8B%D1%85%D0%B0%D0%B5%D1%82_%D0%BF%D0%B5%D1%80%D0%B5%D0%B4_%D0%B4%D0%B5%D1%81%D0%B0%D0%BD%D1%82%D0%BE%D0%BC%2C_%D0%B0%D0%B2%D0%B3%D1%83%D1%81%D1%82_1943_%D0%B3.jpg?utm_source=commons.wikimedia.org&utm_campaign=imageinfo&utm_content=thumbnail
sleeping-soldiers_864_File_2_cropped.jpg,Category:Sleeping soldiers,File:Поэт Михаил Матусовский среди бойцов 2-го Белорусского фронта в Восточной Пруссии (cropped).jpg,Вячеслав Шаровский (ТАСС),Public domain,https://commons.wikimedia.org/wiki/File%3A%D0%9F%D0%BE%D1%8D%D1%82_%D0%9C%D0%B8%D1%85%D0%B0%D0%B8%D0%BB_%D0%9C%D0%B0%D1%82%D1%83%D1%81%D0%BE%D0%B2%D1%81%D0%BA%D0%B8%D0%B9_%D1%81%D1%80%D0%B5%D0%B4%D0%B8_%D0%B1%D0%BE%D0%B9%D1%86%D0%BE%D0%B2_2-%D0%B3%D0%BE_%D0%91%D0%B5%D0%BB%D0%BE%D1%80%D1%83%D1%81%D1%81%D0%BA%D0%BE%D0%B3%D0%BE_%D1%84%D1%80%D0%BE%D0%BD%D1%82%D0%B0_%D0%B2_%D0%92%D0%BE%D1%81%D1%82%D0%BE%D1%87%D0%BD%D0%BE%D0%B9_%D0%9F%D1%80%D1%83%D1%81%D1%81%D0%B8%D0%B8_%28cropped%29.jpg,https://upload.wikimedia.org/wikipedia/commons/7/7f/%D0%9F%D0%BE%D1%8D%D1%82_%D0%9C%D0%B8%D1%85%D0%B0%D0%B8%D0%BB_%D0%9C%D0%B0%D1%82%D1%83%D1%81%D0%BE%D0%B2%D1%81%D0%BA%D0%B8%D0%B9_%D1%81%D1%80%D0%B5%D0%B4%D0%B8_%D0%B1%D0%BE%D0%B9%D1%86%D0%BE%D0%B2_2-%D0%B3%D0%BE_%D0%91%D0%B5%D0%BB%D0%BE%D1%80%D1%83%D1%81%D1%81%D0%BA%D0%BE%D0%B3%D0%BE_%D1%84%D1%80%D0%BE%D0%BD%D1%82%D0%B0_%D0%B2_%D0%92%D0%BE%D1%81%D1%82%D0%BE%D1%87%D0%BD%D0%BE%D0%B9_%D0%9F%D1%80%D1%83%D1%81%D1%81%D0%B8%D0%B8_%28cropped%29.jpg?utm_source=commons.wikimedia.org&utm_campaign=imageinfo&utm_content=thumbnail_unscaled
sleeping-soldiers_865_File_2.jpg,Category:Sleeping soldiers,File:Поэт Михаил Матусовский среди бойцов 2-го Белорусского фронта в Восточной Пруссии.jpg,Вячеслав Шаровский (ТАСС),Public domain,https://commons.wikimedia.org/wiki/File%3A%D0%9F%D0%BE%D1%8D%D1%82_%D0%9C%D0%B8%D1%85%D0%B0%D0%B8%D0%BB_%D0%9C%D0%B0%D1%82%D1%83%D1%81%D0%BE%D0%B2%D1%81%D0%BA%D0%B8%D0%B9_%D1%81%D1%80%D0%B5%D0%B4%D0%B8_%D0%B1%D0%BE%D0%B9%D1%86%D0%BE%D0%B2_2-%D0%B3%D0%BE_%D0%91%D0%B5%D0%BB%D0%BE%D1%80%D1%83%D1%81%D1%81%D0%BA%D0%BE%D0%B3%D0%BE_%D1%84%D1%80%D0%BE%D0%BD%D1%82%D0%B0_%D0%B2_%D0%92%D0%BE%D1%81%D1%82%D0%BE%D1%87%D0%BD%D0%BE%D0%B9_%D0%9F%D1%80%D1%83%D1%81%D1%81%D0%B8%D0%B8.jpg,https://upload.wikimedia.org/wikipedia/commons/c/c7/%D0%9F%D0%BE%D1%8D%D1%82_%D0%9C%D0%B8%D1%85%D0%B0%D0%B8%D0%BB_%D0%9C%D0%B0%D1%82%D1%83%D1%81%D0%BE%D0%B2%D1%81%D0%BA%D0%B8%D0%B9_%D1%81%D1%80%D0%B5%D0%B4%D0%B8_%D0%B1%D0%BE%D0%B9%D1%86%D0%BE%D0%B2_2-%D0%B3%D0%BE_%D0%91%D0%B5%D0%BB%D0%BE%D1%80%D1%83%D1%81%D1%81%D0%BA%D0%BE%D0%B3%D0%BE_%D1%84%D1%80%D0%BE%D0%BD%D1%82%D0%B0_%D0%B2_%D0%92%D0%BE%D1%81%D1%82%D0%BE%D1%87%D0%BD%D0%BE%D0%B9_%D0%9F%D1%80%D1%83%D1%81%D1%81%D0%B8%D0%B8.jpg?utm_source=commons.wikimedia.org&utm_campaign=imageinfo&utm_content=thumbnail_unscaled
sneezing_866_File_7_to_8_meter_long_turbulent_multiphase_plume.jpg,Category:Sneezing,File:7- to 8-meter-long turbulent multiphase plume from a human sneeze.jpg,"Apparently Lydia Bourouiba. The source's license says ""The images or other third party material in this article are included in the article's Creative Commons licence, unless indicated otherwise in a credit line to the material"", and the credit line for this image gives credit to another publication ((26 March 2020). ""Turbulent Gas Clouds and Respiratory Pathogen Emissions: Potential Implications for Reducing Transmission of COVID-19."". JAMA. DOI:10.1001/jama.2020.4756. PMID 32215590.), but the caption does not exempt this figure (Figure 1) from the CC-BY 4.0 license, and it is thus included.",CC BY 4.0,https://commons.wikimedia.org/wiki/File%3A7-_to_8-meter-long_turbulent_multiphase_plume_from_a_human_sneeze.jpg,https://upload.wikimedia.org/wikipedia/commons/f/f5/7-_to_8-meter-long_turbulent_multiphase_plume_from_a_human_sneeze.jpg?utm_source=commons.wikimedia.org&utm_campaign=imageinfo&utm_content=thumbnail_unscaled
sneezing_867_File_Aymo.jpg,Category:Sneezing,File:Aymo.jpg,Aurelia Nthite,CC BY-SA 4.0,https://commons.wikimedia.org/wiki/File%3AAymo.jpg,https://thumb.wikimedia.org/wikipedia/commons/thumb/d/d1/Aymo.jpg/960px-Aymo.jpg?utm_source=commons.wikimedia.org&utm_campaign=imageinfo&utm_content=thumbnail
sneezing_868_File_Dan_Povenmire_2013_San_Diego_Comic_Con_Croppe.jpg,Category:Sneezing,File:Dan Povenmire 2013 San Diego Comic-Con (Cropped).png,"Sue Lukenbaugh from Sacramento, USA",CC BY-SA 4.0,https://commons.wikimedia.org/wiki/File%3ADan_Povenmire_2013_San_Diego_Comic-Con_%28Cropped%29.png,https://thumb.wikimedia.org/wikipedia/commons/thumb/8/8c/Dan_Povenmire_2013_San_Diego_Comic-Con_%28Cropped%29.png/960px-Dan_Povenmire_2013_San_Diego_Comic-Con_%28Cropped%29.png?utm_source=commons.wikimedia.org&utm_campaign=imageinfo&utm_content=thumbnail
sneezing_869_File_Disease_transmission_sneezing.jpg,Category:Sneezing,File:Disease transmission sneezing.png,United States: Centers for Disease Control and Prevention,Public domain,https://commons.wikimedia.org/wiki/File%3ADisease_transmission_sneezing.png,https://upload.wikimedia.org/wikipedia/commons/7/73/Disease_transmission_sneezing.png?utm_source=commons.wikimedia.org&utm_campaign=imageinfo&utm_content=thumbnail_unscaled
sneezing_870_File_Droplet_transmission_ranges_for_speaking_intu.jpg,Category:Sneezing,"File:Droplet transmission ranges for speaking, intubation, and coughing or sneezing.jpg",Authors of cited source.,CC BY 4.0,https://commons.wikimedia.org/wiki/File%3ADroplet_transmission_ranges_for_speaking%2C_intubation%2C_and_coughing_or_sneezing.jpg,https://upload.wikimedia.org/wikipedia/commons/e/eb/Droplet_transmission_ranges_for_speaking%2C_intubation%2C_and_coughing_or_sneezing.jpg?utm_source=commons.wikimedia.org&utm_campaign=imageinfo&utm_content=thumbnail_unscaled
sneezing_871_File_Edison_kinetoscopic_record_of_a_sneeze_taken.jpg,Category:Sneezing,"File:Edison kinetoscopic record of a sneeze - taken & copyrighted by W.K.-L. Dickson, Orange, N.J. LCCN95505651.jpg",William Kennedy Dickson,Public domain,https://commons.wikimedia.org/wiki/File%3AEdison_kinetoscopic_record_of_a_sneeze_-_taken_%26_copyrighted_by_W.K.-L._Dickson%2C_Orange%2C_N.J._LCCN95505651.jpg,https://thumb.wikimedia.org/wikipedia/commons/thumb/7/76/Edison_kinetoscopic_record_of_a_sneeze_-_taken_%26_copyrighted_by_W.K.-L._Dickson%2C_Orange%2C_N.J._LCCN95505651.jpg/960px-Edison_kinetoscopic_record_of_a_sneeze_-_taken_%26_copyrighted_by_W.K.-L._Dickson%2C_Orange%2C_N.J._LCCN95505651.jpg?utm_source=commons.wikimedia.org&utm_campaign=imageinfo&utm_content=thumbnail
sneezing_872_File_Een_man_niest_Bestanddeelnr_189_0203.jpg,Category:Sneezing,"File:Een man niest, Bestanddeelnr 189-0203.jpg",Willem van de Poll,CC0,https://commons.wikimedia.org/wiki/File%3AEen_man_niest%2C_Bestanddeelnr_189-0203.jpg,https://thumb.wikimedia.org/wikipedia/commons/thumb/3/35/Een_man_niest%2C_Bestanddeelnr_189-0203.jpg/960px-Een_man_niest%2C_Bestanddeelnr_189-0203.jpg?utm_source=commons.wikimedia.org&utm_campaign=imageinfo&utm_content=thumbnail
sneezing_873_File_Fliegende_Bl_tter_1903_00250455_cropped_Emil.jpg,Category:Sneezing,"File:Fliegende Blätter 1903 00250455 (cropped, Emil).jpg",Emil Reinicke († um 1942),Public domain,https://commons.wikimedia.org/wiki/File%3AFliegende_Bl%C3%A4tter_1903_00250455_%28cropped%2C_Emil%29.jpg,https://upload.wikimedia.org/wikipedia/commons/3/3d/Fliegende_Bl%C3%A4tter_1903_00250455_%28cropped%2C_Emil%29.jpg?utm_source=commons.wikimedia.org&utm_campaign=imageinfo&utm_content=thumbnail_unscaled
sneezing_874_File_Flu_1679104_1280.jpg,Category:Sneezing,File:Flu-1679104 1280.jpg,Sambeetarts,CC0,https://commons.wikimedia.org/wiki/File%3AFlu-1679104_1280.jpg,https://thumb.wikimedia.org/wikipedia/commons/thumb/e/e3/Flu-1679104_1280.jpg/960px-Flu-1679104_1280.jpg?utm_source=commons.wikimedia.org&utm_campaign=imageinfo&utm_content=thumbnail
sneezing_875_File_Horse_sneeze1.jpg,Category:Sneezing,File:Horse-sneeze1.jpg,KenClarck11,CC BY-SA 4.0,https://commons.wikimedia.org/wiki/File%3AHorse-sneeze1.jpg,https://upload.wikimedia.org/wikipedia/commons/f/f2/Horse-sneeze1.jpg?utm_source=commons.wikimedia.org&utm_campaign=imageinfo&utm_content=thumbnail_unscaled
sneezing_876_File_Illustration_of_person_sneezing.jpg,Category:Sneezing,File:Illustration of person sneezing.jpg,Bing Image Creator. Prompt by Theklan,Public domain,https://commons.wikimedia.org/wiki/File%3AIllustration_of_person_sneezing.jpg,https://thumb.wikimedia.org/wikipedia/commons/thumb/6/6f/Illustration_of_person_sneezing.jpg/960px-Illustration_of_person_sneezing.jpg?utm_source=commons.wikimedia.org&utm_campaign=imageinfo&utm_content=thumbnail
sneezing_877_File_Mannetje_dat_zit_te_niezen_Bestanddeelnr_909.jpg,Category:Sneezing,"File:Mannetje dat zit te niezen, Bestanddeelnr 909-0012.jpg",Harry Pot for Anefo,CC0,https://commons.wikimedia.org/wiki/File%3AMannetje_dat_zit_te_niezen%2C_Bestanddeelnr_909-0012.jpg,https://thumb.wikimedia.org/wikipedia/commons/thumb/1/15/Mannetje_dat_zit_te_niezen%2C_Bestanddeelnr_909-0012.jpg/960px-Mannetje_dat_zit_te_niezen%2C_Bestanddeelnr_909-0012.jpg?utm_source=commons.wikimedia.org&utm_campaign=imageinfo&utm_content=thumbnail
sneezing_878_File_Mannetje_dat_zit_te_niezen_Bestanddeelnr_909.jpg,Category:Sneezing,"File:Mannetje dat zit te niezen, Bestanddeelnr 909-0013.jpg",Harry Pot for Anefo,CC0,https://commons.wikimedia.org/wiki/File%3AMannetje_dat_zit_te_niezen%2C_Bestanddeelnr_909-0013.jpg,https://thumb.wikimedia.org/wikipedia/commons/thumb/0/09/Mannetje_dat_zit_te_niezen%2C_Bestanddeelnr_909-0013.jpg/960px-Mannetje_dat_zit_te_niezen%2C_Bestanddeelnr_909-0013.jpg?utm_source=commons.wikimedia.org&utm_campaign=imageinfo&utm_content=thumbnail
sneezing_879_File_Mannetje_dat_zit_te_niezen_Bestanddeelnr_909.jpg,Category:Sneezing,"File:Mannetje dat zit te niezen, Bestanddeelnr 909-0014.jpg",Harry Pot for Anefo,CC0,https://commons.wikimedia.org/wiki/File%3AMannetje_dat_zit_te_niezen%2C_Bestanddeelnr_909-0014.jpg,https://thumb.wikimedia.org/wikipedia/commons/thumb/e/e0/Mannetje_dat_zit_te_niezen%2C_Bestanddeelnr_909-0014.jpg/960px-Mannetje_dat_zit_te_niezen%2C_Bestanddeelnr_909-0014.jpg?utm_source=commons.wikimedia.org&utm_campaign=imageinfo&utm_content=thumbnail
sneezing_880_File_Mannetje_dat_zit_te_niezen_Bestanddeelnr_909.jpg,Category:Sneezing,"File:Mannetje dat zit te niezen, Bestanddeelnr 909-0015.jpg",Harry Pot for Anefo,CC0,https://commons.wikimedia.org/wiki/File%3AMannetje_dat_zit_te_niezen%2C_Bestanddeelnr_909-0015.jpg,https://thumb.wikimedia.org/wikipedia/commons/thumb/3/37/Mannetje_dat_zit_te_niezen%2C_Bestanddeelnr_909-0015.jpg/960px-Mannetje_dat_zit_te_niezen%2C_Bestanddeelnr_909-0015.jpg?utm_source=commons.wikimedia.org&utm_campaign=imageinfo&utm_content=thumbnail
sneezing_881_File_Mannetje_dat_zit_te_niezen_Bestanddeelnr_909.jpg,Category:Sneezing,"File:Mannetje dat zit te niezen, Bestanddeelnr 909-0016.jpg",Harry Pot for Anefo,CC0,https://commons.wikimedia.org/wiki/File%3AMannetje_dat_zit_te_niezen%2C_Bestanddeelnr_909-0016.jpg,https://thumb.wikimedia.org/wikipedia/commons/thumb/6/6c/Mannetje_dat_zit_te_niezen%2C_Bestanddeelnr_909-0016.jpg/960px-Mannetje_dat_zit_te_niezen%2C_Bestanddeelnr_909-0016.jpg?utm_source=commons.wikimedia.org&utm_campaign=imageinfo&utm_content=thumbnail
sneezing_882_File_Mannetje_dat_zit_te_niezen_Bestanddeelnr_909.jpg,Category:Sneezing,"File:Mannetje dat zit te niezen, Bestanddeelnr 909-0017.jpg",Harry Pot for Anefo,CC0,https://commons.wikimedia.org/wiki/File%3AMannetje_dat_zit_te_niezen%2C_Bestanddeelnr_909-0017.jpg,https://thumb.wikimedia.org/wikipedia/commons/thumb/7/7b/Mannetje_dat_zit_te_niezen%2C_Bestanddeelnr_909-0017.jpg/960px-Mannetje_dat_zit_te_niezen%2C_Bestanddeelnr_909-0017.jpg?utm_source=commons.wikimedia.org&utm_campaign=imageinfo&utm_content=thumbnail
sneezing_883_File_Mr_Skygack_from_Mars_1907_12_28.jpg,Category:Sneezing,"File:Mr. Skygack, from Mars (1907-12-28).jpg",Armundo Dreisbach Condo,Public domain,https://commons.wikimedia.org/wiki/File%3AMr._Skygack%2C_from_Mars_%281907-12-28%29.jpg,https://upload.wikimedia.org/wikipedia/commons/b/b4/Mr._Skygack%2C_from_Mars_%281907-12-28%29.jpg?utm_source=commons.wikimedia.org&utm_campaign=imageinfo&utm_content=thumbnail_unscaled
sneezing_884_File_Opdracht_Volkskrant_griep_niezende_man_Bestan.jpg,Category:Sneezing,"File:Opdracht Volkskrant, griep, niezende man, Bestanddeelnr 921-0351.jpg",Anefo,CC0,https://commons.wikimedia.org/wiki/File%3AOpdracht_Volkskrant%2C_griep%2C_niezende_man%2C_Bestanddeelnr_921-0351.jpg,https://thumb.wikimedia.org/wikipedia/commons/thumb/0/00/Opdracht_Volkskrant%2C_griep%2C_niezende_man%2C_Bestanddeelnr_921-0351.jpg/960px-Opdracht_Volkskrant%2C_griep%2C_niezende_man%2C_Bestanddeelnr_921-0351.jpg?utm_source=commons.wikimedia.org&utm_campaign=imageinfo&utm_content=thumbnail
sneezing_885_File_Opdracht_Volkskrant_griep_niezende_man_Bestan.jpg,Category:Sneezing,"File:Opdracht Volkskrant, griep, niezende man, Bestanddeelnr 921-0352.jpg",Anefo,CC0,https://commons.wikimedia.org/wiki/File%3AOpdracht_Volkskrant%2C_griep%2C_niezende_man%2C_Bestanddeelnr_921-0352.jpg,https://thumb.wikimedia.org/wikipedia/commons/thumb/6/6a/Opdracht_Volkskrant%2C_griep%2C_niezende_man%2C_Bestanddeelnr_921-0352.jpg/960px-Opdracht_Volkskrant%2C_griep%2C_niezende_man%2C_Bestanddeelnr_921-0352.jpg?utm_source=commons.wikimedia.org&utm_campaign=imageinfo&utm_content=thumbnail
sneezing_886_File_Quadrone_Occasion.jpg,Category:Sneezing,File:Quadrone-Occasion.jpg,Giovanni Battista Quadrone,Public domain,https://commons.wikimedia.org/wiki/File%3AQuadrone-Occasion.jpg,https://thumb.wikimedia.org/wikipedia/commons/thumb/5/50/Quadrone-Occasion.jpg/960px-Quadrone-Occasion.jpg?utm_source=commons.wikimedia.org&utm_campaign=imageinfo&utm_content=thumbnail
sneezing_887_File_Sneeze_in_white_hankie.jpg,Category:Sneezing,File:Sneeze in white hankie.jpg,mcfarlandmo,CC BY 2.0,https://commons.wikimedia.org/wiki/File%3ASneeze_in_white_hankie.jpg,https://upload.wikimedia.org/wikipedia/commons/6/64/Sneeze_in_white_hankie.jpg?utm_source=commons.wikimedia.org&utm_campaign=imageinfo&utm_content=thumbnail_unscaled
sneezing_888_File_Sneeze.jpg,Category:Sneezing,File:Sneeze.JPG,James Gathany,Public domain,https://commons.wikimedia.org/wiki/File%3ASneeze.JPG,https://thumb.wikimedia.org/wikipedia/commons/thumb/7/77/Sneeze.JPG/960px-Sneeze.JPG?utm_source=commons.wikimedia.org&utm_campaign=imageinfo&utm_content=thumbnail
sneezing_889_File_SneezeDropletDistribution.jpg,Category:Sneezing,File:SneezeDropletDistribution.jpg,"Z. Y. Han, W. G. Weng and Q. Y. Huang",CC0,https://commons.wikimedia.org/wiki/File%3ASneezeDropletDistribution.jpg,https://thumb.wikimedia.org/wikipedia/commons/thumb/5/57/SneezeDropletDistribution.jpg/960px-SneezeDropletDistribution.jpg?utm_source=commons.wikimedia.org&utm_campaign=imageinfo&utm_content=thumbnail
sneezing_890_File_Sneezing_zebra.jpg,Category:Sneezing,File:Sneezing zebra.jpg,Eric,CC BY-SA 2.0,https://commons.wikimedia.org/wiki/File%3ASneezing_zebra.jpg,https://upload.wikimedia.org/wikipedia/commons/b/be/Sneezing_zebra.jpg?utm_source=commons.wikimedia.org&utm_campaign=imageinfo&utm_content=thumbnail_unscaled
sneezing_891_File_Sparkler_Comics_108_Cover.jpg,Category:Sneezing,File:Sparkler Comics 108 Cover.jpg,Sparkler Comics / United Features / Ernie Bushmiller,Public domain,https://commons.wikimedia.org/wiki/File%3ASparkler_Comics_108_Cover.jpg,https://thumb.wikimedia.org/wikipedia/commons/thumb/f/f4/Sparkler_Comics_108_Cover.jpg/960px-Sparkler_Comics_108_Cover.jpg?utm_source=commons.wikimedia.org&utm_campaign=imageinfo&utm_content=thumbnail
sneezing_892_File_Taking_Things_DPLA_9270a230057cdda17f70b1a282.jpg,Category:Sneezing,File:Taking Things - DPLA - 9270a230057cdda17f70b1a28235e805.jpg,"Bartholomew, Charles Lewis 'Bart', 1869-1949",Public domain,https://commons.wikimedia.org/wiki/File%3ATaking_Things_-_DPLA_-_9270a230057cdda17f70b1a28235e805.jpg,https://thumb.wikimedia.org/wikipedia/commons/thumb/7/7f/Taking_Things_-_DPLA_-_9270a230057cdda17f70b1a28235e805.jpg/960px-Taking_Things_-_DPLA_-_9270a230057cdda17f70b1a28235e805.jpg?utm_source=commons.wikimedia.org&utm_campaign=imageinfo&utm_content=thumbnail
sneezing_893_File_Woman_sneezing_minot.jpg,Category:Sneezing,File:Woman sneezing minot.jpg,Senior Airman Benjamin Stratton,Public domain,https://commons.wikimedia.org/wiki/File%3AWoman_sneezing_minot.jpg,https://upload.wikimedia.org/wikipedia/commons/6/6f/Woman_sneezing_minot.jpg?utm_source=commons.wikimedia.org&utm_campaign=imageinfo&utm_content=thumbnail_unscaled
sneezing_894_File_Woman_sneezing.jpg,Category:Sneezing,File:Woman sneezing.jpg,"AnA oMeLeTe from Faro, Portugal",CC BY-SA 2.0,https://commons.wikimedia.org/wiki/File%3AWoman_sneezing.jpg,https://upload.wikimedia.org/wikipedia/commons/e/e1/Woman_sneezing.jpg?utm_source=commons.wikimedia.org&utm_campaign=imageinfo&utm_content=thumbnail_unscaled
people-praying_895_File_20171025_OSEC_PJK_709_TONED_37907015952.jpg,Category:People praying,File:20171025-OSEC-PJK-709 TONED (37907015952).jpg,U.S. Department of Agriculture Preston Keres/Office of Communications-Photography Services Center,Public domain,https://commons.wikimedia.org/wiki/File%3A20171025-OSEC-PJK-709_TONED_%2837907015952%29.jpg,https://thumb.wikimedia.org/wikipedia/commons/thumb/a/ae/20171025-OSEC-PJK-709_TONED_%2837907015952%29.jpg/960px-20171025-OSEC-PJK-709_TONED_%2837907015952%29.jpg?utm_source=commons.wikimedia.org&utm_campaign=imageinfo&utm_content=thumbnail
people-praying_896_File_A_Posthumous_Badge_and_Medal_Presentation_Cer.jpg,Category:People praying,"File:A Posthumous Badge and Medal Presentation Ceremony is held for U.S. Army Staff Sgt. Waverly Woodson Jr. in Section 69, at Arlington National Cemetery on 11 October 2023 - 12.jpg",Arlington National Cemetery,Public domain,https://commons.wikimedia.org/wiki/File%3AA_Posthumous_Badge_and_Medal_Presentation_Ceremony_is_held_for_U.S._Army_Staff_Sgt._Waverly_Woodson_Jr._in_Section_69%2C_at_Arlington_National_Cemetery_on_11_October_2023_-_12.jpg,https://thumb.wikimedia.org/wikipedia/commons/thumb/b/be/A_Posthumous_Badge_and_Medal_Presentation_Ceremony_is_held_for_U.S._Army_Staff_Sgt._Waverly_Woodson_Jr._in_Section_69%2C_at_Arlington_National_Cemetery_on_11_October_2023_-_12.jpg/960px-thumbnail.jpg?utm_source=commons.wikimedia.org&utm_campaign=imageinfo&utm_content=thumbnail
people-praying_897_File_A_Posthumous_Badge_and_Medal_Presentation_Cer.jpg,Category:People praying,"File:A Posthumous Badge and Medal Presentation Ceremony is held for U.S. Army Staff Sgt. Waverly Woodson Jr. in Section 69, at Arlington National Cemetery on 11 October 2023 - 13.jpg",Arlington National Cemetery,Public domain,https://commons.wikimedia.org/wiki/File%3AA_Posthumous_Badge_and_Medal_Presentation_Ceremony_is_held_for_U.S._Army_Staff_Sgt._Waverly_Woodson_Jr._in_Section_69%2C_at_Arlington_National_Cemetery_on_11_October_2023_-_13.jpg,https://thumb.wikimedia.org/wikipedia/commons/thumb/8/8f/A_Posthumous_Badge_and_Medal_Presentation_Ceremony_is_held_for_U.S._Army_Staff_Sgt._Waverly_Woodson_Jr._in_Section_69%2C_at_Arlington_National_Cemetery_on_11_October_2023_-_13.jpg/960px-thumbnail.jpg?utm_source=commons.wikimedia.org&utm_campaign=imageinfo&utm_content=thumbnail
people-praying_898_File_Calm_8422741291.jpg,Category:People praying,File:Calm (8422741291).jpg,cloud.shepherd,CC BY 2.0,https://commons.wikimedia.org/wiki/File%3ACalm_%288422741291%29.jpg,https://upload.wikimedia.org/wikipedia/commons/b/ba/Calm_%288422741291%29.jpg?utm_source=commons.wikimedia.org&utm_campaign=imageinfo&utm_content=thumbnail_unscaled
people-praying_899_File_Deffsdgsg.jpg,Category:People praying,File:Deffsdgsg.jpg,Ritwikk,CC BY-SA 4.0,https://commons.wikimedia.org/wiki/File%3ADeffsdgsg.jpg,https://thumb.wikimedia.org/wikipedia/commons/thumb/b/bc/Deffsdgsg.jpg/960px-Deffsdgsg.jpg?utm_source=commons.wikimedia.org&utm_campaign=imageinfo&utm_content=thumbnail
people-praying_900_File_In_den_avond_NG_1972_28_20_117.jpg,Category:People praying,"File:'In den avond', NG-1972-28-20-117.jpg",Antoon Derkinderen,CC0,https://commons.wikimedia.org/wiki/File%3A%27In_den_avond%27%2C_NG-1972-28-20-117.jpg,https://thumb.wikimedia.org/wikipedia/commons/thumb/a/a8/%27In_den_avond%27%2C_NG-1972-28-20-117.jpg/960px-%27In_den_avond%27%2C_NG-1972-28-20-117.jpg?utm_source=commons.wikimedia.org&utm_campaign=imageinfo&utm_content=thumbnail
people-praying_901_File_Devotion_26826969959.jpg,Category:People praying,File:Devotion (26826969959).jpg,madras91,CC BY 2.0,https://commons.wikimedia.org/wiki/File%3ADevotion_%2826826969959%29.jpg,https://thumb.wikimedia.org/wikipedia/commons/thumb/c/c9/Devotion_%2826826969959%29.jpg/960px-Devotion_%2826826969959%29.jpg?utm_source=commons.wikimedia.org&utm_campaign=imageinfo&utm_content=thumbnail
people-praying_902_File_Doua_lors_d_un_bapt_me_musulman.jpg,Category:People praying,File:Doua lors d’un baptême musulman.jpg,Sid Mbog,CC BY-SA 4.0,https://commons.wikimedia.org/wiki/File%3ADoua_lors_d%E2%80%99un_bapt%C3%AAme_musulman.jpg,https://thumb.wikimedia.org/wikipedia/commons/thumb/3/32/Doua_lors_d%E2%80%99un_bapt%C3%AAme_musulman.jpg/960px-Doua_lors_d%E2%80%99un_bapt%C3%AAme_musulman.jpg?utm_source=commons.wikimedia.org&utm_campaign=imageinfo&utm_content=thumbnail
people-praying_903_File_Eat_Pray_Love_13020127544.jpg,Category:People praying,File:Eat Pray Love. (13020127544).jpg,Tiomax80,CC BY 2.0,https://commons.wikimedia.org/wiki/File%3AEat_Pray_Love._%2813020127544%29.jpg,https://thumb.wikimedia.org/wikipedia/commons/thumb/7/77/Eat_Pray_Love._%2813020127544%29.jpg/960px-Eat_Pray_Love._%2813020127544%29.jpg?utm_source=commons.wikimedia.org&utm_campaign=imageinfo&utm_content=thumbnail
people-praying_904_File_Eid_at_Jama_Masjid_Old_Delhi.jpg,Category:People praying,"File:Eid at Jama Masjid, Old Delhi.jpg",Jaithakurpix,CC BY-SA 4.0,https://commons.wikimedia.org/wiki/File%3AEid_at_Jama_Masjid%2C_Old_Delhi.jpg,https://thumb.wikimedia.org/wikipedia/commons/thumb/1/1c/Eid_at_Jama_Masjid%2C_Old_Delhi.jpg/960px-Eid_at_Jama_Masjid%2C_Old_Delhi.jpg?utm_source=commons.wikimedia.org&utm_campaign=imageinfo&utm_content=thumbnail
people-praying_905_File_Eid_prayer_bd.jpg,Category:People praying,File:Eid prayer bd.jpg,এফ রহমান,CC BY-SA 4.0,https://commons.wikimedia.org/wiki/File%3AEid_prayer_bd.jpg,https://upload.wikimedia.org/wikipedia/commons/f/f7/Eid_prayer_bd.jpg?utm_source=commons.wikimedia.org&utm_campaign=imageinfo&utm_content=thumbnail_unscaled
people-praying_906_File_Familie_Smedts_aan_tafel_Bestanddeelnr_120_05.jpg,Category:People praying,"File:Familie Smedts aan tafel, Bestanddeelnr 120-0580.jpg",Willem van de Poll / Anefo,CC0,https://commons.wikimedia.org/wiki/File%3AFamilie_Smedts_aan_tafel%2C_Bestanddeelnr_120-0580.jpg,https://thumb.wikimedia.org/wikipedia/commons/thumb/c/c8/Familie_Smedts_aan_tafel%2C_Bestanddeelnr_120-0580.jpg/960px-Familie_Smedts_aan_tafel%2C_Bestanddeelnr_120-0580.jpg?utm_source=commons.wikimedia.org&utm_campaign=imageinfo&utm_content=thumbnail
people-praying_907_File_Father_Knows_Best_Thanksgiving_1954.jpg,Category:People praying,File:Father Knows Best Thanksgiving 1954.jpg,Bureau of Industrial Service. The Bureau was a division of ad agency Young &amp; Rubicam and was widely used by those in the television industry for distribution of publicity material.,Public domain,https://commons.wikimedia.org/wiki/File%3AFather_Knows_Best_Thanksgiving_1954.jpg,https://upload.wikimedia.org/wikipedia/commons/4/4a/Father_Knows_Best_Thanksgiving_1954.jpg?utm_source=commons.wikimedia.org&utm_campaign=imageinfo&utm_content=thumbnail_unscaled
people-praying_908_File_Gebed_voor_het_eten_RP_P_1889_A_15124.jpg,Category:People praying,"File:Gebed voor het eten, RP-P-1889-A-15124.jpg",Rijksmuseum,CC0,https://commons.wikimedia.org/wiki/File%3AGebed_voor_het_eten%2C_RP-P-1889-A-15124.jpg,https://thumb.wikimedia.org/wikipedia/commons/thumb/5/55/Gebed_voor_het_eten%2C_RP-P-1889-A-15124.jpg/960px-Gebed_voor_het_eten%2C_RP-P-1889-A-15124.jpg?utm_source=commons.wikimedia.org&utm_campaign=imageinfo&utm_content=thumbnail
people-praying_909_File_Gezin_aan_tafel_tijdens_het_ochtendgebed_Morn.jpg,Category:People praying,"File:Gezin aan tafel tijdens het ochtendgebed Morning Prayers (titel op object), RP-F-F10694.jpg",Rijksmuseum,CC0,https://commons.wikimedia.org/wiki/File%3AGezin_aan_tafel_tijdens_het_ochtendgebed_Morning_Prayers_%28titel_op_object%29%2C_RP-F-F10694.jpg,https://thumb.wikimedia.org/wikipedia/commons/thumb/b/b5/Gezin_aan_tafel_tijdens_het_ochtendgebed_Morning_Prayers_%28titel_op_object%29%2C_RP-F-F10694.jpg/960px-Gezin_aan_tafel_tijdens_het_ochtendgebed_Morning_Prayers_%28titel_op_object%29%2C_RP-F-F10694.jpg?utm_source=commons.wikimedia.org&utm_campaign=imageinfo&utm_content=thumbnail
people-praying_910_File_Gruta_lourdes_santos_lugares.jpg,Category:People praying,File:Gruta lourdes santos lugares.jpg,Unknown authorUnknown author,Public domain,https://commons.wikimedia.org/wiki/File%3AGruta_lourdes_santos_lugares.jpg,https://thumb.wikimedia.org/wikipedia/commons/thumb/4/49/Gruta_lourdes_santos_lugares.jpg/960px-Gruta_lourdes_santos_lugares.jpg?utm_source=commons.wikimedia.org&utm_campaign=imageinfo&utm_content=thumbnail
people-praying_911_File_Ho_tay_ban_dem.jpg,Category:People praying,File:Ho tay ban dem.jpg,Ph aopotawox,CC BY-SA 4.0,https://commons.wikimedia.org/wiki/File%3AHo_tay_ban_dem.jpg,https://upload.wikimedia.org/wikipedia/commons/b/b1/Ho_tay_ban_dem.jpg?utm_source=commons.wikimedia.org&utm_campaign=imageinfo&utm_content=thumbnail_unscaled
people-praying_912_File_Ibadah_Hindu.jpg,Category:People praying,File:Ibadah Hindu.jpg,Arifinulburhan,CC BY-SA 4.0,https://commons.wikimedia.org/wiki/File%3AIbadah_Hindu.jpg,https://thumb.wikimedia.org/wikipedia/commons/thumb/1/1b/Ibadah_Hindu.jpg/960px-Ibadah_Hindu.jpg?utm_source=commons.wikimedia.org&utm_campaign=imageinfo&utm_content=thumbnail
people-praying_913_File_IM_4356_49_of_57.jpg,Category:People praying,File:IM 4356 (49 of 57).jpg,Bakurakurama,CC BY-SA 4.0,https://commons.wikimedia.org/wiki/File%3AIM_4356_%2849_of_57%29.jpg,https://thumb.wikimedia.org/wikipedia/commons/thumb/9/93/IM_4356_%2849_of_57%29.jpg/960px-IM_4356_%2849_of_57%29.jpg?utm_source=commons.wikimedia.org&utm_campaign=imageinfo&utm_content=thumbnail
people-praying_914_File_IM_4356_54_of_57.jpg,Category:People praying,File:IM 4356 (54 of 57).jpg,Bakurakurama,CC BY-SA 4.0,https://commons.wikimedia.org/wiki/File%3AIM_4356_%2854_of_57%29.jpg,https://thumb.wikimedia.org/wikipedia/commons/thumb/c/c9/IM_4356_%2854_of_57%29.jpg/960px-IM_4356_%2854_of_57%29.jpg?utm_source=commons.wikimedia.org&utm_campaign=imageinfo&utm_content=thumbnail
people-praying_915_File_IM_4356_56_of_57.jpg,Category:People praying,File:IM 4356 (56 of 57).jpg,Bakurakurama,CC BY-SA 4.0,https://commons.wikimedia.org/wiki/File%3AIM_4356_%2856_of_57%29.jpg,https://thumb.wikimedia.org/wikipedia/commons/thumb/7/7d/IM_4356_%2856_of_57%29.jpg/960px-IM_4356_%2856_of_57%29.jpg?utm_source=commons.wikimedia.org&utm_campaign=imageinfo&utm_content=thumbnail
people-praying_916_File_Isaac_Herzog_at_the_funeral_ceremony_of_Aura.jpg,Category:People praying,"File:Isaac Herzog at the funeral ceremony of Aura Herzog, January 2022 (GPOHA1 8412).jpg",Haim Zach,CC BY-SA 3.0,https://commons.wikimedia.org/wiki/File%3AIsaac_Herzog_at_the_funeral_ceremony_of_Aura_Herzog%2C_January_2022_%28GPOHA1_8412%29.jpg,https://thumb.wikimedia.org/wikipedia/commons/thumb/e/e7/Isaac_Herzog_at_the_funeral_ceremony_of_Aura_Herzog%2C_January_2022_%28GPOHA1_8412%29.jpg/960px-Isaac_Herzog_at_the_funeral_ceremony_of_Aura_Herzog%2C_January_2022_%28GPOHA1_8412%29.jpg?utm_source=commons.wikimedia.org&utm_campaign=imageinfo&utm_content=thumbnail
people-praying_917_File_Istanbul_city_Photos_Urban_38.jpg,Category:People praying,File:Istanbul city Photos- Urban 38.jpg,Mostafameraji,CC BY-SA 4.0,https://commons.wikimedia.org/wiki/File%3AIstanbul_city_Photos-_Urban_38.jpg,https://thumb.wikimedia.org/wikipedia/commons/thumb/f/f5/Istanbul_city_Photos-_Urban_38.jpg/960px-Istanbul_city_Photos-_Urban_38.jpg?utm_source=commons.wikimedia.org&utm_campaign=imageinfo&utm_content=thumbnail
people-praying_918_File_La_cr_ativit_africaine_01.jpg,Category:People praying,File:La créativité africaine 01.jpg,NGOULOU BATALA Ryddhel,CC BY-SA 4.0,https://commons.wikimedia.org/wiki/File%3ALa_cr%C3%A9ativit%C3%A9_africaine_01.jpg,https://upload.wikimedia.org/wikipedia/commons/a/af/La_cr%C3%A9ativit%C3%A9_africaine_01.jpg?utm_source=commons.wikimedia.org&utm_campaign=imageinfo&utm_content=thumbnail_unscaled
people-praying_919_File_La_cr_ativit_africaine_03.jpg,Category:People praying,File:La créativité africaine 03.jpg,NGOULOU BATALA Ryddhel,CC BY-SA 4.0,https://commons.wikimedia.org/wiki/File%3ALa_cr%C3%A9ativit%C3%A9_africaine_03.jpg,https://upload.wikimedia.org/wikipedia/commons/8/88/La_cr%C3%A9ativit%C3%A9_africaine_03.jpg?utm_source=commons.wikimedia.org&utm_campaign=imageinfo&utm_content=thumbnail_unscaled
people-praying_920_File_La_cr_ativit_africaine_04.jpg,Category:People praying,File:La créativité africaine 04.jpg,NGOULOU BATALA Ryddhel,CC BY-SA 4.0,https://commons.wikimedia.org/wiki/File%3ALa_cr%C3%A9ativit%C3%A9_africaine_04.jpg,https://upload.wikimedia.org/wikipedia/commons/9/91/La_cr%C3%A9ativit%C3%A9_africaine_04.jpg?utm_source=commons.wikimedia.org&utm_campaign=imageinfo&utm_content=thumbnail_unscaled
people-praying_921_File_Llanbryn_mair_Rechabite_Band_of_Hope_tableau.jpg,Category:People praying,File:Llanbryn-mair Rechabite Band of Hope tableau (1485278).jpg,Geoff Charles,CC BY-SA 4.0,https://commons.wikimedia.org/wiki/File%3ALlanbryn-mair_Rechabite_Band_of_Hope_tableau_%281485278%29.jpg,https://thumb.wikimedia.org/wikipedia/commons/thumb/b/ba/Llanbryn-mair_Rechabite_Band_of_Hope_tableau_%281485278%29.jpg/960px-Llanbryn-mair_Rechabite_Band_of_Hope_tableau_%281485278%29.jpg?utm_source=commons.wikimedia.org&utm_campaign=imageinfo&utm_content=thumbnail
people-praying_922_File_Louise_Eudes_de_Guimard_L_esclave_chretienne.jpg,Category:People praying,File:Louise Eudes de Guimard - L'esclave chretienne 1.jpg,Louise Eudes de Guimard,Public domain,https://commons.wikimedia.org/wiki/File%3ALouise_Eudes_de_Guimard_-_L%27esclave_chretienne_1.jpg,https://thumb.wikimedia.org/wikipedia/commons/thumb/0/0a/Louise_Eudes_de_Guimard_-_L%27esclave_chretienne_1.jpg/960px-Louise_Eudes_de_Guimard_-_L%27esclave_chretienne_1.jpg?utm_source=commons.wikimedia.org&utm_campaign=imageinfo&utm_content=thumbnail
people-praying_923_File_Louise_Eudes_de_Guimard_L_esclave_chretienne.jpg,Category:People praying,File:Louise Eudes de Guimard - L'esclave chretienne 2.jpg,Louise Eudes de Guimard,Public domain,https://commons.wikimedia.org/wiki/File%3ALouise_Eudes_de_Guimard_-_L%27esclave_chretienne_2.jpg,https://thumb.wikimedia.org/wikipedia/commons/thumb/f/f1/Louise_Eudes_de_Guimard_-_L%27esclave_chretienne_2.jpg/960px-Louise_Eudes_de_Guimard_-_L%27esclave_chretienne_2.jpg?utm_source=commons.wikimedia.org&utm_campaign=imageinfo&utm_content=thumbnail
people-praying_924_File_Mass_devotion_of_charak.jpg,Category:People praying,File:Mass devotion of charak.jpg,Basakpranab,CC BY-SA 4.0,https://commons.wikimedia.org/wiki/File%3AMass_devotion_of_charak.jpg,https://thumb.wikimedia.org/wikipedia/commons/thumb/7/78/Mass_devotion_of_charak.jpg/960px-Mass_devotion_of_charak.jpg?utm_source=commons.wikimedia.org&utm_campaign=imageinfo&utm_content=thumbnail
people-praying_925_File_Mazdigar_pray_1913.jpg,Category:People praying,File:Mazdigar-pray-1913.jpg,Technark-1,CC BY-SA 3.0,https://commons.wikimedia.org/wiki/File%3AMazdigar-pray-1913.jpg,https://upload.wikimedia.org/wikipedia/commons/2/28/Mazdigar-pray-1913.jpg?utm_source=commons.wikimedia.org&utm_campaign=imageinfo&utm_content=thumbnail_unscaled
people-praying_926_File_Muslim_Community_Center_Visit_53271812871.jpg,Category:People praying,File:Muslim Community Center Visit (53271812871).jpg,Maryland GovPics,CC BY 2.0,https://commons.wikimedia.org/wiki/File%3AMuslim_Community_Center_Visit_%2853271812871%29.jpg,https://thumb.wikimedia.org/wikipedia/commons/thumb/a/aa/Muslim_Community_Center_Visit_%2853271812871%29.jpg/960px-Muslim_Community_Center_Visit_%2853271812871%29.jpg?utm_source=commons.wikimedia.org&utm_campaign=imageinfo&utm_content=thumbnail
people-praying_927_File_Muslim_Community_Center_Visit_53271834511.jpg,Category:People praying,File:Muslim Community Center Visit (53271834511).jpg,Maryland GovPics,CC BY 2.0,https://commons.wikimedia.org/wiki/File%3AMuslim_Community_Center_Visit_%2853271834511%29.jpg,https://thumb.wikimedia.org/wikipedia/commons/thumb/7/73/Muslim_Community_Center_Visit_%2853271834511%29.jpg/960px-Muslim_Community_Center_Visit_%2853271834511%29.jpg?utm_source=commons.wikimedia.org&utm_campaign=imageinfo&utm_content=thumbnail
people-praying_928_File_Muslim_Community_Center_Visit_53272120283.jpg,Category:People praying,File:Muslim Community Center Visit (53272120283).jpg,Maryland GovPics,CC BY 2.0,https://commons.wikimedia.org/wiki/File%3AMuslim_Community_Center_Visit_%2853272120283%29.jpg,https://thumb.wikimedia.org/wikipedia/commons/thumb/0/02/Muslim_Community_Center_Visit_%2853272120283%29.jpg/960px-Muslim_Community_Center_Visit_%2853272120283%29.jpg?utm_source=commons.wikimedia.org&utm_campaign=imageinfo&utm_content=thumbnail
people-praying_929_File_Nha_Tho_Da_Minh_Ba_Chuong_03.jpg,Category:People praying,File:Nha Tho Da Minh Ba Chuong 03.jpg,Karel Bilek,CC BY-SA 4.0,https://commons.wikimedia.org/wiki/File%3ANha_Tho_Da_Minh_Ba_Chuong_03.jpg,https://thumb.wikimedia.org/wikipedia/commons/thumb/0/0e/Nha_Tho_Da_Minh_Ba_Chuong_03.jpg/960px-Nha_Tho_Da_Minh_Ba_Chuong_03.jpg?utm_source=commons.wikimedia.org&utm_campaign=imageinfo&utm_content=thumbnail
people-praying_930_File_Nha_Tho_Da_Minh_Ba_Chuong_04.jpg,Category:People praying,File:Nha Tho Da Minh Ba Chuong 04.jpg,Karel Bilek,CC BY-SA 4.0,https://commons.wikimedia.org/wiki/File%3ANha_Tho_Da_Minh_Ba_Chuong_04.jpg,https://thumb.wikimedia.org/wikipedia/commons/thumb/7/70/Nha_Tho_Da_Minh_Ba_Chuong_04.jpg/960px-Nha_Tho_Da_Minh_Ba_Chuong_04.jpg?utm_source=commons.wikimedia.org&utm_campaign=imageinfo&utm_content=thumbnail
people-praying_931_File_Nicol_traverso_filosofo_forse_platone.jpg,Category:People praying,"File:Nicolò traverso, filosofo, forse platone.jpg",Sailko,CC BY-SA 4.0,https://commons.wikimedia.org/wiki/File%3ANicol%C3%B2_traverso%2C_filosofo%2C_forse_platone.jpg,https://thumb.wikimedia.org/wikipedia/commons/thumb/9/96/Nicol%C3%B2_traverso%2C_filosofo%2C_forse_platone.jpg/960px-Nicol%C3%B2_traverso%2C_filosofo%2C_forse_platone.jpg?utm_source=commons.wikimedia.org&utm_campaign=imageinfo&utm_content=thumbnail
people-praying_932_File_Nicol_traverso_putto_orante.jpg,Category:People praying,"File:Nicolò traverso, putto orante.jpg",Sailko,CC BY-SA 4.0,https://commons.wikimedia.org/wiki/File%3ANicol%C3%B2_traverso%2C_putto_orante.jpg,https://thumb.wikimedia.org/wikipedia/commons/thumb/8/8d/Nicol%C3%B2_traverso%2C_putto_orante.jpg/960px-Nicol%C3%B2_traverso%2C_putto_orante.jpg?utm_source=commons.wikimedia.org&utm_campaign=imageinfo&utm_content=thumbnail
people-praying_933_File_Baitul_Mokarram_Mosque_1041_41.jpg,Category:People praying,File:Baitul Mokarram Mosque 1041 41.jpg,Frameofashik,CC BY-SA 4.0,https://commons.wikimedia.org/wiki/File%3ABaitul_Mokarram_Mosque_1041_41.jpg,https://thumb.wikimedia.org/wikipedia/commons/thumb/8/8d/Baitul_Mokarram_Mosque_1041_41.jpg/960px-Baitul_Mokarram_Mosque_1041_41.jpg?utm_source=commons.wikimedia.org&utm_campaign=imageinfo&utm_content=thumbnail
people-praying_934_File_Baitul_Mokarram_Mosque_112.jpg,Category:People praying,File:Baitul Mokarram Mosque 112.jpg,Frameofashik,CC BY-SA 4.0,https://commons.wikimedia.org/wiki/File%3ABaitul_Mokarram_Mosque_112.jpg,https://thumb.wikimedia.org/wikipedia/commons/thumb/e/e6/Baitul_Mokarram_Mosque_112.jpg/960px-Baitul_Mokarram_Mosque_112.jpg?utm_source=commons.wikimedia.org&utm_campaign=imageinfo&utm_content=thumbnail
people-praying_935_File_Devotees_Offering_Arghya_Chhath_Celebrations.jpg,Category:People praying,File:Devotees Offering Arghya Chhath Celebrations at Delhi.jpg,Goutam1962,CC BY-SA 4.0,https://commons.wikimedia.org/wiki/File%3ADevotees_Offering_Arghya_Chhath_Celebrations_at_Delhi.jpg,https://thumb.wikimedia.org/wikipedia/commons/thumb/6/68/Devotees_Offering_Arghya_Chhath_Celebrations_at_Delhi.jpg/960px-Devotees_Offering_Arghya_Chhath_Celebrations_at_Delhi.jpg?utm_source=commons.wikimedia.org&utm_campaign=imageinfo&utm_content=thumbnail
people-praying_936_File_Ganga_Aarti_A_Mesmerizing_Blend_of_Faith_and.jpg,Category:People praying,"File:Ganga Aarti, A Mesmerizing Blend of Faith and Tradition 50.jpg",Goutam1962,CC BY-SA 4.0,https://commons.wikimedia.org/wiki/File%3AGanga_Aarti%2C_A_Mesmerizing_Blend_of_Faith_and_Tradition_50.jpg,https://thumb.wikimedia.org/wikipedia/commons/thumb/7/7b/Ganga_Aarti%2C_A_Mesmerizing_Blend_of_Faith_and_Tradition_50.jpg/960px-Ganga_Aarti%2C_A_Mesmerizing_Blend_of_Faith_and_Tradition_50.jpg?utm_source=commons.wikimedia.org&utm_campaign=imageinfo&utm_content=thumbnail
people-praying_937_File_Personal_rosary.jpg,Category:People praying,File:Personal rosary.jpg,A.-K. D.,CC BY 4.0,https://commons.wikimedia.org/wiki/File%3APersonal_rosary.jpg,https://thumb.wikimedia.org/wikipedia/commons/thumb/d/d6/Personal_rosary.jpg/960px-Personal_rosary.jpg?utm_source=commons.wikimedia.org&utm_campaign=imageinfo&utm_content=thumbnail
people-praying_938_File_Philip_veit_paradiso_1818_24_06.jpg,Category:People praying,"File:Philip veit, paradiso, 1818-24, 06.jpg",Sailko,CC BY 3.0,https://commons.wikimedia.org/wiki/File%3APhilip_veit%2C_paradiso%2C_1818-24%2C_06.jpg,https://thumb.wikimedia.org/wikipedia/commons/thumb/4/47/Philip_veit%2C_paradiso%2C_1818-24%2C_06.jpg/960px-Philip_veit%2C_paradiso%2C_1818-24%2C_06.jpg?utm_source=commons.wikimedia.org&utm_campaign=imageinfo&utm_content=thumbnail
people-praying_939_File_PMa_000069_PE_Arequipa.jpg,Category:People praying,File:PMa 000069 PE Arequipa.jpg,PMRMaeyaert,CC BY-SA 4.0,https://commons.wikimedia.org/wiki/File%3APMa_000069_PE_Arequipa.jpg,https://upload.wikimedia.org/wikipedia/commons/b/bf/PMa_000069_PE_Arequipa.jpg?utm_source=commons.wikimedia.org&utm_campaign=imageinfo&utm_content=thumbnail_unscaled
people-praying_940_File_Portrait_of_MARIA_VON_MORL.jpg,Category:People praying,File:Portrait of MARIA VON MORL.jpg,Artist - Philipp Veit (13 February 1793 – 18 December 1877) https://en.wikipedia.org/wiki/Philipp_Veit,Public domain,https://commons.wikimedia.org/wiki/File%3APortrait_of_MARIA_VON_MORL.jpg,https://thumb.wikimedia.org/wikipedia/commons/thumb/2/22/Portrait_of_MARIA_VON_MORL.jpg/960px-Portrait_of_MARIA_VON_MORL.jpg?utm_source=commons.wikimedia.org&utm_campaign=imageinfo&utm_content=thumbnail
people-praying_941_File_Prayer_vigil_for_hunger_striker_Ali_Mushaima.jpg,Category:People praying,File:Prayer vigil for hunger striker Ali Mushaima outside London's Bahrain embassy. (43477600605).jpg,"Alisdare Hickson from Canterbury, United Kingdom",CC BY-SA 2.0,https://commons.wikimedia.org/wiki/File%3APrayer_vigil_for_hunger_striker_Ali_Mushaima_outside_London%27s_Bahrain_embassy._%2843477600605%29.jpg,https://thumb.wikimedia.org/wikipedia/commons/thumb/e/ec/Prayer_vigil_for_hunger_striker_Ali_Mushaima_outside_London%27s_Bahrain_embassy._%2843477600605%29.jpg/960px-Prayer_vigil_for_hunger_striker_Ali_Mushaima_outside_London%27s_Bahrain_embassy._%2843477600605%29.jpg?utm_source=commons.wikimedia.org&utm_campaign=imageinfo&utm_content=thumbnail
people-praying_942_File_Prayers_God_in_front_of_fire.jpg,Category:People praying,File:Prayers God in front of fire.jpg,Utkarshsparihar,CC BY-SA 4.0,https://commons.wikimedia.org/wiki/File%3APrayers_God_in_front_of_fire.jpg,https://thumb.wikimedia.org/wikipedia/commons/thumb/6/6b/Prayers_God_in_front_of_fire.jpg/960px-Prayers_God_in_front_of_fire.jpg?utm_source=commons.wikimedia.org&utm_campaign=imageinfo&utm_content=thumbnail
people-praying_943_File_Prayers_collage.jpg,Category:People praying,File:Prayers-collage.png,Howardcorn33,CC BY-SA 4.0,https://commons.wikimedia.org/wiki/File%3APrayers-collage.png,https://thumb.wikimedia.org/wikipedia/commons/thumb/6/6b/Prayers-collage.png/960px-Prayers-collage.png?utm_source=commons.wikimedia.org&utm_campaign=imageinfo&utm_content=thumbnail
people-praying_944_File_Praying_woman.jpg,Category:People praying,File:Praying woman.jpg,Hiten R,CC BY-SA 4.0,https://commons.wikimedia.org/wiki/File%3APraying_woman.jpg,https://thumb.wikimedia.org/wikipedia/commons/thumb/1/1d/Praying_woman.jpg/960px-Praying_woman.jpg?utm_source=commons.wikimedia.org&utm_campaign=imageinfo&utm_content=thumbnail
people-praying_945_File_President_Donald_Trump_prepares_to_sign_an_Ex.jpg,Category:People praying,"File:President Donald Trump prepares to sign an Executive Order alongside religious leaders at a National Day of Prayer event, Thursday, May 1, 2025, in the White House Rose Garden.jpg",The White House,Public domain,https://commons.wikimedia.org/wiki/File%3APresident_Donald_Trump_prepares_to_sign_an_Executive_Order_alongside_religious_leaders_at_a_National_Day_of_Prayer_event%2C_Thursday%2C_May_1%2C_2025%2C_in_the_White_House_Rose_Garden.jpg,https://thumb.wikimedia.org/wikipedia/commons/thumb/3/38/President_Donald_Trump_prepares_to_sign_an_Executive_Order_alongside_religious_leaders_at_a_National_Day_of_Prayer_event%2C_Thursday%2C_May_1%2C_2025%2C_in_the_White_House_Rose_Garden.jpg/960px-thumbnail.jpg?utm_source=commons.wikimedia.org&utm_campaign=imageinfo&utm_content=thumbnail
people-praying_946_File_Pre_ejo_de_Sankta_Anna_Erevano_08.jpg,Category:People praying,File:Preĝejo de Sankta Anna (Erevano) 08.jpg,RG72,CC BY-SA 4.0,https://commons.wikimedia.org/wiki/File%3APre%C4%9Dejo_de_Sankta_Anna_%28Erevano%29_08.jpg,https://thumb.wikimedia.org/wikipedia/commons/thumb/1/13/Pre%C4%9Dejo_de_Sankta_Anna_%28Erevano%29_08.jpg/960px-Pre%C4%9Dejo_de_Sankta_Anna_%28Erevano%29_08.jpg?utm_source=commons.wikimedia.org&utm_campaign=imageinfo&utm_content=thumbnail
people-praying_947_File_Pre_ejo_de_Sankta_Anna_Erevano_10.jpg,Category:People praying,File:Preĝejo de Sankta Anna (Erevano) 10.jpg,RG72,CC BY-SA 4.0,https://commons.wikimedia.org/wiki/File%3APre%C4%9Dejo_de_Sankta_Anna_%28Erevano%29_10.jpg,https://thumb.wikimedia.org/wikipedia/commons/thumb/f/f4/Pre%C4%9Dejo_de_Sankta_Anna_%28Erevano%29_10.jpg/960px-Pre%C4%9Dejo_de_Sankta_Anna_%28Erevano%29_10.jpg?utm_source=commons.wikimedia.org&utm_campaign=imageinfo&utm_content=thumbnail
people-praying_948_File_RAKH_ER_UPOBAS.jpg,Category:People praying,File:RAKH ER UPOBAS.jpg,Iamsantanubose,CC BY-SA 4.0,https://commons.wikimedia.org/wiki/File%3ARAKH_ER_UPOBAS.jpg,https://thumb.wikimedia.org/wikipedia/commons/thumb/5/50/RAKH_ER_UPOBAS.jpg/960px-RAKH_ER_UPOBAS.jpg?utm_source=commons.wikimedia.org&utm_campaign=imageinfo&utm_content=thumbnail
people-praying_949_File_Rose_d_Arquinvilliers_R_surrection_d_un_jeune.jpg,Category:People praying,File:Rose d'Arquinvilliers - Résurrection d'un jeune enfant devant la statue miraculeuse de Notre-Dame de Pontoise.jpg,Rose d'Arquinvilliers,Public domain,https://commons.wikimedia.org/wiki/File%3ARose_d%27Arquinvilliers_-_R%C3%A9surrection_d%27un_jeune_enfant_devant_la_statue_miraculeuse_de_Notre-Dame_de_Pontoise.jpg,https://thumb.wikimedia.org/wikipedia/commons/thumb/b/b2/Rose_d%27Arquinvilliers_-_R%C3%A9surrection_d%27un_jeune_enfant_devant_la_statue_miraculeuse_de_Notre-Dame_de_Pontoise.jpg/960px-Rose_d%27Arquinvilliers_-_R%C3%A9surrection_d%27un_jeune_enfant_devant_la_statue_miraculeuse_de_Notre-Dame_de_Pontoise.jpg?utm_source=commons.wikimedia.org&utm_campaign=imageinfo&utm_content=thumbnail
people-praying_950_File_Rose_d_Arquinvilliers_Saint_Louis_et_la_reine.jpg,Category:People praying,File:Rose d'Arquinvilliers - Saint Louis et la reine Blanche venant prier sur le tombeau de saint Gauthier.jpg,Rose d'Arquinvilliers,Public domain,https://commons.wikimedia.org/wiki/File%3ARose_d%27Arquinvilliers_-_Saint_Louis_et_la_reine_Blanche_venant_prier_sur_le_tombeau_de_saint_Gauthier.jpg,https://thumb.wikimedia.org/wikipedia/commons/thumb/4/4b/Rose_d%27Arquinvilliers_-_Saint_Louis_et_la_reine_Blanche_venant_prier_sur_le_tombeau_de_saint_Gauthier.jpg/960px-Rose_d%27Arquinvilliers_-_Saint_Louis_et_la_reine_Blanche_venant_prier_sur_le_tombeau_de_saint_Gauthier.jpg?utm_source=commons.wikimedia.org&utm_campaign=imageinfo&utm_content=thumbnail
people-praying_951_File_Shwedagon_Pagoda_Buddhist_praying_Yangon_Myan.jpg,Category:People praying,"File:Shwedagon Pagoda, Buddhist praying, Yangon, Myanmar.jpg",Vyacheslav Argenberg,CC BY 4.0,https://commons.wikimedia.org/wiki/File%3AShwedagon_Pagoda%2C_Buddhist_praying%2C_Yangon%2C_Myanmar.jpg,https://thumb.wikimedia.org/wikipedia/commons/thumb/6/62/Shwedagon_Pagoda%2C_Buddhist_praying%2C_Yangon%2C_Myanmar.jpg/960px-Shwedagon_Pagoda%2C_Buddhist_praying%2C_Yangon%2C_Myanmar.jpg?utm_source=commons.wikimedia.org&utm_campaign=imageinfo&utm_content=thumbnail
people-praying_952_File_Shwedagon_Pagoda_Buddhist_ritual_Yangon_Myanm.jpg,Category:People praying,"File:Shwedagon Pagoda, Buddhist ritual, Yangon, Myanmar.jpg",Vyacheslav Argenberg,CC BY 4.0,https://commons.wikimedia.org/wiki/File%3AShwedagon_Pagoda%2C_Buddhist_ritual%2C_Yangon%2C_Myanmar.jpg,https://thumb.wikimedia.org/wikipedia/commons/thumb/7/74/Shwedagon_Pagoda%2C_Buddhist_ritual%2C_Yangon%2C_Myanmar.jpg/960px-Shwedagon_Pagoda%2C_Buddhist_ritual%2C_Yangon%2C_Myanmar.jpg?utm_source=commons.wikimedia.org&utm_campaign=imageinfo&utm_content=thumbnail
people-praying_953_File_Siemianowice_Holy_Spirit_church_interior_2018.jpg,Category:People praying,File:Siemianowice Holy Spirit church interior 2018.jpg,Adrian Tync,CC BY-SA 4.0,https://commons.wikimedia.org/wiki/File%3ASiemianowice_Holy_Spirit_church_interior_2018.jpg,https://thumb.wikimedia.org/wikipedia/commons/thumb/0/0e/Siemianowice_Holy_Spirit_church_interior_2018.jpg/960px-Siemianowice_Holy_Spirit_church_interior_2018.jpg?utm_source=commons.wikimedia.org&utm_campaign=imageinfo&utm_content=thumbnail
people-praying_954_File_Smedts_Poels_Bestanddeelnr_900_6240.jpg,Category:People praying,"File:Smedts, ..., Poels, ..., Bestanddeelnr 900-6240.jpg",Willem van de Poll / Anefo,CC0,https://commons.wikimedia.org/wiki/File%3ASmedts%2C_...%2C_Poels%2C_...%2C_Bestanddeelnr_900-6240.jpg,https://thumb.wikimedia.org/wikipedia/commons/thumb/8/85/Smedts%2C_...%2C_Poels%2C_...%2C_Bestanddeelnr_900-6240.jpg/960px-Smedts%2C_...%2C_Poels%2C_...%2C_Bestanddeelnr_900-6240.jpg?utm_source=commons.wikimedia.org&utm_campaign=imageinfo&utm_content=thumbnail
people-praying_955_File_The_death_of_Andr_Mazet_Reproduction_of_a_lit.jpg,Category:People praying,"File:The death of André Mazet. Reproduction of a lithograph, 1821 Wellcome V0006893.jpg",,CC BY 4.0,https://commons.wikimedia.org/wiki/File%3AThe_death_of_Andr%C3%A9_Mazet._Reproduction_of_a_lithograph%2C_1821_Wellcome_V0006893.jpg,https://thumb.wikimedia.org/wikipedia/commons/thumb/3/35/The_death_of_Andr%C3%A9_Mazet._Reproduction_of_a_lithograph%2C_1821_Wellcome_V0006893.jpg/960px-The_death_of_Andr%C3%A9_Mazet._Reproduction_of_a_lithograph%2C_1821_Wellcome_V0006893.jpg?utm_source=commons.wikimedia.org&utm_campaign=imageinfo&utm_content=thumbnail
people-praying_956_File_Thennavanoor435.jpg,Category:People praying,File:Thennavanoor435.jpg,Fewrajesh,CC BY-SA 4.0,https://commons.wikimedia.org/wiki/File%3AThennavanoor435.jpg,https://thumb.wikimedia.org/wikipedia/commons/thumb/e/ed/Thennavanoor435.jpg/960px-Thennavanoor435.jpg?utm_source=commons.wikimedia.org&utm_campaign=imageinfo&utm_content=thumbnail
people-praying_957_File_Therese_Victoire_de_Manne_Moine_franciscain_b.jpg,Category:People praying,"File:Therese-Victoire de Manne - Moine franciscain benissant des fideles dans un intérieur d'eglise, 1812.jpg",Thérèse-Victoire de Manne,Public domain,https://commons.wikimedia.org/wiki/File%3ATherese-Victoire_de_Manne_-_Moine_franciscain_benissant_des_fideles_dans_un_int%C3%A9rieur_d%27eglise%2C_1812.jpg,https://upload.wikimedia.org/wikipedia/commons/2/23/Therese-Victoire_de_Manne_-_Moine_franciscain_benissant_des_fideles_dans_un_int%C3%A9rieur_d%27eglise%2C_1812.jpg?utm_source=commons.wikimedia.org&utm_campaign=imageinfo&utm_content=thumbnail_unscaled
people-praying_958_File_Twee_mannen_en_een_vrouw_bidden_voor_het_eten.jpg,Category:People praying,"File:Twee mannen en een vrouw bidden voor het eten, RP-F-2001-7-1650-47.jpg",Rijksmuseum,CC0,https://commons.wikimedia.org/wiki/File%3ATwee_mannen_en_een_vrouw_bidden_voor_het_eten%2C_RP-F-2001-7-1650-47.jpg,https://thumb.wikimedia.org/wikipedia/commons/thumb/4/4e/Twee_mannen_en_een_vrouw_bidden_voor_het_eten%2C_RP-F-2001-7-1650-47.jpg/960px-Twee_mannen_en_een_vrouw_bidden_voor_het_eten%2C_RP-F-2001-7-1650-47.jpg?utm_source=commons.wikimedia.org&utm_campaign=imageinfo&utm_content=thumbnail
people-praying_959_File_Twee_mannen_en_een_vrouw_bidden_voor_het_eten.jpg,Category:People praying,"File:Twee mannen en een vrouw bidden voor het eten, RP-F-2001-7-1650-48.jpg",Rijksmuseum,CC0,https://commons.wikimedia.org/wiki/File%3ATwee_mannen_en_een_vrouw_bidden_voor_het_eten%2C_RP-F-2001-7-1650-48.jpg,https://thumb.wikimedia.org/wikipedia/commons/thumb/d/d1/Twee_mannen_en_een_vrouw_bidden_voor_het_eten%2C_RP-F-2001-7-1650-48.jpg/960px-Twee_mannen_en_een_vrouw_bidden_voor_het_eten%2C_RP-F-2001-7-1650-48.jpg?utm_source=commons.wikimedia.org&utm_campaign=imageinfo&utm_content=thumbnail
people-praying_960_File_William_Adolphe_Bouguereau_1825_1905_The_Pray.jpg,Category:People praying,File:William-Adolphe Bouguereau (1825-1905) - The Prayer (1865) (cropped).jpg,William-Adolphe Bouguereau,Public domain,https://commons.wikimedia.org/wiki/File%3AWilliam-Adolphe_Bouguereau_%281825-1905%29_-_The_Prayer_%281865%29_%28cropped%29.jpg,https://upload.wikimedia.org/wikipedia/commons/4/42/William-Adolphe_Bouguereau_%281825-1905%29_-_The_Prayer_%281865%29_%28cropped%29.jpg?utm_source=commons.wikimedia.org&utm_campaign=imageinfo&utm_content=thumbnail_unscaled
people-praying_961_File_Woman_praying_at_tabernacle_in_a_church_in_Ci.jpg,Category:People praying,"File:Woman praying at tabernacle in a church in Cienfuegos, Cuba 2017.jpg",Osmanysantosmacias,CC BY-SA 4.0,https://commons.wikimedia.org/wiki/File%3AWoman_praying_at_tabernacle_in_a_church_in_Cienfuegos%2C_Cuba_2017.jpg,https://thumb.wikimedia.org/wikipedia/commons/thumb/0/00/Woman_praying_at_tabernacle_in_a_church_in_Cienfuegos%2C_Cuba_2017.jpg/960px-Woman_praying_at_tabernacle_in_a_church_in_Cienfuegos%2C_Cuba_2017.jpg?utm_source=commons.wikimedia.org&utm_campaign=imageinfo&utm_content=thumbnail
people-praying_962_File_IAPD_4_02_2020.jpg,Category:People praying,"File:Межконфессиональная молитва, Межрелигиозная ассоциация за мир и развитие IAPD, Федерация за всеобщий мир, Сеул, 4.02.2020.jpg",UPF official,CC BY-SA 4.0,https://commons.wikimedia.org/wiki/File%3A%D0%9C%D0%B5%D0%B6%D0%BA%D0%BE%D0%BD%D1%84%D0%B5%D1%81%D1%81%D0%B8%D0%BE%D0%BD%D0%B0%D0%BB%D1%8C%D0%BD%D0%B0%D1%8F_%D0%BC%D0%BE%D0%BB%D0%B8%D1%82%D0%B2%D0%B0%2C_%D0%9C%D0%B5%D0%B6%D1%80%D0%B5%D0%BB%D0%B8%D0%B3%D0%B8%D0%BE%D0%B7%D0%BD%D0%B0%D1%8F_%D0%B0%D1%81%D1%81%D0%BE%D1%86%D0%B8%D0%B0%D1%86%D0%B8%D1%8F_%D0%B7%D0%B0_%D0%BC%D0%B8%D1%80_%D0%B8_%D1%80%D0%B0%D0%B7%D0%B2%D0%B8%D1%82%D0%B8%D0%B5_IAPD%2C_%D0%A4%D0%B5%D0%B4%D0%B5%D1%80%D0%B0%D1%86%D0%B8%D1%8F_%D0%B7%D0%B0_%D0%B2%D1%81%D0%B5%D0%BE%D0%B1%D1%89%D0%B8%D0%B9_%D0%BC%D0%B8%D1%80%2C_%D0%A1%D0%B5%D1%83%D0%BB%2C_4.02.2020.jpg,https://thumb.wikimedia.org/wikipedia/commons/thumb/7/70/%D0%9C%D0%B5%D0%B6%D0%BA%D0%BE%D0%BD%D1%84%D0%B5%D1%81%D1%81%D0%B8%D0%BE%D0%BD%D0%B0%D0%BB%D1%8C%D0%BD%D0%B0%D1%8F_%D0%BC%D0%BE%D0%BB%D0%B8%D1%82%D0%B2%D0%B0%2C_%D0%9C%D0%B5%D0%B6%D1%80%D0%B5%D0%BB%D0%B8%D0%B3%D0%B8%D0%BE%D0%B7%D0%BD%D0%B0%D1%8F_%D0%B0%D1%81%D1%81%D0%BE%D1%86%D0%B8%D0%B0%D1%86%D0%B8%D1%8F_%D0%B7%D0%B0_%D0%BC%D0%B8%D1%80_%D0%B8_%D1%80%D0%B0%D0%B7%D0%B2%D0%B8%D1%82%D0%B8%D0%B5_IAPD%2C_%D0%A4%D0%B5%D0%B4%D0%B5%D1%80%D0%B0%D1%86%D0%B8%D1%8F_%D0%B7%D0%B0_%D0%B2%D1%81%D0%B5%D0%BE%D0%B1%D1%89%D0%B8%D0%B9_%D0%BC%D0%B8%D1%80%2C_%D0%A1%D0%B5%D1%83%D0%BB%2C_4.02.2020.jpg/960px-thumbnail.jpg?utm_source=commons.wikimedia.org&utm_campaign=imageinfo&utm_content=thumbnail
people-praying_963_File_21_27_2012.jpg,Category:People praying,"File:Межрелигиозная молитва, Международная конференция по лидерству, Федерация за всеобщий мир, Сеул, 21-27 января 2012 года.jpg",UPF official,CC BY-SA 4.0,https://commons.wikimedia.org/wiki/File%3A%D0%9C%D0%B5%D0%B6%D1%80%D0%B5%D0%BB%D0%B8%D0%B3%D0%B8%D0%BE%D0%B7%D0%BD%D0%B0%D1%8F_%D0%BC%D0%BE%D0%BB%D0%B8%D1%82%D0%B2%D0%B0%2C_%D0%9C%D0%B5%D0%B6%D0%B4%D1%83%D0%BD%D0%B0%D1%80%D0%BE%D0%B4%D0%BD%D0%B0%D1%8F_%D0%BA%D0%BE%D0%BD%D1%84%D0%B5%D1%80%D0%B5%D0%BD%D1%86%D0%B8%D1%8F_%D0%BF%D0%BE_%D0%BB%D0%B8%D0%B4%D0%B5%D1%80%D1%81%D1%82%D0%B2%D1%83%2C_%D0%A4%D0%B5%D0%B4%D0%B5%D1%80%D0%B0%D1%86%D0%B8%D1%8F_%D0%B7%D0%B0_%D0%B2%D1%81%D0%B5%D0%BE%D0%B1%D1%89%D0%B8%D0%B9_%D0%BC%D0%B8%D1%80%2C_%D0%A1%D0%B5%D1%83%D0%BB%2C_21-27_%D1%8F%D0%BD%D0%B2%D0%B0%D1%80%D1%8F_2012_%D0%B3%D0%BE%D0%B4%D0%B0.jpg,https://thumb.wikimedia.org/wikipedia/commons/thumb/6/65/%D0%9C%D0%B5%D0%B6%D1%80%D0%B5%D0%BB%D0%B8%D0%B3%D0%B8%D0%BE%D0%B7%D0%BD%D0%B0%D1%8F_%D0%BC%D0%BE%D0%BB%D0%B8%D1%82%D0%B2%D0%B0%2C_%D0%9C%D0%B5%D0%B6%D0%B4%D1%83%D0%BD%D0%B0%D1%80%D0%BE%D0%B4%D0%BD%D0%B0%D1%8F_%D0%BA%D0%BE%D0%BD%D1%84%D0%B5%D1%80%D0%B5%D0%BD%D1%86%D0%B8%D1%8F_%D0%BF%D0%BE_%D0%BB%D0%B8%D0%B4%D0%B5%D1%80%D1%81%D1%82%D0%B2%D1%83%2C_%D0%A4%D0%B5%D0%B4%D0%B5%D1%80%D0%B0%D1%86%D0%B8%D1%8F_%D0%B7%D0%B0_%D0%B2%D1%81%D0%B5%D0%BE%D0%B1%D1%89%D0%B8%D0%B9_%D0%BC%D0%B8%D1%80%2C_%D0%A1%D0%B5%D1%83%D0%BB%2C_21-27_%D1%8F%D0%BD%D0%B2%D0%B0%D1%80%D1%8F_2012_%D0%B3%D0%BE%D0%B4%D0%B0.jpg/960px-thumbnail.jpg?utm_source=commons.wikimedia.org&utm_campaign=imageinfo&utm_content=thumbnail
people-praying_964_File_inside_the_temple_Krishnampalem_3.jpg,Category:People praying,File:శ్రీ ఉమా రామలింగేశ్వర స్వామి విగ్రహాలు inside the temple Krishnampalem 3.jpg,Ratnakiran.bikkina,CC0,https://commons.wikimedia.org/wiki/File%3A%E0%B0%B6%E0%B1%8D%E0%B0%B0%E0%B1%80_%E0%B0%89%E0%B0%AE%E0%B0%BE_%E0%B0%B0%E0%B0%BE%E0%B0%AE%E0%B0%B2%E0%B0%BF%E0%B0%82%E0%B0%97%E0%B1%87%E0%B0%B6%E0%B1%8D%E0%B0%B5%E0%B0%B0_%E0%B0%B8%E0%B1%8D%E0%B0%B5%E0%B0%BE%E0%B0%AE%E0%B0%BF_%E0%B0%B5%E0%B0%BF%E0%B0%97%E0%B1%8D%E0%B0%B0%E0%B0%B9%E0%B0%BE%E0%B0%B2%E0%B1%81_inside_the_temple_Krishnampalem_3.jpg,https://thumb.wikimedia.org/wikipedia/commons/thumb/2/27/%E0%B0%B6%E0%B1%8D%E0%B0%B0%E0%B1%80_%E0%B0%89%E0%B0%AE%E0%B0%BE_%E0%B0%B0%E0%B0%BE%E0%B0%AE%E0%B0%B2%E0%B0%BF%E0%B0%82%E0%B0%97%E0%B1%87%E0%B0%B6%E0%B1%8D%E0%B0%B5%E0%B0%B0_%E0%B0%B8%E0%B1%8D%E0%B0%B5%E0%B0%BE%E0%B0%AE%E0%B0%BF_%E0%B0%B5%E0%B0%BF%E0%B0%97%E0%B1%8D%E0%B0%B0%E0%B0%B9%E0%B0%BE%E0%B0%B2%E0%B1%81_inside_the_temple_Krishnampalem_3.jpg/960px-%E0%B0%B6%E0%B1%8D%E0%B0%B0%E0%B1%80_%E0%B0%89%E0%B0%AE%E0%B0%BE_%E0%B0%B0%E0%B0%BE%E0%B0%AE%E0%B0%B2%E0%B0%BF%E0%B0%82%E0%B0%97%E0%B1%87%E0%B0%B6%E0%B1%8D%E0%B0%B5%E0%B0%B0_%E0%B0%B8%E0%B1%8D%E0%B0%B5%E0%B0%BE%E0%B0%AE%E0%B0%BF_%E0%B0%B5%E0%B0%BF%E0%B0%97%E0%B1%8D%E0%B0%B0%E0%B0%B9%E0%B0%BE%E0%B0%B2%E0%B1%81_inside_the_temple_Krishnampalem_3.jpg?utm_source=commons.wikimedia.org&utm_campaign=imageinfo&utm_content=thumbnail
people-praying_965_File_2113455027.jpg,Category:People praying,File:モンサンミッシェル (2113455027).jpg,"ketou-daisuki from Kyoto, japansko",CC BY-SA 2.0,https://commons.wikimedia.org/wiki/File%3A%E3%83%A2%E3%83%B3%E3%82%B5%E3%83%B3%E3%83%9F%E3%83%83%E3%82%B7%E3%82%A7%E3%83%AB_%282113455027%29.jpg,https://thumb.wikimedia.org/wikipedia/commons/thumb/b/bd/%E3%83%A2%E3%83%B3%E3%82%B5%E3%83%B3%E3%83%9F%E3%83%83%E3%82%B7%E3%82%A7%E3%83%AB_%282113455027%29.jpg/960px-%E3%83%A2%E3%83%B3%E3%82%B5%E3%83%B3%E3%83%9F%E3%83%83%E3%82%B7%E3%82%A7%E3%83%AB_%282113455027%29.jpg?utm_source=commons.wikimedia.org&utm_campaign=imageinfo&utm_content=thumbnail
relaxation_966_File_500px_photo_256623069.jpg,Category:Relaxation,File:500px photo (256623069).jpeg,Magdalena Roeseler,CC BY 3.0,https://commons.wikimedia.org/wiki/File%3A500px_photo_%28256623069%29.jpeg,https://thumb.wikimedia.org/wikipedia/commons/thumb/9/97/500px_photo_%28256623069%29.jpeg/960px-500px_photo_%28256623069%29.jpeg?utm_source=commons.wikimedia.org&utm_campaign=imageinfo&utm_content=thumbnail
relaxation_967_File_500px_photo_59701716.jpg,Category:Relaxation,File:500px photo (59701716).jpeg,Louie Satchmo,CC BY-SA 3.0,https://commons.wikimedia.org/wiki/File%3A500px_photo_%2859701716%29.jpeg,https://thumb.wikimedia.org/wikipedia/commons/thumb/9/99/500px_photo_%2859701716%29.jpeg/960px-500px_photo_%2859701716%29.jpeg?utm_source=commons.wikimedia.org&utm_campaign=imageinfo&utm_content=thumbnail
relaxation_968_File_Belartokia.jpg,Category:Relaxation,File:Belartokia.jpg,Plosuasanz8,CC BY-SA 4.0,https://commons.wikimedia.org/wiki/File%3ABelartokia.jpg,https://thumb.wikimedia.org/wikipedia/commons/thumb/9/94/Belartokia.jpg/960px-Belartokia.jpg?utm_source=commons.wikimedia.org&utm_campaign=imageinfo&utm_content=thumbnail
relaxation_969_File_Casual_outdoor_relaxation_with_phone_and_drin.jpg,Category:Relaxation,File:Casual outdoor relaxation with phone and drink amidst autumn leaves in a peaceful setting.jpg,Shixart1985,CC BY 2.0,https://commons.wikimedia.org/wiki/File%3ACasual_outdoor_relaxation_with_phone_and_drink_amidst_autumn_leaves_in_a_peaceful_setting.jpg,https://thumb.wikimedia.org/wikipedia/commons/thumb/b/b8/Casual_outdoor_relaxation_with_phone_and_drink_amidst_autumn_leaves_in_a_peaceful_setting.jpg/960px-Casual_outdoor_relaxation_with_phone_and_drink_amidst_autumn_leaves_in_a_peaceful_setting.jpg?utm_source=commons.wikimedia.org&utm_campaign=imageinfo&utm_content=thumbnail
relaxation_970_File_Enjoying_a_warm_beverage_in_a_cozy_indoor_spa.jpg,Category:Relaxation,File:Enjoying a warm beverage in a cozy indoor space.jpg,Shixart1985,CC BY 2.0,https://commons.wikimedia.org/wiki/File%3AEnjoying_a_warm_beverage_in_a_cozy_indoor_space.jpg,https://thumb.wikimedia.org/wikipedia/commons/thumb/5/57/Enjoying_a_warm_beverage_in_a_cozy_indoor_space.jpg/960px-Enjoying_a_warm_beverage_in_a_cozy_indoor_space.jpg?utm_source=commons.wikimedia.org&utm_campaign=imageinfo&utm_content=thumbnail
relaxation_971_File_Enjoying_a_warm_beverage_while_working_at_hom.jpg,Category:Relaxation,File:Enjoying a warm beverage while working at home in a cozy environment.jpg,Shixart1985,CC BY 2.0,https://commons.wikimedia.org/wiki/File%3AEnjoying_a_warm_beverage_while_working_at_home_in_a_cozy_environment.jpg,https://thumb.wikimedia.org/wikipedia/commons/thumb/3/3e/Enjoying_a_warm_beverage_while_working_at_home_in_a_cozy_environment.jpg/960px-Enjoying_a_warm_beverage_while_working_at_home_in_a_cozy_environment.jpg?utm_source=commons.wikimedia.org&utm_campaign=imageinfo&utm_content=thumbnail
relaxation_972_File_Health_is_Sea_and_Sun.jpg,Category:Relaxation,File:Health is Sea and Sun.jpg,Marwa elchazly,CC BY-SA 4.0,https://commons.wikimedia.org/wiki/File%3AHealth_is_Sea_and_Sun.jpg,https://thumb.wikimedia.org/wikipedia/commons/thumb/c/c3/Health_is_Sea_and_Sun.jpg/960px-Health_is_Sea_and_Sun.jpg?utm_source=commons.wikimedia.org&utm_campaign=imageinfo&utm_content=thumbnail
relaxation_973_File_How_to_rest.jpg,Category:Relaxation,File:How to rest.djvu,William A. Hammond,Public domain,https://commons.wikimedia.org/wiki/File%3AHow_to_rest.djvu,https://thumb.wikimedia.org/wikipedia/commons/thumb/4/49/How_to_rest.djvu/page1-960px-How_to_rest.djvu.jpg?utm_source=commons.wikimedia.org&utm_campaign=imageinfo&utm_content=thumbnail
relaxation_974_File_Jimmy_Bay_2017_01_23_Unsplash_FMB6JYFkWw0.jpg,Category:Relaxation,File:Jimmy Bay 2017-01-23 (Unsplash FMB6JYFkWw0).jpg,Jimmy Bay jimmymystic,CC0,https://commons.wikimedia.org/wiki/File%3AJimmy_Bay_2017-01-23_%28Unsplash_FMB6JYFkWw0%29.jpg,https://thumb.wikimedia.org/wikipedia/commons/thumb/5/5c/Jimmy_Bay_2017-01-23_%28Unsplash_FMB6JYFkWw0%29.jpg/960px-Jimmy_Bay_2017-01-23_%28Unsplash_FMB6JYFkWw0%29.jpg?utm_source=commons.wikimedia.org&utm_campaign=imageinfo&utm_content=thumbnail
relaxation_975_File_Kerzen_auf_Metallteller_Praxisbild_Hypnose_un.jpg,Category:Relaxation,File:Kerzen auf Metallteller - Praxisbild Hypnose und Reiki Praxis Saar Heilpraktiker für Psychotherapie.png,Onkeltom1,CC BY-SA 4.0,https://commons.wikimedia.org/wiki/File%3AKerzen_auf_Metallteller_-_Praxisbild_Hypnose_und_Reiki_Praxis_Saar_Heilpraktiker_f%C3%BCr_Psychotherapie.png,https://thumb.wikimedia.org/wikipedia/commons/thumb/8/83/Kerzen_auf_Metallteller_-_Praxisbild_Hypnose_und_Reiki_Praxis_Saar_Heilpraktiker_f%C3%BCr_Psychotherapie.png/960px-Kerzen_auf_Metallteller_-_Praxisbild_Hypnose_und_Reiki_Praxis_Saar_Heilpraktiker_f%C3%BCr_Psychotherapie.png?utm_source=commons.wikimedia.org&utm_campaign=imageinfo&utm_content=thumbnail
relaxation_976_File_Klastrophotonen_Therapie.jpg,Category:Relaxation,File:Klastrophotonen-Therapie.tif,André Brändli,CC BY-SA 4.0,https://commons.wikimedia.org/wiki/File%3AKlastrophotonen-Therapie.tif,https://thumb.wikimedia.org/wikipedia/commons/thumb/2/20/Klastrophotonen-Therapie.tif/lossy-page1-960px-Klastrophotonen-Therapie.tif.jpg?utm_source=commons.wikimedia.org&utm_campaign=imageinfo&utm_content=thumbnail
relaxation_977_File_Life_in_the_Units.jpg,Category:Relaxation,File:Life in the Units.jpg,Pranit360,CC BY-SA 4.0,https://commons.wikimedia.org/wiki/File%3ALife_in_the_Units.jpg,https://thumb.wikimedia.org/wikipedia/commons/thumb/4/4e/Life_in_the_Units.jpg/960px-Life_in_the_Units.jpg?utm_source=commons.wikimedia.org&utm_campaign=imageinfo&utm_content=thumbnail
relaxation_978_File_Luis_de_Rivera_Autog_n_pszichoter_pi_s_m_dsze.jpg,Category:Relaxation,"File:Luis de Rivera, Autogén pszichoterápiás módszerek.png",Jose Luis Gonzalez de Rivera,CC BY 3.0,https://commons.wikimedia.org/wiki/File%3ALuis_de_Rivera%2C_Autog%C3%A9n_pszichoter%C3%A1pi%C3%A1s_m%C3%B3dszerek.png,https://upload.wikimedia.org/wikipedia/commons/f/fe/Luis_de_Rivera%2C_Autog%C3%A9n_pszichoter%C3%A1pi%C3%A1s_m%C3%B3dszerek.png?utm_source=commons.wikimedia.org&utm_campaign=imageinfo&utm_content=thumbnail_unscaled
relaxation_979_File_Man_relaxes_on_bed_after_a_long_workday_in_a.jpg,Category:Relaxation,File:Man relaxes on bed after a long workday in a modern hotel room.jpg,Shixart1985,CC BY 2.0,https://commons.wikimedia.org/wiki/File%3AMan_relaxes_on_bed_after_a_long_workday_in_a_modern_hotel_room.jpg,https://thumb.wikimedia.org/wikipedia/commons/thumb/9/93/Man_relaxes_on_bed_after_a_long_workday_in_a_modern_hotel_room.jpg/960px-Man_relaxes_on_bed_after_a_long_workday_in_a_modern_hotel_room.jpg?utm_source=commons.wikimedia.org&utm_campaign=imageinfo&utm_content=thumbnail
relaxation_980_File_Man_relaxes_on_floor_in_hotel_room_after_a_lo.jpg,Category:Relaxation,File:Man relaxes on floor in hotel room after a long day at work while sunlight comes through the window.jpg,Shixart1985,CC BY 2.0,https://commons.wikimedia.org/wiki/File%3AMan_relaxes_on_floor_in_hotel_room_after_a_long_day_at_work_while_sunlight_comes_through_the_window.jpg,https://thumb.wikimedia.org/wikipedia/commons/thumb/5/57/Man_relaxes_on_floor_in_hotel_room_after_a_long_day_at_work_while_sunlight_comes_through_the_window.jpg/960px-Man_relaxes_on_floor_in_hotel_room_after_a_long_day_at_work_while_sunlight_comes_through_the_window.jpg?utm_source=commons.wikimedia.org&utm_campaign=imageinfo&utm_content=thumbnail
relaxation_981_File_Man_sits_on_chair_using_smartphone_in_outdoor.jpg,Category:Relaxation,File:Man sits on chair using smartphone in outdoor setting.jpg,Shixart1985,CC BY 2.0,https://commons.wikimedia.org/wiki/File%3AMan_sits_on_chair_using_smartphone_in_outdoor_setting.jpg,https://thumb.wikimedia.org/wikipedia/commons/thumb/e/ea/Man_sits_on_chair_using_smartphone_in_outdoor_setting.jpg/960px-Man_sits_on_chair_using_smartphone_in_outdoor_setting.jpg?utm_source=commons.wikimedia.org&utm_campaign=imageinfo&utm_content=thumbnail
relaxation_982_File_Man_sits_on_the_floor_in_a_hotel_room_with_a.jpg,Category:Relaxation,File:Man sits on the floor in a hotel room with a relaxed posture while wearing a tie and shirt.jpg,Shixart1985,CC BY 2.0,https://commons.wikimedia.org/wiki/File%3AMan_sits_on_the_floor_in_a_hotel_room_with_a_relaxed_posture_while_wearing_a_tie_and_shirt.jpg,https://thumb.wikimedia.org/wikipedia/commons/thumb/a/ab/Man_sits_on_the_floor_in_a_hotel_room_with_a_relaxed_posture_while_wearing_a_tie_and_shirt.jpg/960px-Man_sits_on_the_floor_in_a_hotel_room_with_a_relaxed_posture_while_wearing_a_tie_and_shirt.jpg?utm_source=commons.wikimedia.org&utm_campaign=imageinfo&utm_content=thumbnail
relaxation_983_File_Man_sits_relaxed_at_wooden_table_outdoors.jpg,Category:Relaxation,File:Man sits relaxed at wooden table outdoors.jpg,Shixart1985,CC BY 2.0,https://commons.wikimedia.org/wiki/File%3AMan_sits_relaxed_at_wooden_table_outdoors.jpg,https://thumb.wikimedia.org/wikipedia/commons/thumb/f/f3/Man_sits_relaxed_at_wooden_table_outdoors.jpg/960px-Man_sits_relaxed_at_wooden_table_outdoors.jpg?utm_source=commons.wikimedia.org&utm_campaign=imageinfo&utm_content=thumbnail
relaxation_984_File_Man_sitting_in_a_chair_reading_a_paper_while.jpg,Category:Relaxation,File:Man sitting in a chair reading a paper while wrapped in a blanket in a cozy room.jpg,Shixart1985,CC BY 2.0,https://commons.wikimedia.org/wiki/File%3AMan_sitting_in_a_chair_reading_a_paper_while_wrapped_in_a_blanket_in_a_cozy_room.jpg,https://thumb.wikimedia.org/wikipedia/commons/thumb/3/31/Man_sitting_in_a_chair_reading_a_paper_while_wrapped_in_a_blanket_in_a_cozy_room.jpg/960px-Man_sitting_in_a_chair_reading_a_paper_while_wrapped_in_a_blanket_in_a_cozy_room.jpg?utm_source=commons.wikimedia.org&utm_campaign=imageinfo&utm_content=thumbnail
relaxation_985_File_Model_relaxes_in_vintage_car_s_backseat_durin.jpg,Category:Relaxation,File:Model relaxes in vintage car's backseat during golden hour in serene outdoor setting.jpg,Shixart1985,CC BY 2.0,https://commons.wikimedia.org/wiki/File%3AModel_relaxes_in_vintage_car%27s_backseat_during_golden_hour_in_serene_outdoor_setting.jpg,https://thumb.wikimedia.org/wikipedia/commons/thumb/3/37/Model_relaxes_in_vintage_car%27s_backseat_during_golden_hour_in_serene_outdoor_setting.jpg/960px-Model_relaxes_in_vintage_car%27s_backseat_during_golden_hour_in_serene_outdoor_setting.jpg?utm_source=commons.wikimedia.org&utm_campaign=imageinfo&utm_content=thumbnail
relaxation_986_File_Person_sits_on_chair_outside_a_house_in_natur.jpg,Category:Relaxation,File:Person sits on chair outside a house in nature during daytime and enjoys the view of trees and open space.jpg,Shixart1985,CC BY 2.0,https://commons.wikimedia.org/wiki/File%3APerson_sits_on_chair_outside_a_house_in_nature_during_daytime_and_enjoys_the_view_of_trees_and_open_space.jpg,https://thumb.wikimedia.org/wikipedia/commons/thumb/d/db/Person_sits_on_chair_outside_a_house_in_nature_during_daytime_and_enjoys_the_view_of_trees_and_open_space.jpg/960px-Person_sits_on_chair_outside_a_house_in_nature_during_daytime_and_enjoys_the_view_of_trees_and_open_space.jpg?utm_source=commons.wikimedia.org&utm_campaign=imageinfo&utm_content=thumbnail
relaxation_987_File_Person_sits_on_steps_in_front_of_tiny_house_o.jpg,Category:Relaxation,File:Person sits on steps in front of tiny house overlooking nature during daytime in an outdoor setting.jpg,Shixart1985,CC BY 2.0,https://commons.wikimedia.org/wiki/File%3APerson_sits_on_steps_in_front_of_tiny_house_overlooking_nature_during_daytime_in_an_outdoor_setting.jpg,https://thumb.wikimedia.org/wikipedia/commons/thumb/f/f8/Person_sits_on_steps_in_front_of_tiny_house_overlooking_nature_during_daytime_in_an_outdoor_setting.jpg/960px-Person_sits_on_steps_in_front_of_tiny_house_overlooking_nature_during_daytime_in_an_outdoor_setting.jpg?utm_source=commons.wikimedia.org&utm_campaign=imageinfo&utm_content=thumbnail
relaxation_988_File_Relax_83317.jpg,Category:Relaxation,File:Relax (83317).jpg,Rasoa Nirina 05,CC BY-SA 4.0,https://commons.wikimedia.org/wiki/File%3ARelax_%2883317%29.jpg,https://thumb.wikimedia.org/wikipedia/commons/thumb/e/e8/Relax_%2883317%29.jpg/960px-Relax_%2883317%29.jpg?utm_source=commons.wikimedia.org&utm_campaign=imageinfo&utm_content=thumbnail
relaxation_989_File_Relaxation.jpg,Category:Relaxation,File:Relaxation .jpg,AVOK SUPREME,CC BY-SA 4.0,https://commons.wikimedia.org/wiki/File%3ARelaxation_.jpg,https://thumb.wikimedia.org/wikipedia/commons/thumb/0/07/Relaxation_.jpg/960px-Relaxation_.jpg?utm_source=commons.wikimedia.org&utm_campaign=imageinfo&utm_content=thumbnail
relaxation_990_File_Relaxation_and_Yoga_space_at_Kivunim_Youth_Ce.jpg,Category:Relaxation,File:Relaxation and Yoga space at Kivunim Youth Centre gallery.jpg,מקף־עברי,CC0,https://commons.wikimedia.org/wiki/File%3ARelaxation_and_Yoga_space_at_Kivunim_Youth_Centre_gallery.jpg,https://thumb.wikimedia.org/wikipedia/commons/thumb/7/7e/Relaxation_and_Yoga_space_at_Kivunim_Youth_Centre_gallery.jpg/960px-Relaxation_and_Yoga_space_at_Kivunim_Youth_Centre_gallery.jpg?utm_source=commons.wikimedia.org&utm_campaign=imageinfo&utm_content=thumbnail
relaxation_991_File_Relaxation_Techniques.jpg,Category:Relaxation,File:Relaxation Techniques.jpg,Vgarg98,CC BY-SA 4.0,https://commons.wikimedia.org/wiki/File%3ARelaxation_Techniques.jpg,https://upload.wikimedia.org/wikipedia/commons/a/a7/Relaxation_Techniques.jpg?utm_source=commons.wikimedia.org&utm_campaign=imageinfo&utm_content=thumbnail_unscaled
relaxation_992_File_Relaxing_afternoon_with_a_woman_reading_an_ol.jpg,Category:Relaxation,File:Relaxing afternoon with a woman reading an old book in a cozy living room setting.jpg,Shixart1985,CC BY 2.0,https://commons.wikimedia.org/wiki/File%3ARelaxing_afternoon_with_a_woman_reading_an_old_book_in_a_cozy_living_room_setting.jpg,https://thumb.wikimedia.org/wikipedia/commons/thumb/4/44/Relaxing_afternoon_with_a_woman_reading_an_old_book_in_a_cozy_living_room_setting.jpg/960px-Relaxing_afternoon_with_a_woman_reading_an_old_book_in_a_cozy_living_room_setting.jpg?utm_source=commons.wikimedia.org&utm_campaign=imageinfo&utm_content=thumbnail
relaxation_993_File_Relaxing_in_a_parked_car_with_a_book_during_s.jpg,Category:Relaxation,File:Relaxing in a parked car with a book during sunset in a peaceful outdoor setting.jpg,Shixart1985,CC BY 2.0,https://commons.wikimedia.org/wiki/File%3ARelaxing_in_a_parked_car_with_a_book_during_sunset_in_a_peaceful_outdoor_setting.jpg,https://thumb.wikimedia.org/wikipedia/commons/thumb/8/87/Relaxing_in_a_parked_car_with_a_book_during_sunset_in_a_peaceful_outdoor_setting.jpg/960px-Relaxing_in_a_parked_car_with_a_book_during_sunset_in_a_peaceful_outdoor_setting.jpg?utm_source=commons.wikimedia.org&utm_campaign=imageinfo&utm_content=thumbnail
relaxation_994_File_Relaxing_woman_enjoys_morning_coffee_on_a_woo.jpg,Category:Relaxation,File:Relaxing woman enjoys morning coffee on a wooden bench.jpg,Shixart1985,CC BY 2.0,https://commons.wikimedia.org/wiki/File%3ARelaxing_woman_enjoys_morning_coffee_on_a_wooden_bench.jpg,https://thumb.wikimedia.org/wikipedia/commons/thumb/9/98/Relaxing_woman_enjoys_morning_coffee_on_a_wooden_bench.jpg/960px-Relaxing_woman_enjoys_morning_coffee_on_a_wooden_bench.jpg?utm_source=commons.wikimedia.org&utm_campaign=imageinfo&utm_content=thumbnail
relaxation_995_File_Rolitas_de_40_Seconds.jpg,Category:Relaxation,File:Rolitas de 40 Seconds.png,Edyxon05,CC0,https://commons.wikimedia.org/wiki/File%3ARolitas_de_40_Seconds.png,https://upload.wikimedia.org/wikipedia/commons/0/03/Rolitas_de_40_Seconds.png?utm_source=commons.wikimedia.org&utm_campaign=imageinfo&utm_content=thumbnail_unscaled
relaxation_996_File_Senior_woman_enjoys_peaceful_moment_with_dog.jpg,Category:Relaxation,File:Senior woman enjoys peaceful moment with dog in garden.jpg,Shixart1985,CC BY 2.0,https://commons.wikimedia.org/wiki/File%3ASenior_woman_enjoys_peaceful_moment_with_dog_in_garden.jpg,https://thumb.wikimedia.org/wikipedia/commons/thumb/a/ab/Senior_woman_enjoys_peaceful_moment_with_dog_in_garden.jpg/960px-Senior_woman_enjoys_peaceful_moment_with_dog_in_garden.jpg?utm_source=commons.wikimedia.org&utm_campaign=imageinfo&utm_content=thumbnail
relaxation_997_File_Sima_relax_room.jpg,Category:Relaxation,File:Sima relax room.jpg,Black Diamond Zimn,CC BY-SA 4.0,https://commons.wikimedia.org/wiki/File%3ASima_relax_room.jpg,https://thumb.wikimedia.org/wikipedia/commons/thumb/8/81/Sima_relax_room.jpg/960px-Sima_relax_room.jpg?utm_source=commons.wikimedia.org&utm_campaign=imageinfo&utm_content=thumbnail
relaxation_998_File_Smiling_woman_relaxing_on_wooden_chair_with_a.jpg,Category:Relaxation,File:Smiling woman relaxing on wooden chair with a drink in hand among indoor plants.jpg,Shixart1985,CC BY 2.0,https://commons.wikimedia.org/wiki/File%3ASmiling_woman_relaxing_on_wooden_chair_with_a_drink_in_hand_among_indoor_plants.jpg,https://thumb.wikimedia.org/wikipedia/commons/thumb/6/6e/Smiling_woman_relaxing_on_wooden_chair_with_a_drink_in_hand_among_indoor_plants.jpg/960px-Smiling_woman_relaxing_on_wooden_chair_with_a_drink_in_hand_among_indoor_plants.jpg?utm_source=commons.wikimedia.org&utm_campaign=imageinfo&utm_content=thumbnail
relaxation_999_File_Smiling_woman_with_curly_hair_relaxing_in_a_g.jpg,Category:Relaxation,File:Smiling woman with curly hair relaxing in a garden.jpg,Shixart1985,CC BY 2.0,https://commons.wikimedia.org/wiki/File%3ASmiling_woman_with_curly_hair_relaxing_in_a_garden.jpg,https://thumb.wikimedia.org/wikipedia/commons/thumb/b/b9/Smiling_woman_with_curly_hair_relaxing_in_a_garden.jpg/960px-Smiling_woman_with_curly_hair_relaxing_in_a_garden.jpg?utm_source=commons.wikimedia.org&utm_campaign=imageinfo&utm_content=thumbnail
relaxation_1000_File_Some_peaceful_time_after_hard_work.jpg,Category:Relaxation,File:Some peaceful time after hard work.jpg,Sana Perveen,CC BY-SA 4.0,https://commons.wikimedia.org/wiki/File%3ASome_peaceful_time_after_hard_work.jpg,https://thumb.wikimedia.org/wikipedia/commons/thumb/9/92/Some_peaceful_time_after_hard_work.jpg/960px-Some_peaceful_time_after_hard_work.jpg?utm_source=commons.wikimedia.org&utm_campaign=imageinfo&utm_content=thumbnail
relaxation_1001_File_Speaker_Our_land.jpg,Category:Relaxation,File:Speaker Our land.jpg,SStammers,CC BY-SA 4.0,https://commons.wikimedia.org/wiki/File%3ASpeaker_Our_land.jpg,https://thumb.wikimedia.org/wikipedia/commons/thumb/2/27/Speaker_Our_land.jpg/960px-Speaker_Our_land.jpg?utm_source=commons.wikimedia.org&utm_campaign=imageinfo&utm_content=thumbnail
relaxation_1002_File_Stressfactor_0_103470323.jpg,Category:Relaxation,File:Stressfactor 0 (103470323).jpeg,Jen Beek,CC BY 3.0,https://commons.wikimedia.org/wiki/File%3AStressfactor_0_%28103470323%29.jpeg,https://thumb.wikimedia.org/wikipedia/commons/thumb/4/4e/Stressfactor_0_%28103470323%29.jpeg/960px-Stressfactor_0_%28103470323%29.jpeg?utm_source=commons.wikimedia.org&utm_campaign=imageinfo&utm_content=thumbnail
relaxation_1003_File_Woman_enjoying_a_peaceful_afternoon_in_a_sunn.jpg,Category:Relaxation,File:Woman enjoying a peaceful afternoon in a sunny garden.jpg,Shixart1985,CC BY 2.0,https://commons.wikimedia.org/wiki/File%3AWoman_enjoying_a_peaceful_afternoon_in_a_sunny_garden.jpg,https://thumb.wikimedia.org/wikipedia/commons/thumb/0/02/Woman_enjoying_a_peaceful_afternoon_in_a_sunny_garden.jpg/960px-Woman_enjoying_a_peaceful_afternoon_in_a_sunny_garden.jpg?utm_source=commons.wikimedia.org&utm_campaign=imageinfo&utm_content=thumbnail
relaxation_1004_File_Woman_enjoying_a_warm_drink_in_a_peaceful_gar.jpg,Category:Relaxation,File:Woman enjoying a warm drink in a peaceful garden.jpg,Shixart1985,CC BY 2.0,https://commons.wikimedia.org/wiki/File%3AWoman_enjoying_a_warm_drink_in_a_peaceful_garden.jpg,https://thumb.wikimedia.org/wikipedia/commons/thumb/c/c1/Woman_enjoying_a_warm_drink_in_a_peaceful_garden.jpg/960px-Woman_enjoying_a_warm_drink_in_a_peaceful_garden.jpg?utm_source=commons.wikimedia.org&utm_campaign=imageinfo&utm_content=thumbnail
relaxation_1005_File_Woman_enjoying_sunset_while_sitting_on_classi.jpg,Category:Relaxation,File:Woman enjoying sunset while sitting on classic car in open field.jpg,Shixart1985,CC BY 2.0,https://commons.wikimedia.org/wiki/File%3AWoman_enjoying_sunset_while_sitting_on_classic_car_in_open_field.jpg,https://thumb.wikimedia.org/wikipedia/commons/thumb/8/8c/Woman_enjoying_sunset_while_sitting_on_classic_car_in_open_field.jpg/960px-Woman_enjoying_sunset_while_sitting_on_classic_car_in_open_field.jpg?utm_source=commons.wikimedia.org&utm_campaign=imageinfo&utm_content=thumbnail
relaxation_1006_File_Woman_enjoys_hot_drink_while_looking_out_wind.jpg,Category:Relaxation,File:Woman enjoys hot drink while looking out window in kitchen during daytime at home.jpg,Shixart1985,CC BY 2.0,https://commons.wikimedia.org/wiki/File%3AWoman_enjoys_hot_drink_while_looking_out_window_in_kitchen_during_daytime_at_home.jpg,https://thumb.wikimedia.org/wikipedia/commons/thumb/7/7e/Woman_enjoys_hot_drink_while_looking_out_window_in_kitchen_during_daytime_at_home.jpg/960px-Woman_enjoys_hot_drink_while_looking_out_window_in_kitchen_during_daytime_at_home.jpg?utm_source=commons.wikimedia.org&utm_campaign=imageinfo&utm_content=thumbnail
relaxation_1007_File_Woman_enjoys_sunset_while_perched_on_classic.jpg,Category:Relaxation,File:Woman enjoys sunset while perched on classic car in rural landscape during golden hour.jpg,Shixart1985,CC BY 2.0,https://commons.wikimedia.org/wiki/File%3AWoman_enjoys_sunset_while_perched_on_classic_car_in_rural_landscape_during_golden_hour.jpg,https://thumb.wikimedia.org/wikipedia/commons/thumb/a/a4/Woman_enjoys_sunset_while_perched_on_classic_car_in_rural_landscape_during_golden_hour.jpg/960px-Woman_enjoys_sunset_while_perched_on_classic_car_in_rural_landscape_during_golden_hour.jpg?utm_source=commons.wikimedia.org&utm_campaign=imageinfo&utm_content=thumbnail
relaxation_1008_File_Woman_reading_a_book_inside_a_vintage_car_dur.jpg,Category:Relaxation,File:Woman reading a book inside a vintage car during sunset in a serene countryside setting.jpg,Shixart1985,CC BY 2.0,https://commons.wikimedia.org/wiki/File%3AWoman_reading_a_book_inside_a_vintage_car_during_sunset_in_a_serene_countryside_setting.jpg,https://thumb.wikimedia.org/wikipedia/commons/thumb/9/92/Woman_reading_a_book_inside_a_vintage_car_during_sunset_in_a_serene_countryside_setting.jpg/960px-Woman_reading_a_book_inside_a_vintage_car_during_sunset_in_a_serene_countryside_setting.jpg?utm_source=commons.wikimedia.org&utm_campaign=imageinfo&utm_content=thumbnail
relaxation_1009_File_Woman_reading_a_book_while_sitting_on_a_couch.jpg,Category:Relaxation,File:Woman reading a book while sitting on a couch during a quiet afternoon at home.jpg,Shixart1985,CC BY 2.0,https://commons.wikimedia.org/wiki/File%3AWoman_reading_a_book_while_sitting_on_a_couch_during_a_quiet_afternoon_at_home.jpg,https://thumb.wikimedia.org/wikipedia/commons/thumb/a/a2/Woman_reading_a_book_while_sitting_on_a_couch_during_a_quiet_afternoon_at_home.jpg/960px-Woman_reading_a_book_while_sitting_on_a_couch_during_a_quiet_afternoon_at_home.jpg?utm_source=commons.wikimedia.org&utm_campaign=imageinfo&utm_content=thumbnail
relaxation_1010_File_Woman_reading_a_book_while_sitting_on_a_couch.jpg,Category:Relaxation,File:Woman reading a book while sitting on a couch in a cozy indoor space.jpg,Shixart1985,CC BY 2.0,https://commons.wikimedia.org/wiki/File%3AWoman_reading_a_book_while_sitting_on_a_couch_in_a_cozy_indoor_space.jpg,https://thumb.wikimedia.org/wikipedia/commons/thumb/8/85/Woman_reading_a_book_while_sitting_on_a_couch_in_a_cozy_indoor_space.jpg/960px-Woman_reading_a_book_while_sitting_on_a_couch_in_a_cozy_indoor_space.jpg?utm_source=commons.wikimedia.org&utm_campaign=imageinfo&utm_content=thumbnail
relaxation_1011_File_Woman_relaxing_in_a_car_at_sunset_while_readi.jpg,Category:Relaxation,File:Woman relaxing in a car at sunset while reading a book during a peaceful evening.jpg,Shixart1985,CC BY 2.0,https://commons.wikimedia.org/wiki/File%3AWoman_relaxing_in_a_car_at_sunset_while_reading_a_book_during_a_peaceful_evening.jpg,https://thumb.wikimedia.org/wikipedia/commons/thumb/7/70/Woman_relaxing_in_a_car_at_sunset_while_reading_a_book_during_a_peaceful_evening.jpg/960px-Woman_relaxing_in_a_car_at_sunset_while_reading_a_book_during_a_peaceful_evening.jpg?utm_source=commons.wikimedia.org&utm_campaign=imageinfo&utm_content=thumbnail
relaxation_1012_File_Young_woman_relaxes_in_classic_car_with_sungl.jpg,Category:Relaxation,File:Young woman relaxes in classic car with sunglasses on during golden hour in a wooded area.jpg,Shixart1985,CC BY 2.0,https://commons.wikimedia.org/wiki/File%3AYoung_woman_relaxes_in_classic_car_with_sunglasses_on_during_golden_hour_in_a_wooded_area.jpg,https://thumb.wikimedia.org/wikipedia/commons/thumb/b/b8/Young_woman_relaxes_in_classic_car_with_sunglasses_on_during_golden_hour_in_a_wooded_area.jpg/960px-Young_woman_relaxes_in_classic_car_with_sunglasses_on_during_golden_hour_in_a_wooded_area.jpg?utm_source=commons.wikimedia.org&utm_campaign=imageinfo&utm_content=thumbnail
relaxation_1013_File_Young_woman_sits_in_a_car_contemplating_life.jpg,Category:Relaxation,"File:Young woman sits in a car, contemplating life as sunset light filters through the windshield on an outdoor road.jpg",Shixart1985,CC BY 2.0,https://commons.wikimedia.org/wiki/File%3AYoung_woman_sits_in_a_car%2C_contemplating_life_as_sunset_light_filters_through_the_windshield_on_an_outdoor_road.jpg,https://thumb.wikimedia.org/wikipedia/commons/thumb/d/d4/Young_woman_sits_in_a_car%2C_contemplating_life_as_sunset_light_filters_through_the_windshield_on_an_outdoor_road.jpg/960px-Young_woman_sits_in_a_car%2C_contemplating_life_as_sunset_light_filters_through_the_windshield_on_an_outdoor_road.jpg?utm_source=commons.wikimedia.org&utm_campaign=imageinfo&utm_content=thumbnail
relaxation_1014_File_Young_woman_sitting_in_vintage_car_contemplat.jpg,Category:Relaxation,"File:Young woman sitting in vintage car, contemplating life surrounded by nature at sunset.jpg",Shixart1985,CC BY 2.0,https://commons.wikimedia.org/wiki/File%3AYoung_woman_sitting_in_vintage_car%2C_contemplating_life_surrounded_by_nature_at_sunset.jpg,https://thumb.wikimedia.org/wikipedia/commons/thumb/e/e0/Young_woman_sitting_in_vintage_car%2C_contemplating_life_surrounded_by_nature_at_sunset.jpg/960px-Young_woman_sitting_in_vintage_car%2C_contemplating_life_surrounded_by_nature_at_sunset.jpg?utm_source=commons.wikimedia.org&utm_campaign=imageinfo&utm_content=thumbnail
relaxation_1015_File_Young_woman_sitting_on_a_bench_smiling_while.jpg,Category:Relaxation,File:Young woman sitting on a bench smiling while stretching her arms in a public area during the day.jpg,Shixart1985,CC BY 2.0,https://commons.wikimedia.org/wiki/File%3AYoung_woman_sitting_on_a_bench_smiling_while_stretching_her_arms_in_a_public_area_during_the_day.jpg,https://thumb.wikimedia.org/wikipedia/commons/thumb/0/08/Young_woman_sitting_on_a_bench_smiling_while_stretching_her_arms_in_a_public_area_during_the_day.jpg/960px-Young_woman_sitting_on_a_bench_smiling_while_stretching_her_arms_in_a_public_area_during_the_day.jpg?utm_source=commons.wikimedia.org&utm_campaign=imageinfo&utm_content=thumbnail
sunbathing_1016_File_20130703_40_Banff_Springs_Hotel_12355674833.jpg,Category:Sunbathing,File:20130703 40 Banff Springs Hotel (12355674833).jpg,"David Wilson from Oak Park, Illinois, USA",CC BY 2.0,https://commons.wikimedia.org/wiki/File%3A20130703_40_Banff_Springs_Hotel_%2812355674833%29.jpg,https://thumb.wikimedia.org/wikipedia/commons/thumb/5/59/20130703_40_Banff_Springs_Hotel_%2812355674833%29.jpg/960px-20130703_40_Banff_Springs_Hotel_%2812355674833%29.jpg?utm_source=commons.wikimedia.org&utm_campaign=imageinfo&utm_content=thumbnail
sunbathing_1017_File_25935_Radebeul_1932_Bilz_Bad_Wirtschaftsgeb_u.jpg,Category:Sunbathing,"File:25935-Radebeul-1932-Bilz-Bad, Wirtschaftsgebäude-Brück & Sohn Kunstverlag.jpg",Brück &amp; Sohn Kunstverlag Meißen,CC BY-SA 3.0,https://commons.wikimedia.org/wiki/File%3A25935-Radebeul-1932-Bilz-Bad%2C_Wirtschaftsgeb%C3%A4ude-Br%C3%BCck_%26_Sohn_Kunstverlag.jpg,https://thumb.wikimedia.org/wikipedia/commons/thumb/0/0b/25935-Radebeul-1932-Bilz-Bad%2C_Wirtschaftsgeb%C3%A4ude-Br%C3%BCck_%26_Sohn_Kunstverlag.jpg/960px-25935-Radebeul-1932-Bilz-Bad%2C_Wirtschaftsgeb%C3%A4ude-Br%C3%BCck_%26_Sohn_Kunstverlag.jpg?utm_source=commons.wikimedia.org&utm_campaign=imageinfo&utm_content=thumbnail
sunbathing_1018_File_25936_Radebeul_1932_Bilz_Bad_Wirtschaftsgeb_u.jpg,Category:Sunbathing,"File:25936-Radebeul-1932-Bilz-Bad, Wirtschaftsgebäude-Brück & Sohn Kunstverlag.jpg",Brück &amp; Sohn Kunstverlag Meißen,CC BY-SA 3.0,https://commons.wikimedia.org/wiki/File%3A25936-Radebeul-1932-Bilz-Bad%2C_Wirtschaftsgeb%C3%A4ude-Br%C3%BCck_%26_Sohn_Kunstverlag.jpg,https://thumb.wikimedia.org/wikipedia/commons/thumb/2/23/25936-Radebeul-1932-Bilz-Bad%2C_Wirtschaftsgeb%C3%A4ude-Br%C3%BCck_%26_Sohn_Kunstverlag.jpg/960px-25936-Radebeul-1932-Bilz-Bad%2C_Wirtschaftsgeb%C3%A4ude-Br%C3%BCck_%26_Sohn_Kunstverlag.jpg?utm_source=commons.wikimedia.org&utm_campaign=imageinfo&utm_content=thumbnail
sunbathing_1019_File_26418_Falkenhain_1935_Talsperre_Strandbad_Br.jpg,Category:Sunbathing,"File:26418-Falkenhain-1935-Talsperre, Strandbad-Brück & Sohn Kunstverlag.jpg",Brück &amp; Sohn Kunstverlag Meißen,CC BY-SA 3.0,https://commons.wikimedia.org/wiki/File%3A26418-Falkenhain-1935-Talsperre%2C_Strandbad-Br%C3%BCck_%26_Sohn_Kunstverlag.jpg,https://thumb.wikimedia.org/wikipedia/commons/thumb/d/d7/26418-Falkenhain-1935-Talsperre%2C_Strandbad-Br%C3%BCck_%26_Sohn_Kunstverlag.jpg/960px-26418-Falkenhain-1935-Talsperre%2C_Strandbad-Br%C3%BCck_%26_Sohn_Kunstverlag.jpg?utm_source=commons.wikimedia.org&utm_campaign=imageinfo&utm_content=thumbnail
sunbathing_1020_File_26542_Grund_1935_Gasthof_mit_Hubertusbad_Br_c.jpg,Category:Sunbathing,File:26542-Grund-1935-Gasthof mit Hubertusbad-Brück & Sohn Kunstverlag.jpg,Brück &amp; Sohn Kunstverlag Meißen,CC BY-SA 3.0,https://commons.wikimedia.org/wiki/File%3A26542-Grund-1935-Gasthof_mit_Hubertusbad-Br%C3%BCck_%26_Sohn_Kunstverlag.jpg,https://thumb.wikimedia.org/wikipedia/commons/thumb/6/6e/26542-Grund-1935-Gasthof_mit_Hubertusbad-Br%C3%BCck_%26_Sohn_Kunstverlag.jpg/960px-26542-Grund-1935-Gasthof_mit_Hubertusbad-Br%C3%BCck_%26_Sohn_Kunstverlag.jpg?utm_source=commons.wikimedia.org&utm_campaign=imageinfo&utm_content=thumbnail
sunbathing_1021_File_26948_Radebeul_1937_Bilz_Bad_Liegewiese_L_nit.jpg,Category:Sunbathing,"File:26948-Radebeul-1937-Bilz-Bad, Liegewiese, Lößnitz-Brück & Sohn Kunstverlag.jpg",Brück &amp; Sohn Kunstverlag Meißen,CC BY-SA 3.0,https://commons.wikimedia.org/wiki/File%3A26948-Radebeul-1937-Bilz-Bad%2C_Liegewiese%2C_L%C3%B6%C3%9Fnitz-Br%C3%BCck_%26_Sohn_Kunstverlag.jpg,https://thumb.wikimedia.org/wikipedia/commons/thumb/8/83/26948-Radebeul-1937-Bilz-Bad%2C_Liegewiese%2C_L%C3%B6%C3%9Fnitz-Br%C3%BCck_%26_Sohn_Kunstverlag.jpg/960px-26948-Radebeul-1937-Bilz-Bad%2C_Liegewiese%2C_L%C3%B6%C3%9Fnitz-Br%C3%BCck_%26_Sohn_Kunstverlag.jpg?utm_source=commons.wikimedia.org&utm_campaign=imageinfo&utm_content=thumbnail
sunbathing_1022_File_26949_Radebeul_1937_Bilz_Bad_Liegewiesen_mit.jpg,Category:Sunbathing,"File:26949-Radebeul-1937-Bilz-Bad, Liegewiesen mit Kabinen-Brück & Sohn Kunstverlag.jpg",Brück &amp; Sohn Kunstverlag Meißen,CC BY-SA 3.0,https://commons.wikimedia.org/wiki/File%3A26949-Radebeul-1937-Bilz-Bad%2C_Liegewiesen_mit_Kabinen-Br%C3%BCck_%26_Sohn_Kunstverlag.jpg,https://thumb.wikimedia.org/wikipedia/commons/thumb/6/61/26949-Radebeul-1937-Bilz-Bad%2C_Liegewiesen_mit_Kabinen-Br%C3%BCck_%26_Sohn_Kunstverlag.jpg/960px-26949-Radebeul-1937-Bilz-Bad%2C_Liegewiesen_mit_Kabinen-Br%C3%BCck_%26_Sohn_Kunstverlag.jpg?utm_source=commons.wikimedia.org&utm_campaign=imageinfo&utm_content=thumbnail
sunbathing_1023_File_26950_Radebeul_1937_Bilz_Bad_Liegewiese_L_nit.jpg,Category:Sunbathing,"File:26950-Radebeul-1937-Bilz-Bad, Liegewiese, Lößnitz-Brück & Sohn Kunstverlag.jpg",Brück &amp; Sohn Kunstverlag Meißen,CC BY-SA 3.0,https://commons.wikimedia.org/wiki/File%3A26950-Radebeul-1937-Bilz-Bad%2C_Liegewiese%2C_L%C3%B6%C3%9Fnitz-Br%C3%BCck_%26_Sohn_Kunstverlag.jpg,https://thumb.wikimedia.org/wikipedia/commons/thumb/2/20/26950-Radebeul-1937-Bilz-Bad%2C_Liegewiese%2C_L%C3%B6%C3%9Fnitz-Br%C3%BCck_%26_Sohn_Kunstverlag.jpg/960px-26950-Radebeul-1937-Bilz-Bad%2C_Liegewiese%2C_L%C3%B6%C3%9Fnitz-Br%C3%BCck_%26_Sohn_Kunstverlag.jpg?utm_source=commons.wikimedia.org&utm_campaign=imageinfo&utm_content=thumbnail
sunbathing_1024_File_27571_Hetzdorf_1940_Bad_Sumpfm_hle_Br_ck_Sohn.jpg,Category:Sunbathing,File:27571-Hetzdorf-1940-Bad Sumpfmühle-Brück & Sohn Kunstverlag.jpg,Brück &amp; Sohn Kunstverlag Meißen,CC BY-SA 3.0,https://commons.wikimedia.org/wiki/File%3A27571-Hetzdorf-1940-Bad_Sumpfm%C3%BChle-Br%C3%BCck_%26_Sohn_Kunstverlag.jpg,https://thumb.wikimedia.org/wikipedia/commons/thumb/0/09/27571-Hetzdorf-1940-Bad_Sumpfm%C3%BChle-Br%C3%BCck_%26_Sohn_Kunstverlag.jpg/960px-27571-Hetzdorf-1940-Bad_Sumpfm%C3%BChle-Br%C3%BCck_%26_Sohn_Kunstverlag.jpg?utm_source=commons.wikimedia.org&utm_campaign=imageinfo&utm_content=thumbnail
sunbathing_1025_File_27705_Radebeul_1942_Bilz_Luft_Bad_Wirtschafts.jpg,Category:Sunbathing,"File:27705-Radebeul-1942-Bilz-Luft-Bad, Wirtschaftsgebäude-Brück & Sohn Kunstverlag.jpg",Brück &amp; Sohn Kunstverlag Meißen,CC BY-SA 3.0,https://commons.wikimedia.org/wiki/File%3A27705-Radebeul-1942-Bilz-Luft-Bad%2C_Wirtschaftsgeb%C3%A4ude-Br%C3%BCck_%26_Sohn_Kunstverlag.jpg,https://thumb.wikimedia.org/wikipedia/commons/thumb/3/3f/27705-Radebeul-1942-Bilz-Luft-Bad%2C_Wirtschaftsgeb%C3%A4ude-Br%C3%BCck_%26_Sohn_Kunstverlag.jpg/960px-27705-Radebeul-1942-Bilz-Luft-Bad%2C_Wirtschaftsgeb%C3%A4ude-Br%C3%BCck_%26_Sohn_Kunstverlag.jpg?utm_source=commons.wikimedia.org&utm_campaign=imageinfo&utm_content=thumbnail
sunbathing_1026_File_27707_Radebeul_1942_Bilz_Luft_Bad_Liegewiese.jpg,Category:Sunbathing,"File:27707-Radebeul-1942-Bilz-Luft-Bad, Liegewiese-Brück & Sohn Kunstverlag.jpg",Brück &amp; Sohn Kunstverlag Meißen,CC BY-SA 3.0,https://commons.wikimedia.org/wiki/File%3A27707-Radebeul-1942-Bilz-Luft-Bad%2C_Liegewiese-Br%C3%BCck_%26_Sohn_Kunstverlag.jpg,https://thumb.wikimedia.org/wikipedia/commons/thumb/5/53/27707-Radebeul-1942-Bilz-Luft-Bad%2C_Liegewiese-Br%C3%BCck_%26_Sohn_Kunstverlag.jpg/960px-27707-Radebeul-1942-Bilz-Luft-Bad%2C_Liegewiese-Br%C3%BCck_%26_Sohn_Kunstverlag.jpg?utm_source=commons.wikimedia.org&utm_campaign=imageinfo&utm_content=thumbnail
sunbathing_1027_File_27830_Hetzdorf_1943_Sumpfm_hle_Br_ck_Sohn_Kun.jpg,Category:Sunbathing,File:27830-Hetzdorf-1943-Sumpfmühle-Brück & Sohn Kunstverlag.jpg,Brück &amp; Sohn Kunstverlag Meißen,CC BY-SA 3.0,https://commons.wikimedia.org/wiki/File%3A27830-Hetzdorf-1943-Sumpfm%C3%BChle-Br%C3%BCck_%26_Sohn_Kunstverlag.jpg,https://thumb.wikimedia.org/wikipedia/commons/thumb/2/28/27830-Hetzdorf-1943-Sumpfm%C3%BChle-Br%C3%BCck_%26_Sohn_Kunstverlag.jpg/960px-27830-Hetzdorf-1943-Sumpfm%C3%BChle-Br%C3%BCck_%26_Sohn_Kunstverlag.jpg?utm_source=commons.wikimedia.org&utm_campaign=imageinfo&utm_content=thumbnail
sunbathing_1028_File_28370_Schmannewitz_1952_Waldteich_Bad_Br_ck_S.jpg,Category:Sunbathing,File:28370-Schmannewitz-1952-Waldteich - Bad-Brück & Sohn Kunstverlag.jpg,Brück &amp; Sohn Kunstverlag Meißen,CC BY-SA 3.0,https://commons.wikimedia.org/wiki/File%3A28370-Schmannewitz-1952-Waldteich_-_Bad-Br%C3%BCck_%26_Sohn_Kunstverlag.jpg,https://thumb.wikimedia.org/wikipedia/commons/thumb/a/a8/28370-Schmannewitz-1952-Waldteich_-_Bad-Br%C3%BCck_%26_Sohn_Kunstverlag.jpg/960px-28370-Schmannewitz-1952-Waldteich_-_Bad-Br%C3%BCck_%26_Sohn_Kunstverlag.jpg?utm_source=commons.wikimedia.org&utm_campaign=imageinfo&utm_content=thumbnail
sunbathing_1029_File_28405_Mei_en_1952_Stadtbad_Bohnitzsch_Br_ck_S.jpg,Category:Sunbathing,File:28405-Meißen-1952-Stadtbad Bohnitzsch-Brück & Sohn Kunstverlag.jpg,Brück &amp; Sohn Kunstverlag Meißen,CC BY-SA 3.0,https://commons.wikimedia.org/wiki/File%3A28405-Mei%C3%9Fen-1952-Stadtbad_Bohnitzsch-Br%C3%BCck_%26_Sohn_Kunstverlag.jpg,https://thumb.wikimedia.org/wikipedia/commons/thumb/e/ed/28405-Mei%C3%9Fen-1952-Stadtbad_Bohnitzsch-Br%C3%BCck_%26_Sohn_Kunstverlag.jpg/960px-28405-Mei%C3%9Fen-1952-Stadtbad_Bohnitzsch-Br%C3%BCck_%26_Sohn_Kunstverlag.jpg?utm_source=commons.wikimedia.org&utm_campaign=imageinfo&utm_content=thumbnail
sunbathing_1030_File_30028_Hetzdorf_1973_Blick_auf_Hetzdorf_Br_ck.jpg,Category:Sunbathing,File:30028-Hetzdorf-1973-Blick auf Hetzdorf-Brück & Sohn Kunstverlag.jpg,Brück &amp; Sohn Kunstverlag Meißen,CC BY-SA 3.0,https://commons.wikimedia.org/wiki/File%3A30028-Hetzdorf-1973-Blick_auf_Hetzdorf-Br%C3%BCck_%26_Sohn_Kunstverlag.jpg,https://thumb.wikimedia.org/wikipedia/commons/thumb/6/6b/30028-Hetzdorf-1973-Blick_auf_Hetzdorf-Br%C3%BCck_%26_Sohn_Kunstverlag.jpg/960px-30028-Hetzdorf-1973-Blick_auf_Hetzdorf-Br%C3%BCck_%26_Sohn_Kunstverlag.jpg?utm_source=commons.wikimedia.org&utm_campaign=imageinfo&utm_content=thumbnail
sunbathing_1031_File_30263_Radeburg_1980_Campingplatz_R_derstausee.jpg,Category:Sunbathing,File:30263-Radeburg-1980-Campingplatz Röderstausee-Brück & Sohn Kunstverlag.jpg,Brück &amp; Sohn Kunstverlag Meißen,CC BY-SA 3.0,https://commons.wikimedia.org/wiki/File%3A30263-Radeburg-1980-Campingplatz_R%C3%B6derstausee-Br%C3%BCck_%26_Sohn_Kunstverlag.jpg,https://thumb.wikimedia.org/wikipedia/commons/thumb/f/f7/30263-Radeburg-1980-Campingplatz_R%C3%B6derstausee-Br%C3%BCck_%26_Sohn_Kunstverlag.jpg/960px-30263-Radeburg-1980-Campingplatz_R%C3%B6derstausee-Br%C3%BCck_%26_Sohn_Kunstverlag.jpg?utm_source=commons.wikimedia.org&utm_campaign=imageinfo&utm_content=thumbnail
sunbathing_1032_File_30296_Mei_en_1981_Stadtbad_3_teilig_Br_ck_Soh.jpg,Category:Sunbathing,File:30296-Meißen-1981-Stadtbad 3-teilig-Brück & Sohn Kunstverlag.jpg,Brück &amp; Sohn Kunstverlag Meißen,CC BY-SA 3.0,https://commons.wikimedia.org/wiki/File%3A30296-Mei%C3%9Fen-1981-Stadtbad_3-teilig-Br%C3%BCck_%26_Sohn_Kunstverlag.jpg,https://thumb.wikimedia.org/wikipedia/commons/thumb/e/ea/30296-Mei%C3%9Fen-1981-Stadtbad_3-teilig-Br%C3%BCck_%26_Sohn_Kunstverlag.jpg/960px-30296-Mei%C3%9Fen-1981-Stadtbad_3-teilig-Br%C3%BCck_%26_Sohn_Kunstverlag.jpg?utm_source=commons.wikimedia.org&utm_campaign=imageinfo&utm_content=thumbnail
sunbathing_1033_File_30297_Mei_en_1981_Stadtbad_4_teilig_Br_ck_Soh.jpg,Category:Sunbathing,File:30297-Meißen-1981-Stadtbad 4-teilig-Brück & Sohn Kunstverlag.jpg,Brück &amp; Sohn Kunstverlag Meißen,CC BY-SA 3.0,https://commons.wikimedia.org/wiki/File%3A30297-Mei%C3%9Fen-1981-Stadtbad_4-teilig-Br%C3%BCck_%26_Sohn_Kunstverlag.jpg,https://thumb.wikimedia.org/wikipedia/commons/thumb/6/67/30297-Mei%C3%9Fen-1981-Stadtbad_4-teilig-Br%C3%BCck_%26_Sohn_Kunstverlag.jpg/960px-30297-Mei%C3%9Fen-1981-Stadtbad_4-teilig-Br%C3%BCck_%26_Sohn_Kunstverlag.jpg?utm_source=commons.wikimedia.org&utm_campaign=imageinfo&utm_content=thumbnail
sunbathing_1034_File_30299_Mei_en_1981_Stadtbad_4_teilig_Br_ck_Soh.jpg,Category:Sunbathing,File:30299-Meißen-1981-Stadtbad 4-teilig-Brück & Sohn Kunstverlag.jpg,Brück &amp; Sohn Kunstverlag Meißen,CC BY-SA 3.0,https://commons.wikimedia.org/wiki/File%3A30299-Mei%C3%9Fen-1981-Stadtbad_4-teilig-Br%C3%BCck_%26_Sohn_Kunstverlag.jpg,https://thumb.wikimedia.org/wikipedia/commons/thumb/e/eb/30299-Mei%C3%9Fen-1981-Stadtbad_4-teilig-Br%C3%BCck_%26_Sohn_Kunstverlag.jpg/960px-30299-Mei%C3%9Fen-1981-Stadtbad_4-teilig-Br%C3%BCck_%26_Sohn_Kunstverlag.jpg?utm_source=commons.wikimedia.org&utm_campaign=imageinfo&utm_content=thumbnail
sunbathing_1035_File_30711_Mei_en_1988_Stadtbad_Br_ck_Sohn_Kunstve.jpg,Category:Sunbathing,File:30711-Meißen-1988-Stadtbad-Brück & Sohn Kunstverlag.jpg,Brück &amp; Sohn Kunstverlag Meißen,CC BY-SA 3.0,https://commons.wikimedia.org/wiki/File%3A30711-Mei%C3%9Fen-1988-Stadtbad-Br%C3%BCck_%26_Sohn_Kunstverlag.jpg,https://thumb.wikimedia.org/wikipedia/commons/thumb/7/76/30711-Mei%C3%9Fen-1988-Stadtbad-Br%C3%BCck_%26_Sohn_Kunstverlag.jpg/960px-30711-Mei%C3%9Fen-1988-Stadtbad-Br%C3%BCck_%26_Sohn_Kunstverlag.jpg?utm_source=commons.wikimedia.org&utm_campaign=imageinfo&utm_content=thumbnail
sunbathing_1036_File_30712_Mei_en_1988_Stadtbad_Br_ck_Sohn_Kunstve.jpg,Category:Sunbathing,File:30712-Meißen-1988-Stadtbad-Brück & Sohn Kunstverlag.jpg,Brück &amp; Sohn Kunstverlag Meißen,CC BY-SA 3.0,https://commons.wikimedia.org/wiki/File%3A30712-Mei%C3%9Fen-1988-Stadtbad-Br%C3%BCck_%26_Sohn_Kunstverlag.jpg,https://thumb.wikimedia.org/wikipedia/commons/thumb/b/b1/30712-Mei%C3%9Fen-1988-Stadtbad-Br%C3%BCck_%26_Sohn_Kunstverlag.jpg/960px-30712-Mei%C3%9Fen-1988-Stadtbad-Br%C3%BCck_%26_Sohn_Kunstverlag.jpg?utm_source=commons.wikimedia.org&utm_campaign=imageinfo&utm_content=thumbnail
sunbathing_1037_File_3D_Medical_Animation_Still_of_Skin_Tanning.jpg,Category:Sunbathing,File:3D Medical Animation Still of Skin Tanning.jpg,http://www.scientificanimations.com/,CC BY-SA 4.0,https://commons.wikimedia.org/wiki/File%3A3D_Medical_Animation_Still_of_Skin_Tanning.jpg,https://thumb.wikimedia.org/wikipedia/commons/thumb/a/a8/3D_Medical_Animation_Still_of_Skin_Tanning.jpg/960px-3D_Medical_Animation_Still_of_Skin_Tanning.jpg?utm_source=commons.wikimedia.org&utm_campaign=imageinfo&utm_content=thumbnail
sunbathing_1038_File_A_nude_sunbather_on_a_clothing_optional_beach.jpg,Category:Sunbathing,File:A nude sunbather on a clothing-optional beach.jpg,The Naked Gentleman,CC0,https://commons.wikimedia.org/wiki/File%3AA_nude_sunbather_on_a_clothing-optional_beach.jpg,https://thumb.wikimedia.org/wikipedia/commons/thumb/e/e6/A_nude_sunbather_on_a_clothing-optional_beach.jpg/960px-A_nude_sunbather_on_a_clothing-optional_beach.jpg?utm_source=commons.wikimedia.org&utm_campaign=imageinfo&utm_content=thumbnail
sunbathing_1039_File_A_young_woman_douses_herself_with_cool_water.jpg,Category:Sunbathing,File:A young woman douses herself with cool water while sunbathing on a South American beach - DPLA - d3e26ce5b0d0fa3a70b33478bb5950bb.jpeg,Department of Defense. American Forces Information Service. Defense Visual Information Center. 1994,Public domain,https://commons.wikimedia.org/wiki/File%3AA_young_woman_douses_herself_with_cool_water_while_sunbathing_on_a_South_American_beach_-_DPLA_-_d3e26ce5b0d0fa3a70b33478bb5950bb.jpeg,https://thumb.wikimedia.org/wikipedia/commons/thumb/0/06/A_young_woman_douses_herself_with_cool_water_while_sunbathing_on_a_South_American_beach_-_DPLA_-_d3e26ce5b0d0fa3a70b33478bb5950bb.jpeg/960px-A_young_woman_douses_herself_with_cool_water_while_sunbathing_on_a_South_American_beach_-_DPLA_-_d3e26ce5b0d0fa3a70b33478bb5950bb.jpeg?utm_source=commons.wikimedia.org&utm_campaign=imageinfo&utm_content=thumbnail
sunbathing_1040_File_Aktfoto_Lilo_in_Wiese_LABW_Staatsarchiv_Freib.jpg,Category:Sunbathing,File:Aktfoto Lilo in Wiese - LABW - Staatsarchiv Freiburg W 134 Nr. 011094E.jpg,,CC BY 4.0,https://commons.wikimedia.org/wiki/File%3AAktfoto_Lilo_in_Wiese_-_LABW_-_Staatsarchiv_Freiburg_W_134_Nr._011094E.jpg,https://thumb.wikimedia.org/wikipedia/commons/thumb/4/4f/Aktfoto_Lilo_in_Wiese_-_LABW_-_Staatsarchiv_Freiburg_W_134_Nr._011094E.jpg/960px-Aktfoto_Lilo_in_Wiese_-_LABW_-_Staatsarchiv_Freiburg_W_134_Nr._011094E.jpg?utm_source=commons.wikimedia.org&utm_campaign=imageinfo&utm_content=thumbnail
sunbathing_1041_File_Aphelocoma_californica_noelzialee_3.jpg,Category:Sunbathing,File:Aphelocoma californica (noelzialee) 3.jpg,Noël Zia Lee,CC BY 2.0,https://commons.wikimedia.org/wiki/File%3AAphelocoma_californica_%28noelzialee%29_3.jpg,https://thumb.wikimedia.org/wikipedia/commons/thumb/4/41/Aphelocoma_californica_%28noelzialee%29_3.jpg/960px-Aphelocoma_californica_%28noelzialee%29_3.jpg?utm_source=commons.wikimedia.org&utm_campaign=imageinfo&utm_content=thumbnail
sunbathing_1042_File_Baden_in_der_Negev.jpg,Category:Sunbathing,File:Baden in der Negev.jpg,Nikola Herweg,CC BY-SA 3.0,https://commons.wikimedia.org/wiki/File%3ABaden_in_der_Negev.jpg,https://upload.wikimedia.org/wikipedia/commons/3/3a/Baden_in_der_Negev.jpg?utm_source=commons.wikimedia.org&utm_campaign=imageinfo&utm_content=thumbnail_unscaled
sunbathing_1043_File_Beach_Girls_50358418822.jpg,Category:Sunbathing,File:Beach Girls (50358418822).jpg,"WabbitWanderer from London, Canada",CC BY 2.0,https://commons.wikimedia.org/wiki/File%3ABeach_Girls_%2850358418822%29.jpg,https://thumb.wikimedia.org/wikipedia/commons/thumb/4/42/Beach_Girls_%2850358418822%29.jpg/960px-Beach_Girls_%2850358418822%29.jpg?utm_source=commons.wikimedia.org&utm_campaign=imageinfo&utm_content=thumbnail
sunbathing_1044_File_Bronzeado_na_Praia.jpg,Category:Sunbathing,File:Bronzeado na Praia.jpg,DiegoL569,CC BY-SA 4.0,https://commons.wikimedia.org/wiki/File%3ABronzeado_na_Praia.jpg,https://thumb.wikimedia.org/wikipedia/commons/thumb/0/0f/Bronzeado_na_Praia.jpg/960px-Bronzeado_na_Praia.jpg?utm_source=commons.wikimedia.org&utm_campaign=imageinfo&utm_content=thumbnail
sunbathing_1045_File_Cascade_river_in_the_rock_formation_panoramio.jpg,Category:Sunbathing,File:Cascade river in the rock formation - panoramio (1145).jpg,sterferg,CC BY-SA 3.0,https://commons.wikimedia.org/wiki/File%3ACascade_river_in_the_rock_formation_-_panoramio_%281145%29.jpg,https://thumb.wikimedia.org/wikipedia/commons/thumb/d/df/Cascade_river_in_the_rock_formation_-_panoramio_%281145%29.jpg/960px-Cascade_river_in_the_rock_formation_-_panoramio_%281145%29.jpg?utm_source=commons.wikimedia.org&utm_campaign=imageinfo&utm_content=thumbnail
sunbathing_1046_File_Chillen_Schouwburgplein_Rotterdam_37025232491.jpg,Category:Sunbathing,File:Chillen - Schouwburgplein Rotterdam (37025232491).jpg,"FaceMePLS from The Hague, The Netherlands",CC BY 2.0,https://commons.wikimedia.org/wiki/File%3AChillen_-_Schouwburgplein_Rotterdam_%2837025232491%29.jpg,https://thumb.wikimedia.org/wikipedia/commons/thumb/2/2e/Chillen_-_Schouwburgplein_Rotterdam_%2837025232491%29.jpg/960px-Chillen_-_Schouwburgplein_Rotterdam_%2837025232491%29.jpg?utm_source=commons.wikimedia.org&utm_campaign=imageinfo&utm_content=thumbnail
sunbathing_1047_File_Disappearing_sun_tan.jpg,Category:Sunbathing,File:Disappearing sun tan.jpg,Rollcloud,CC BY 3.0,https://commons.wikimedia.org/wiki/File%3ADisappearing_sun_tan.jpg,https://upload.wikimedia.org/wikipedia/commons/9/9d/Disappearing_sun_tan.jpg?utm_source=commons.wikimedia.org&utm_campaign=imageinfo&utm_content=thumbnail_unscaled
sunbathing_1048_File_Drukte_in_het_De_Mirandabad_Bestanddeelnr_912.jpg,Category:Sunbathing,"File:Drukte in het De Mirandabad, Bestanddeelnr 912-8772.jpg",Anefo,CC0,https://commons.wikimedia.org/wiki/File%3ADrukte_in_het_De_Mirandabad%2C_Bestanddeelnr_912-8772.jpg,https://thumb.wikimedia.org/wikipedia/commons/thumb/7/74/Drukte_in_het_De_Mirandabad%2C_Bestanddeelnr_912-8772.jpg/960px-Drukte_in_het_De_Mirandabad%2C_Bestanddeelnr_912-8772.jpg?utm_source=commons.wikimedia.org&utm_campaign=imageinfo&utm_content=thumbnail
sunbathing_1049_File_Feet_sea.jpg,Category:Sunbathing,File:Feet & sea.jpg,"Jakub Martyński from Warsaw, Poland",CC BY-SA 2.0,https://commons.wikimedia.org/wiki/File%3AFeet_%26_sea.jpg,https://upload.wikimedia.org/wikipedia/commons/e/ec/Feet_%26_sea.jpg?utm_source=commons.wikimedia.org&utm_campaign=imageinfo&utm_content=thumbnail_unscaled
sunbathing_1050_File_Colorful_portrait_woman_glasses_shades_sunbat.jpg,Category:Sunbathing,"File:Colorful, portrait, woman, glasses, shades, sunbathe Fortepan 4123.jpg",FOTO:Fortepan — ID 4123: Adományozó/Donor: Unknown. archive copy at the Wayback Machine,Public domain,https://commons.wikimedia.org/wiki/File%3AColorful%2C_portrait%2C_woman%2C_glasses%2C_shades%2C_sunbathe_Fortepan_4123.jpg,https://thumb.wikimedia.org/wikipedia/commons/thumb/1/19/Colorful%2C_portrait%2C_woman%2C_glasses%2C_shades%2C_sunbathe_Fortepan_4123.jpg/960px-Colorful%2C_portrait%2C_woman%2C_glasses%2C_shades%2C_sunbathe_Fortepan_4123.jpg?utm_source=commons.wikimedia.org&utm_campaign=imageinfo&utm_content=thumbnail
sunbathing_1051_File_Napoz_n_1953_Fortepan_7303.jpg,Category:Sunbathing,"File:Napozó nő, 1953. Fortepan 7303.jpg",FOTO:Fortepan — ID 7303: Adományozó/Donor: Szent-tamási Mihály.,CC BY-SA 3.0,https://commons.wikimedia.org/wiki/File%3ANapoz%C3%B3_n%C5%91%2C_1953._Fortepan_7303.jpg,https://thumb.wikimedia.org/wikipedia/commons/thumb/5/5a/Napoz%C3%B3_n%C5%91%2C_1953._Fortepan_7303.jpg/960px-Napoz%C3%B3_n%C5%91%2C_1953._Fortepan_7303.jpg?utm_source=commons.wikimedia.org&utm_campaign=imageinfo&utm_content=thumbnail
sunbathing_1052_File_Budapest_1976_bikinis_h_lgyek_nyug_gyak_Forte.jpg,Category:Sunbathing,"File:Budapest 1976, bikinis hölgyek, nyugágyak, Fortepan 15811.jpg",FOTO:Fortepan — ID 9400: Adományozó/Donor: MHSZ. archive copy at the Wayback Machine,CC BY-SA 3.0,https://commons.wikimedia.org/wiki/File%3ABudapest_1976%2C_bikinis_h%C3%B6lgyek%2C_nyug%C3%A1gyak%2C_Fortepan_15811.jpg,https://thumb.wikimedia.org/wikipedia/commons/thumb/c/c5/Budapest_1976%2C_bikinis_h%C3%B6lgyek%2C_nyug%C3%A1gyak%2C_Fortepan_15811.jpg/960px-Budapest_1976%2C_bikinis_h%C3%B6lgyek%2C_nyug%C3%A1gyak%2C_Fortepan_15811.jpg?utm_source=commons.wikimedia.org&utm_campaign=imageinfo&utm_content=thumbnail
sunbathing_1053_File_Napoz_emberek_1958_Fortepan_15870.jpg,Category:Sunbathing,"File:Napozó emberek, 1958. Fortepan 15870.jpg",FOTO:Fortepan — ID 15870: Adományozó/Donor: Szánthó Zoltán.,CC BY-SA 3.0,https://commons.wikimedia.org/wiki/File%3ANapoz%C3%B3_emberek%2C_1958._Fortepan_15870.jpg,https://thumb.wikimedia.org/wikipedia/commons/thumb/1/1a/Napoz%C3%B3_emberek%2C_1958._Fortepan_15870.jpg/960px-Napoz%C3%B3_emberek%2C_1958._Fortepan_15870.jpg?utm_source=commons.wikimedia.org&utm_campaign=imageinfo&utm_content=thumbnail
sunbathing_1054_File_G_r_mb_lytapolca_strandf_rd_Fortepan_16065.jpg,Category:Sunbathing,"File:(Görömbölytapolca), strandfürdő. Fortepan 16065.jpg",FOTO:Fortepan — ID 16065: Adományozó/Donor: Lőrincze Judit. archive copy at the Wayback Machine,CC BY-SA 3.0,https://commons.wikimedia.org/wiki/File%3A%28G%C3%B6r%C3%B6mb%C3%B6lytapolca%29%2C_strandf%C3%BCrd%C5%91._Fortepan_16065.jpg,https://thumb.wikimedia.org/wikipedia/commons/thumb/6/66/%28G%C3%B6r%C3%B6mb%C3%B6lytapolca%29%2C_strandf%C3%BCrd%C5%91._Fortepan_16065.jpg/960px-%28G%C3%B6r%C3%B6mb%C3%B6lytapolca%29%2C_strandf%C3%BCrd%C5%91._Fortepan_16065.jpg?utm_source=commons.wikimedia.org&utm_campaign=imageinfo&utm_content=thumbnail
sunbathing_1055_File_Portrait_sunbathe_Fortepan_29031.jpg,Category:Sunbathing,"File:Portrait, sunbathe Fortepan 29031.jpg",FOTO:Fortepan — ID 29031: Adományozó/Donor: Ludovika.,CC BY-SA 3.0,https://commons.wikimedia.org/wiki/File%3APortrait%2C_sunbathe_Fortepan_29031.jpg,https://thumb.wikimedia.org/wikipedia/commons/thumb/a/a4/Portrait%2C_sunbathe_Fortepan_29031.jpg/960px-Portrait%2C_sunbathe_Fortepan_29031.jpg?utm_source=commons.wikimedia.org&utm_campaign=imageinfo&utm_content=thumbnail
sunbathing_1056_File_Sunbathe_deck_chair_tableau_man_women_yard_Fo.jpg,Category:Sunbathing,"File:Sunbathe, deck chair, tableau, man, women, yard Fortepan 58641.jpg",FOTO:Fortepan — ID 58641: Adományozó/Donor: Orosz Heléna. archive copy at the Wayback Machine,CC BY-SA 3.0,https://commons.wikimedia.org/wiki/File%3ASunbathe%2C_deck_chair%2C_tableau%2C_man%2C_women%2C_yard_Fortepan_58641.jpg,https://thumb.wikimedia.org/wikipedia/commons/thumb/8/8b/Sunbathe%2C_deck_chair%2C_tableau%2C_man%2C_women%2C_yard_Fortepan_58641.jpg/960px-Sunbathe%2C_deck_chair%2C_tableau%2C_man%2C_women%2C_yard_Fortepan_58641.jpg?utm_source=commons.wikimedia.org&utm_campaign=imageinfo&utm_content=thumbnail
sunbathing_1057_File_Sunbathe_Fortepan_89937.jpg,Category:Sunbathing,File:Sunbathe Fortepan 89937.jpg,FOTO:Fortepan — ID 89937: Adományozó/Donor: Urbán Tamás.,CC BY-SA 3.0,https://commons.wikimedia.org/wiki/File%3ASunbathe_Fortepan_89937.jpg,https://thumb.wikimedia.org/wikipedia/commons/thumb/c/c1/Sunbathe_Fortepan_89937.jpg/960px-Sunbathe_Fortepan_89937.jpg?utm_source=commons.wikimedia.org&utm_campaign=imageinfo&utm_content=thumbnail
sunbathing_1058_File_Sunbathe_mixer_bench_Fortepan_89961.jpg,Category:Sunbathing,"File:Sunbathe, mixer, bench Fortepan 89961.jpg",FOTO:Fortepan — ID 89961: Adományozó/Donor: Urbán Tamás.,CC BY-SA 3.0,https://commons.wikimedia.org/wiki/File%3ASunbathe%2C_mixer%2C_bench_Fortepan_89961.jpg,https://thumb.wikimedia.org/wikipedia/commons/thumb/c/c9/Sunbathe%2C_mixer%2C_bench_Fortepan_89961.jpg/960px-Sunbathe%2C_mixer%2C_bench_Fortepan_89961.jpg?utm_source=commons.wikimedia.org&utm_campaign=imageinfo&utm_content=thumbnail
sunbathing_1059_File_Sunbathe_telescope_portable_radio_colorful_Fo.jpg,Category:Sunbathing,"File:Sunbathe, telescope, portable radio, colorful Fortepan 92120.jpg",FOTO:Fortepan — ID 92120: Adományozó/Donor: Fortepan/Album001. archive copy at the Wayback Machine,CC BY-SA 3.0,https://commons.wikimedia.org/wiki/File%3ASunbathe%2C_telescope%2C_portable_radio%2C_colorful_Fortepan_92120.jpg,https://thumb.wikimedia.org/wikipedia/commons/thumb/0/03/Sunbathe%2C_telescope%2C_portable_radio%2C_colorful_Fortepan_92120.jpg/960px-Sunbathe%2C_telescope%2C_portable_radio%2C_colorful_Fortepan_92120.jpg?utm_source=commons.wikimedia.org&utm_campaign=imageinfo&utm_content=thumbnail
sunbathing_1060_File_Sunbathe_telescope_colorful_Fortepan_92121.jpg,Category:Sunbathing,"File:Sunbathe, telescope, colorful Fortepan 92121.jpg",FOTO:Fortepan — ID 92121: Adományozó/Donor: Fortepan/Album001.,CC BY-SA 3.0,https://commons.wikimedia.org/wiki/File%3ASunbathe%2C_telescope%2C_colorful_Fortepan_92121.jpg,https://thumb.wikimedia.org/wikipedia/commons/thumb/5/56/Sunbathe%2C_telescope%2C_colorful_Fortepan_92121.jpg/960px-Sunbathe%2C_telescope%2C_colorful_Fortepan_92121.jpg?utm_source=commons.wikimedia.org&utm_campaign=imageinfo&utm_content=thumbnail
sunbathing_1061_File_Budapest_Pesti_als_rakpart_rv_z_idej_n_a_Magy.jpg,Category:Sunbathing,"File:Budapest, Pesti alsó rakpart árvíz idején a Magyar Tudományos Akadémia előtt. Fortepan 93853.jpg",FOTO:Fortepan — ID 93853: Adományozó/Donor: Fortepan/Album004.,CC BY-SA 3.0,https://commons.wikimedia.org/wiki/File%3ABudapest%2C_Pesti_als%C3%B3_rakpart_%C3%A1rv%C3%ADz_idej%C3%A9n_a_Magyar_Tudom%C3%A1nyos_Akad%C3%A9mia_el%C5%91tt._Fortepan_93853.jpg,https://thumb.wikimedia.org/wikipedia/commons/thumb/7/7e/Budapest%2C_Pesti_als%C3%B3_rakpart_%C3%A1rv%C3%ADz_idej%C3%A9n_a_Magyar_Tudom%C3%A1nyos_Akad%C3%A9mia_el%C5%91tt._Fortepan_93853.jpg/960px-Budapest%2C_Pesti_als%C3%B3_rakpart_%C3%A1rv%C3%ADz_idej%C3%A9n_a_Magyar_Tudom%C3%A1nyos_Akad%C3%A9mia_el%C5%91tt._Fortepan_93853.jpg?utm_source=commons.wikimedia.org&utm_campaign=imageinfo&utm_content=thumbnail
sunbathing_1062_File_Deck_chair_sunbathe_shades_relaxation_flower.jpg,Category:Sunbathing,"File:Deck chair, sunbathe, shades, relaxation, flower Fortepan 94580.jpg",FOTO:Fortepan — ID 94580: Adományozó/Donor: Fortepan/Album003. archive copy at the Wayback Machine,CC BY-SA 3.0,https://commons.wikimedia.org/wiki/File%3ADeck_chair%2C_sunbathe%2C_shades%2C_relaxation%2C_flower_Fortepan_94580.jpg,https://thumb.wikimedia.org/wikipedia/commons/thumb/b/b8/Deck_chair%2C_sunbathe%2C_shades%2C_relaxation%2C_flower_Fortepan_94580.jpg/960px-Deck_chair%2C_sunbathe%2C_shades%2C_relaxation%2C_flower_Fortepan_94580.jpg?utm_source=commons.wikimedia.org&utm_campaign=imageinfo&utm_content=thumbnail
sunbathing_1063_File_1958_Fortepan_100764.jpg,Category:Sunbathing,File:1958 Fortepan 100764.jpg,FOTO:Fortepan — ID 100764: Adományozó/Donor: Dobóczi Zsolt. archive copy at the Wayback Machine,CC BY-SA 3.0,https://commons.wikimedia.org/wiki/File%3A1958_Fortepan_100764.jpg,https://thumb.wikimedia.org/wikipedia/commons/thumb/4/4e/1958_Fortepan_100764.jpg/960px-1958_Fortepan_100764.jpg?utm_source=commons.wikimedia.org&utm_campaign=imageinfo&utm_content=thumbnail
sunbathing_1064_File_1958_Fortepan_101532.jpg,Category:Sunbathing,File:1958 Fortepan 101532.jpg,FOTO:Fortepan — ID 101532: Adományozó/Donor: Magyar Pál. archive copy at the Wayback Machine,CC BY-SA 3.0,https://commons.wikimedia.org/wiki/File%3A1958_Fortepan_101532.jpg,https://thumb.wikimedia.org/wikipedia/commons/thumb/4/40/1958_Fortepan_101532.jpg/960px-1958_Fortepan_101532.jpg?utm_source=commons.wikimedia.org&utm_campaign=imageinfo&utm_content=thumbnail
sunbathing_1065_File_Four_girls_tasting_the_Lisbon_sun_50237702131.jpg,Category:Sunbathing,File:Four girls tasting the Lisbon sun (50237702131).jpg,"Pedro Ribeiro Simões from Lisboa, Portugal",CC BY 2.0,https://commons.wikimedia.org/wiki/File%3AFour_girls_tasting_the_Lisbon_sun_%2850237702131%29.jpg,https://thumb.wikimedia.org/wikipedia/commons/thumb/a/a6/Four_girls_tasting_the_Lisbon_sun_%2850237702131%29.jpg/960px-Four_girls_tasting_the_Lisbon_sun_%2850237702131%29.jpg?utm_source=commons.wikimedia.org&utm_campaign=imageinfo&utm_content=thumbnail
sunbathing_1066_File_The_bathing_girls_NYPL_Hades_609469_1256749.jpg,Category:Sunbathing,File:The bathing girls (NYPL Hades-609469-1256749).jpg,Scan by NYPL,Public domain,https://commons.wikimedia.org/wiki/File%3AThe_bathing_girls_%28NYPL_Hades-609469-1256749%29.jpg,https://thumb.wikimedia.org/wikipedia/commons/thumb/f/fa/The_bathing_girls_%28NYPL_Hades-609469-1256749%29.jpg/960px-The_bathing_girls_%28NYPL_Hades-609469-1256749%29.jpg?utm_source=commons.wikimedia.org&utm_campaign=imageinfo&utm_content=thumbnail
sunbathing_1067_File_The_bathing_girls_NYPL_Hades_609469_1821273.jpg,Category:Sunbathing,File:The bathing girls (NYPL Hades-609469-1821273).jpg,Scan by NYPL,Public domain,https://commons.wikimedia.org/wiki/File%3AThe_bathing_girls_%28NYPL_Hades-609469-1821273%29.jpg,https://thumb.wikimedia.org/wikipedia/commons/thumb/9/95/The_bathing_girls_%28NYPL_Hades-609469-1821273%29.jpg/960px-The_bathing_girls_%28NYPL_Hades-609469-1821273%29.jpg?utm_source=commons.wikimedia.org&utm_campaign=imageinfo&utm_content=thumbnail
sunbathing_1068_File_The_bathing_girls_NYPL_Hades_609469_1821274.jpg,Category:Sunbathing,File:The bathing girls (NYPL Hades-609469-1821274).jpg,Scan by NYPL,Public domain,https://commons.wikimedia.org/wiki/File%3AThe_bathing_girls_%28NYPL_Hades-609469-1821274%29.jpg,https://thumb.wikimedia.org/wikipedia/commons/thumb/f/f2/The_bathing_girls_%28NYPL_Hades-609469-1821274%29.jpg/960px-The_bathing_girls_%28NYPL_Hades-609469-1821274%29.jpg?utm_source=commons.wikimedia.org&utm_campaign=imageinfo&utm_content=thumbnail
sunbathing_1069_File_The_bathing_girls_NYPL_Hades_609469_1821275.jpg,Category:Sunbathing,File:The bathing girls (NYPL Hades-609469-1821275).jpg,Scan by NYPL,Public domain,https://commons.wikimedia.org/wiki/File%3AThe_bathing_girls_%28NYPL_Hades-609469-1821275%29.jpg,https://thumb.wikimedia.org/wikipedia/commons/thumb/d/d1/The_bathing_girls_%28NYPL_Hades-609469-1821275%29.jpg/960px-The_bathing_girls_%28NYPL_Hades-609469-1821275%29.jpg?utm_source=commons.wikimedia.org&utm_campaign=imageinfo&utm_content=thumbnail
sunbathing_1070_File_The_bathing_girls_NYPL_Hades_609469_1821276.jpg,Category:Sunbathing,File:The bathing girls (NYPL Hades-609469-1821276).jpg,Scan by NYPL,Public domain,https://commons.wikimedia.org/wiki/File%3AThe_bathing_girls_%28NYPL_Hades-609469-1821276%29.jpg,https://thumb.wikimedia.org/wikipedia/commons/thumb/f/f2/The_bathing_girls_%28NYPL_Hades-609469-1821276%29.jpg/960px-The_bathing_girls_%28NYPL_Hades-609469-1821276%29.jpg?utm_source=commons.wikimedia.org&utm_campaign=imageinfo&utm_content=thumbnail
sunbathing_1071_File_The_bathing_girls_NYPL_Hades_609469_1821277.jpg,Category:Sunbathing,File:The bathing girls (NYPL Hades-609469-1821277).jpg,Scan by NYPL,Public domain,https://commons.wikimedia.org/wiki/File%3AThe_bathing_girls_%28NYPL_Hades-609469-1821277%29.jpg,https://thumb.wikimedia.org/wikipedia/commons/thumb/2/2e/The_bathing_girls_%28NYPL_Hades-609469-1821277%29.jpg/960px-The_bathing_girls_%28NYPL_Hades-609469-1821277%29.jpg?utm_source=commons.wikimedia.org&utm_campaign=imageinfo&utm_content=thumbnail
sunbathing_1072_File_The_bathing_girls_NYPL_Hades_609469_1821278.jpg,Category:Sunbathing,File:The bathing girls (NYPL Hades-609469-1821278).jpg,Scan by NYPL,Public domain,https://commons.wikimedia.org/wiki/File%3AThe_bathing_girls_%28NYPL_Hades-609469-1821278%29.jpg,https://thumb.wikimedia.org/wikipedia/commons/thumb/3/30/The_bathing_girls_%28NYPL_Hades-609469-1821278%29.jpg/960px-The_bathing_girls_%28NYPL_Hades-609469-1821278%29.jpg?utm_source=commons.wikimedia.org&utm_campaign=imageinfo&utm_content=thumbnail
sunbathing_1073_File_The_bathing_girls_NYPL_Hades_609469_1821279.jpg,Category:Sunbathing,File:The bathing girls (NYPL Hades-609469-1821279).jpg,Scan by NYPL,Public domain,https://commons.wikimedia.org/wiki/File%3AThe_bathing_girls_%28NYPL_Hades-609469-1821279%29.jpg,https://thumb.wikimedia.org/wikipedia/commons/thumb/1/15/The_bathing_girls_%28NYPL_Hades-609469-1821279%29.jpg/960px-The_bathing_girls_%28NYPL_Hades-609469-1821279%29.jpg?utm_source=commons.wikimedia.org&utm_campaign=imageinfo&utm_content=thumbnail
sunbathing_1074_File_Hammond_Slides_Moscow_Beach_08.jpg,Category:Sunbathing,File:Hammond Slides Moscow Beach 08.jpg,Thomas Taylor Hammond (1920-1993),CC BY-SA 4.0,https://commons.wikimedia.org/wiki/File%3AHammond_Slides_Moscow_Beach_08.jpg,https://thumb.wikimedia.org/wikipedia/commons/thumb/0/04/Hammond_Slides_Moscow_Beach_08.jpg/960px-Hammond_Slides_Moscow_Beach_08.jpg?utm_source=commons.wikimedia.org&utm_campaign=imageinfo&utm_content=thumbnail
sunbathing_1075_File_Hilde_Eschen_ligt_te_zonnen_in_de_sneeuw_Best.jpg,Category:Sunbathing,"File:Hilde Eschen ligt te zonnen in de sneeuw, Bestanddeelnr 254-4282.jpg",Willem van de Poll,CC0,https://commons.wikimedia.org/wiki/File%3AHilde_Eschen_ligt_te_zonnen_in_de_sneeuw%2C_Bestanddeelnr_254-4282.jpg,https://thumb.wikimedia.org/wikipedia/commons/thumb/7/71/Hilde_Eschen_ligt_te_zonnen_in_de_sneeuw%2C_Bestanddeelnr_254-4282.jpg/960px-Hilde_Eschen_ligt_te_zonnen_in_de_sneeuw%2C_Bestanddeelnr_254-4282.jpg?utm_source=commons.wikimedia.org&utm_campaign=imageinfo&utm_content=thumbnail
sunbathing_1076_File_Influence_of_pigmentation_on_skin_cancer_risk.jpg,Category:Sunbathing,File:Influence of pigmentation on skin cancer risk hu.png,User:Was a bee,CC BY 3.0,https://commons.wikimedia.org/wiki/File%3AInfluence_of_pigmentation_on_skin_cancer_risk_hu.png,https://thumb.wikimedia.org/wikipedia/commons/thumb/6/6b/Influence_of_pigmentation_on_skin_cancer_risk_hu.png/960px-Influence_of_pigmentation_on_skin_cancer_risk_hu.png?utm_source=commons.wikimedia.org&utm_campaign=imageinfo&utm_content=thumbnail
sunbathing_1077_File_Influence_of_pigmentation_on_skin_cancer_risk.jpg,Category:Sunbathing,File:Influence of pigmentation on skin cancer risk.png,"John D’Orazio, Stuart Jarrett, Alexandra Amaro-Ortiz and Timothy Scott",CC BY 3.0,https://commons.wikimedia.org/wiki/File%3AInfluence_of_pigmentation_on_skin_cancer_risk.png,https://thumb.wikimedia.org/wikipedia/commons/thumb/b/b0/Influence_of_pigmentation_on_skin_cancer_risk.png/960px-Influence_of_pigmentation_on_skin_cancer_risk.png?utm_source=commons.wikimedia.org&utm_campaign=imageinfo&utm_content=thumbnail
sunbathing_1078_File_La_Habana_43574736542.jpg,Category:Sunbathing,File:La Habana (43574736542).jpg,"Antonio Schubert from Rio de Janeiro, Brasil",CC BY-SA 2.0,https://commons.wikimedia.org/wiki/File%3ALa_Habana_%2843574736542%29.jpg,https://thumb.wikimedia.org/wikipedia/commons/thumb/b/b5/La_Habana_%2843574736542%29.jpg/960px-La_Habana_%2843574736542%29.jpg?utm_source=commons.wikimedia.org&utm_campaign=imageinfo&utm_content=thumbnail
sunbathing_1079_File_Lavertezzo_Church_and_River.jpg,Category:Sunbathing,File:Lavertezzo Church and River.jpg,"Falk Lademann from Neerach, Switzerland",CC BY 2.0,https://commons.wikimedia.org/wiki/File%3ALavertezzo_Church_and_River.jpg,https://thumb.wikimedia.org/wikipedia/commons/thumb/c/c3/Lavertezzo_Church_and_River.jpg/960px-Lavertezzo_Church_and_River.jpg?utm_source=commons.wikimedia.org&utm_campaign=imageinfo&utm_content=thumbnail
sunbathing_1080_File_Lisbon_7839958826.jpg,Category:Sunbathing,File:Lisbon (7839958826).jpg,"Aapo Haapanen from Tampere, Finland",CC BY 2.0,https://commons.wikimedia.org/wiki/File%3ALisbon_%287839958826%29.jpg,https://thumb.wikimedia.org/wikipedia/commons/thumb/2/2d/Lisbon_%287839958826%29.jpg/960px-Lisbon_%287839958826%29.jpg?utm_source=commons.wikimedia.org&utm_campaign=imageinfo&utm_content=thumbnail
sunbathing_1081_File_Lucky_sunbathing.jpg,Category:Sunbathing,File:Lucky sunbathing.jpg,Absoluteterritori,CC0,https://commons.wikimedia.org/wiki/File%3ALucky_sunbathing.jpg,https://thumb.wikimedia.org/wikipedia/commons/thumb/d/de/Lucky_sunbathing.jpg/960px-Lucky_sunbathing.jpg?utm_source=commons.wikimedia.org&utm_campaign=imageinfo&utm_content=thumbnail
sunbathing_1082_File_Madrid_El_Pardo_1976_14.jpg,Category:Sunbathing,"File:Madrid, El Pardo 1976 14.jpg",LBM1948,CC BY-SA 4.0,https://commons.wikimedia.org/wiki/File%3AMadrid%2C_El_Pardo_1976_14.jpg,https://upload.wikimedia.org/wikipedia/commons/c/c4/Madrid%2C_El_Pardo_1976_14.jpg?utm_source=commons.wikimedia.org&utm_campaign=imageinfo&utm_content=thumbnail_unscaled
sunbathing_1083_File_Manly_water_chute_and_toboggan_November_Decem.jpg,Category:Sunbathing,"File:Manly water chute and toboggan, November-December 1903 (3649149089).jpg",Melvin Vaniman,Public domain,https://commons.wikimedia.org/wiki/File%3AManly_water_chute_and_toboggan%2C_November-December_1903_%283649149089%29.jpg,https://upload.wikimedia.org/wikipedia/commons/0/08/Manly_water_chute_and_toboggan%2C_November-December_1903_%283649149089%29.jpg?utm_source=commons.wikimedia.org&utm_campaign=imageinfo&utm_content=thumbnail_unscaled
sunbathing_1084_File_Melanin_production_as_a_result_of_tanning.jpg,Category:Sunbathing,File:Melanin production as a result of tanning.jpg,http://www.scientificanimations.com/,CC BY-SA 4.0,https://commons.wikimedia.org/wiki/File%3AMelanin_production_as_a_result_of_tanning.jpg,https://upload.wikimedia.org/wikipedia/commons/8/87/Melanin_production_as_a_result_of_tanning.jpg?utm_source=commons.wikimedia.org&utm_campaign=imageinfo&utm_content=thumbnail_unscaled
sunbathing_1085_File_MelvL_019_5672687034.jpg,Category:Sunbathing,File:MelvL 019 (5672687034).jpg,Melv_L - MACASR,CC BY-SA 2.0,https://commons.wikimedia.org/wiki/File%3AMelvL_019_%285672687034%29.jpg,https://thumb.wikimedia.org/wikipedia/commons/thumb/8/88/MelvL_019_%285672687034%29.jpg/960px-MelvL_019_%285672687034%29.jpg?utm_source=commons.wikimedia.org&utm_campaign=imageinfo&utm_content=thumbnail
sunbathing_1086_File_Narvafronten_1944_Narvafront002.jpg,Category:Sunbathing,"File:Narvafronten, 1944 - Narvafront002.jpg",Unknown authorUnknown author,CC BY-SA 4.0,https://commons.wikimedia.org/wiki/File%3ANarvafronten%2C_1944_-_Narvafront002.jpg,https://thumb.wikimedia.org/wikipedia/commons/thumb/8/8c/Narvafronten%2C_1944_-_Narvafront002.jpg/960px-Narvafronten%2C_1944_-_Narvafront002.jpg?utm_source=commons.wikimedia.org&utm_campaign=imageinfo&utm_content=thumbnail
sunbathing_1087_File_Open_wing_basking_position_of_Tanaecia_jahnu.jpg,Category:Sunbathing,File:Open wing basking position of Tanaecia jahnu jahnu – Darjeeling Plain Earl.jpg,Sarpitabose,CC BY-SA 4.0,https://commons.wikimedia.org/wiki/File%3AOpen_wing_basking_position_of_Tanaecia_jahnu_jahnu_%E2%80%93_Darjeeling_Plain_Earl.jpg,https://thumb.wikimedia.org/wikipedia/commons/thumb/a/a0/Open_wing_basking_position_of_Tanaecia_jahnu_jahnu_%E2%80%93_Darjeeling_Plain_Earl.jpg/960px-Open_wing_basking_position_of_Tanaecia_jahnu_jahnu_%E2%80%93_Darjeeling_Plain_Earl.jpg?utm_source=commons.wikimedia.org&utm_campaign=imageinfo&utm_content=thumbnail
sunbathing_1088_File_People_on_the_beach_Sunbathing_Gili_Trawangan.jpg,Category:Sunbathing,"File:People on the beach, Sunbathing, Gili Trawangan (island), Indonesia.jpg",Vyacheslav Argenberg,CC BY 4.0,https://commons.wikimedia.org/wiki/File%3APeople_on_the_beach%2C_Sunbathing%2C_Gili_Trawangan_%28island%29%2C_Indonesia.jpg,https://thumb.wikimedia.org/wikipedia/commons/thumb/c/c4/People_on_the_beach%2C_Sunbathing%2C_Gili_Trawangan_%28island%29%2C_Indonesia.jpg/960px-People_on_the_beach%2C_Sunbathing%2C_Gili_Trawangan_%28island%29%2C_Indonesia.jpg?utm_source=commons.wikimedia.org&utm_campaign=imageinfo&utm_content=thumbnail
sunbathing_1089_File_Plage_sur_Herbe.jpg,Category:Sunbathing,File:Plage-sur-Herbe.jpg,Mith,CC BY-SA 3.0,https://commons.wikimedia.org/wiki/File%3APlage-sur-Herbe.jpg,https://thumb.wikimedia.org/wikipedia/commons/thumb/7/7f/Plage-sur-Herbe.jpg/960px-Plage-sur-Herbe.jpg?utm_source=commons.wikimedia.org&utm_campaign=imageinfo&utm_content=thumbnail
sunbathing_1090_File_Ready_for_sunbathing.jpg,Category:Sunbathing,File:Ready for sunbathing.jpg,Publicity Peta,CC BY-SA 4.0,https://commons.wikimedia.org/wiki/File%3AReady_for_sunbathing.jpg,https://thumb.wikimedia.org/wikipedia/commons/thumb/b/b0/Ready_for_sunbathing.jpg/960px-Ready_for_sunbathing.jpg?utm_source=commons.wikimedia.org&utm_campaign=imageinfo&utm_content=thumbnail
sunbathing_1091_File_RF_2706_FARVEBLIND_Krists_Luhaers_12_35237308.jpg,Category:Sunbathing,File:RF 2706 FARVEBLIND Krists Luhaers-12 (35237308960).jpg,Krists Luhaers,CC BY 2.0,https://commons.wikimedia.org/wiki/File%3ARF_2706_FARVEBLIND_Krists_Luhaers-12_%2835237308960%29.jpg,https://thumb.wikimedia.org/wikipedia/commons/thumb/7/77/RF_2706_FARVEBLIND_Krists_Luhaers-12_%2835237308960%29.jpg/960px-RF_2706_FARVEBLIND_Krists_Luhaers-12_%2835237308960%29.jpg?utm_source=commons.wikimedia.org&utm_campaign=imageinfo&utm_content=thumbnail
sunbathing_1092_File_Sandal_Tan.jpg,Category:Sunbathing,File:Sandal Tan.png,Whoisjohngalt,CC0,https://commons.wikimedia.org/wiki/File%3ASandal_Tan.png,https://thumb.wikimedia.org/wikipedia/commons/thumb/6/61/Sandal_Tan.png/960px-Sandal_Tan.png?utm_source=commons.wikimedia.org&utm_campaign=imageinfo&utm_content=thumbnail
sunbathing_1093_File_Schlachtensee_in_Berlin2019.jpg,Category:Sunbathing,File:Schlachtensee in Berlin2019.jpg,Lear 21,CC BY-SA 4.0,https://commons.wikimedia.org/wiki/File%3ASchlachtensee_in_Berlin2019.jpg,https://thumb.wikimedia.org/wikipedia/commons/thumb/9/94/Schlachtensee_in_Berlin2019.jpg/960px-Schlachtensee_in_Berlin2019.jpg?utm_source=commons.wikimedia.org&utm_campaign=imageinfo&utm_content=thumbnail
sunbathing_1094_File_Simpleicons_Places_sunbathing_1.jpg,Category:Sunbathing,File:Simpleicons Places sunbathing-1.svg,SimpleIcon http://www.simpleicon.com/,Public domain,https://commons.wikimedia.org/wiki/File%3ASimpleicons_Places_sunbathing-1.svg,https://thumb.wikimedia.org/wikipedia/commons/thumb/7/72/Simpleicons_Places_sunbathing-1.svg/960px-Simpleicons_Places_sunbathing-1.svg.png?utm_source=commons.wikimedia.org&utm_campaign=imageinfo&utm_content=thumbnail
sunbathing_1095_File_Simpleicons_Places_sunbathing.jpg,Category:Sunbathing,File:Simpleicons Places sunbathing.svg,SimpleIcon http://www.simpleicon.com/,CC BY 3.0,https://commons.wikimedia.org/wiki/File%3ASimpleicons_Places_sunbathing.svg,https://thumb.wikimedia.org/wikipedia/commons/thumb/8/8b/Simpleicons_Places_sunbathing.svg/960px-Simpleicons_Places_sunbathing.svg.png?utm_source=commons.wikimedia.org&utm_campaign=imageinfo&utm_content=thumbnail
sunbathing_1096_File_Soak_Up_The_Sun_98923635.jpg,Category:Sunbathing,File:Soak Up The Sun (98923635).jpeg,Vision Ease,CC BY-SA 3.0,https://commons.wikimedia.org/wiki/File%3ASoak_Up_The_Sun_%2898923635%29.jpeg,https://upload.wikimedia.org/wikipedia/commons/2/2f/Soak_Up_The_Sun_%2898923635%29.jpeg?utm_source=commons.wikimedia.org&utm_campaign=imageinfo&utm_content=thumbnail_unscaled
sunbathing_1097_File_Sonnendeck_panoramio.jpg,Category:Sunbathing,File:Sonnendeck - panoramio.jpg,giggel,CC BY 3.0,https://commons.wikimedia.org/wiki/File%3ASonnendeck_-_panoramio.jpg,https://thumb.wikimedia.org/wikipedia/commons/thumb/2/2f/Sonnendeck_-_panoramio.jpg/960px-Sonnendeck_-_panoramio.jpg?utm_source=commons.wikimedia.org&utm_campaign=imageinfo&utm_content=thumbnail
sunbathing_1098_File_Sonnenliegen_bei_der_Pfarrkirche_St_Oswald_in.jpg,Category:Sunbathing,File:Sonnenliegen bei der Pfarrkirche St Oswald in Freiland 2025.jpg,Josef Moser,CC0,https://commons.wikimedia.org/wiki/File%3ASonnenliegen_bei_der_Pfarrkirche_St_Oswald_in_Freiland_2025.jpg,https://thumb.wikimedia.org/wikipedia/commons/thumb/4/4d/Sonnenliegen_bei_der_Pfarrkirche_St_Oswald_in_Freiland_2025.jpg/960px-Sonnenliegen_bei_der_Pfarrkirche_St_Oswald_in_Freiland_2025.jpg?utm_source=commons.wikimedia.org&utm_campaign=imageinfo&utm_content=thumbnail
sunbathing_1099_File_Statue_on_beach.jpg,Category:Sunbathing,File:Statue on beach.jpg,Philippe Alès,CC BY-SA 4.0,https://commons.wikimedia.org/wiki/File%3AStatue_on_beach.jpg,https://thumb.wikimedia.org/wikipedia/commons/thumb/f/fe/Statue_on_beach.jpg/960px-Statue_on_beach.jpg?utm_source=commons.wikimedia.org&utm_campaign=imageinfo&utm_content=thumbnail
sunbathing_1100_File_Storfj_llsgraven_s_len.jpg,Category:Sunbathing,File:Storfjällsgraven sälen.jpg,Snömannen,CC BY-SA 3.0,https://commons.wikimedia.org/wiki/File%3AStorfj%C3%A4llsgraven_s%C3%A4len.jpg,https://upload.wikimedia.org/wikipedia/commons/a/a2/Storfj%C3%A4llsgraven_s%C3%A4len.jpg?utm_source=commons.wikimedia.org&utm_campaign=imageinfo&utm_content=thumbnail_unscaled
sunbathing_1101_File_Sun_tanning.jpg,Category:Sunbathing,File:Sun tanning.jpg,https://www.flickr.com/photos/camila-/ Camila Cociña,CC BY 2.0,https://commons.wikimedia.org/wiki/File%3ASun_tanning.jpg,https://thumb.wikimedia.org/wikipedia/commons/thumb/d/dd/Sun_tanning.jpg/960px-Sun_tanning.jpg?utm_source=commons.wikimedia.org&utm_campaign=imageinfo&utm_content=thumbnail
sunbathing_1102_File_Sunbathers_at_Seaside_Beach_Seaside_Oregon_ci.jpg,Category:Sunbathing,"File:Sunbathers at Seaside Beach, Seaside, Oregon, circa 1928 (AL+CA 1650).jpg",Unknown authorUnknown author,Public domain,https://commons.wikimedia.org/wiki/File%3ASunbathers_at_Seaside_Beach%2C_Seaside%2C_Oregon%2C_circa_1928_%28AL%2BCA_1650%29.jpg,https://upload.wikimedia.org/wikipedia/commons/6/61/Sunbathers_at_Seaside_Beach%2C_Seaside%2C_Oregon%2C_circa_1928_%28AL%2BCA_1650%29.jpg?utm_source=commons.wikimedia.org&utm_campaign=imageinfo&utm_content=thumbnail_unscaled
sunbathing_1103_File_Sunbathing_icon.jpg,Category:Sunbathing,File:Sunbathing icon.png,OnlineWebFonts.com,CC BY 3.0,https://commons.wikimedia.org/wiki/File%3ASunbathing_icon.png,https://thumb.wikimedia.org/wikipedia/commons/thumb/9/98/Sunbathing_icon.png/960px-Sunbathing_icon.png?utm_source=commons.wikimedia.org&utm_campaign=imageinfo&utm_content=thumbnail
sunbathing_1104_File_SunBathing.jpg,Category:Sunbathing,File:SunBathing.jpg,Pedro Ribeiro Simões,CC BY 2.0,https://commons.wikimedia.org/wiki/File%3ASunBathing.jpg,https://thumb.wikimedia.org/wikipedia/commons/thumb/8/84/SunBathing.jpg/960px-SunBathing.jpg?utm_source=commons.wikimedia.org&utm_campaign=imageinfo&utm_content=thumbnail
sunbathing_1105_File_Sunburned.jpg,Category:Sunbathing,File:Sunburned.jpg,Rmaleah,CC BY-SA 4.0,https://commons.wikimedia.org/wiki/File%3ASunburned.jpg,https://thumb.wikimedia.org/wikipedia/commons/thumb/8/82/Sunburned.jpg/960px-Sunburned.jpg?utm_source=commons.wikimedia.org&utm_campaign=imageinfo&utm_content=thumbnail
sunbathing_1106_File_The_Sunbath_Flickr_Schwarzkaefer.jpg,Category:Sunbathing,File:The Sunbath - Flickr - Schwarzkaefer.jpg,"Balint Földesi from Hamburg, Germany",CC BY 2.0,https://commons.wikimedia.org/wiki/File%3AThe_Sunbath_-_Flickr_-_Schwarzkaefer.jpg,https://thumb.wikimedia.org/wikipedia/commons/thumb/c/c9/The_Sunbath_-_Flickr_-_Schwarzkaefer.jpg/960px-The_Sunbath_-_Flickr_-_Schwarzkaefer.jpg?utm_source=commons.wikimedia.org&utm_campaign=imageinfo&utm_content=thumbnail
sunbathing_1107_File_Toicon_icon_open_decompress.jpg,Category:Sunbathing,File:Toicon-icon-open-decompress.svg,Ariane Garoff/toicon.com,CC BY 4.0,https://commons.wikimedia.org/wiki/File%3AToicon-icon-open-decompress.svg,https://thumb.wikimedia.org/wikipedia/commons/thumb/1/14/Toicon-icon-open-decompress.svg/960px-Toicon-icon-open-decompress.svg.png?utm_source=commons.wikimedia.org&utm_campaign=imageinfo&utm_content=thumbnail
sunbathing_1108_File_Uma_das_coisas_boas_de_n_o_viajar_sozinho_que.jpg,Category:Sunbathing,File:Uma das coisas boas de não viajar sozinho é que sempre (33582965952).jpg,Shoichi Iwashita,CC BY 2.0,https://commons.wikimedia.org/wiki/File%3AUma_das_coisas_boas_de_n%C3%A3o_viajar_sozinho_%C3%A9_que_sempre_%2833582965952%29.jpg,https://thumb.wikimedia.org/wikipedia/commons/thumb/1/1c/Uma_das_coisas_boas_de_n%C3%A3o_viajar_sozinho_%C3%A9_que_sempre_%2833582965952%29.jpg/960px-Uma_das_coisas_boas_de_n%C3%A3o_viajar_sozinho_%C3%A9_que_sempre_%2833582965952%29.jpg?utm_source=commons.wikimedia.org&utm_campaign=imageinfo&utm_content=thumbnail
sunbathing_1109_File_Un_po_di_riposo_sotto_il_sole.jpg,Category:Sunbathing,File:Un po di riposo sotto il sole.jpg,Sipontino74,CC BY-SA 4.0,https://commons.wikimedia.org/wiki/File%3AUn_po_di_riposo_sotto_il_sole.jpg,https://thumb.wikimedia.org/wikipedia/commons/thumb/9/90/Un_po_di_riposo_sotto_il_sole.jpg/960px-Un_po_di_riposo_sotto_il_sole.jpg?utm_source=commons.wikimedia.org&utm_campaign=imageinfo&utm_content=thumbnail
sunbathing_1110_File_Volkspark_am_Weinberg_7278000458.jpg,Category:Sunbathing,File:Volkspark am Weinberg (7278000458).jpg,"Steffen Zahn from Berlin, Germany",CC BY 2.0,https://commons.wikimedia.org/wiki/File%3AVolkspark_am_Weinberg_%287278000458%29.jpg,https://thumb.wikimedia.org/wikipedia/commons/thumb/6/68/Volkspark_am_Weinberg_%287278000458%29.jpg/960px-Volkspark_am_Weinberg_%287278000458%29.jpg?utm_source=commons.wikimedia.org&utm_campaign=imageinfo&utm_content=thumbnail
sunbathing_1111_File_Wikipedia_For_peace_in_Vienna_2019_by_Mardeta.jpg,Category:Sunbathing,File:Wikipedia For peace in Vienna 2019 by Mardetanha 0745 30.jpg,Mardetanha,CC BY-SA 4.0,https://commons.wikimedia.org/wiki/File%3AWikipedia_For_peace_in_Vienna_2019_by_Mardetanha_0745_30.jpg,https://thumb.wikimedia.org/wikipedia/commons/thumb/6/66/Wikipedia_For_peace_in_Vienna_2019_by_Mardetanha_0745_30.jpg/960px-Wikipedia_For_peace_in_Vienna_2019_by_Mardetanha_0745_30.jpg?utm_source=commons.wikimedia.org&utm_campaign=imageinfo&utm_content=thumbnail
sunbathing_1112_File_Woman_at_Palm_Cove_Beach_Queensland_2020.jpg,Category:Sunbathing,"File:Woman at Palm Cove Beach, Queensland, 2020.jpg",Chris Olszewski,CC BY-SA 4.0,https://commons.wikimedia.org/wiki/File%3AWoman_at_Palm_Cove_Beach%2C_Queensland%2C_2020.jpg,https://thumb.wikimedia.org/wikipedia/commons/thumb/b/be/Woman_at_Palm_Cove_Beach%2C_Queensland%2C_2020.jpg/960px-Woman_at_Palm_Cove_Beach%2C_Queensland%2C_2020.jpg?utm_source=commons.wikimedia.org&utm_campaign=imageinfo&utm_content=thumbnail
sunbathing_1113_File_Women_on_the_beach_Gili_Trawangan_island_Indo.jpg,Category:Sunbathing,"File:Women on the beach, Gili Trawangan (island), Indonesia.jpg",Vyacheslav Argenberg,CC BY 4.0,https://commons.wikimedia.org/wiki/File%3AWomen_on_the_beach%2C_Gili_Trawangan_%28island%29%2C_Indonesia.jpg,https://thumb.wikimedia.org/wikipedia/commons/thumb/3/38/Women_on_the_beach%2C_Gili_Trawangan_%28island%29%2C_Indonesia.jpg/960px-Women_on_the_beach%2C_Gili_Trawangan_%28island%29%2C_Indonesia.jpg?utm_source=commons.wikimedia.org&utm_campaign=imageinfo&utm_content=thumbnail
sunbathing_1114_File_2021_08.jpg,Category:Sunbathing,File:Купальщики на реке Протве у города Протвино 2021-08.jpg,Artyom Svetlov,CC0,https://commons.wikimedia.org/wiki/File%3A%D0%9A%D1%83%D0%BF%D0%B0%D0%BB%D1%8C%D1%89%D0%B8%D0%BA%D0%B8_%D0%BD%D0%B0_%D1%80%D0%B5%D0%BA%D0%B5_%D0%9F%D1%80%D0%BE%D1%82%D0%B2%D0%B5_%D1%83_%D0%B3%D0%BE%D1%80%D0%BE%D0%B4%D0%B0_%D0%9F%D1%80%D0%BE%D1%82%D0%B2%D0%B8%D0%BD%D0%BE_2021-08.jpg,https://thumb.wikimedia.org/wikipedia/commons/thumb/9/9c/%D0%9A%D1%83%D0%BF%D0%B0%D0%BB%D1%8C%D1%89%D0%B8%D0%BA%D0%B8_%D0%BD%D0%B0_%D1%80%D0%B5%D0%BA%D0%B5_%D0%9F%D1%80%D0%BE%D1%82%D0%B2%D0%B5_%D1%83_%D0%B3%D0%BE%D1%80%D0%BE%D0%B4%D0%B0_%D0%9F%D1%80%D0%BE%D1%82%D0%B2%D0%B8%D0%BD%D0%BE_2021-08.jpg/960px-%D0%9A%D1%83%D0%BF%D0%B0%D0%BB%D1%8C%D1%89%D0%B8%D0%BA%D0%B8_%D0%BD%D0%B0_%D1%80%D0%B5%D0%BA%D0%B5_%D0%9F%D1%80%D0%BE%D1%82%D0%B2%D0%B5_%D1%83_%D0%B3%D0%BE%D1%80%D0%BE%D0%B4%D0%B0_%D0%9F%D1%80%D0%BE%D1%82%D0%B2%D0%B8%D0%BD%D0%BE_2021-08.jpg?utm_source=commons.wikimedia.org&utm_campaign=imageinfo&utm_content=thumbnail
eyelids_1115_File_202502_Eversion_Of_Lateral_Third_Of_Lower_Eye.jpg,Category:Eyelids,File:202502 Eversion Of Lateral Third Of Lower Eyelids.svg,DataBase Center for Life Science (DBCLS),CC BY 4.0,https://commons.wikimedia.org/wiki/File%3A202502_Eversion_Of_Lateral_Third_Of_Lower_Eyelids.svg,https://thumb.wikimedia.org/wikipedia/commons/thumb/e/e9/202502_Eversion_Of_Lateral_Third_Of_Lower_Eyelids.svg/960px-202502_Eversion_Of_Lateral_Third_Of_Lower_Eyelids.svg.png?utm_source=commons.wikimedia.org&utm_campaign=imageinfo&utm_content=thumbnail
eyelids_1116_File_Blepharoplasty_few_days_after_procedure.jpg,Category:Eyelids,File:Blepharoplasty few days after procedure.jpg,Whoisjohngalt,CC BY-SA 4.0,https://commons.wikimedia.org/wiki/File%3ABlepharoplasty_few_days_after_procedure.jpg,https://thumb.wikimedia.org/wikipedia/commons/thumb/e/e4/Blepharoplasty_few_days_after_procedure.jpg/960px-Blepharoplasty_few_days_after_procedure.jpg?utm_source=commons.wikimedia.org&utm_campaign=imageinfo&utm_content=thumbnail
eyelids_1117_File_Bridal_makeup_for_Indian_Wedding.jpg,Category:Eyelids,File:Bridal makeup for Indian Wedding.jpg,Yugaljoshi,CC BY-SA 4.0,https://commons.wikimedia.org/wiki/File%3ABridal_makeup_for_Indian_Wedding.jpg,https://thumb.wikimedia.org/wikipedia/commons/thumb/1/12/Bridal_makeup_for_Indian_Wedding.jpg/960px-Bridal_makeup_for_Indian_Wedding.jpg?utm_source=commons.wikimedia.org&utm_campaign=imageinfo&utm_content=thumbnail
eyelids_1118_File_C_rudjeye_crantche_ouy_graevleus_texhou_djaen.jpg,Category:Eyelids,File:Cérudjeye crantche ouy graevleus texhou djaenåsse-rag.jpg,Lucyin,CC BY-SA 4.0,https://commons.wikimedia.org/wiki/File%3AC%C3%A9rudjeye_crantche_ouy_graevleus_texhou_djaen%C3%A5sse-rag.jpg,https://upload.wikimedia.org/wikipedia/commons/3/34/C%C3%A9rudjeye_crantche_ouy_graevleus_texhou_djaen%C3%A5sse-rag.jpg?utm_source=commons.wikimedia.org&utm_campaign=imageinfo&utm_content=thumbnail_unscaled
eyelids_1119_File_East_Asian_blepharoplasty_before_after.jpg,Category:Eyelids,File:East Asian blepharoplasty before after.jpg,"User:People bios (original photos), User:Cymru.lass (derived work)",CC BY-SA 3.0,https://commons.wikimedia.org/wiki/File%3AEast_Asian_blepharoplasty_before_after.jpg,https://upload.wikimedia.org/wikipedia/commons/0/02/East_Asian_blepharoplasty_before_after.jpg?utm_source=commons.wikimedia.org&utm_campaign=imageinfo&utm_content=thumbnail_unscaled
eyelids_1120_File_Eyelash_trichomegaly.jpg,Category:Eyelids,File:Eyelash trichomegaly.jpg,Rapidreflex,CC BY 4.0,https://commons.wikimedia.org/wiki/File%3AEyelash_trichomegaly.jpg,https://thumb.wikimedia.org/wikipedia/commons/thumb/8/85/Eyelash_trichomegaly.jpg/960px-Eyelash_trichomegaly.jpg?utm_source=commons.wikimedia.org&utm_campaign=imageinfo&utm_content=thumbnail
eyelids_1121_File_Human_eye_nasal_lateral_view.jpg,Category:Eyelids,"File:Human eye, nasal lateral view.jpg",Rapidreflex,CC BY-SA 4.0,https://commons.wikimedia.org/wiki/File%3AHuman_eye%2C_nasal_lateral_view.jpg,https://thumb.wikimedia.org/wikipedia/commons/thumb/a/a2/Human_eye%2C_nasal_lateral_view.jpg/960px-Human_eye%2C_nasal_lateral_view.jpg?utm_source=commons.wikimedia.org&utm_campaign=imageinfo&utm_content=thumbnail
eyelids_1122_File_Human_eyelashes.jpg,Category:Eyelids,File:Human eyelashes.jpg,Rapidreflex,CC BY-SA 4.0,https://commons.wikimedia.org/wiki/File%3AHuman_eyelashes.jpg,https://thumb.wikimedia.org/wikipedia/commons/thumb/9/9e/Human_eyelashes.jpg/960px-Human_eyelashes.jpg?utm_source=commons.wikimedia.org&utm_campaign=imageinfo&utm_content=thumbnail
eyelids_1123_File_Plastic_surgery_for_teens_advertisement_in_To.jpg,Category:Eyelids,"File:Plastic surgery for teens, advertisement in Tokyo urban train.jpg",Syced,CC0,https://commons.wikimedia.org/wiki/File%3APlastic_surgery_for_teens%2C_advertisement_in_Tokyo_urban_train.jpg,https://thumb.wikimedia.org/wikipedia/commons/thumb/6/6d/Plastic_surgery_for_teens%2C_advertisement_in_Tokyo_urban_train.jpg/960px-Plastic_surgery_for_teens%2C_advertisement_in_Tokyo_urban_train.jpg?utm_source=commons.wikimedia.org&utm_campaign=imageinfo&utm_content=thumbnail
eyelids_1124_File_Third_eyelid_on_a_domestic_dog.jpg,Category:Eyelids,File:Third eyelid on a domestic dog.jpg,Serial Number 54129,CC BY-SA 4.0,https://commons.wikimedia.org/wiki/File%3AThird_eyelid_on_a_domestic_dog.jpg,https://thumb.wikimedia.org/wikipedia/commons/thumb/6/64/Third_eyelid_on_a_domestic_dog.jpg/960px-Third_eyelid_on_a_domestic_dog.jpg?utm_source=commons.wikimedia.org&utm_campaign=imageinfo&utm_content=thumbnail
eyelids_1125_File_Visible_human_eye.jpg,Category:Eyelids,File:Visible-human-eye.jpg,Biswadip Barman,CC BY-SA 4.0,https://commons.wikimedia.org/wiki/File%3AVisible-human-eye.jpg,https://thumb.wikimedia.org/wikipedia/commons/thumb/e/e8/Visible-human-eye.jpg/960px-Visible-human-eye.jpg?utm_source=commons.wikimedia.org&utm_campaign=imageinfo&utm_content=thumbnail
closed-eyes-in-art_1126_File_Angel_Praying_Hard.jpg,Category:Closed eyes in art,File:Angel Praying Hard.JPG,Rae K. Hauck,CC BY-SA 3.0,https://commons.wikimedia.org/wiki/File%3AAngel_Praying_Hard.JPG,https://thumb.wikimedia.org/wikipedia/commons/thumb/a/a4/Angel_Praying_Hard.JPG/960px-Angel_Praying_Hard.JPG?utm_source=commons.wikimedia.org&utm_campaign=imageinfo&utm_content=thumbnail
closed-eyes-in-art_1127_File_Archives_du_Mus_um_d_Histoire_Naturelle_Paris.jpg,Category:Closed eyes in art,"File:Archives du Muséum d'Histoire Naturelle, Paris (Pl. II) BHL45666017.jpg",Muséum national d'histoire naturelle (France),Public domain,https://commons.wikimedia.org/wiki/File%3AArchives_du_Mus%C3%A9um_d%27Histoire_Naturelle%2C_Paris_%28Pl._II%29_BHL45666017.jpg,https://thumb.wikimedia.org/wikipedia/commons/thumb/c/c2/Archives_du_Mus%C3%A9um_d%27Histoire_Naturelle%2C_Paris_%28Pl._II%29_BHL45666017.jpg/960px-Archives_du_Mus%C3%A9um_d%27Histoire_Naturelle%2C_Paris_%28Pl._II%29_BHL45666017.jpg?utm_source=commons.wikimedia.org&utm_campaign=imageinfo&utm_content=thumbnail
closed-eyes-in-art_1128_File_ATM_not_working_at_night_02.jpg,Category:Closed eyes in art,File:ATM not working at night (02).jpg,Nicolas1981,CC BY-SA 3.0,https://commons.wikimedia.org/wiki/File%3AATM_not_working_at_night_%2802%29.jpg,https://thumb.wikimedia.org/wikipedia/commons/thumb/5/5d/ATM_not_working_at_night_%2802%29.jpg/960px-ATM_not_working_at_night_%2802%29.jpg?utm_source=commons.wikimedia.org&utm_campaign=imageinfo&utm_content=thumbnail
closed-eyes-in-art_1129_File_Botanischen_Garten_der_Universit_t_Z_rich_pan.jpg,Category:Closed eyes in art,File:Botanischen Garten der Universität Zürich - panoramio (12).jpg,Patrick Nouhailler's…,CC BY-SA 3.0,https://commons.wikimedia.org/wiki/File%3ABotanischen_Garten_der_Universit%C3%A4t_Z%C3%BCrich_-_panoramio_%2812%29.jpg,https://thumb.wikimedia.org/wikipedia/commons/thumb/f/fe/Botanischen_Garten_der_Universit%C3%A4t_Z%C3%BCrich_-_panoramio_%2812%29.jpg/960px-Botanischen_Garten_der_Universit%C3%A4t_Z%C3%BCrich_-_panoramio_%2812%29.jpg?utm_source=commons.wikimedia.org&utm_campaign=imageinfo&utm_content=thumbnail
closed-eyes-in-art_1130_File_Chinese_Noctilux_7artisans_50mm_F1_1_53208543.jpg,Category:Closed eyes in art,File:Chinese Noctilux. - 7artisans 50mm F1.1 (53208543557).jpg,"MIKI Yoshihito from Sapporo City,Hokkaido., JAPAN",CC BY 2.0,https://commons.wikimedia.org/wiki/File%3AChinese_Noctilux._-_7artisans_50mm_F1.1_%2853208543557%29.jpg,https://thumb.wikimedia.org/wikipedia/commons/thumb/8/83/Chinese_Noctilux._-_7artisans_50mm_F1.1_%2853208543557%29.jpg/960px-Chinese_Noctilux._-_7artisans_50mm_F1.1_%2853208543557%29.jpg?utm_source=commons.wikimedia.org&utm_campaign=imageinfo&utm_content=thumbnail
closed-eyes-in-art_1131_File_COVID_19_Panic_Buying_50114218758.jpg,Category:Closed eyes in art,File:COVID-19 Panic Buying (50114218758).jpg,"Dick Thomas Johnson from Tokyo, Japan",CC BY 2.0,https://commons.wikimedia.org/wiki/File%3ACOVID-19_Panic_Buying_%2850114218758%29.jpg,https://thumb.wikimedia.org/wikipedia/commons/thumb/5/51/COVID-19_Panic_Buying_%2850114218758%29.jpg/960px-COVID-19_Panic_Buying_%2850114218758%29.jpg?utm_source=commons.wikimedia.org&utm_campaign=imageinfo&utm_content=thumbnail
closed-eyes-in-art_1132_File_Elultimocero_ouch.jpg,Category:Closed eyes in art,File:Elultimocero ouch.jpg,Elultimocero,CC BY-SA 3.0,https://commons.wikimedia.org/wiki/File%3AElultimocero_ouch.jpg,https://upload.wikimedia.org/wikipedia/commons/b/bb/Elultimocero_ouch.jpg?utm_source=commons.wikimedia.org&utm_campaign=imageinfo&utm_content=thumbnail_unscaled
closed-eyes-in-art_1133_File_Fan_craft_Heart_Lable_Tea_Bag.jpg,Category:Closed eyes in art,File:Fan craft Heart Lable Tea Bag.jpg,"Kat from London, England",CC BY 2.0,https://commons.wikimedia.org/wiki/File%3AFan_craft_Heart_Lable_Tea_Bag.jpg,https://thumb.wikimedia.org/wikipedia/commons/thumb/9/91/Fan_craft_Heart_Lable_Tea_Bag.jpg/960px-Fan_craft_Heart_Lable_Tea_Bag.jpg?utm_source=commons.wikimedia.org&utm_campaign=imageinfo&utm_content=thumbnail
closed-eyes-in-art_1134_File_Joueuse_de_mandoline_91x60cm.jpg,Category:Closed eyes in art,File:Joueuse de mandoline (91x60cm).jpg,Alexandre Jacques Chantron,Public domain,https://commons.wikimedia.org/wiki/File%3AJoueuse_de_mandoline_%2891x60cm%29.jpg,https://thumb.wikimedia.org/wikipedia/commons/thumb/3/36/Joueuse_de_mandoline_%2891x60cm%29.jpg/960px-Joueuse_de_mandoline_%2891x60cm%29.jpg?utm_source=commons.wikimedia.org&utm_campaign=imageinfo&utm_content=thumbnail
closed-eyes-in-art_1135_File_Kanefuku_mentai_park_55418133705.jpg,Category:Closed eyes in art,File:Kanefuku mentai park (55418133705).jpg,73479994@N00,CC BY 4.0,https://commons.wikimedia.org/wiki/File%3AKanefuku_mentai_park_%2855418133705%29.jpg,https://thumb.wikimedia.org/wikipedia/commons/thumb/3/3f/Kanefuku_mentai_park_%2855418133705%29.jpg/960px-Kanefuku_mentai_park_%2855418133705%29.jpg?utm_source=commons.wikimedia.org&utm_campaign=imageinfo&utm_content=thumbnail
closed-eyes-in-art_1136_File_Mother_Earth_s_Children_p_55.jpg,Category:Closed eyes in art,File:Mother Earth's Children p.55.jpg,Elizabeth Gordon (author)M. T. Penny Ross (illustrator),Public domain,https://commons.wikimedia.org/wiki/File%3AMother_Earth%27s_Children_p.55.jpg,https://thumb.wikimedia.org/wikipedia/commons/thumb/c/c1/Mother_Earth%27s_Children_p.55.jpg/960px-Mother_Earth%27s_Children_p.55.jpg?utm_source=commons.wikimedia.org&utm_campaign=imageinfo&utm_content=thumbnail
closed-eyes-in-art_1137_File_Portrait_of_Theodore_Robinson_J_Alden_Weir_LC.jpg,Category:Closed eyes in art,File:Portrait of Theodore Robinson) - J. Alden Weir LCCN89716276.jpg,"Weir, Julian Alden, 1852-1919, artist",Public domain,https://commons.wikimedia.org/wiki/File%3APortrait_of_Theodore_Robinson%29_-_J._Alden_Weir_LCCN89716276.jpg,https://thumb.wikimedia.org/wikipedia/commons/thumb/5/51/Portrait_of_Theodore_Robinson%29_-_J._Alden_Weir_LCCN89716276.jpg/960px-Portrait_of_Theodore_Robinson%29_-_J._Alden_Weir_LCCN89716276.jpg?utm_source=commons.wikimedia.org&utm_campaign=imageinfo&utm_content=thumbnail
closed-eyes-in-art_1138_File_Puliyinchi_with_a_face.jpg,Category:Closed eyes in art,File:Puliyinchi with a face.jpg,Minicherian,CC BY-SA 4.0,https://commons.wikimedia.org/wiki/File%3APuliyinchi_with_a_face.jpg,https://thumb.wikimedia.org/wikipedia/commons/thumb/e/e5/Puliyinchi_with_a_face.jpg/960px-Puliyinchi_with_a_face.jpg?utm_source=commons.wikimedia.org&utm_campaign=imageinfo&utm_content=thumbnail
closed-eyes-in-art_1139_File_Study_for_The_Scarecrow_1886_by_Giovanni_Batt.jpg,Category:Closed eyes in art,"File:Study for The Scarecrow (1886), by Giovanni Battista Quadrone.jpg",Giovanni Battista Quadrone,Public domain,https://commons.wikimedia.org/wiki/File%3AStudy_for_The_Scarecrow_%281886%29%2C_by_Giovanni_Battista_Quadrone.jpg,https://thumb.wikimedia.org/wikipedia/commons/thumb/7/72/Study_for_The_Scarecrow_%281886%29%2C_by_Giovanni_Battista_Quadrone.jpg/960px-Study_for_The_Scarecrow_%281886%29%2C_by_Giovanni_Battista_Quadrone.jpg?utm_source=commons.wikimedia.org&utm_campaign=imageinfo&utm_content=thumbnail
closed-eyes-in-art_1140_File_Tamayura_Norietan_curry.jpg,Category:Closed eyes in art,File:Tamayura Norietan curry.JPG,妖精書士,CC BY-SA 3.0,https://commons.wikimedia.org/wiki/File%3ATamayura_Norietan_curry.JPG,https://thumb.wikimedia.org/wikipedia/commons/thumb/2/24/Tamayura_Norietan_curry.JPG/960px-Tamayura_Norietan_curry.JPG?utm_source=commons.wikimedia.org&utm_campaign=imageinfo&utm_content=thumbnail
closed-eyes-in-art_1141_File_The_head_of_a_bearded_elderly_man_with_closed.jpg,Category:Closed eyes in art,File:The head of a bearded elderly man with closed eyes. Chalk dr Wellcome V0048987.jpg,,CC BY 4.0,https://commons.wikimedia.org/wiki/File%3AThe_head_of_a_bearded_elderly_man_with_closed_eyes._Chalk_dr_Wellcome_V0048987.jpg,https://thumb.wikimedia.org/wikipedia/commons/thumb/3/3b/The_head_of_a_bearded_elderly_man_with_closed_eyes._Chalk_dr_Wellcome_V0048987.jpg/960px-The_head_of_a_bearded_elderly_man_with_closed_eyes._Chalk_dr_Wellcome_V0048987.jpg?utm_source=commons.wikimedia.org&utm_campaign=imageinfo&utm_content=thumbnail
closed-eyes-in-art_1142_File_OJICO_8476494130.jpg,Category:Closed eyes in art,File:カレーとショベルカー OJICO (8476494130).jpg,ayustety,CC BY-SA 2.0,https://commons.wikimedia.org/wiki/File%3A%E3%82%AB%E3%83%AC%E3%83%BC%E3%81%A8%E3%82%B7%E3%83%A7%E3%83%99%E3%83%AB%E3%82%AB%E3%83%BC_OJICO_%288476494130%29.jpg,https://thumb.wikimedia.org/wikipedia/commons/thumb/c/c4/%E3%82%AB%E3%83%AC%E3%83%BC%E3%81%A8%E3%82%B7%E3%83%A7%E3%83%99%E3%83%AB%E3%82%AB%E3%83%BC_OJICO_%288476494130%29.jpg/960px-%E3%82%AB%E3%83%AC%E3%83%BC%E3%81%A8%E3%82%B7%E3%83%A7%E3%83%99%E3%83%AB%E3%82%AB%E3%83%BC_OJICO_%288476494130%29.jpg?utm_source=commons.wikimedia.org&utm_campaign=imageinfo&utm_content=thumbnail
closed-eyes-in-art_1143_File_1_99_16990428963.jpg,Category:Closed eyes in art,File:サンふじ 1コ 99円 (16990428963).jpg,Núria,CC BY-SA 2.0,https://commons.wikimedia.org/wiki/File%3A%E3%82%B5%E3%83%B3%E3%81%B5%E3%81%98_1%E3%82%B3_99%E5%86%86_%2816990428963%29.jpg,https://thumb.wikimedia.org/wikipedia/commons/thumb/5/52/%E3%82%B5%E3%83%B3%E3%81%B5%E3%81%98_1%E3%82%B3_99%E5%86%86_%2816990428963%29.jpg/960px-%E3%82%B5%E3%83%B3%E3%81%B5%E3%81%98_1%E3%82%B3_99%E5%86%86_%2816990428963%29.jpg?utm_source=commons.wikimedia.org&utm_campaign=imageinfo&utm_content=thumbnail
closed-eyes-of-animals_1144_File_No_more_photographs_14029366760.jpg,Category:Closed eyes of animals,"File:""No more photographs!"" (14029366760).jpg","Peter Trimming from Croydon, England",CC BY 2.0,https://commons.wikimedia.org/wiki/File%3A%22No_more_photographs%21%22_%2814029366760%29.jpg,https://thumb.wikimedia.org/wikipedia/commons/thumb/c/c2/%22No_more_photographs%21%22_%2814029366760%29.jpg/960px-%22No_more_photographs%21%22_%2814029366760%29.jpg?utm_source=commons.wikimedia.org&utm_campaign=imageinfo&utm_content=thumbnail
closed-eyes-of-animals_1145_File_Affe_Wasserhahn.jpg,Category:Closed eyes of animals,File:Affe Wasserhahn.jpg,Mar del Sur,CC BY-SA 3.0,https://commons.wikimedia.org/wiki/File%3AAffe_Wasserhahn.jpg,https://thumb.wikimedia.org/wikipedia/commons/thumb/e/ed/Affe_Wasserhahn.jpg/960px-Affe_Wasserhahn.jpg?utm_source=commons.wikimedia.org&utm_campaign=imageinfo&utm_content=thumbnail
closed-eyes-of-animals_1146_File_African_penguin_Cape_Town_1050598.jpg,Category:Closed eyes of animals,"File:African penguin, Cape Town ( 1050598).jpg",Matti Blume,CC BY-SA 4.0,https://commons.wikimedia.org/wiki/File%3AAfrican_penguin%2C_Cape_Town_%28_1050598%29.jpg,https://thumb.wikimedia.org/wikipedia/commons/thumb/b/bd/African_penguin%2C_Cape_Town_%28_1050598%29.jpg/960px-African_penguin%2C_Cape_Town_%28_1050598%29.jpg?utm_source=commons.wikimedia.org&utm_campaign=imageinfo&utm_content=thumbnail
closed-eyes-of-animals_1147_File_Anas_undulata_Pfungstadt.jpg,Category:Closed eyes of animals,File:Anas undulata Pfungstadt.JPG,4028mdk09,CC BY-SA 3.0,https://commons.wikimedia.org/wiki/File%3AAnas_undulata_Pfungstadt.JPG,https://thumb.wikimedia.org/wikipedia/commons/thumb/3/39/Anas_undulata_Pfungstadt.JPG/960px-Anas_undulata_Pfungstadt.JPG?utm_source=commons.wikimedia.org&utm_campaign=imageinfo&utm_content=thumbnail
closed-eyes-of-animals_1148_File_Augen_zu_Luchs_Wildpark_Alte_Fasanerie_Juni_2.jpg,Category:Closed eyes of animals,File:Augen zu Luchs Wildpark Alte Fasanerie Juni 2012.JPG,4028mdk09,CC BY-SA 3.0,https://commons.wikimedia.org/wiki/File%3AAugen_zu_Luchs_Wildpark_Alte_Fasanerie_Juni_2012.JPG,https://thumb.wikimedia.org/wikipedia/commons/thumb/8/89/Augen_zu_Luchs_Wildpark_Alte_Fasanerie_Juni_2012.JPG/960px-Augen_zu_Luchs_Wildpark_Alte_Fasanerie_Juni_2012.JPG?utm_source=commons.wikimedia.org&utm_campaign=imageinfo&utm_content=thumbnail
closed-eyes-of-animals_1149_File_Bird_drinking_water_7440602046.jpg,Category:Closed eyes of animals,File:Bird drinking water (7440602046).jpg,"Berit from Redhill/Surrey, UK",CC BY 2.0,https://commons.wikimedia.org/wiki/File%3ABird_drinking_water_%287440602046%29.jpg,https://thumb.wikimedia.org/wikipedia/commons/thumb/4/4a/Bird_drinking_water_%287440602046%29.jpg/960px-Bird_drinking_water_%287440602046%29.jpg?utm_source=commons.wikimedia.org&utm_campaign=imageinfo&utm_content=thumbnail
closed-eyes-of-animals_1150_File_Calf_head_Stodmarsh_Kent_England.jpg,Category:Closed eyes of animals,"File:Calf head, Stodmarsh, Kent, England.jpg",Keven Law,CC BY-SA 2.0,https://commons.wikimedia.org/wiki/File%3ACalf_head%2C_Stodmarsh%2C_Kent%2C_England.jpg,https://thumb.wikimedia.org/wikipedia/commons/thumb/2/2c/Calf_head%2C_Stodmarsh%2C_Kent%2C_England.jpg/960px-Calf_head%2C_Stodmarsh%2C_Kent%2C_England.jpg?utm_source=commons.wikimedia.org&utm_campaign=imageinfo&utm_content=thumbnail
closed-eyes-of-animals_1151_File_Calumma_amber_55792873.jpg,Category:Closed eyes of animals,File:Calumma amber 55792873.jpg,Lennart Hudel,CC BY 4.0,https://commons.wikimedia.org/wiki/File%3ACalumma_amber_55792873.jpg,https://thumb.wikimedia.org/wikipedia/commons/thumb/7/73/Calumma_amber_55792873.jpg/960px-Calumma_amber_55792873.jpg?utm_source=commons.wikimedia.org&utm_campaign=imageinfo&utm_content=thumbnail
closed-eyes-of-animals_1152_File_Cervus_canadensis_xanthopygus_Cervus_nippon.jpg,Category:Closed eyes of animals,File:Cervus canadensis xanthopygus×Cervus nippon.jpg,A. C. Tatarinov,CC0,https://commons.wikimedia.org/wiki/File%3ACervus_canadensis_xanthopygus%C3%97Cervus_nippon.jpg,https://upload.wikimedia.org/wikipedia/commons/9/9b/Cervus_canadensis_xanthopygus%C3%97Cervus_nippon.jpg?utm_source=commons.wikimedia.org&utm_campaign=imageinfo&utm_content=thumbnail_unscaled
closed-eyes-of-animals_1153_File_Chocolate_Labrador_Retriever2.jpg,Category:Closed eyes of animals,File:Chocolate Labrador Retriever2.jpg,Tλε Rαnδom Eδιτor (tαlk),Public domain,https://commons.wikimedia.org/wiki/File%3AChocolate_Labrador_Retriever2.jpg,https://thumb.wikimedia.org/wikipedia/commons/thumb/f/f9/Chocolate_Labrador_Retriever2.jpg/960px-Chocolate_Labrador_Retriever2.jpg?utm_source=commons.wikimedia.org&utm_campaign=imageinfo&utm_content=thumbnail
closed-eyes-of-animals_1154_File_CowsClosingEyes.jpg,Category:Closed eyes of animals,File:CowsClosingEyes.jpg,IsraeliEditor54,CC BY-SA 4.0,https://commons.wikimedia.org/wiki/File%3ACowsClosingEyes.jpg,https://upload.wikimedia.org/wikipedia/commons/f/f1/CowsClosingEyes.jpg?utm_source=commons.wikimedia.org&utm_campaign=imageinfo&utm_content=thumbnail_unscaled
closed-eyes-of-animals_1155_File_D_sende_Juan_Fern_ndez_Ziege.jpg,Category:Closed eyes of animals,File:Dösende Juan-Fernández-Ziege.JPG,4028mdk09,CC BY-SA 3.0,https://commons.wikimedia.org/wiki/File%3AD%C3%B6sende_Juan-Fern%C3%A1ndez-Ziege.JPG,https://thumb.wikimedia.org/wikipedia/commons/thumb/1/1a/D%C3%B6sende_Juan-Fern%C3%A1ndez-Ziege.JPG/960px-D%C3%B6sende_Juan-Fern%C3%A1ndez-Ziege.JPG?utm_source=commons.wikimedia.org&utm_campaign=imageinfo&utm_content=thumbnail
closed-eyes-of-animals_1156_File_Elephant_Seal_DPLA_9b09afd770be49deafb68ecb3b.jpg,Category:Closed eyes of animals,File:Elephant Seal - DPLA - 9b09afd770be49deafb68ecb3be20443.jpg,Department of the Interior. U.S. Fish and Wildlife Service. National Conservation Training Center. 10/1997-8888,Public domain,https://commons.wikimedia.org/wiki/File%3AElephant_Seal_-_DPLA_-_9b09afd770be49deafb68ecb3be20443.jpg,https://thumb.wikimedia.org/wikipedia/commons/thumb/2/23/Elephant_Seal_-_DPLA_-_9b09afd770be49deafb68ecb3be20443.jpg/960px-Elephant_Seal_-_DPLA_-_9b09afd770be49deafb68ecb3be20443.jpg?utm_source=commons.wikimedia.org&utm_campaign=imageinfo&utm_content=thumbnail
closed-eyes-of-animals_1157_File_Flat_panda.jpg,Category:Closed eyes of animals,File:Flat panda.jpg,redpandasrule,CC BY-SA 2.0,https://commons.wikimedia.org/wiki/File%3AFlat_panda.jpg,https://upload.wikimedia.org/wikipedia/commons/2/20/Flat_panda.jpg?utm_source=commons.wikimedia.org&utm_campaign=imageinfo&utm_content=thumbnail_unscaled
closed-eyes-of-animals_1158_File_Flickr_law_keven_98_99_100_Here_I_come_ready.jpg,Category:Closed eyes of animals,File:Flickr - law keven - 98...99...100...Here I come ready or Not....jpg,"Keven Law from Los Angeles, USA",CC BY-SA 2.0,https://commons.wikimedia.org/wiki/File%3AFlickr_-_law_keven_-_98...99...100...Here_I_come_ready_or_Not....jpg,https://thumb.wikimedia.org/wikipedia/commons/thumb/6/66/Flickr_-_law_keven_-_98...99...100...Here_I_come_ready_or_Not....jpg/960px-Flickr_-_law_keven_-_98...99...100...Here_I_come_ready_or_Not....jpg?utm_source=commons.wikimedia.org&utm_campaign=imageinfo&utm_content=thumbnail
closed-eyes-of-animals_1159_File_Fot_Andrew_Skowron_32549203457.jpg,Category:Closed eyes of animals,File:Fot. Andrew Skowron (32549203457).jpg,Otwarte Klatki,CC BY 2.0,https://commons.wikimedia.org/wiki/File%3AFot._Andrew_Skowron_%2832549203457%29.jpg,https://thumb.wikimedia.org/wikipedia/commons/thumb/9/90/Fot._Andrew_Skowron_%2832549203457%29.jpg/960px-Fot._Andrew_Skowron_%2832549203457%29.jpg?utm_source=commons.wikimedia.org&utm_campaign=imageinfo&utm_content=thumbnail
closed-eyes-of-animals_1160_File_Golden_Retriever_Andra_im_Wasser_10575847524.jpg,Category:Closed eyes of animals,File:Golden Retriever Andra im Wasser (10575847524).jpg,Dirk Vorderstraße,CC BY 2.0,https://commons.wikimedia.org/wiki/File%3AGolden_Retriever_Andra_im_Wasser_%2810575847524%29.jpg,https://thumb.wikimedia.org/wikipedia/commons/thumb/0/00/Golden_Retriever_Andra_im_Wasser_%2810575847524%29.jpg/960px-Golden_Retriever_Andra_im_Wasser_%2810575847524%29.jpg?utm_source=commons.wikimedia.org&utm_campaign=imageinfo&utm_content=thumbnail
closed-eyes-of-animals_1161_File_HeuRindernahrung.jpg,Category:Closed eyes of animals,File:HeuRindernahrung.jpg,Ramessos,Public domain,https://commons.wikimedia.org/wiki/File%3AHeuRindernahrung.jpg,https://thumb.wikimedia.org/wikipedia/commons/thumb/d/d7/HeuRindernahrung.jpg/960px-HeuRindernahrung.jpg?utm_source=commons.wikimedia.org&utm_campaign=imageinfo&utm_content=thumbnail
closed-eyes-of-animals_1162_File_Islas_del_Rosario_Cartagena_7.jpg,Category:Closed eyes of animals,File:Islas del Rosario - Cartagena (7).jpg,SebastianGalvis,CC BY-SA 4.0,https://commons.wikimedia.org/wiki/File%3AIslas_del_Rosario_-_Cartagena_%287%29.jpg,https://thumb.wikimedia.org/wikipedia/commons/thumb/7/7a/Islas_del_Rosario_-_Cartagena_%287%29.jpg/960px-Islas_del_Rosario_-_Cartagena_%287%29.jpg?utm_source=commons.wikimedia.org&utm_campaign=imageinfo&utm_content=thumbnail
closed-eyes-of-animals_1163_File_Jack_Russell_Terrier_Eddi.jpg,Category:Closed eyes of animals,File:Jack Russell Terrier Eddi.jpg,Steve-65,CC BY-SA 3.0,https://commons.wikimedia.org/wiki/File%3AJack_Russell_Terrier_Eddi.jpg,https://thumb.wikimedia.org/wikipedia/commons/thumb/b/b0/Jack_Russell_Terrier_Eddi.jpg/960px-Jack_Russell_Terrier_Eddi.jpg?utm_source=commons.wikimedia.org&utm_campaign=imageinfo&utm_content=thumbnail
closed-eyes-of-animals_1164_File_Japan_dog_6440791821.jpg,Category:Closed eyes of animals,File:Japan dog (6440791821).jpg,Jordi Sanchez Teruel,CC BY-SA 2.0,https://commons.wikimedia.org/wiki/File%3AJapan_dog_%286440791821%29.jpg,https://thumb.wikimedia.org/wikipedia/commons/thumb/f/fb/Japan_dog_%286440791821%29.jpg/960px-Japan_dog_%286440791821%29.jpg?utm_source=commons.wikimedia.org&utm_campaign=imageinfo&utm_content=thumbnail
closed-eyes-of-animals_1165_File_Jielbeaumadier_lynx_de_siberie_strasbourg_200.jpg,Category:Closed eyes of animals,File:Jielbeaumadier lynx de siberie strasbourg 2009.jpeg,Jiel Beaumadier,CC BY-SA 4.0,https://commons.wikimedia.org/wiki/File%3AJielbeaumadier_lynx_de_siberie_strasbourg_2009.jpeg,https://thumb.wikimedia.org/wikipedia/commons/thumb/b/b7/Jielbeaumadier_lynx_de_siberie_strasbourg_2009.jpeg/960px-Jielbeaumadier_lynx_de_siberie_strasbourg_2009.jpeg?utm_source=commons.wikimedia.org&utm_campaign=imageinfo&utm_content=thumbnail
closed-eyes-of-animals_1166_File_Labrador_toby.jpg,Category:Closed eyes of animals,File:Labrador-toby.JPG,Robert702013,CC0,https://commons.wikimedia.org/wiki/File%3ALabrador-toby.JPG,https://thumb.wikimedia.org/wikipedia/commons/thumb/a/ab/Labrador-toby.JPG/960px-Labrador-toby.JPG?utm_source=commons.wikimedia.org&utm_campaign=imageinfo&utm_content=thumbnail
closed-eyes-of-animals_1167_File_Lazy_time.jpg,Category:Closed eyes of animals,File:Lazy time.jpg,Apu Jaman,CC BY-SA 4.0,https://commons.wikimedia.org/wiki/File%3ALazy_time.jpg,https://thumb.wikimedia.org/wikipedia/commons/thumb/e/e4/Lazy_time.jpg/960px-Lazy_time.jpg?utm_source=commons.wikimedia.org&utm_campaign=imageinfo&utm_content=thumbnail
closed-eyes-of-animals_1168_File_Lions_amoureux.jpg,Category:Closed eyes of animals,File:Lions amoureux.jpg,Azurfrog,CC BY-SA 4.0,https://commons.wikimedia.org/wiki/File%3ALions_amoureux.jpg,https://thumb.wikimedia.org/wikipedia/commons/thumb/4/40/Lions_amoureux.jpg/960px-Lions_amoureux.jpg?utm_source=commons.wikimedia.org&utm_campaign=imageinfo&utm_content=thumbnail
closed-eyes-of-animals_1169_File_Mus_indutus_117982653.jpg,Category:Closed eyes of animals,File:Mus indutus 117982653.jpg,Ryan van Huyssteen,CC BY-SA 4.0,https://commons.wikimedia.org/wiki/File%3AMus_indutus_117982653.jpg,https://thumb.wikimedia.org/wikipedia/commons/thumb/0/0d/Mus_indutus_117982653.jpg/960px-Mus_indutus_117982653.jpg?utm_source=commons.wikimedia.org&utm_campaign=imageinfo&utm_content=thumbnail
closed-eyes-of-animals_1170_File_Mutually_grooming_ponies_new_forest.jpg,Category:Closed eyes of animals,File:Mutually grooming ponies new forest.jpg,Jim Champion,CC BY-SA 3.0,https://commons.wikimedia.org/wiki/File%3AMutually_grooming_ponies_new_forest.jpg,https://thumb.wikimedia.org/wikipedia/commons/thumb/3/35/Mutually_grooming_ponies_new_forest.jpg/960px-Mutually_grooming_ponies_new_forest.jpg?utm_source=commons.wikimedia.org&utm_campaign=imageinfo&utm_content=thumbnail
closed-eyes-of-animals_1171_File_M_nnlicher_Wellensittich_beim_Putzen_Vogelpar.jpg,Category:Closed eyes of animals,File:Männlicher Wellensittich beim Putzen Vogelpark Viernheim 2012.JPG,4028mdk09,CC BY-SA 3.0,https://commons.wikimedia.org/wiki/File%3AM%C3%A4nnlicher_Wellensittich_beim_Putzen_Vogelpark_Viernheim_2012.JPG,https://thumb.wikimedia.org/wikipedia/commons/thumb/4/45/M%C3%A4nnlicher_Wellensittich_beim_Putzen_Vogelpark_Viernheim_2012.JPG/960px-M%C3%A4nnlicher_Wellensittich_beim_Putzen_Vogelpark_Viernheim_2012.JPG?utm_source=commons.wikimedia.org&utm_campaign=imageinfo&utm_content=thumbnail
closed-eyes-of-animals_1172_File_Nara_Deer_Sucking_Motorcycle_handlebar_in_201.jpg,Category:Closed eyes of animals,File:Nara Deer Sucking Motorcycle handlebar in 2013.jpg,Antti T. Nissinen,CC BY 2.0,https://commons.wikimedia.org/wiki/File%3ANara_Deer_Sucking_Motorcycle_handlebar_in_2013.jpg,https://thumb.wikimedia.org/wikipedia/commons/thumb/7/7d/Nara_Deer_Sucking_Motorcycle_handlebar_in_2013.jpg/960px-Nara_Deer_Sucking_Motorcycle_handlebar_in_2013.jpg?utm_source=commons.wikimedia.org&utm_campaign=imageinfo&utm_content=thumbnail
closed-eyes-of-animals_1173_File_National_Zoological_Park_0001_07.jpg,Category:Closed eyes of animals,File:National Zoological Park 0001 07.JPG,Guptaele,CC BY-SA 4.0,https://commons.wikimedia.org/wiki/File%3ANational_Zoological_Park_0001_07.JPG,https://thumb.wikimedia.org/wikipedia/commons/thumb/d/da/National_Zoological_Park_0001_07.JPG/960px-National_Zoological_Park_0001_07.JPG?utm_source=commons.wikimedia.org&utm_campaign=imageinfo&utm_content=thumbnail
closed-eyes-of-animals_1174_File_Nyctea_scandiaca_Mai_2010.jpg,Category:Closed eyes of animals,File:Nyctea scandiaca Mai 2010.JPG,4028mdk09,CC BY-SA 3.0,https://commons.wikimedia.org/wiki/File%3ANyctea_scandiaca_Mai_2010.JPG,https://thumb.wikimedia.org/wikipedia/commons/thumb/7/75/Nyctea_scandiaca_Mai_2010.JPG/960px-Nyctea_scandiaca_Mai_2010.JPG?utm_source=commons.wikimedia.org&utm_campaign=imageinfo&utm_content=thumbnail
closed-eyes-of-animals_1175_File_Perfil_de_iguana_marina.jpg,Category:Closed eyes of animals,File:Perfil de iguana marina.jpg,Diegoarielvega,CC BY-SA 4.0,https://commons.wikimedia.org/wiki/File%3APerfil_de_iguana_marina.jpg,https://thumb.wikimedia.org/wikipedia/commons/thumb/b/b6/Perfil_de_iguana_marina.jpg/960px-Perfil_de_iguana_marina.jpg?utm_source=commons.wikimedia.org&utm_campaign=imageinfo&utm_content=thumbnail
closed-eyes-of-animals_1176_File_Pigeon_sitting_with_eyes_closed.jpg,Category:Closed eyes of animals,File:Pigeon sitting with eyes closed.jpg,Geetacc,CC BY 4.0,https://commons.wikimedia.org/wiki/File%3APigeon_sitting_with_eyes_closed.jpg,https://thumb.wikimedia.org/wikipedia/commons/thumb/b/b0/Pigeon_sitting_with_eyes_closed.jpg/960px-Pigeon_sitting_with_eyes_closed.jpg?utm_source=commons.wikimedia.org&utm_campaign=imageinfo&utm_content=thumbnail
closed-eyes-of-animals_1177_File_Polar_bear_Osaka_Tennoji_Zoo_25351192767.jpg,Category:Closed eyes of animals,"File:Polar bear, Osaka Tennoji Zoo (25351192767).jpg",lasta29,CC BY 2.0,https://commons.wikimedia.org/wiki/File%3APolar_bear%2C_Osaka_Tennoji_Zoo_%2825351192767%29.jpg,https://thumb.wikimedia.org/wikipedia/commons/thumb/9/9e/Polar_bear%2C_Osaka_Tennoji_Zoo_%2825351192767%29.jpg/960px-Polar_bear%2C_Osaka_Tennoji_Zoo_%2825351192767%29.jpg?utm_source=commons.wikimedia.org&utm_campaign=imageinfo&utm_content=thumbnail
closed-eyes-of-animals_1178_File_Preening_Cinnamon_Teal_Seedskadee_National_Wi.jpg,Category:Closed eyes of animals,File:Preening Cinnamon Teal Seedskadee National Wildlife Refuge (15036268201).jpg,USFWS Mountain-Prairie,Public domain,https://commons.wikimedia.org/wiki/File%3APreening_Cinnamon_Teal_Seedskadee_National_Wildlife_Refuge_%2815036268201%29.jpg,https://thumb.wikimedia.org/wikipedia/commons/thumb/c/c4/Preening_Cinnamon_Teal_Seedskadee_National_Wildlife_Refuge_%2815036268201%29.jpg/960px-Preening_Cinnamon_Teal_Seedskadee_National_Wildlife_Refuge_%2815036268201%29.jpg?utm_source=commons.wikimedia.org&utm_campaign=imageinfo&utm_content=thumbnail
closed-eyes-of-animals_1179_File_Rwandan_Gorillas.jpg,Category:Closed eyes of animals,File:Rwandan Gorillas.jpg,Ngomijana,CC0,https://commons.wikimedia.org/wiki/File%3ARwandan_Gorillas.jpg,https://upload.wikimedia.org/wikipedia/commons/a/a0/Rwandan_Gorillas.jpg?utm_source=commons.wikimedia.org&utm_campaign=imageinfo&utm_content=thumbnail_unscaled
closed-eyes-of-animals_1180_File_Schlafender_Sanderling.jpg,Category:Closed eyes of animals,File:Schlafender Sanderling.JPG,4028mdk09,CC BY-SA 3.0,https://commons.wikimedia.org/wiki/File%3ASchlafender_Sanderling.JPG,https://thumb.wikimedia.org/wikipedia/commons/thumb/2/2e/Schlafender_Sanderling.JPG/960px-Schlafender_Sanderling.JPG?utm_source=commons.wikimedia.org&utm_campaign=imageinfo&utm_content=thumbnail
closed-eyes-of-animals_1181_File_Sem_Legenda_11_Acervo_do_Museu_Paulista_da_US.jpg,Category:Closed eyes of animals,"File:Sem Legenda - 11, Acervo do Museu Paulista da USP.jpg",José Rosael/HélioNobre/Museu Paulista da USP,Public domain,https://commons.wikimedia.org/wiki/File%3ASem_Legenda_-_11%2C_Acervo_do_Museu_Paulista_da_USP.jpg,https://upload.wikimedia.org/wikipedia/commons/3/3a/Sem_Legenda_-_11%2C_Acervo_do_Museu_Paulista_da_USP.jpg?utm_source=commons.wikimedia.org&utm_campaign=imageinfo&utm_content=thumbnail_unscaled
closed-eyes-of-animals_1182_File_ShihTzu_with_his_tennis_ball.jpg,Category:Closed eyes of animals,File:ShihTzu with his tennis ball.jpg,Joselodos,CC0,https://commons.wikimedia.org/wiki/File%3AShihTzu_with_his_tennis_ball.jpg,https://thumb.wikimedia.org/wikipedia/commons/thumb/f/fc/ShihTzu_with_his_tennis_ball.jpg/960px-ShihTzu_with_his_tennis_ball.jpg?utm_source=commons.wikimedia.org&utm_campaign=imageinfo&utm_content=thumbnail
closed-eyes-of-animals_1183_File_Sleeping_jaguar_National_Zoological_Park_Delh.jpg,Category:Closed eyes of animals,"File:Sleeping jaguar, National Zoological Park, Delhi.jpg",Ankitv2512,CC BY-SA 4.0,https://commons.wikimedia.org/wiki/File%3ASleeping_jaguar%2C_National_Zoological_Park%2C_Delhi.jpg,https://thumb.wikimedia.org/wikipedia/commons/thumb/f/f6/Sleeping_jaguar%2C_National_Zoological_Park%2C_Delhi.jpg/960px-Sleeping_jaguar%2C_National_Zoological_Park%2C_Delhi.jpg?utm_source=commons.wikimedia.org&utm_campaign=imageinfo&utm_content=thumbnail
closed-eyes-of-animals_1184_File_Sparrow_Female_Gray_Wolf_Wolf_Park_5109598373.jpg,Category:Closed eyes of animals,"File:Sparrow, Female Gray Wolf, Wolf Park (51095983734).jpg","Raed Mansour from Chicago, USA",CC BY 2.0,https://commons.wikimedia.org/wiki/File%3ASparrow%2C_Female_Gray_Wolf%2C_Wolf_Park_%2851095983734%29.jpg,https://thumb.wikimedia.org/wikipedia/commons/thumb/8/85/Sparrow%2C_Female_Gray_Wolf%2C_Wolf_Park_%2851095983734%29.jpg/960px-Sparrow%2C_Female_Gray_Wolf%2C_Wolf_Park_%2851095983734%29.jpg?utm_source=commons.wikimedia.org&utm_campaign=imageinfo&utm_content=thumbnail
closed-eyes-of-animals_1185_File_The_face_of_a_sleeing_turtle.jpg,Category:Closed eyes of animals,File:The face of a sleeing turtle.jpg,Vaiasgaea,CC BY-SA 4.0,https://commons.wikimedia.org/wiki/File%3AThe_face_of_a_sleeing_turtle.jpg,https://thumb.wikimedia.org/wikipedia/commons/thumb/0/0d/The_face_of_a_sleeing_turtle.jpg/960px-The_face_of_a_sleeing_turtle.jpg?utm_source=commons.wikimedia.org&utm_campaign=imageinfo&utm_content=thumbnail
closed-eyes-of-animals_1186_File_TOM_says_That_sun_hurts_my_eye_Dad_1_31293355.jpg,Category:Closed eyes of animals,File:TOM says That sun hurts my eye Dad-1 (31293355751).jpg,"Sheba_Also 43,000 photos",CC BY-SA 2.0,https://commons.wikimedia.org/wiki/File%3ATOM_says_That_sun_hurts_my_eye_Dad-1_%2831293355751%29.jpg,https://thumb.wikimedia.org/wikipedia/commons/thumb/8/80/TOM_says_That_sun_hurts_my_eye_Dad-1_%2831293355751%29.jpg/960px-TOM_says_That_sun_hurts_my_eye_Dad-1_%2831293355751%29.jpg?utm_source=commons.wikimedia.org&utm_campaign=imageinfo&utm_content=thumbnail
closed-eyes-of-animals_1187_File_Too_Bright_9103150547.jpg,Category:Closed eyes of animals,File:Too Bright (9103150547).jpg,"Tony Alter from Newport News, USA",CC BY 2.0,https://commons.wikimedia.org/wiki/File%3AToo_Bright_%289103150547%29.jpg,https://thumb.wikimedia.org/wikipedia/commons/thumb/3/39/Too_Bright_%289103150547%29.jpg/960px-Too_Bright_%289103150547%29.jpg?utm_source=commons.wikimedia.org&utm_campaign=imageinfo&utm_content=thumbnail
closed-eyes-of-animals_1188_File_Ulla_nei_fiori_2016_cropped.jpg,Category:Closed eyes of animals,File:Ulla nei fiori 2016 (cropped).JPG,Syrio,CC BY-SA 4.0,https://commons.wikimedia.org/wiki/File%3AUlla_nei_fiori_2016_%28cropped%29.JPG,https://thumb.wikimedia.org/wikipedia/commons/thumb/f/f5/Ulla_nei_fiori_2016_%28cropped%29.JPG/960px-Ulla_nei_fiori_2016_%28cropped%29.JPG?utm_source=commons.wikimedia.org&utm_campaign=imageinfo&utm_content=thumbnail
closed-eyes-of-animals_1189_File_Ulla_nei_fiori.jpg,Category:Closed eyes of animals,File:Ulla nei fiori.JPG,Syrio,CC BY-SA 4.0,https://commons.wikimedia.org/wiki/File%3AUlla_nei_fiori.JPG,https://thumb.wikimedia.org/wikipedia/commons/thumb/8/84/Ulla_nei_fiori.JPG/960px-Ulla_nei_fiori.JPG?utm_source=commons.wikimedia.org&utm_campaign=imageinfo&utm_content=thumbnail
closed-eyes-of-animals_1190_File_Vancouver_aquarium_Canada_232596752.jpg,Category:Closed eyes of animals,"File:Vancouver aquarium, Canada (232596752).jpg","pelican from Tokyo, Japan",CC BY-SA 2.0,https://commons.wikimedia.org/wiki/File%3AVancouver_aquarium%2C_Canada_%28232596752%29.jpg,https://thumb.wikimedia.org/wikipedia/commons/thumb/7/75/Vancouver_aquarium%2C_Canada_%28232596752%29.jpg/960px-Vancouver_aquarium%2C_Canada_%28232596752%29.jpg?utm_source=commons.wikimedia.org&utm_campaign=imageinfo&utm_content=thumbnail
closed-eyes-of-animals_1191_File_VDNH_908_10657014473.jpg,Category:Closed eyes of animals,File:VDNH 908 (10657014473).jpg,"Gennady Grachev from Moscow, Russia",CC BY 2.0,https://commons.wikimedia.org/wiki/File%3AVDNH_908_%2810657014473%29.jpg,https://thumb.wikimedia.org/wikipedia/commons/thumb/9/9f/VDNH_908_%2810657014473%29.jpg/960px-VDNH_908_%2810657014473%29.jpg?utm_source=commons.wikimedia.org&utm_campaign=imageinfo&utm_content=thumbnail
closed-eyes-of-animals_1192_File_Waldohreule_schlie_t_ihr_Augenlid.jpg,Category:Closed eyes of animals,File:Waldohreule schließt ihr Augenlid.jpg,Jens Freitag,CC BY-SA 4.0,https://commons.wikimedia.org/wiki/File%3AWaldohreule_schlie%C3%9Ft_ihr_Augenlid.jpg,https://upload.wikimedia.org/wikipedia/commons/4/47/Waldohreule_schlie%C3%9Ft_ihr_Augenlid.jpg?utm_source=commons.wikimedia.org&utm_campaign=imageinfo&utm_content=thumbnail_unscaled
closed-eyes-of-animals_1193_File_Waldohreule_Nickhaut.jpg,Category:Closed eyes of animals,"File:Waldohreule, Nickhaut.jpg",Jens Freitag,CC BY-SA 4.0,https://commons.wikimedia.org/wiki/File%3AWaldohreule%2C_Nickhaut.jpg,https://thumb.wikimedia.org/wikipedia/commons/thumb/b/be/Waldohreule%2C_Nickhaut.jpg/960px-Waldohreule%2C_Nickhaut.jpg?utm_source=commons.wikimedia.org&utm_campaign=imageinfo&utm_content=thumbnail
closed-eyes-of-animals_1194_File_White_tiger_busch_gardens_2.jpg,Category:Closed eyes of animals,File:White tiger busch gardens 2.jpg,Cary Michael Bass,CC BY-SA 3.0,https://commons.wikimedia.org/wiki/File%3AWhite_tiger_busch_gardens_2.jpg,https://thumb.wikimedia.org/wikipedia/commons/thumb/9/90/White_tiger_busch_gardens_2.jpg/960px-White_tiger_busch_gardens_2.jpg?utm_source=commons.wikimedia.org&utm_campaign=imageinfo&utm_content=thumbnail
closed-eyes-of-animals_1195_File_Wikimania_2018_Cape_Town_1050581.jpg,Category:Closed eyes of animals,"File:Wikimania 2018, Cape Town ( 1050581).jpg",Matti Blume,CC BY-SA 4.0,https://commons.wikimedia.org/wiki/File%3AWikimania_2018%2C_Cape_Town_%28_1050581%29.jpg,https://thumb.wikimedia.org/wikipedia/commons/thumb/e/ed/Wikimania_2018%2C_Cape_Town_%28_1050581%29.jpg/960px-Wikimania_2018%2C_Cape_Town_%28_1050581%29.jpg?utm_source=commons.wikimedia.org&utm_campaign=imageinfo&utm_content=thumbnail
closed-eyes-of-animals_1196_File_WildschweinSchlafend.jpg,Category:Closed eyes of animals,File:WildschweinSchlafend.jpg,Túrelio,CC BY-SA 2.5,https://commons.wikimedia.org/wiki/File%3AWildschweinSchlafend.jpg,https://thumb.wikimedia.org/wikipedia/commons/thumb/3/35/WildschweinSchlafend.jpg/960px-WildschweinSchlafend.jpg?utm_source=commons.wikimedia.org&utm_campaign=imageinfo&utm_content=thumbnail
closed-eyes-of-animals_1197_File_Young_Hamadryas_Baboon.jpg,Category:Closed eyes of animals,File:Young Hamadryas Baboon.jpg,Christian Jansky (User:Tschaensky),CC BY-SA 2.5,https://commons.wikimedia.org/wiki/File%3AYoung_Hamadryas_Baboon.jpg,https://thumb.wikimedia.org/wikipedia/commons/thumb/f/f5/Young_Hamadryas_Baboon.jpg/960px-Young_Hamadryas_Baboon.jpg?utm_source=commons.wikimedia.org&utm_campaign=imageinfo&utm_content=thumbnail
eyes-half-closed_1198_File_Closed_eyes_Hypnosis_Daydreaming_Rostov_on_Do.jpg,Category:Eyes half-closed,"File:Closed eyes, Hypnosis, Daydreaming, Rostov-on-Don, Russia.jpg",Vyacheslav Argenberg,CC BY 4.0,https://commons.wikimedia.org/wiki/File%3AClosed_eyes%2C_Hypnosis%2C_Daydreaming%2C_Rostov-on-Don%2C_Russia.jpg,https://thumb.wikimedia.org/wikipedia/commons/thumb/2/2f/Closed_eyes%2C_Hypnosis%2C_Daydreaming%2C_Rostov-on-Don%2C_Russia.jpg/960px-Closed_eyes%2C_Hypnosis%2C_Daydreaming%2C_Rostov-on-Don%2C_Russia.jpg?utm_source=commons.wikimedia.org&utm_campaign=imageinfo&utm_content=thumbnail
eyes-half-closed_1199_File_Happy_RIZZI_House_half_asleep_Braunschweig_in.jpg,Category:Eyes half-closed,File:Happy RIZZI House half asleep - Braunschweig in the evening - eyes (windows) half-closed (cropped).JPG,Daderot,CC0,https://commons.wikimedia.org/wiki/File%3AHappy_RIZZI_House_half_asleep_-_Braunschweig_in_the_evening_-_eyes_%28windows%29_half-closed_%28cropped%29.JPG,https://thumb.wikimedia.org/wikipedia/commons/thumb/b/ba/Happy_RIZZI_House_half_asleep_-_Braunschweig_in_the_evening_-_eyes_%28windows%29_half-closed_%28cropped%29.JPG/960px-Happy_RIZZI_House_half_asleep_-_Braunschweig_in_the_evening_-_eyes_%28windows%29_half-closed_%28cropped%29.JPG?utm_source=commons.wikimedia.org&utm_campaign=imageinfo&utm_content=thumbnail
eyes-half-closed_1200_File_Jon_Woods_as_stereotypical_photo_play_villain.jpg,Category:Eyes half-closed,File:Jon Woods as stereotypical photo-play villain.jpg,Original uploader was Lorelei7 at en.wikipedia,CC BY-SA 3.0,https://commons.wikimedia.org/wiki/File%3AJon_Woods_as_stereotypical_photo-play_villain.jpg,https://upload.wikimedia.org/wikipedia/commons/d/d2/Jon_Woods_as_stereotypical_photo-play_villain.jpg?utm_source=commons.wikimedia.org&utm_campaign=imageinfo&utm_content=thumbnail_unscaled
kissing-with-closed-eyes_1201_File_Baisers_Vol_s_2203967044.jpg,Category:Kissing with closed eyes,"File:""Baisers Volés"" (2203967044).jpg","Pedro Ribeiro Simões from Lisboa, Portugal",CC BY 2.0,https://commons.wikimedia.org/wiki/File%3A%22Baisers_Vol%C3%A9s%22_%282203967044%29.jpg,https://thumb.wikimedia.org/wikipedia/commons/thumb/a/ad/%22Baisers_Vol%C3%A9s%22_%282203967044%29.jpg/960px-%22Baisers_Vol%C3%A9s%22_%282203967044%29.jpg?utm_source=commons.wikimedia.org&utm_campaign=imageinfo&utm_content=thumbnail
kissing-with-closed-eyes_1202_File_2025_05_21_Jazz_Konzert_Elb_Meadow_Ramblers_i.jpg,Category:Kissing with closed eyes,File:2025-05-21 Jazz; Konzert Elb Meadow Ramblers im Rahmen des Louis Armstrong Jahres 2025; 60 Jahre nach dessen Konzert in Erfurt STP 5037.jpg,Steffen Prößdorf,CC BY-SA 4.0,https://commons.wikimedia.org/wiki/File%3A2025-05-21_Jazz%3B_Konzert_Elb_Meadow_Ramblers_im_Rahmen_des_Louis_Armstrong_Jahres_2025%3B_60_Jahre_nach_dessen_Konzert_in_Erfurt_STP_5037.jpg,https://thumb.wikimedia.org/wikipedia/commons/thumb/5/55/2025-05-21_Jazz%3B_Konzert_Elb_Meadow_Ramblers_im_Rahmen_des_Louis_Armstrong_Jahres_2025%3B_60_Jahre_nach_dessen_Konzert_in_Erfurt_STP_5037.jpg/960px-2025-05-21_Jazz%3B_Konzert_Elb_Meadow_Ramblers_im_Rahmen_des_Louis_Armstrong_Jahres_2025%3B_60_Jahre_nach_dessen_Konzert_in_Erfurt_STP_5037.jpg?utm_source=commons.wikimedia.org&utm_campaign=imageinfo&utm_content=thumbnail
kissing-with-closed-eyes_1203_File_920th_Rescue_Wing_Airmen_return_home_from_dep.jpg,Category:Kissing with closed eyes,File:920th Rescue Wing Airmen return home from deployment (7904236).jpg,U.S. Space Force photo by Senior Airman Dakota Raub,Public domain,https://commons.wikimedia.org/wiki/File%3A920th_Rescue_Wing_Airmen_return_home_from_deployment_%287904236%29.jpg,https://thumb.wikimedia.org/wikipedia/commons/thumb/4/42/920th_Rescue_Wing_Airmen_return_home_from_deployment_%287904236%29.jpg/960px-920th_Rescue_Wing_Airmen_return_home_from_deployment_%287904236%29.jpg?utm_source=commons.wikimedia.org&utm_campaign=imageinfo&utm_content=thumbnail
kissing-with-closed-eyes_1204_File_Arkansas_United_States_Unsplash_h3vR1F8_caI.jpg,Category:Kissing with closed eyes,"File:Arkansas, United States (Unsplash h3vR1F8-caI).jpg",Brooke Cagle brookecagle,CC0,https://commons.wikimedia.org/wiki/File%3AArkansas%2C_United_States_%28Unsplash_h3vR1F8-caI%29.jpg,https://thumb.wikimedia.org/wikipedia/commons/thumb/8/8a/Arkansas%2C_United_States_%28Unsplash_h3vR1F8-caI%29.jpg/960px-Arkansas%2C_United_States_%28Unsplash_h3vR1F8-caI%29.jpg?utm_source=commons.wikimedia.org&utm_campaign=imageinfo&utm_content=thumbnail
kissing-with-closed-eyes_1205_File_CaringDSC03403.jpg,Category:Kissing with closed eyes,File:CaringDSC03403.jpg,Kyne.nb,CC BY-SA 4.0,https://commons.wikimedia.org/wiki/File%3ACaringDSC03403.jpg,https://thumb.wikimedia.org/wikipedia/commons/thumb/b/be/CaringDSC03403.jpg/960px-CaringDSC03403.jpg?utm_source=commons.wikimedia.org&utm_campaign=imageinfo&utm_content=thumbnail
kissing-with-closed-eyes_1206_File_Couple_kissing_at_14th_and_8th.jpg,Category:Kissing with closed eyes,File:Couple kissing at 14th and 8th.jpg,Grendelkhan,CC BY-SA 4.0,https://commons.wikimedia.org/wiki/File%3ACouple_kissing_at_14th_and_8th.jpg,https://thumb.wikimedia.org/wikipedia/commons/thumb/3/32/Couple_kissing_at_14th_and_8th.jpg/960px-Couple_kissing_at_14th_and_8th.jpg?utm_source=commons.wikimedia.org&utm_campaign=imageinfo&utm_content=thumbnail
kissing-with-closed-eyes_1207_File_Couple_kissing_at_the_beach_in_Seychelles.jpg,Category:Kissing with closed eyes,File:Couple kissing at the beach in Seychelles.jpg,Gerard Larose,CC BY 4.0,https://commons.wikimedia.org/wiki/File%3ACouple_kissing_at_the_beach_in_Seychelles.jpg,https://upload.wikimedia.org/wikipedia/commons/b/b1/Couple_kissing_at_the_beach_in_Seychelles.jpg?utm_source=commons.wikimedia.org&utm_campaign=imageinfo&utm_content=thumbnail_unscaled
kissing-with-closed-eyes_1208_File_Dick_Contino_Piper_Laurie_1954.jpg,Category:Kissing with closed eyes,"File:Dick Contino & Piper Laurie, 1954.jpg",Snyder (page 35),Public domain,https://commons.wikimedia.org/wiki/File%3ADick_Contino_%26_Piper_Laurie%2C_1954.jpg,https://upload.wikimedia.org/wikipedia/commons/e/e4/Dick_Contino_%26_Piper_Laurie%2C_1954.jpg?utm_source=commons.wikimedia.org&utm_campaign=imageinfo&utm_content=thumbnail_unscaled
kissing-with-closed-eyes_1209_File_Fernando_Pessoa_s_Fan_16982730581.jpg,Category:Kissing with closed eyes,File:Fernando Pessoa's Fan (16982730581).jpg,"Pedro Ribeiro Simões from Lisboa, Portugal",CC BY 2.0,https://commons.wikimedia.org/wiki/File%3AFernando_Pessoa%27s_Fan_%2816982730581%29.jpg,https://thumb.wikimedia.org/wikipedia/commons/thumb/8/84/Fernando_Pessoa%27s_Fan_%2816982730581%29.jpg/960px-Fernando_Pessoa%27s_Fan_%2816982730581%29.jpg?utm_source=commons.wikimedia.org&utm_campaign=imageinfo&utm_content=thumbnail
kissing-with-closed-eyes_1210_File_Font_Awesome_5_regular_kiss_beam.jpg,Category:Kissing with closed eyes,File:Font Awesome 5 regular kiss-beam.svg,Font Awesome,CC BY 4.0,https://commons.wikimedia.org/wiki/File%3AFont_Awesome_5_regular_kiss-beam.svg,https://thumb.wikimedia.org/wikipedia/commons/thumb/e/e8/Font_Awesome_5_regular_kiss-beam.svg/960px-Font_Awesome_5_regular_kiss-beam.svg.png?utm_source=commons.wikimedia.org&utm_campaign=imageinfo&utm_content=thumbnail
kissing-with-closed-eyes_1211_File_Font_Awesome_5_solid_kiss_beam.jpg,Category:Kissing with closed eyes,File:Font Awesome 5 solid kiss-beam.svg,Font Awesome,CC BY 4.0,https://commons.wikimedia.org/wiki/File%3AFont_Awesome_5_solid_kiss-beam.svg,https://thumb.wikimedia.org/wikipedia/commons/thumb/6/6b/Font_Awesome_5_solid_kiss-beam.svg/960px-Font_Awesome_5_solid_kiss-beam.svg.png?utm_source=commons.wikimedia.org&utm_campaign=imageinfo&utm_content=thumbnail
kissing-with-closed-eyes_1212_File_Freckled_Couple.jpg,Category:Kissing with closed eyes,File:Freckled Couple.jpg,InfernoGeek,CC BY-SA 4.0,https://commons.wikimedia.org/wiki/File%3AFreckled_Couple.jpg,https://thumb.wikimedia.org/wikipedia/commons/thumb/1/1f/Freckled_Couple.jpg/960px-Freckled_Couple.jpg?utm_source=commons.wikimedia.org&utm_campaign=imageinfo&utm_content=thumbnail
kissing-with-closed-eyes_1213_File_Inaugural_Ball_52644395201.jpg,Category:Kissing with closed eyes,File:Inaugural Ball (52644395201).jpg,Maryland GovPics,CC BY 2.0,https://commons.wikimedia.org/wiki/File%3AInaugural_Ball_%2852644395201%29.jpg,https://thumb.wikimedia.org/wikipedia/commons/thumb/1/10/Inaugural_Ball_%2852644395201%29.jpg/960px-Inaugural_Ball_%2852644395201%29.jpg?utm_source=commons.wikimedia.org&utm_campaign=imageinfo&utm_content=thumbnail
kissing-with-closed-eyes_1214_File_Kiss_20100203_7D_02739_SML_4491763595.jpg,Category:Kissing with closed eyes,File:Kiss 20100203.7D.02739 SML (4491763595).jpg,"See-ming Lee from Hong Kong SAR, China",CC BY-SA 2.0,https://commons.wikimedia.org/wiki/File%3AKiss_20100203.7D.02739_SML_%284491763595%29.jpg,https://thumb.wikimedia.org/wikipedia/commons/thumb/8/8a/Kiss_20100203.7D.02739_SML_%284491763595%29.jpg/960px-Kiss_20100203.7D.02739_SML_%284491763595%29.jpg?utm_source=commons.wikimedia.org&utm_campaign=imageinfo&utm_content=thumbnail
kissing-with-closed-eyes_1215_File_Kissing_Russian_policemen.jpg,Category:Kissing with closed eyes,File:Kissing Russian policemen.jpg,Unknown authorUnknown author,CC BY 2.0,https://commons.wikimedia.org/wiki/File%3AKissing_Russian_policemen.jpg,https://thumb.wikimedia.org/wikipedia/commons/thumb/b/bd/Kissing_Russian_policemen.jpg/960px-Kissing_Russian_policemen.jpg?utm_source=commons.wikimedia.org&utm_campaign=imageinfo&utm_content=thumbnail
kissing-with-closed-eyes_1216_File_Kitten_Alfred_Smootch.jpg,Category:Kissing with closed eyes,File:Kitten Alfred Smootch.jpg,Infrogmation of New Orleans,CC BY 2.0,https://commons.wikimedia.org/wiki/File%3AKitten_Alfred_Smootch.jpg,https://thumb.wikimedia.org/wikipedia/commons/thumb/c/c4/Kitten_Alfred_Smootch.jpg/960px-Kitten_Alfred_Smootch.jpg?utm_source=commons.wikimedia.org&utm_campaign=imageinfo&utm_content=thumbnail
kissing-with-closed-eyes_1217_File_Mago_Mantilla_y_Melany_Jordan_que_hermoso_amo.jpg,Category:Kissing with closed eyes,File:Mago Mantilla y Melany Jordan que hermoso amor.jpg,Totalfutbolecuador,CC BY-SA 4.0,https://commons.wikimedia.org/wiki/File%3AMago_Mantilla_y_Melany_Jordan_que_hermoso_amor.jpg,https://thumb.wikimedia.org/wikipedia/commons/thumb/7/7e/Mago_Mantilla_y_Melany_Jordan_que_hermoso_amor.jpg/960px-Mago_Mantilla_y_Melany_Jordan_que_hermoso_amor.jpg?utm_source=commons.wikimedia.org&utm_campaign=imageinfo&utm_content=thumbnail
kissing-with-closed-eyes_1218_File_Natalie_Wood_and_Robert_Wagner_at_the_30th_Os.jpg,Category:Kissing with closed eyes,File:Natalie Wood and Robert Wagner at the 30th Oscars.jpg,Los Angeles Times,CC BY 4.0,https://commons.wikimedia.org/wiki/File%3ANatalie_Wood_and_Robert_Wagner_at_the_30th_Oscars.jpg,https://thumb.wikimedia.org/wikipedia/commons/thumb/0/04/Natalie_Wood_and_Robert_Wagner_at_the_30th_Oscars.jpg/960px-Natalie_Wood_and_Robert_Wagner_at_the_30th_Oscars.jpg?utm_source=commons.wikimedia.org&utm_campaign=imageinfo&utm_content=thumbnail
kissing-with-closed-eyes_1219_File_New_Orleans_New_Years_2000_01.jpg,Category:Kissing with closed eyes,"File:New Orleans, New Years 2000 01.jpg",Marcy Reiford,CC BY 2.0,https://commons.wikimedia.org/wiki/File%3ANew_Orleans%2C_New_Years_2000_01.jpg,https://upload.wikimedia.org/wikipedia/commons/3/3a/New_Orleans%2C_New_Years_2000_01.jpg?utm_source=commons.wikimedia.org&utm_campaign=imageinfo&utm_content=thumbnail_unscaled
kissing-with-closed-eyes_1220_File_Nibbling_at_a_thin_slice_of_single_Gloucester.jpg,Category:Kissing with closed eyes,"File:Nibbling at a thin slice of single Gloucester!! (BM 1868,0808.6706).jpg",,Public domain,https://commons.wikimedia.org/wiki/File%3ANibbling_at_a_thin_slice_of_single_Gloucester%21%21_%28BM_1868%2C0808.6706%29.jpg,https://thumb.wikimedia.org/wikipedia/commons/thumb/f/fa/Nibbling_at_a_thin_slice_of_single_Gloucester%21%21_%28BM_1868%2C0808.6706%29.jpg/960px-Nibbling_at_a_thin_slice_of_single_Gloucester%21%21_%28BM_1868%2C0808.6706%29.jpg?utm_source=commons.wikimedia.org&utm_campaign=imageinfo&utm_content=thumbnail
kissing-with-closed-eyes_1221_File_PEO_smiley_kissing_heart.jpg,Category:Kissing with closed eyes,File:PEO-smiley kissing heart.svg,https://github.com/break24/PhantomOpenEmoji/graphs/contributors,CC BY 3.0,https://commons.wikimedia.org/wiki/File%3APEO-smiley_kissing_heart.svg,https://thumb.wikimedia.org/wikipedia/commons/thumb/0/0d/PEO-smiley_kissing_heart.svg/960px-PEO-smiley_kissing_heart.svg.png?utm_source=commons.wikimedia.org&utm_campaign=imageinfo&utm_content=thumbnail
kissing-with-closed-eyes_1222_File_Perfect_North_Slopes_Lift_love_4260541002.jpg,Category:Kissing with closed eyes,File:Perfect North Slopes - Lift love (4260541002).jpg,"Serge Melki from Indianapolis, USA",CC BY 2.0,https://commons.wikimedia.org/wiki/File%3APerfect_North_Slopes_-_Lift_love_%284260541002%29.jpg,https://thumb.wikimedia.org/wikipedia/commons/thumb/f/fb/Perfect_North_Slopes_-_Lift_love_%284260541002%29.jpg/960px-Perfect_North_Slopes_-_Lift_love_%284260541002%29.jpg?utm_source=commons.wikimedia.org&utm_campaign=imageinfo&utm_content=thumbnail
kissing-with-closed-eyes_1223_File_Phantom_Open_Emoji_1f618.jpg,Category:Kissing with closed eyes,File:Phantom Open Emoji 1f618.svg,https://github.com/break24/PhantomOpenEmoji/graphs/contributors,CC BY 3.0,https://commons.wikimedia.org/wiki/File%3APhantom_Open_Emoji_1f618.svg,https://thumb.wikimedia.org/wikipedia/commons/thumb/7/7a/Phantom_Open_Emoji_1f618.svg/960px-Phantom_Open_Emoji_1f618.svg.png?utm_source=commons.wikimedia.org&utm_campaign=imageinfo&utm_content=thumbnail
kissing-with-closed-eyes_1224_File_Primas_demostr_ndose_AMOR.jpg,Category:Kissing with closed eyes,File:Primas demostrándose AMOR.jpg,Daniela Alejandra Robles,CC BY-SA 3.0,https://commons.wikimedia.org/wiki/File%3APrimas_demostr%C3%A1ndose_AMOR.jpg,https://thumb.wikimedia.org/wikipedia/commons/thumb/e/e5/Primas_demostr%C3%A1ndose_AMOR.jpg/960px-Primas_demostr%C3%A1ndose_AMOR.jpg?utm_source=commons.wikimedia.org&utm_campaign=imageinfo&utm_content=thumbnail
kissing-with-closed-eyes_1225_File_Romeo_and_Juliet_detail_by_Frank_Dicksee.jpg,Category:Kissing with closed eyes,File:Romeo and Juliet (detail) by Frank Dicksee.png,Frank Bernard Dicksee,Public domain,https://commons.wikimedia.org/wiki/File%3ARomeo_and_Juliet_%28detail%29_by_Frank_Dicksee.png,https://upload.wikimedia.org/wikipedia/commons/f/ff/Romeo_and_Juliet_%28detail%29_by_Frank_Dicksee.png?utm_source=commons.wikimedia.org&utm_campaign=imageinfo&utm_content=thumbnail_unscaled
kissing-with-closed-eyes_1226_File_Smootch_Mardi_Gras_Party_New_Orleans_1998.jpg,Category:Kissing with closed eyes,File:Smootch Mardi Gras Party New Orleans 1998.jpg,Infrogmation of New Orleans,CC BY-SA 2.0,https://commons.wikimedia.org/wiki/File%3ASmootch_Mardi_Gras_Party_New_Orleans_1998.jpg,https://thumb.wikimedia.org/wikipedia/commons/thumb/a/ab/Smootch_Mardi_Gras_Party_New_Orleans_1998.jpg/960px-Smootch_Mardi_Gras_Party_New_Orleans_1998.jpg?utm_source=commons.wikimedia.org&utm_campaign=imageinfo&utm_content=thumbnail
kissing-with-closed-eyes_1227_File_Tancredo_Neves_e_A_cio_Neves.jpg,Category:Kissing with closed eyes,File:Tancredo Neves e Aécio Neves.jpg,Agência Brasil (photographer unknown),CC BY 3.0 br,https://commons.wikimedia.org/wiki/File%3ATancredo_Neves_e_A%C3%A9cio_Neves.jpg,https://thumb.wikimedia.org/wikipedia/commons/thumb/d/d1/Tancredo_Neves_e_A%C3%A9cio_Neves.jpg/960px-Tancredo_Neves_e_A%C3%A9cio_Neves.jpg?utm_source=commons.wikimedia.org&utm_campaign=imageinfo&utm_content=thumbnail
kissing-with-closed-eyes_1228_File_The_Kiss_3704669961.jpg,Category:Kissing with closed eyes,File:The Kiss (3704669961).jpg,"Helgi Halldórsson from Reykjavík, Iceland",CC BY-SA 2.0,https://commons.wikimedia.org/wiki/File%3AThe_Kiss_%283704669961%29.jpg,https://thumb.wikimedia.org/wikipedia/commons/thumb/0/08/The_Kiss_%283704669961%29.jpg/960px-The_Kiss_%283704669961%29.jpg?utm_source=commons.wikimedia.org&utm_campaign=imageinfo&utm_content=thumbnail
kissing-with-closed-eyes_1229_File_Tommy_Sands_kissed_his_bride_Nancy_Sinatra_19.jpg,Category:Kissing with closed eyes,"File:Tommy Sands kissed his bride Nancy Sinatra, 1960.jpg","Dell Publishing, 1960. Photographer: Curt Gunther of Topix [1]",Public domain,https://commons.wikimedia.org/wiki/File%3ATommy_Sands_kissed_his_bride_Nancy_Sinatra%2C_1960.jpg,https://upload.wikimedia.org/wikipedia/commons/5/5c/Tommy_Sands_kissed_his_bride_Nancy_Sinatra%2C_1960.jpg?utm_source=commons.wikimedia.org&utm_campaign=imageinfo&utm_content=thumbnail_unscaled
kissing-with-closed-eyes_1230_File_Tony_Curtis_and_Janet_Leigh_kissing_1954.jpg,Category:Kissing with closed eyes,"File:Tony Curtis and Janet Leigh kissing, 1954.jpg",Bob Beerman and Bert Parry [1],Public domain,https://commons.wikimedia.org/wiki/File%3ATony_Curtis_and_Janet_Leigh_kissing%2C_1954.jpg,https://upload.wikimedia.org/wikipedia/commons/a/a0/Tony_Curtis_and_Janet_Leigh_kissing%2C_1954.jpg?utm_source=commons.wikimedia.org&utm_campaign=imageinfo&utm_content=thumbnail_unscaled
kissing-with-closed-eyes_1231_File_Valeria_Marini.jpg,Category:Kissing with closed eyes,File:Valeria Marini.jpg,Nicogenin,CC BY-SA 2.0,https://commons.wikimedia.org/wiki/File%3AValeria_Marini.jpg,https://thumb.wikimedia.org/wikipedia/commons/thumb/2/2e/Valeria_Marini.jpg/960px-Valeria_Marini.jpg?utm_source=commons.wikimedia.org&utm_campaign=imageinfo&utm_content=thumbnail
kissing-with-closed-eyes_1232_File_Welcome_home.jpg,Category:Kissing with closed eyes,File:Welcome home.jpg,The U.S. Army,Public domain,https://commons.wikimedia.org/wiki/File%3AWelcome_home.jpg,https://thumb.wikimedia.org/wikipedia/commons/thumb/c/c2/Welcome_home.jpg/960px-Welcome_home.jpg?utm_source=commons.wikimedia.org&utm_campaign=imageinfo&utm_content=thumbnail
kissing-with-closed-eyes_1233_File_Young_Couple_Smooching_Outside_Cathedral_Cent.jpg,Category:Kissing with closed eyes,File:Young Couple Smooching - Outside Cathedral - Centro Historico - Puebla - Mexico (15350928669).jpg,"Adam Jones from Kelowna, BC, Canada",CC BY-SA 2.0,https://commons.wikimedia.org/wiki/File%3AYoung_Couple_Smooching_-_Outside_Cathedral_-_Centro_Historico_-_Puebla_-_Mexico_%2815350928669%29.jpg,https://thumb.wikimedia.org/wikipedia/commons/thumb/f/f6/Young_Couple_Smooching_-_Outside_Cathedral_-_Centro_Historico_-_Puebla_-_Mexico_%2815350928669%29.jpg/960px-Young_Couple_Smooching_-_Outside_Cathedral_-_Centro_Historico_-_Puebla_-_Mexico_%2815350928669%29.jpg?utm_source=commons.wikimedia.org&utm_campaign=imageinfo&utm_content=thumbnail
children-with-closed-eyes_1234_File_A_Child_in_Peace_During_Supplication_on_the_N.jpg,Category:Children with closed eyes,File:A Child in Peace During Supplication on the Nights of Qadr.jpg,Montzr 1,CC BY-SA 4.0,https://commons.wikimedia.org/wiki/File%3AA_Child_in_Peace_During_Supplication_on_the_Nights_of_Qadr.jpg,https://thumb.wikimedia.org/wikipedia/commons/thumb/e/e9/A_Child_in_Peace_During_Supplication_on_the_Nights_of_Qadr.jpg/960px-A_Child_in_Peace_During_Supplication_on_the_Nights_of_Qadr.jpg?utm_source=commons.wikimedia.org&utm_campaign=imageinfo&utm_content=thumbnail
female-people-with-closed-eyes_1235_File_Marie_Claire_Korea_Feel_The_Soul_2.jpg,Category:Female people with closed eyes,File:(Marie Claire Korea) Feel The Soul - 이효리 (2).jpg,Marie Claire Korea,CC BY 3.0,https://commons.wikimedia.org/wiki/File%3A%28Marie_Claire_Korea%29_Feel_The_Soul_-_%EC%9D%B4%ED%9A%A8%EB%A6%AC_%282%29.jpg,https://upload.wikimedia.org/wikipedia/commons/0/04/%28Marie_Claire_Korea%29_Feel_The_Soul_-_%EC%9D%B4%ED%9A%A8%EB%A6%AC_%282%29.jpg?utm_source=commons.wikimedia.org&utm_campaign=imageinfo&utm_content=thumbnail_unscaled
female-people-with-closed-eyes_1236_File_01_Ingrid_Laubrock.jpg,Category:Female people with closed eyes,File:01 Ingrid Laubrock.JPG,Schorle,CC BY-SA 3.0,https://commons.wikimedia.org/wiki/File%3A01_Ingrid_Laubrock.JPG,https://thumb.wikimedia.org/wikipedia/commons/thumb/b/b2/01_Ingrid_Laubrock.JPG/960px-01_Ingrid_Laubrock.JPG?utm_source=commons.wikimedia.org&utm_campaign=imageinfo&utm_content=thumbnail
female-people-with-closed-eyes_1237_File_Aleksandra_Krunic_SRB_9614558139.jpg,Category:Female people with closed eyes,File:Aleksandra Krunic (SRB) (9614558139).jpg,"robbiesaurus from Smithtown, NY, USA",CC BY-SA 2.0,https://commons.wikimedia.org/wiki/File%3AAleksandra_Krunic_%28SRB%29_%289614558139%29.jpg,https://thumb.wikimedia.org/wikipedia/commons/thumb/a/a8/Aleksandra_Krunic_%28SRB%29_%289614558139%29.jpg/960px-Aleksandra_Krunic_%28SRB%29_%289614558139%29.jpg?utm_source=commons.wikimedia.org&utm_campaign=imageinfo&utm_content=thumbnail
female-people-with-closed-eyes_1238_File_Applying_glitter_to_her_eyelids.jpg,Category:Female people with closed eyes,File:Applying glitter to her eyelids.jpg,Flickr user eperales,CC BY 2.0,https://commons.wikimedia.org/wiki/File%3AApplying_glitter_to_her_eyelids.jpg,https://thumb.wikimedia.org/wikipedia/commons/thumb/d/d6/Applying_glitter_to_her_eyelids.jpg/960px-Applying_glitter_to_her_eyelids.jpg?utm_source=commons.wikimedia.org&utm_campaign=imageinfo&utm_content=thumbnail
female-people-with-closed-eyes_1239_File_Asbury_Park_Zombie_Walk_5145881843.jpg,Category:Female people with closed eyes,File:Asbury Park Zombie Walk (5145881843).jpg,"Hypnotica Studios Infinite from Toms River, New Jersey, USA",CC BY 2.0,https://commons.wikimedia.org/wiki/File%3AAsbury_Park_Zombie_Walk_%285145881843%29.jpg,https://thumb.wikimedia.org/wikipedia/commons/thumb/0/0b/Asbury_Park_Zombie_Walk_%285145881843%29.jpg/960px-Asbury_Park_Zombie_Walk_%285145881843%29.jpg?utm_source=commons.wikimedia.org&utm_campaign=imageinfo&utm_content=thumbnail
female-people-with-closed-eyes_1240_File_Baroness_Elfriede_Ehrenfels_von_Bodmershof.jpg,Category:Female people with closed eyes,File:Baroness Elfriede Ehrenfels von Bodmershof.jpg,Unknown authorUnknown author,Public domain,https://commons.wikimedia.org/wiki/File%3ABaroness_Elfriede_Ehrenfels_von_Bodmershof.jpg,https://upload.wikimedia.org/wikipedia/commons/e/e9/Baroness_Elfriede_Ehrenfels_von_Bodmershof.jpg?utm_source=commons.wikimedia.org&utm_campaign=imageinfo&utm_content=thumbnail_unscaled
female-people-with-closed-eyes_1241_File_Beauty_girl.jpg,Category:Female people with closed eyes,File:Beauty girl.jpg,bs70,CC BY 2.0,https://commons.wikimedia.org/wiki/File%3ABeauty_girl.jpg,https://upload.wikimedia.org/wikipedia/commons/a/a1/Beauty_girl.jpg?utm_source=commons.wikimedia.org&utm_campaign=imageinfo&utm_content=thumbnail_unscaled
female-people-with-closed-eyes_1242_File_Bouguereau_Le_d_dain.jpg,Category:Female people with closed eyes,File:Bouguereau Le dédain.JPG,VladoubidoOo,CC BY-SA 4.0,https://commons.wikimedia.org/wiki/File%3ABouguereau_Le_d%C3%A9dain.JPG,https://upload.wikimedia.org/wikipedia/commons/1/18/Bouguereau_Le_d%C3%A9dain.JPG?utm_source=commons.wikimedia.org&utm_campaign=imageinfo&utm_content=thumbnail_unscaled
female-people-with-closed-eyes_1243_File_Bruna_Caram_2447623038.jpg,Category:Female people with closed eyes,File:Bruna Caram (2447623038).jpg,As fotos da Virada!,CC BY-SA 2.0,https://commons.wikimedia.org/wiki/File%3ABruna_Caram_%282447623038%29.jpg,https://thumb.wikimedia.org/wikipedia/commons/thumb/4/43/Bruna_Caram_%282447623038%29.jpg/960px-Bruna_Caram_%282447623038%29.jpg?utm_source=commons.wikimedia.org&utm_campaign=imageinfo&utm_content=thumbnail
female-people-with-closed-eyes_1244_File_Chaplin_Le_R_ve.jpg,Category:Female people with closed eyes,File:Chaplin-Le Rêve.jpg,Charles Joshua Chaplin,Public domain,https://commons.wikimedia.org/wiki/File%3AChaplin-Le_R%C3%AAve.jpg,https://upload.wikimedia.org/wikipedia/commons/d/df/Chaplin-Le_R%C3%AAve.jpg?utm_source=commons.wikimedia.org&utm_campaign=imageinfo&utm_content=thumbnail_unscaled
female-people-with-closed-eyes_1245_File_Charley_Chase_smokes_at_Porn_Star_Karaoke_17.jpg,Category:Female people with closed eyes,File:Charley Chase smokes at Porn Star Karaoke 17.jpg,Photo from www.lukeisback.com,CC BY-SA 2.5,https://commons.wikimedia.org/wiki/File%3ACharley_Chase_smokes_at_Porn_Star_Karaoke_17.jpg,https://upload.wikimedia.org/wikipedia/commons/d/d4/Charley_Chase_smokes_at_Porn_Star_Karaoke_17.jpg?utm_source=commons.wikimedia.org&utm_campaign=imageinfo&utm_content=thumbnail_unscaled
female-people-with-closed-eyes_1246_File_Christina_Makarova_at_the_2013_US_Open.jpg,Category:Female people with closed eyes,File:Christina Makarova at the 2013 US Open.jpg,robbiesaurus,CC BY-SA 2.0,https://commons.wikimedia.org/wiki/File%3AChristina_Makarova_at_the_2013_US_Open.jpg,https://thumb.wikimedia.org/wikipedia/commons/thumb/7/79/Christina_Makarova_at_the_2013_US_Open.jpg/960px-Christina_Makarova_at_the_2013_US_Open.jpg?utm_source=commons.wikimedia.org&utm_campaign=imageinfo&utm_content=thumbnail
female-people-with-closed-eyes_1247_File_Contest_Judges_4642805253.jpg,Category:Female people with closed eyes,File:Contest Judges (4642805253).jpg,TechCrunch,CC BY 2.0,https://commons.wikimedia.org/wiki/File%3AContest_Judges_%284642805253%29.jpg,https://thumb.wikimedia.org/wikipedia/commons/thumb/c/cf/Contest_Judges_%284642805253%29.jpg/960px-Contest_Judges_%284642805253%29.jpg?utm_source=commons.wikimedia.org&utm_campaign=imageinfo&utm_content=thumbnail
female-people-with-closed-eyes_1248_File_Cosplay_Show_20_Geek_Picnic_2018_SPb.jpg,Category:Female people with closed eyes,File:Cosplay Show (20) на Geek Picnic 2018 SPb.jpg,Okras,CC BY-SA 4.0,https://commons.wikimedia.org/wiki/File%3ACosplay_Show_%2820%29_%D0%BD%D0%B0_Geek_Picnic_2018_SPb.jpg,https://thumb.wikimedia.org/wikipedia/commons/thumb/c/c9/Cosplay_Show_%2820%29_%D0%BD%D0%B0_Geek_Picnic_2018_SPb.jpg/960px-Cosplay_Show_%2820%29_%D0%BD%D0%B0_Geek_Picnic_2018_SPb.jpg?utm_source=commons.wikimedia.org&utm_campaign=imageinfo&utm_content=thumbnail
female-people-with-closed-eyes_1249_File_Dancing_Queen.jpg,Category:Female people with closed eyes,File:Dancing Queen.jpg,"Benjamin Portland from New York, USA",CC BY-SA 2.0,https://commons.wikimedia.org/wiki/File%3ADancing_Queen.jpg,https://thumb.wikimedia.org/wikipedia/commons/thumb/6/6d/Dancing_Queen.jpg/960px-Dancing_Queen.jpg?utm_source=commons.wikimedia.org&utm_campaign=imageinfo&utm_content=thumbnail
female-people-with-closed-eyes_1250_File_Girl_diving_from_rocks.jpg,Category:Female people with closed eyes,File:Girl diving from rocks.jpg,Jeanne boleyn,CC0,https://commons.wikimedia.org/wiki/File%3AGirl_diving_from_rocks.jpg,https://upload.wikimedia.org/wikipedia/commons/7/75/Girl_diving_from_rocks.jpg?utm_source=commons.wikimedia.org&utm_campaign=imageinfo&utm_content=thumbnail_unscaled
female-people-with-closed-eyes_1251_File_Grazia_Deledda_1926_MOZTUA.jpg,Category:Female people with closed eyes,File:Grazia Deledda 1926 MOZTUA.jpg,Nobel Foundation,Public domain,https://commons.wikimedia.org/wiki/File%3AGrazia_Deledda_1926_MOZTUA.jpg,https://upload.wikimedia.org/wikipedia/commons/e/e2/Grazia_Deledda_1926_MOZTUA.jpg?utm_source=commons.wikimedia.org&utm_campaign=imageinfo&utm_content=thumbnail_unscaled
female-people-with-closed-eyes_1252_File_Grazia_Deledda_1926.jpg,Category:Female people with closed eyes,File:Grazia Deledda 1926.jpg,Nobel Foundation,Public domain,https://commons.wikimedia.org/wiki/File%3AGrazia_Deledda_1926.jpg,https://upload.wikimedia.org/wikipedia/commons/c/c7/Grazia_Deledda_1926.jpg?utm_source=commons.wikimedia.org&utm_campaign=imageinfo&utm_content=thumbnail_unscaled
female-people-with-closed-eyes_1253_File_Haircut_long.jpg,Category:Female people with closed eyes,File:Haircut long.jpg,"scott feldstein from West Bend, United States",CC BY 2.0,https://commons.wikimedia.org/wiki/File%3AHaircut_long.jpg,https://thumb.wikimedia.org/wikipedia/commons/thumb/f/f0/Haircut_long.jpg/960px-Haircut_long.jpg?utm_source=commons.wikimedia.org&utm_campaign=imageinfo&utm_content=thumbnail
female-people-with-closed-eyes_1254_File_High_School_friends_Mary_Heikie_Florida_1977.jpg,Category:Female people with closed eyes,File:High School friends Mary Heikie Florida 1977.jpg,Infrogmation of New Orleans,CC BY 2.0,https://commons.wikimedia.org/wiki/File%3AHigh_School_friends_Mary_Heikie_Florida_1977.jpg,https://thumb.wikimedia.org/wikipedia/commons/thumb/e/e7/High_School_friends_Mary_Heikie_Florida_1977.jpg/960px-High_School_friends_Mary_Heikie_Florida_1977.jpg?utm_source=commons.wikimedia.org&utm_campaign=imageinfo&utm_content=thumbnail
female-people-with-closed-eyes_1255_File_LigiaGuerra.jpg,Category:Female people with closed eyes,File:LigiaGuerra.jpg,José Luiz Guerra,CC BY 3.0,https://commons.wikimedia.org/wiki/File%3ALigiaGuerra.jpg,https://upload.wikimedia.org/wikipedia/commons/d/dd/LigiaGuerra.jpg?utm_source=commons.wikimedia.org&utm_campaign=imageinfo&utm_content=thumbnail_unscaled
female-people-with-closed-eyes_1256_File_Manner_of_Jean_Baptiste_Santerre_001.jpg,Category:Female people with closed eyes,File:Manner of Jean-Baptiste Santerre 001.jpg,Manner of Jean-Baptiste Santerre,Public domain,https://commons.wikimedia.org/wiki/File%3AManner_of_Jean-Baptiste_Santerre_001.jpg,https://upload.wikimedia.org/wikipedia/commons/4/4d/Manner_of_Jean-Baptiste_Santerre_001.jpg?utm_source=commons.wikimedia.org&utm_campaign=imageinfo&utm_content=thumbnail_unscaled
female-people-with-closed-eyes_1257_File_Mr_H_W_van_Hylkema_hoofd_direkteur_Kinderbesc.jpg,Category:Female people with closed eyes,"File:Mr. H. W. van Hylkema , hoofd direkteur Kinderbescherming bij Ministerie van Jus, Bestanddeelnr 923-0291.jpg",Rob Mieremet / Anefo,CC0,https://commons.wikimedia.org/wiki/File%3AMr._H._W._van_Hylkema_%2C_hoofd_direkteur_Kinderbescherming_bij_Ministerie_van_Jus%2C_Bestanddeelnr_923-0291.jpg,https://thumb.wikimedia.org/wikipedia/commons/thumb/e/eb/Mr._H._W._van_Hylkema_%2C_hoofd_direkteur_Kinderbescherming_bij_Ministerie_van_Jus%2C_Bestanddeelnr_923-0291.jpg/960px-Mr._H._W._van_Hylkema_%2C_hoofd_direkteur_Kinderbescherming_bij_Ministerie_van_Jus%2C_Bestanddeelnr_923-0291.jpg?utm_source=commons.wikimedia.org&utm_campaign=imageinfo&utm_content=thumbnail
female-people-with-closed-eyes_1258_File_M_gumi_Satsu.jpg,Category:Female people with closed eyes,File:Mégumi Satsu (薩 めぐみ).jpg,Mattkinska,CC BY-SA 3.0,https://commons.wikimedia.org/wiki/File%3AM%C3%A9gumi_Satsu_%28%E8%96%A9_%E3%82%81%E3%81%90%E3%81%BF%29.jpg,https://upload.wikimedia.org/wikipedia/commons/d/d5/M%C3%A9gumi_Satsu_%28%E8%96%A9_%E3%82%81%E3%81%90%E3%81%BF%29.jpg?utm_source=commons.wikimedia.org&utm_campaign=imageinfo&utm_content=thumbnail_unscaled
female-people-with-closed-eyes_1259_File_Nature_Bodyart_6840442777.jpg,Category:Female people with closed eyes,File:Nature Bodyart (6840442777).jpg,Eva Rinaldi,CC BY-SA 2.0,https://commons.wikimedia.org/wiki/File%3ANature_Bodyart_%286840442777%29.jpg,https://upload.wikimedia.org/wikipedia/commons/f/f3/Nature_Bodyart_%286840442777%29.jpg?utm_source=commons.wikimedia.org&utm_campaign=imageinfo&utm_content=thumbnail_unscaled
female-people-with-closed-eyes_1260_File_NoraDoncheva.jpg,Category:Female people with closed eyes,File:NoraDoncheva.jpg,Nora Doncheva,CC BY-SA 4.0,https://commons.wikimedia.org/wiki/File%3ANoraDoncheva.jpg,https://upload.wikimedia.org/wikipedia/commons/2/28/NoraDoncheva.jpg?utm_source=commons.wikimedia.org&utm_campaign=imageinfo&utm_content=thumbnail_unscaled
female-people-with-closed-eyes_1261_File_Point_Zero_Experiment.jpg,Category:Female people with closed eyes,File:Point Zero Experiment.jpg,Hakumomo,CC BY-SA 3.0,https://commons.wikimedia.org/wiki/File%3APoint_Zero_Experiment.jpg,https://upload.wikimedia.org/wikipedia/commons/5/54/Point_Zero_Experiment.jpg?utm_source=commons.wikimedia.org&utm_campaign=imageinfo&utm_content=thumbnail_unscaled
female-people-with-closed-eyes_1262_File_Protests_in_Bahrain_Flickr_Al_Jazeera_English.jpg,Category:Female people with closed eyes,File:Protests in Bahrain - Flickr - Al Jazeera English (12).jpg,Sara Hassan via Al Jazeera English,CC BY-SA 2.0,https://commons.wikimedia.org/wiki/File%3AProtests_in_Bahrain_-_Flickr_-_Al_Jazeera_English_%2812%29.jpg,https://thumb.wikimedia.org/wikipedia/commons/thumb/3/3d/Protests_in_Bahrain_-_Flickr_-_Al_Jazeera_English_%2812%29.jpg/960px-Protests_in_Bahrain_-_Flickr_-_Al_Jazeera_English_%2812%29.jpg?utm_source=commons.wikimedia.org&utm_campaign=imageinfo&utm_content=thumbnail
female-people-with-closed-eyes_1263_File_Rain_of_Happiness_2.jpg,Category:Female people with closed eyes,File:Rain of Happiness 2.jpg,ISELAAJN,CC BY 2.0,https://commons.wikimedia.org/wiki/File%3ARain_of_Happiness_2.jpg,https://thumb.wikimedia.org/wikipedia/commons/thumb/3/33/Rain_of_Happiness_2.jpg/960px-Rain_of_Happiness_2.jpg?utm_source=commons.wikimedia.org&utm_campaign=imageinfo&utm_content=thumbnail
female-people-with-closed-eyes_1264_File_Solveig_Slettahjell_Oslo_Jazzfestival_2018_18.jpg,Category:Female people with closed eyes,File:Solveig Slettahjell Oslo Jazzfestival 2018 (182427).jpg,Tore Sætre,CC BY-SA 4.0,https://commons.wikimedia.org/wiki/File%3ASolveig_Slettahjell_Oslo_Jazzfestival_2018_%28182427%29.jpg,https://upload.wikimedia.org/wikipedia/commons/6/60/Solveig_Slettahjell_Oslo_Jazzfestival_2018_%28182427%29.jpg?utm_source=commons.wikimedia.org&utm_campaign=imageinfo&utm_content=thumbnail_unscaled
female-people-with-closed-eyes_1265_File_Stratz_K_rper_des_Kindes_23.jpg,Category:Female people with closed eyes,File:Stratz - Körper des Kindes 23.jpg,Wilhelm von Plüschow (photographer),Public domain,https://commons.wikimedia.org/wiki/File%3AStratz_-_K%C3%B6rper_des_Kindes_23.jpg,https://upload.wikimedia.org/wikipedia/commons/c/cd/Stratz_-_K%C3%B6rper_des_Kindes_23.jpg?utm_source=commons.wikimedia.org&utm_campaign=imageinfo&utm_content=thumbnail_unscaled
female-people-with-closed-eyes_1266_File_Surf_IMG_1021_3120286171.jpg,Category:Female people with closed eyes,File:Surf IMG 1021 (3120286171).jpg,"Bengt Nyman from Vaxholm, Sweden",CC BY 2.0,https://commons.wikimedia.org/wiki/File%3ASurf_IMG_1021_%283120286171%29.jpg,https://thumb.wikimedia.org/wikipedia/commons/thumb/3/34/Surf_IMG_1021_%283120286171%29.jpg/960px-Surf_IMG_1021_%283120286171%29.jpg?utm_source=commons.wikimedia.org&utm_campaign=imageinfo&utm_content=thumbnail
female-people-with-closed-eyes_1267_File_SylviaMartin.jpg,Category:Female people with closed eyes,File:SylviaMartin.JPG,S Martin,CC BY-SA 3.0,https://commons.wikimedia.org/wiki/File%3ASylviaMartin.JPG,https://thumb.wikimedia.org/wikipedia/commons/thumb/1/1d/SylviaMartin.JPG/960px-SylviaMartin.JPG?utm_source=commons.wikimedia.org&utm_campaign=imageinfo&utm_content=thumbnail
female-people-with-closed-eyes_1268_File_TamarLalo.jpg,Category:Female people with closed eyes,File:TamarLalo.jpg,Juanmaoboe,CC BY-SA 4.0,https://commons.wikimedia.org/wiki/File%3ATamarLalo.jpg,https://thumb.wikimedia.org/wikipedia/commons/thumb/e/e1/TamarLalo.jpg/960px-TamarLalo.jpg?utm_source=commons.wikimedia.org&utm_campaign=imageinfo&utm_content=thumbnail
female-people-with-closed-eyes_1269_File_Victoria_Koblenko.jpg,Category:Female people with closed eyes,File:Victoria Koblenko.jpg,Roel Wijnants,CC BY 2.0,https://commons.wikimedia.org/wiki/File%3AVictoria_Koblenko.jpg,https://thumb.wikimedia.org/wikipedia/commons/thumb/3/30/Victoria_Koblenko.jpg/960px-Victoria_Koblenko.jpg?utm_source=commons.wikimedia.org&utm_campaign=imageinfo&utm_content=thumbnail
female-people-with-closed-eyes_1270_File_WGP_THA_VS_JPN.jpg,Category:Female people with closed eyes,File:WGP THA VS JPN.jpg,Babygagaloo,CC BY-SA 4.0,https://commons.wikimedia.org/wiki/File%3AWGP_THA_VS_JPN.jpg,https://upload.wikimedia.org/wikipedia/commons/f/f1/WGP_THA_VS_JPN.jpg?utm_source=commons.wikimedia.org&utm_campaign=imageinfo&utm_content=thumbnail_unscaled
female-people-with-closed-eyes_1271_File_William_Adolphe_Bouguereau_1825_1905_Head_Of.jpg,Category:Female people with closed eyes,File:William-Adolphe Bouguereau (1825-1905) - Head Of A Young Girl (1898).jpg,William-Adolphe Bouguereau,Public domain,https://commons.wikimedia.org/wiki/File%3AWilliam-Adolphe_Bouguereau_%281825-1905%29_-_Head_Of_A_Young_Girl_%281898%29.jpg,https://thumb.wikimedia.org/wikipedia/commons/thumb/e/e2/William-Adolphe_Bouguereau_%281825-1905%29_-_Head_Of_A_Young_Girl_%281898%29.jpg/960px-William-Adolphe_Bouguereau_%281825-1905%29_-_Head_Of_A_Young_Girl_%281898%29.jpg?utm_source=commons.wikimedia.org&utm_campaign=imageinfo&utm_content=thumbnail
nude-people-with-closed-eyes_1272_File_Nude_man_sitting_at_a_chair.jpg,Category:Nude people with closed eyes,File:Nude man sitting at a chair.jpg,Franzl61,CC BY-SA 3.0,https://commons.wikimedia.org/wiki/File%3ANude_man_sitting_at_a_chair.jpg,https://thumb.wikimedia.org/wikipedia/commons/thumb/6/66/Nude_man_sitting_at_a_chair.jpg/960px-Nude_man_sitting_at_a_chair.jpg?utm_source=commons.wikimedia.org&utm_campaign=imageinfo&utm_content=thumbnail
sportspeople-with-closed-eyes_1273_File_2015_European_Artistic_Gymnastics_Championshi.jpg,Category:Sportspeople with closed eyes,File:2015 European Artistic Gymnastics Championships - Vault - Igor Radivilov 25.jpg,Pierre-Yves Beaudouin,CC BY-SA 4.0,https://commons.wikimedia.org/wiki/File%3A2015_European_Artistic_Gymnastics_Championships_-_Vault_-_Igor_Radivilov_25.jpg,https://thumb.wikimedia.org/wikipedia/commons/thumb/c/cd/2015_European_Artistic_Gymnastics_Championships_-_Vault_-_Igor_Radivilov_25.jpg/960px-2015_European_Artistic_Gymnastics_Championships_-_Vault_-_Igor_Radivilov_25.jpg?utm_source=commons.wikimedia.org&utm_campaign=imageinfo&utm_content=thumbnail
sportspeople-with-closed-eyes_1274_File_2016_Summer_Olympics_Greco_Roman_Wrestling_70.jpg,Category:Sportspeople with closed eyes,"File:2016 Summer Olympics, Greco-Roman Wrestling 70 kg - Shmagi Bolkvadze v Omid Norouzi.jpg",Javid Nikpour / Tasnimnews,CC BY 4.0,https://commons.wikimedia.org/wiki/File%3A2016_Summer_Olympics%2C_Greco-Roman_Wrestling_70_kg_-_Shmagi_Bolkvadze_v_Omid_Norouzi.jpg,https://upload.wikimedia.org/wikipedia/commons/3/3c/2016_Summer_Olympics%2C_Greco-Roman_Wrestling_70_kg_-_Shmagi_Bolkvadze_v_Omid_Norouzi.jpg?utm_source=commons.wikimedia.org&utm_campaign=imageinfo&utm_content=thumbnail_unscaled
sportspeople-with-closed-eyes_1275_File_2018_10_14_Lee_vs_Yairegpie_Group_stage_Boys.jpg,Category:Sportspeople with closed eyes,File:2018-10-14 Lee vs Yairegpie (Group stage Boys Wrestling Freestyle 80kg) at 2018 Summer Youth Olympics by Sandro Halank–031.jpg,"Sandro Halank, Wikimedia Commons",CC BY-SA 4.0,https://commons.wikimedia.org/wiki/File%3A2018-10-14_Lee_vs_Yairegpie_%28Group_stage_Boys_Wrestling_Freestyle_80kg%29_at_2018_Summer_Youth_Olympics_by_Sandro_Halank%E2%80%93031.jpg,https://thumb.wikimedia.org/wikipedia/commons/thumb/2/20/2018-10-14_Lee_vs_Yairegpie_%28Group_stage_Boys_Wrestling_Freestyle_80kg%29_at_2018_Summer_Youth_Olympics_by_Sandro_Halank%E2%80%93031.jpg/960px-2018-10-14_Lee_vs_Yairegpie_%28Group_stage_Boys_Wrestling_Freestyle_80kg%29_at_2018_Summer_Youth_Olympics_by_Sandro_Halank%E2%80%93031.jpg?utm_source=commons.wikimedia.org&utm_campaign=imageinfo&utm_content=thumbnail
sportspeople-with-closed-eyes_1276_File_2019_01_27_FIL_Rennrodel_Weltmeisterschaft_20.jpg,Category:Sportspeople with closed eyes,File:2019-01-27 FIL-Rennrodel-Weltmeisterschaft 2019 Winterberg StP 6191 by Stepro.jpg,Steffen Prößdorf,CC BY-SA 4.0,https://commons.wikimedia.org/wiki/File%3A2019-01-27_FIL-Rennrodel-Weltmeisterschaft_2019_Winterberg_StP_6191_by_Stepro.jpg,https://thumb.wikimedia.org/wikipedia/commons/thumb/9/9d/2019-01-27_FIL-Rennrodel-Weltmeisterschaft_2019_Winterberg_StP_6191_by_Stepro.jpg/960px-2019-01-27_FIL-Rennrodel-Weltmeisterschaft_2019_Winterberg_StP_6191_by_Stepro.jpg?utm_source=commons.wikimedia.org&utm_campaign=imageinfo&utm_content=thumbnail
sportspeople-with-closed-eyes_1277_File_2022_08_19_European_Championships_2022_Men_s.jpg,Category:Sportspeople with closed eyes,File:2022-08-19 European Championships 2022 – Men's 200 Metres by Sandro Halank–015.jpg,"Sandro Halank, Wikimedia Commons",CC BY-SA 4.0,https://commons.wikimedia.org/wiki/File%3A2022-08-19_European_Championships_2022_%E2%80%93_Men%27s_200_Metres_by_Sandro_Halank%E2%80%93015.jpg,https://thumb.wikimedia.org/wikipedia/commons/thumb/1/19/2022-08-19_European_Championships_2022_%E2%80%93_Men%27s_200_Metres_by_Sandro_Halank%E2%80%93015.jpg/960px-2022-08-19_European_Championships_2022_%E2%80%93_Men%27s_200_Metres_by_Sandro_Halank%E2%80%93015.jpg?utm_source=commons.wikimedia.org&utm_campaign=imageinfo&utm_content=thumbnail
sportspeople-with-closed-eyes_1278_File_250831_FC_vs_2.jpg,Category:Sportspeople with closed eyes,File:250831 FC 서울 vs 안양 (배현서) 2.jpg,Explicit,CC BY-SA 4.0,https://commons.wikimedia.org/wiki/File%3A250831_FC_%EC%84%9C%EC%9A%B8_vs_%EC%95%88%EC%96%91_%28%EB%B0%B0%ED%98%84%EC%84%9C%29_2.jpg,https://thumb.wikimedia.org/wikipedia/commons/thumb/e/e7/250831_FC_%EC%84%9C%EC%9A%B8_vs_%EC%95%88%EC%96%91_%28%EB%B0%B0%ED%98%84%EC%84%9C%29_2.jpg/960px-250831_FC_%EC%84%9C%EC%9A%B8_vs_%EC%95%88%EC%96%91_%28%EB%B0%B0%ED%98%84%EC%84%9C%29_2.jpg?utm_source=commons.wikimedia.org&utm_campaign=imageinfo&utm_content=thumbnail
sportspeople-with-closed-eyes_1279_File_Diyora_Keldiyorova_at_the_2024_Summer_Olympic.jpg,Category:Sportspeople with closed eyes,File:Diyora Keldiyorova at the 2024 Summer Olympics 05.jpg,National Olympic Committee of the Republic of Uzbekistan,CC BY 4.0,https://commons.wikimedia.org/wiki/File%3ADiyora_Keldiyorova_at_the_2024_Summer_Olympics_05.jpg,https://thumb.wikimedia.org/wikipedia/commons/thumb/c/cf/Diyora_Keldiyorova_at_the_2024_Summer_Olympics_05.jpg/960px-Diyora_Keldiyorova_at_the_2024_Summer_Olympics_05.jpg?utm_source=commons.wikimedia.org&utm_campaign=imageinfo&utm_content=thumbnail
sportspeople-with-closed-eyes_1280_File_Iran_s_Greco_Roman_Wrestler_Abdevali_Wins_Bro.jpg,Category:Sportspeople with closed eyes,File:Iran's Greco-Roman Wrestler Abdevali Wins Bronze Medal at Rio 1.jpg,Mohammad Hassanzadeh/Tasnimnews,CC BY 4.0,https://commons.wikimedia.org/wiki/File%3AIran%27s_Greco-Roman_Wrestler_Abdevali_Wins_Bronze_Medal_at_Rio_1.jpg,https://upload.wikimedia.org/wikipedia/commons/7/7d/Iran%27s_Greco-Roman_Wrestler_Abdevali_Wins_Bronze_Medal_at_Rio_1.jpg?utm_source=commons.wikimedia.org&utm_campaign=imageinfo&utm_content=thumbnail_unscaled
sportspeople-with-closed-eyes_1281_File_Ismael_Borrero_Rio_2016.jpg,Category:Sportspeople with closed eyes,File:Ismael Borrero Rio 2016.jpg,Mohammad Hassanzadeh / Tasnimnews,CC BY 4.0,https://commons.wikimedia.org/wiki/File%3AIsmael_Borrero_Rio_2016.jpg,https://upload.wikimedia.org/wikipedia/commons/d/d9/Ismael_Borrero_Rio_2016.jpg?utm_source=commons.wikimedia.org&utm_campaign=imageinfo&utm_content=thumbnail_unscaled
sportspeople-with-closed-eyes_1282_File_Nederlandse_Indoor_atletiekkampioenschappen_i.jpg,Category:Sportspeople with closed eyes,"File:Nederlandse Indoor atletiekkampioenschappen in Zwolle Roy Sedoc na record versp, Bestanddeelnr 930-1052.jpg",Rob Bogaerts / Anefo,CC0,https://commons.wikimedia.org/wiki/File%3ANederlandse_Indoor_atletiekkampioenschappen_in_Zwolle_Roy_Sedoc_na_record_versp%2C_Bestanddeelnr_930-1052.jpg,https://thumb.wikimedia.org/wikipedia/commons/thumb/4/46/Nederlandse_Indoor_atletiekkampioenschappen_in_Zwolle_Roy_Sedoc_na_record_versp%2C_Bestanddeelnr_930-1052.jpg/960px-Nederlandse_Indoor_atletiekkampioenschappen_in_Zwolle_Roy_Sedoc_na_record_versp%2C_Bestanddeelnr_930-1052.jpg?utm_source=commons.wikimedia.org&utm_campaign=imageinfo&utm_content=thumbnail
sportspeople-with-closed-eyes_1283_File_Sam_Beal_2019_cropped.jpg,Category:Sportspeople with closed eyes,File:Sam Beal 2019 (cropped).jpg,AlexanderJonesi,CC BY-SA 2.0,https://commons.wikimedia.org/wiki/File%3ASam_Beal_2019_%28cropped%29.jpg,https://thumb.wikimedia.org/wikipedia/commons/thumb/a/a0/Sam_Beal_2019_%28cropped%29.jpg/960px-Sam_Beal_2019_%28cropped%29.jpg?utm_source=commons.wikimedia.org&utm_campaign=imageinfo&utm_content=thumbnail
sportspeople-with-closed-eyes_1284_File_Sam_Beal_2019.jpg,Category:Sportspeople with closed eyes,File:Sam Beal 2019.jpg,AlexanderJonesi,CC BY-SA 2.0,https://commons.wikimedia.org/wiki/File%3ASam_Beal_2019.jpg,https://thumb.wikimedia.org/wikipedia/commons/thumb/0/05/Sam_Beal_2019.jpg/960px-Sam_Beal_2019.jpg?utm_source=commons.wikimedia.org&utm_campaign=imageinfo&utm_content=thumbnail
sportspeople-with-closed-eyes_1285_File_Volleyball_match_between_national_teams_of_Ir.jpg,Category:Sportspeople with closed eyes,File:Volleyball match between national teams of Iran and Italy at the Olympic Games in 2016 - 16.jpg,Mohammad Hassansadeh / tasnimnews,CC BY 4.0,https://commons.wikimedia.org/wiki/File%3AVolleyball_match_between_national_teams_of_Iran_and_Italy_at_the_Olympic_Games_in_2016_-_16.jpg,https://upload.wikimedia.org/wikipedia/commons/6/69/Volleyball_match_between_national_teams_of_Iran_and_Italy_at_the_Olympic_Games_in_2016_-_16.jpg?utm_source=commons.wikimedia.org&utm_campaign=imageinfo&utm_content=thumbnail_unscaled
sleeping-people-by-quantity_1286_File_A_Homeless_Wounded_Man.jpg,Category:Sleeping people by quantity,File:A Homeless Wounded Man.jpg,Bobjgalindo,CC BY 4.0,https://commons.wikimedia.org/wiki/File%3AA_Homeless_Wounded_Man.jpg,https://thumb.wikimedia.org/wikipedia/commons/thumb/5/5f/A_Homeless_Wounded_Man.jpg/960px-A_Homeless_Wounded_Man.jpg?utm_source=commons.wikimedia.org&utm_campaign=imageinfo&utm_content=thumbnail
sleeping-female-people_1287_File_AENNE1_2.jpg,Category:Sleeping female people,File:AENNE1 (2).jpg,aenne biermann,Public domain,https://commons.wikimedia.org/wiki/File%3AAENNE1_%282%29.jpg,https://upload.wikimedia.org/wikipedia/commons/3/36/AENNE1_%282%29.jpg?utm_source=commons.wikimedia.org&utm_campaign=imageinfo&utm_content=thumbnail_unscaled
sleeping-female-people_1288_File_FEMA_17081_Photograph_by_Ed_Edahl_taken_on_09.jpg,Category:Sleeping female people,File:FEMA - 17081 - Photograph by Ed Edahl taken on 09-24-2005 in Texas.jpg,Ed Edahl,Public domain,https://commons.wikimedia.org/wiki/File%3AFEMA_-_17081_-_Photograph_by_Ed_Edahl_taken_on_09-24-2005_in_Texas.jpg,https://thumb.wikimedia.org/wikipedia/commons/thumb/0/0a/FEMA_-_17081_-_Photograph_by_Ed_Edahl_taken_on_09-24-2005_in_Texas.jpg/960px-FEMA_-_17081_-_Photograph_by_Ed_Edahl_taken_on_09-24-2005_in_Texas.jpg?utm_source=commons.wikimedia.org&utm_campaign=imageinfo&utm_content=thumbnail
sleeping-female-people_1289_File_Paul_Gauguin_Reclining_Nude_NGA_1990_77_1_a.jpg,Category:Sleeping female people,File:Paul Gauguin - Reclining Nude - NGA 1990.77.1.a.jpg,Paul Gauguin,Public domain,https://commons.wikimedia.org/wiki/File%3APaul_Gauguin_-_Reclining_Nude_-_NGA_1990.77.1.a.jpg,https://thumb.wikimedia.org/wikipedia/commons/thumb/8/84/Paul_Gauguin_-_Reclining_Nude_-_NGA_1990.77.1.a.jpg/960px-Paul_Gauguin_-_Reclining_Nude_-_NGA_1990.77.1.a.jpg?utm_source=commons.wikimedia.org&utm_campaign=imageinfo&utm_content=thumbnail
sleeping-female-people_1290_File_Jackie_Martinez_in_B_W_sleeping_with_a_book_c.jpg,Category:Sleeping female people,File:Jackie Martinez in B&W sleeping with a book (cropped).jpg,mark sebastian,CC BY-SA 2.0,https://commons.wikimedia.org/wiki/File%3AJackie_Martinez_in_B%26W_sleeping_with_a_book_%28cropped%29.jpg,https://thumb.wikimedia.org/wikipedia/commons/thumb/6/64/Jackie_Martinez_in_B%26W_sleeping_with_a_book_%28cropped%29.jpg/960px-Jackie_Martinez_in_B%26W_sleeping_with_a_book_%28cropped%29.jpg?utm_source=commons.wikimedia.org&utm_campaign=imageinfo&utm_content=thumbnail
sleeping-female-people_1291_File_Jackie_Martinez_in_B_W_sleeping_with_a_book.jpg,Category:Sleeping female people,File:Jackie Martinez in B&W sleeping with a book.jpg,mark sebastian,CC BY-SA 2.0,https://commons.wikimedia.org/wiki/File%3AJackie_Martinez_in_B%26W_sleeping_with_a_book.jpg,https://thumb.wikimedia.org/wikipedia/commons/thumb/0/03/Jackie_Martinez_in_B%26W_sleeping_with_a_book.jpg/960px-Jackie_Martinez_in_B%26W_sleeping_with_a_book.jpg?utm_source=commons.wikimedia.org&utm_campaign=imageinfo&utm_content=thumbnail
sleeping-female-people_1292_File_Koh_Kut_Thailand_The_Broadcast.jpg,Category:Sleeping female people,"File:Koh Kut, Thailand, The Broadcast.jpg",Vyacheslav Argenberg,CC BY 4.0,https://commons.wikimedia.org/wiki/File%3AKoh_Kut%2C_Thailand%2C_The_Broadcast.jpg,https://thumb.wikimedia.org/wikipedia/commons/thumb/d/d6/Koh_Kut%2C_Thailand%2C_The_Broadcast.jpg/960px-Koh_Kut%2C_Thailand%2C_The_Broadcast.jpg?utm_source=commons.wikimedia.org&utm_campaign=imageinfo&utm_content=thumbnail
sleeping-female-people_1293_File_Koh_Kut_Thailand_World_Government_Broadcast.jpg,Category:Sleeping female people,"File:Koh Kut, Thailand, World Government Broadcast.jpg",Vyacheslav Argenberg,CC BY 4.0,https://commons.wikimedia.org/wiki/File%3AKoh_Kut%2C_Thailand%2C_World_Government_Broadcast.jpg,https://thumb.wikimedia.org/wikipedia/commons/thumb/1/14/Koh_Kut%2C_Thailand%2C_World_Government_Broadcast.jpg/960px-Koh_Kut%2C_Thailand%2C_World_Government_Broadcast.jpg?utm_source=commons.wikimedia.org&utm_campaign=imageinfo&utm_content=thumbnail
sleeping-female-people_1294_File_La_bella_durmiente_8254770088.jpg,Category:Sleeping female people,File:La bella durmiente (8254770088).jpg,"Juanedc from Zaragoza, España",CC BY 2.0,https://commons.wikimedia.org/wiki/File%3ALa_bella_durmiente_%288254770088%29.jpg,https://thumb.wikimedia.org/wikipedia/commons/thumb/0/02/La_bella_durmiente_%288254770088%29.jpg/960px-La_bella_durmiente_%288254770088%29.jpg?utm_source=commons.wikimedia.org&utm_campaign=imageinfo&utm_content=thumbnail
sleeping-female-people_1295_File_L_on_Perrault_A_young_peasant_girl_sleeping.jpg,Category:Sleeping female people,File:Léon Perrault - A young peasant girl sleeping.jpg,Léon Bazille Perrault,Public domain,https://commons.wikimedia.org/wiki/File%3AL%C3%A9on_Perrault_-_A_young_peasant_girl_sleeping.jpg,https://upload.wikimedia.org/wikipedia/commons/6/6f/L%C3%A9on_Perrault_-_A_young_peasant_girl_sleeping.jpg?utm_source=commons.wikimedia.org&utm_campaign=imageinfo&utm_content=thumbnail_unscaled
sleeping-female-people_1296_File_Maury_Geography_118B_sleeping.jpg,Category:Sleeping female people,File:Maury Geography 118B sleeping.jpg,Matthew Fontaine Maury,Public domain,https://commons.wikimedia.org/wiki/File%3AMaury_Geography_118B_sleeping.jpg,https://upload.wikimedia.org/wikipedia/commons/f/f1/Maury_Geography_118B_sleeping.jpg?utm_source=commons.wikimedia.org&utm_campaign=imageinfo&utm_content=thumbnail_unscaled
sleeping-female-people_1297_File_Mu_Ko_Ang_Thong_Boat_deck_Thailand.jpg,Category:Sleeping female people,"File:Mu Ko Ang Thong, Boat deck, Thailand.jpg",Vyacheslav Argenberg,CC BY 4.0,https://commons.wikimedia.org/wiki/File%3AMu_Ko_Ang_Thong%2C_Boat_deck%2C_Thailand.jpg,https://thumb.wikimedia.org/wikipedia/commons/thumb/d/da/Mu_Ko_Ang_Thong%2C_Boat_deck%2C_Thailand.jpg/960px-Mu_Ko_Ang_Thong%2C_Boat_deck%2C_Thailand.jpg?utm_source=commons.wikimedia.org&utm_campaign=imageinfo&utm_content=thumbnail
sleeping-female-people_1298_File_Mu_Ko_Ang_Thong_Deck_2_Thailand.jpg,Category:Sleeping female people,"File:Mu Ko Ang Thong, Deck 2, Thailand.jpg",Vyacheslav Argenberg,CC BY 4.0,https://commons.wikimedia.org/wiki/File%3AMu_Ko_Ang_Thong%2C_Deck_2%2C_Thailand.jpg,https://thumb.wikimedia.org/wikipedia/commons/thumb/3/33/Mu_Ko_Ang_Thong%2C_Deck_2%2C_Thailand.jpg/960px-Mu_Ko_Ang_Thong%2C_Deck_2%2C_Thailand.jpg?utm_source=commons.wikimedia.org&utm_campaign=imageinfo&utm_content=thumbnail
sleeping-female-people_1299_File_Mu_Ko_Ang_Thong_Deck_Thailand.jpg,Category:Sleeping female people,"File:Mu Ko Ang Thong, Deck, Thailand.jpg",Vyacheslav Argenberg,CC BY 4.0,https://commons.wikimedia.org/wiki/File%3AMu_Ko_Ang_Thong%2C_Deck%2C_Thailand.jpg,https://thumb.wikimedia.org/wikipedia/commons/thumb/0/0c/Mu_Ko_Ang_Thong%2C_Deck%2C_Thailand.jpg/960px-Mu_Ko_Ang_Thong%2C_Deck%2C_Thailand.jpg?utm_source=commons.wikimedia.org&utm_campaign=imageinfo&utm_content=thumbnail
sleeping-male-people_1300_File_Boys_don_t_cry_2775035490.jpg,Category:Sleeping male people,File:Boys don't cry (2775035490).jpg,Ana Yacobi,CC BY 2.0,https://commons.wikimedia.org/wiki/File%3ABoys_don%27t_cry_%282775035490%29.jpg,https://thumb.wikimedia.org/wikipedia/commons/thumb/0/0b/Boys_don%27t_cry_%282775035490%29.jpg/960px-Boys_don%27t_cry_%282775035490%29.jpg?utm_source=commons.wikimedia.org&utm_campaign=imageinfo&utm_content=thumbnail
sleeping-male-people_1301_File_Lecturas_veraniegas_2767017847.jpg,Category:Sleeping male people,File:Lecturas veraniegas (2767017847).jpg,Ana Yacobi,CC BY 2.0,https://commons.wikimedia.org/wiki/File%3ALecturas_veraniegas_%282767017847%29.jpg,https://thumb.wikimedia.org/wikipedia/commons/thumb/e/e7/Lecturas_veraniegas_%282767017847%29.jpg/960px-Lecturas_veraniegas_%282767017847%29.jpg?utm_source=commons.wikimedia.org&utm_campaign=imageinfo&utm_content=thumbnail
sleeping-male-people_1302_File_Pilot_Del_Carlton_Sleeps_After_a_Night_Fight.jpg,Category:Sleeping male people,"File:Pilot Del Carlton Sleeps After a Night Fight, Okinawa, 1945.jpg",USMC Archives,CC BY 2.0,https://commons.wikimedia.org/wiki/File%3APilot_Del_Carlton_Sleeps_After_a_Night_Fight%2C_Okinawa%2C_1945.jpg,https://thumb.wikimedia.org/wikipedia/commons/thumb/1/1d/Pilot_Del_Carlton_Sleeps_After_a_Night_Fight%2C_Okinawa%2C_1945.jpg/960px-Pilot_Del_Carlton_Sleeps_After_a_Night_Fight%2C_Okinawa%2C_1945.jpg?utm_source=commons.wikimedia.org&utm_campaign=imageinfo&utm_content=thumbnail
sleeping-male-people_1303_File_Underpass_by_the_Suvilahti_gasometers_in_Hels.jpg,Category:Sleeping male people,"File:Underpass by the Suvilahti gasometers in Helsinki, Finland, 1985 - 02.jpg",Juha-Pekka Inkinen,CC BY 4.0,https://commons.wikimedia.org/wiki/File%3AUnderpass_by_the_Suvilahti_gasometers_in_Helsinki%2C_Finland%2C_1985_-_02.jpg,https://thumb.wikimedia.org/wikipedia/commons/thumb/0/0f/Underpass_by_the_Suvilahti_gasometers_in_Helsinki%2C_Finland%2C_1985_-_02.jpg/960px-Underpass_by_the_Suvilahti_gasometers_in_Helsinki%2C_Finland%2C_1985_-_02.jpg?utm_source=commons.wikimedia.org&utm_campaign=imageinfo&utm_content=thumbnail
sleeping-people-in-art_1304_File_Just_By_Keeping_Well_You_Can_Help_Win_This_Wa.jpg,Category:Sleeping people in art,"File:""Just By Keeping Well You Can Help Win This War. Follow these five simple health rules. (1) Eat right, (2) Get your... - NARA - 514753.jpg",Unknown authorUnknown author or not provided,Public domain,https://commons.wikimedia.org/wiki/File%3A%22Just_By_Keeping_Well_You_Can_Help_Win_This_War._Follow_these_five_simple_health_rules._%281%29_Eat_right%2C_%282%29_Get_your..._-_NARA_-_514753.jpg,https://thumb.wikimedia.org/wikipedia/commons/thumb/6/63/%22Just_By_Keeping_Well_You_Can_Help_Win_This_War._Follow_these_five_simple_health_rules._%281%29_Eat_right%2C_%282%29_Get_your..._-_NARA_-_514753.jpg/960px-%22Just_By_Keeping_Well_You_Can_Help_Win_This_War._Follow_these_five_simple_health_rules._%281%29_Eat_right%2C_%282%29_Get_your..._-_NARA_-_514753.jpg?utm_source=commons.wikimedia.org&utm_campaign=imageinfo&utm_content=thumbnail
sleeping-people-in-art_1305_File_1907_07_03_Alegr_a_Los_de_la_orden_botijil_Me.jpg,Category:Sleeping people in art,"File:1907-07-03, ¡Alegría!, Los de la orden botijil, Medina Vera (cropped).jpg",Inocencio Medina Vera,Public domain,https://commons.wikimedia.org/wiki/File%3A1907-07-03%2C_%C2%A1Alegr%C3%ADa%21%2C_Los_de_la_orden_botijil%2C_Medina_Vera_%28cropped%29.jpg,https://thumb.wikimedia.org/wikipedia/commons/thumb/5/5d/1907-07-03%2C_%C2%A1Alegr%C3%ADa%21%2C_Los_de_la_orden_botijil%2C_Medina_Vera_%28cropped%29.jpg/960px-1907-07-03%2C_%C2%A1Alegr%C3%ADa%21%2C_Los_de_la_orden_botijil%2C_Medina_Vera_%28cropped%29.jpg?utm_source=commons.wikimedia.org&utm_campaign=imageinfo&utm_content=thumbnail
sleeping-people-in-art_1306_File_1907_07_03_Alegr_a_Los_de_la_orden_botijil_Me.jpg,Category:Sleeping people in art,"File:1907-07-03, ¡Alegría!, Los de la orden botijil, Medina Vera.jpg",Inocencio Medina Vera,Public domain,https://commons.wikimedia.org/wiki/File%3A1907-07-03%2C_%C2%A1Alegr%C3%ADa%21%2C_Los_de_la_orden_botijil%2C_Medina_Vera.jpg,https://thumb.wikimedia.org/wikipedia/commons/thumb/c/cf/1907-07-03%2C_%C2%A1Alegr%C3%ADa%21%2C_Los_de_la_orden_botijil%2C_Medina_Vera.jpg/960px-1907-07-03%2C_%C2%A1Alegr%C3%ADa%21%2C_Los_de_la_orden_botijil%2C_Medina_Vera.jpg?utm_source=commons.wikimedia.org&utm_campaign=imageinfo&utm_content=thumbnail
sleeping-people-in-art_1307_File_Akross_d_bridge_johns_death.jpg,Category:Sleeping people in art,File:Akross d bridge ( johns death ).jpg,Gistarena,CC BY-SA 4.0,https://commons.wikimedia.org/wiki/File%3AAkross_d_bridge_%28_johns_death_%29.jpg,https://thumb.wikimedia.org/wikipedia/commons/thumb/6/62/Akross_d_bridge_%28_johns_death_%29.jpg/960px-Akross_d_bridge_%28_johns_death_%29.jpg?utm_source=commons.wikimedia.org&utm_campaign=imageinfo&utm_content=thumbnail
sleeping-people-in-art_1308_File_AmnestyIsraelDeniesWaterToPalestinians.jpg,Category:Sleeping people in art,File:AmnestyIsraelDeniesWaterToPalestinians.png,Carlos Latuff,CC BY-SA 3.0,https://commons.wikimedia.org/wiki/File%3AAmnestyIsraelDeniesWaterToPalestinians.png,https://thumb.wikimedia.org/wikipedia/commons/thumb/c/cc/AmnestyIsraelDeniesWaterToPalestinians.png/960px-AmnestyIsraelDeniesWaterToPalestinians.png?utm_source=commons.wikimedia.org&utm_campaign=imageinfo&utm_content=thumbnail
sleeping-people-in-art_1309_File_Conrad_Giorgio_1827_1889_n_177_Scena_napoleta.jpg,Category:Sleeping people in art,"File:Conrad, Giorgio (1827-1889) - n. 177 - Scena napoletana.jpg",Giorgio Conrad (1827-1889).,Public domain,https://commons.wikimedia.org/wiki/File%3AConrad%2C_Giorgio_%281827-1889%29_-_n._177_-_Scena_napoletana.jpg,https://upload.wikimedia.org/wikipedia/commons/b/b1/Conrad%2C_Giorgio_%281827-1889%29_-_n._177_-_Scena_napoletana.jpg?utm_source=commons.wikimedia.org&utm_campaign=imageinfo&utm_content=thumbnail_unscaled
sleeping-people-in-art_1310_File_DBP_1990_1456_R.jpg,Category:Sleeping people in art,File:DBP 1990 1456-R.JPG,,Public domain,https://commons.wikimedia.org/wiki/File%3ADBP_1990_1456-R.JPG,https://upload.wikimedia.org/wikipedia/commons/f/fb/DBP_1990_1456-R.JPG?utm_source=commons.wikimedia.org&utm_campaign=imageinfo&utm_content=thumbnail_unscaled
sleeping-people-in-art_1311_File_Eglogue_de_Debussy.jpg,Category:Sleeping people in art,File:Eglogue de Debussy.jpg,Claude Debussy (1862-1918),Public domain,https://commons.wikimedia.org/wiki/File%3AEglogue_de_Debussy.jpg,https://thumb.wikimedia.org/wikipedia/commons/thumb/1/18/Eglogue_de_Debussy.jpg/960px-Eglogue_de_Debussy.jpg?utm_source=commons.wikimedia.org&utm_campaign=imageinfo&utm_content=thumbnail
sleeping-people-in-art_1312_File_Lying_23700801369.jpg,Category:Sleeping people in art,File:Lying (23700801369).jpg,"Doug Knuth from Woodstock, IL",CC BY-SA 2.0,https://commons.wikimedia.org/wiki/File%3ALying_%2823700801369%29.jpg,https://thumb.wikimedia.org/wikipedia/commons/thumb/9/97/Lying_%2823700801369%29.jpg/960px-Lying_%2823700801369%29.jpg?utm_source=commons.wikimedia.org&utm_campaign=imageinfo&utm_content=thumbnail
sleeping-people-in-art_1313_File_Papers_of_Charles_McMoran_Wilson_Lord_Moran_W.jpg,Category:Sleeping people in art,"File:Papers of Charles McMoran Wilson, Lord Moran Wellcome L0028780.jpg",,CC BY 4.0,https://commons.wikimedia.org/wiki/File%3APapers_of_Charles_McMoran_Wilson%2C_Lord_Moran_Wellcome_L0028780.jpg,https://thumb.wikimedia.org/wikipedia/commons/thumb/7/7e/Papers_of_Charles_McMoran_Wilson%2C_Lord_Moran_Wellcome_L0028780.jpg/960px-Papers_of_Charles_McMoran_Wilson%2C_Lord_Moran_Wellcome_L0028780.jpg?utm_source=commons.wikimedia.org&utm_campaign=imageinfo&utm_content=thumbnail
sleeping-people-in-art_1314_File_Philippe_Jolyet_Lecon_peu_interessante.jpg,Category:Sleeping people in art,File:Philippe Jolyet Lecon peu interessante.jpg,Philippe Jolyet,Public domain,https://commons.wikimedia.org/wiki/File%3APhilippe_Jolyet_Lecon_peu_interessante.jpg,https://thumb.wikimedia.org/wikipedia/commons/thumb/b/b6/Philippe_Jolyet_Lecon_peu_interessante.jpg/960px-Philippe_Jolyet_Lecon_peu_interessante.jpg?utm_source=commons.wikimedia.org&utm_campaign=imageinfo&utm_content=thumbnail
sleeping-people-in-art_1315_File_Poland_can_into_the_European_Space_Agency.jpg,Category:Sleeping people in art,File:Poland can into the European Space Agency.png,Bernd,CC0,https://commons.wikimedia.org/wiki/File%3APoland_can_into_the_European_Space_Agency.png,https://upload.wikimedia.org/wikipedia/commons/c/cd/Poland_can_into_the_European_Space_Agency.png?utm_source=commons.wikimedia.org&utm_campaign=imageinfo&utm_content=thumbnail_unscaled
sleeping-people-in-art_1316_File_Quiet_please_A_Victory_Legion_worker_of_Carne.jpg,Category:Sleeping people in art,"File:Quiet please. A Victory Legion worker of Carnegie, Illinois sleeps here. - NARA - 534915.jpg",Unknown authorUnknown author or not provided,Public domain,https://commons.wikimedia.org/wiki/File%3AQuiet_please._A_Victory_Legion_worker_of_Carnegie%2C_Illinois_sleeps_here._-_NARA_-_534915.jpg,https://thumb.wikimedia.org/wikipedia/commons/thumb/5/53/Quiet_please._A_Victory_Legion_worker_of_Carnegie%2C_Illinois_sleeps_here._-_NARA_-_534915.jpg/960px-Quiet_please._A_Victory_Legion_worker_of_Carnegie%2C_Illinois_sleeps_here._-_NARA_-_534915.jpg?utm_source=commons.wikimedia.org&utm_campaign=imageinfo&utm_content=thumbnail
sleeping-people-in-art_1317_File_Tokyo_Metro_Ginza_Line_platform_Asakusa_Stati.jpg,Category:Sleeping people in art,File:Tokyo Metro Ginza Line platform Asakusa Station 2016-10-07 (30022839843).jpg,"Cheng-en Cheng from Taichung City, Taiwan",CC BY-SA 2.0,https://commons.wikimedia.org/wiki/File%3ATokyo_Metro_Ginza_Line_platform_Asakusa_Station_2016-10-07_%2830022839843%29.jpg,https://thumb.wikimedia.org/wikipedia/commons/thumb/8/8a/Tokyo_Metro_Ginza_Line_platform_Asakusa_Station_2016-10-07_%2830022839843%29.jpg/960px-Tokyo_Metro_Ginza_Line_platform_Asakusa_Station_2016-10-07_%2830022839843%29.jpg?utm_source=commons.wikimedia.org&utm_campaign=imageinfo&utm_content=thumbnail
sleeping-people-in-art_1318_File_Zeichnung_Schlafen_ElmarErsch.jpg,Category:Sleeping people in art,File:Zeichnung Schlafen ElmarErsch.jpg,Elmar Ersch,CC BY-SA 3.0,https://commons.wikimedia.org/wiki/File%3AZeichnung_Schlafen_ElmarErsch.jpg,https://upload.wikimedia.org/wikipedia/commons/3/36/Zeichnung_Schlafen_ElmarErsch.jpg?utm_source=commons.wikimedia.org&utm_campaign=imageinfo&utm_content=thumbnail_unscaled
sleeping-people-in-art_1319_File_26071683280.jpg,Category:Sleeping people in art,File:かっこわる～！ (26071683280).jpg,kimubert,CC BY 2.0,https://commons.wikimedia.org/wiki/File%3A%E3%81%8B%E3%81%A3%E3%81%93%E3%82%8F%E3%82%8B%EF%BD%9E%EF%BC%81_%2826071683280%29.jpg,https://thumb.wikimedia.org/wikipedia/commons/thumb/e/e2/%E3%81%8B%E3%81%A3%E3%81%93%E3%82%8F%E3%82%8B%EF%BD%9E%EF%BC%81_%2826071683280%29.jpg/960px-%E3%81%8B%E3%81%A3%E3%81%93%E3%82%8F%E3%82%8B%EF%BD%9E%EF%BC%81_%2826071683280%29.jpg?utm_source=commons.wikimedia.org&utm_campaign=imageinfo&utm_content=thumbnail
sleeping-people-in-art_1320_File_33655818783.jpg,Category:Sleeping people in art,File:ここで寝ころばないで下さい (33655818783).jpg,H yamaguchi,CC BY 2.0,https://commons.wikimedia.org/wiki/File%3A%E3%81%93%E3%81%93%E3%81%A7%E5%AF%9D%E3%81%93%E3%82%8D%E3%81%B0%E3%81%AA%E3%81%84%E3%81%A7%E4%B8%8B%E3%81%95%E3%81%84_%2833655818783%29.jpg,https://thumb.wikimedia.org/wikipedia/commons/thumb/0/07/%E3%81%93%E3%81%93%E3%81%A7%E5%AF%9D%E3%81%93%E3%82%8D%E3%81%B0%E3%81%AA%E3%81%84%E3%81%A7%E4%B8%8B%E3%81%95%E3%81%84_%2833655818783%29.jpg/960px-%E3%81%93%E3%81%93%E3%81%A7%E5%AF%9D%E3%81%93%E3%82%8D%E3%81%B0%E3%81%AA%E3%81%84%E3%81%A7%E4%B8%8B%E3%81%95%E3%81%84_%2833655818783%29.jpg?utm_source=commons.wikimedia.org&utm_campaign=imageinfo&utm_content=thumbnail
sleeping-people-in-art_1321_File_1967_10400638555.jpg,Category:Sleeping people in art,File:中華ひるね 1967年創業 (10400638555).jpg,kimubert,CC BY 2.0,https://commons.wikimedia.org/wiki/File%3A%E4%B8%AD%E8%8F%AF%E3%81%B2%E3%82%8B%E3%81%AD_1967%E5%B9%B4%E5%89%B5%E6%A5%AD_%2810400638555%29.jpg,https://thumb.wikimedia.org/wikipedia/commons/thumb/3/32/%E4%B8%AD%E8%8F%AF%E3%81%B2%E3%82%8B%E3%81%AD_1967%E5%B9%B4%E5%89%B5%E6%A5%AD_%2810400638555%29.jpg/960px-%E4%B8%AD%E8%8F%AF%E3%81%B2%E3%82%8B%E3%81%AD_1967%E5%B9%B4%E5%89%B5%E6%A5%AD_%2810400638555%29.jpg?utm_source=commons.wikimedia.org&utm_campaign=imageinfo&utm_content=thumbnail
sleeping-people-in-art_1322_File_39690227492.jpg,Category:Sleeping people in art,File:休耕中 (39690227492).jpg,tak.wing,CC BY-SA 2.0,https://commons.wikimedia.org/wiki/File%3A%E4%BC%91%E8%80%95%E4%B8%AD_%2839690227492%29.jpg,https://thumb.wikimedia.org/wikipedia/commons/thumb/0/08/%E4%BC%91%E8%80%95%E4%B8%AD_%2839690227492%29.jpg/960px-%E4%BC%91%E8%80%95%E4%B8%AD_%2839690227492%29.jpg?utm_source=commons.wikimedia.org&utm_campaign=imageinfo&utm_content=thumbnail
sleeping-people-in-art_1323_File_2011_5992891118.jpg,Category:Sleeping people in art,File:列車内 駅構内 節電中 2011 (5992891118).jpg,Danny Choo,CC BY-SA 2.0,https://commons.wikimedia.org/wiki/File%3A%E5%88%97%E8%BB%8A%E5%86%85_%E9%A7%85%E6%A7%8B%E5%86%85_%E7%AF%80%E9%9B%BB%E4%B8%AD_2011_%285992891118%29.jpg,https://upload.wikimedia.org/wikipedia/commons/e/ee/%E5%88%97%E8%BB%8A%E5%86%85_%E9%A7%85%E6%A7%8B%E5%86%85_%E7%AF%80%E9%9B%BB%E4%B8%AD_2011_%285992891118%29.jpg?utm_source=commons.wikimedia.org&utm_campaign=imageinfo&utm_content=thumbnail_unscaled
sleeping-people-in-art_1324_File_2010_8053511594.jpg,Category:Sleeping people in art,File:浮世亭恋妓 2010 (8053511594).jpg,"Rumi Yoshizawa from Setagaya, JAPAN",CC BY 2.0,https://commons.wikimedia.org/wiki/File%3A%E6%B5%AE%E4%B8%96%E4%BA%AD%E6%81%8B%E5%A6%93_2010_%288053511594%29.jpg,https://thumb.wikimedia.org/wikipedia/commons/thumb/b/b2/%E6%B5%AE%E4%B8%96%E4%BA%AD%E6%81%8B%E5%A6%93_2010_%288053511594%29.jpg/960px-%E6%B5%AE%E4%B8%96%E4%BA%AD%E6%81%8B%E5%A6%93_2010_%288053511594%29.jpg?utm_source=commons.wikimedia.org&utm_campaign=imageinfo&utm_content=thumbnail
awakening-humans_1325_File_BroxSistersBed.jpg,Category:Awakening humans,File:BroxSistersBed.jpg,Unnamed photographer for Bain News Service,Public domain,https://commons.wikimedia.org/wiki/File%3ABroxSistersBed.jpg,https://thumb.wikimedia.org/wikipedia/commons/thumb/3/3e/BroxSistersBed.jpg/960px-BroxSistersBed.jpg?utm_source=commons.wikimedia.org&utm_campaign=imageinfo&utm_content=thumbnail
awakening-humans_1326_File_Bundesarchiv_Bild_137_049297_HJ_in_China_Lage.jpg,Category:Awakening humans,"File:Bundesarchiv Bild 137-049297, HJ in China, Lager Ostern.jpg",UnknownUnknown,CC BY-SA 3.0 de,https://commons.wikimedia.org/wiki/File%3ABundesarchiv_Bild_137-049297%2C_HJ_in_China%2C_Lager_Ostern.jpg,https://upload.wikimedia.org/wikipedia/commons/5/50/Bundesarchiv_Bild_137-049297%2C_HJ_in_China%2C_Lager_Ostern.jpg?utm_source=commons.wikimedia.org&utm_campaign=imageinfo&utm_content=thumbnail_unscaled
awakening-humans_1327_File_Fotocomesbu.jpg,Category:Awakening humans,File:Fotocomesbu.jpg,SimoneSciacca23,CC BY-SA 4.0,https://commons.wikimedia.org/wiki/File%3AFotocomesbu.jpg,https://thumb.wikimedia.org/wikipedia/commons/thumb/b/b9/Fotocomesbu.jpg/960px-Fotocomesbu.jpg?utm_source=commons.wikimedia.org&utm_campaign=imageinfo&utm_content=thumbnail
dreaming-people_1328_File_Carrier_Belleuse_Dream.jpg,Category:Dreaming people,File:Carrier-Belleuse Dream.jpg,Unknown authorUnknown author,Public domain,https://commons.wikimedia.org/wiki/File%3ACarrier-Belleuse_Dream.jpg,https://upload.wikimedia.org/wikipedia/commons/8/8e/Carrier-Belleuse_Dream.jpg?utm_source=commons.wikimedia.org&utm_campaign=imageinfo&utm_content=thumbnail_unscaled
dreaming-people_1329_File_2025_08_17.jpg,Category:Dreaming people,"File:2025-08-17 Мечтатель (скульптура, город Абакан).jpg",Ташебинский,CC0,https://commons.wikimedia.org/wiki/File%3A2025-08-17_%D0%9C%D0%B5%D1%87%D1%82%D0%B0%D1%82%D0%B5%D0%BB%D1%8C_%28%D1%81%D0%BA%D1%83%D0%BB%D1%8C%D0%BF%D1%82%D1%83%D1%80%D0%B0%2C_%D0%B3%D0%BE%D1%80%D0%BE%D0%B4_%D0%90%D0%B1%D0%B0%D0%BA%D0%B0%D0%BD%29.jpg,https://thumb.wikimedia.org/wikipedia/commons/thumb/c/c5/2025-08-17_%D0%9C%D0%B5%D1%87%D1%82%D0%B0%D1%82%D0%B5%D0%BB%D1%8C_%28%D1%81%D0%BA%D1%83%D0%BB%D1%8C%D0%BF%D1%82%D1%83%D1%80%D0%B0%2C_%D0%B3%D0%BE%D1%80%D0%BE%D0%B4_%D0%90%D0%B1%D0%B0%D0%BA%D0%B0%D0%BD%29.jpg/960px-2025-08-17_%D0%9C%D0%B5%D1%87%D1%82%D0%B0%D1%82%D0%B5%D0%BB%D1%8C_%28%D1%81%D0%BA%D1%83%D0%BB%D1%8C%D0%BF%D1%82%D1%83%D1%80%D0%B0%2C_%D0%B3%D0%BE%D1%80%D0%BE%D0%B4_%D0%90%D0%B1%D0%B0%D0%BA%D0%B0%D0%BD%29.jpg?utm_source=commons.wikimedia.org&utm_campaign=imageinfo&utm_content=thumbnail
dreaming-people_1330_File_Almatyvendor.jpg,Category:Dreaming people,File:Almatyvendor.JPG,SSGT JEREMY T. LOCK,Public domain,https://commons.wikimedia.org/wiki/File%3AAlmatyvendor.JPG,https://thumb.wikimedia.org/wikipedia/commons/thumb/2/20/Almatyvendor.JPG/960px-Almatyvendor.JPG?utm_source=commons.wikimedia.org&utm_campaign=imageinfo&utm_content=thumbnail
dreaming-people_1331_File_Arturo_Faldi_Sogno_di_Dante_Canto_XXVII_Purga.jpg,Category:Dreaming people,File:Arturo Faldi - Sogno di Dante (Canto XXVII Purgatorio).jpg,Arturo Faldi,Public domain,https://commons.wikimedia.org/wiki/File%3AArturo_Faldi_-_Sogno_di_Dante_%28Canto_XXVII_Purgatorio%29.jpg,https://thumb.wikimedia.org/wikipedia/commons/thumb/0/0c/Arturo_Faldi_-_Sogno_di_Dante_%28Canto_XXVII_Purgatorio%29.jpg/960px-Arturo_Faldi_-_Sogno_di_Dante_%28Canto_XXVII_Purgatorio%29.jpg?utm_source=commons.wikimedia.org&utm_campaign=imageinfo&utm_content=thumbnail
dreaming-people_1332_File_Drealing_Guy.jpg,Category:Dreaming people,File:Drealing Guy.jpg,Zouhirelhakmy,CC BY-SA 4.0,https://commons.wikimedia.org/wiki/File%3ADrealing_Guy.jpg,https://thumb.wikimedia.org/wikipedia/commons/thumb/a/a3/Drealing_Guy.jpg/960px-Drealing_Guy.jpg?utm_source=commons.wikimedia.org&utm_campaign=imageinfo&utm_content=thumbnail
dreaming-people_1333_File_Halfdan_Egedius_Dr_mmeren_maleren_Torleiv_Sta.jpg,Category:Dreaming people,"File:Halfdan Egedius - Drømmeren (maleren Torleiv Stadskleiv), Bø i Telemark - IMG 9713 nm.jpg",Øyvind Holmstad,Public domain,https://commons.wikimedia.org/wiki/File%3AHalfdan_Egedius_-_Dr%C3%B8mmeren_%28maleren_Torleiv_Stadskleiv%29%2C_B%C3%B8_i_Telemark_-_IMG_9713_nm.jpg,https://thumb.wikimedia.org/wikipedia/commons/thumb/2/25/Halfdan_Egedius_-_Dr%C3%B8mmeren_%28maleren_Torleiv_Stadskleiv%29%2C_B%C3%B8_i_Telemark_-_IMG_9713_nm.jpg/960px-Halfdan_Egedius_-_Dr%C3%B8mmeren_%28maleren_Torleiv_Stadskleiv%29%2C_B%C3%B8_i_Telemark_-_IMG_9713_nm.jpg?utm_source=commons.wikimedia.org&utm_campaign=imageinfo&utm_content=thumbnail
dreaming-people_1334_File_Halfdan_Egedius_The_Dreamer_Portrait_of_the_P.jpg,Category:Dreaming people,File:Halfdan Egedius - The Dreamer. Portrait of the Painter Torleiv Stadskleiv. - Google Art Project.jpg,Halfdan Egedius,Public domain,https://commons.wikimedia.org/wiki/File%3AHalfdan_Egedius_-_The_Dreamer._Portrait_of_the_Painter_Torleiv_Stadskleiv._-_Google_Art_Project.jpg,https://thumb.wikimedia.org/wikipedia/commons/thumb/4/4d/Halfdan_Egedius_-_The_Dreamer._Portrait_of_the_Painter_Torleiv_Stadskleiv._-_Google_Art_Project.jpg/960px-Halfdan_Egedius_-_The_Dreamer._Portrait_of_the_Painter_Torleiv_Stadskleiv._-_Google_Art_Project.jpg?utm_source=commons.wikimedia.org&utm_campaign=imageinfo&utm_content=thumbnail
dreaming-people_1335_File_Halfdan_Egedius_The_Dreamer_The_Artist_Torlei.jpg,Category:Dreaming people,"File:Halfdan Egedius - The Dreamer. The Artist Torleiv Stadskleiv - NG.M.00505 - National Museum of Art, Architecture and Design.jpg",Halfdan Egedius,Public domain,https://commons.wikimedia.org/wiki/File%3AHalfdan_Egedius_-_The_Dreamer._The_Artist_Torleiv_Stadskleiv_-_NG.M.00505_-_National_Museum_of_Art%2C_Architecture_and_Design.jpg,https://thumb.wikimedia.org/wikipedia/commons/thumb/6/68/Halfdan_Egedius_-_The_Dreamer._The_Artist_Torleiv_Stadskleiv_-_NG.M.00505_-_National_Museum_of_Art%2C_Architecture_and_Design.jpg/960px-Halfdan_Egedius_-_The_Dreamer._The_Artist_Torleiv_Stadskleiv_-_NG.M.00505_-_National_Museum_of_Art%2C_Architecture_and_Design.jpg?utm_source=commons.wikimedia.org&utm_campaign=imageinfo&utm_content=thumbnail
dreaming-people_1336_File_Hard_to_make_the_right_choice_B_W_version.jpg,Category:Dreaming people,File:Hard to make the right choice - B&W version.jpg,Hard_to_make_the_right_choice.jpg: MaraB. derivative work: Pierpao.lo (listening),CC BY 2.0,https://commons.wikimedia.org/wiki/File%3AHard_to_make_the_right_choice_-_B%26W_version.jpg,https://upload.wikimedia.org/wikipedia/commons/6/66/Hard_to_make_the_right_choice_-_B%26W_version.jpg?utm_source=commons.wikimedia.org&utm_campaign=imageinfo&utm_content=thumbnail_unscaled
dreaming-people_1337_File_Himba_pensive.jpg,Category:Dreaming people,File:Himba pensive.jpg,Hans Hillewaert,CC BY-SA 4.0,https://commons.wikimedia.org/wiki/File%3AHimba_pensive.jpg,https://thumb.wikimedia.org/wikipedia/commons/thumb/1/10/Himba_pensive.jpg/960px-Himba_pensive.jpg?utm_source=commons.wikimedia.org&utm_campaign=imageinfo&utm_content=thumbnail
dreaming-people_1338_File_John_Ashbery_in_thought_2010_Shankbone.jpg,Category:Dreaming people,File:John Ashbery in thought 2010 Shankbone.jpg,David Shankbone,CC BY 3.0,https://commons.wikimedia.org/wiki/File%3AJohn_Ashbery_in_thought_2010_Shankbone.jpg,https://thumb.wikimedia.org/wikipedia/commons/thumb/e/e0/John_Ashbery_in_thought_2010_Shankbone.jpg/960px-John_Ashbery_in_thought_2010_Shankbone.jpg?utm_source=commons.wikimedia.org&utm_campaign=imageinfo&utm_content=thumbnail
dreaming-people_1339_File_Joseph_dreams_of_wheat.jpg,Category:Dreaming people,File:Joseph dreams of wheat.JPG,Owen Jones,Public domain,https://commons.wikimedia.org/wiki/File%3AJoseph_dreams_of_wheat.JPG,https://upload.wikimedia.org/wikipedia/commons/4/47/Joseph_dreams_of_wheat.JPG?utm_source=commons.wikimedia.org&utm_campaign=imageinfo&utm_content=thumbnail_unscaled
dreaming-people_1340_File_Le_Sueur_Eustache_Songe_de_saint_Bruno_1645_1.jpg,Category:Dreaming people,"File:Le Sueur, Eustache - Songe de saint Bruno - 1645-1648.png",Eustache Le Sueur,Public domain,https://commons.wikimedia.org/wiki/File%3ALe_Sueur%2C_Eustache_-_Songe_de_saint_Bruno_-_1645-1648.png,https://upload.wikimedia.org/wikipedia/commons/a/ad/Le_Sueur%2C_Eustache_-_Songe_de_saint_Bruno_-_1645-1648.png?utm_source=commons.wikimedia.org&utm_campaign=imageinfo&utm_content=thumbnail_unscaled
dreaming-people_1341_File_Meditation.jpg,Category:Dreaming people,File:Meditation.jpg,Cyril Mechkov -- Circuit-fantasist,CC BY-SA 3.0,https://commons.wikimedia.org/wiki/File%3AMeditation.jpg,https://thumb.wikimedia.org/wikipedia/commons/thumb/e/e0/Meditation.jpg/960px-Meditation.jpg?utm_source=commons.wikimedia.org&utm_campaign=imageinfo&utm_content=thumbnail
dreaming-people_1342_File_Owen_Jones_Joseph_dreams_of_stars.jpg,Category:Dreaming people,File:Owen Jones - Joseph dreams of stars.JPG,Owen Jones,Public domain,https://commons.wikimedia.org/wiki/File%3AOwen_Jones_-_Joseph_dreams_of_stars.JPG,https://upload.wikimedia.org/wikipedia/commons/3/3b/Owen_Jones_-_Joseph_dreams_of_stars.JPG?utm_source=commons.wikimedia.org&utm_campaign=imageinfo&utm_content=thumbnail_unscaled
dreaming-people_1343_File_Reflected_sadness.jpg,Category:Dreaming people,File:Reflected sadness.jpg,Victor Bezrukov,CC BY 2.0,https://commons.wikimedia.org/wiki/File%3AReflected_sadness.jpg,https://upload.wikimedia.org/wikipedia/commons/e/e0/Reflected_sadness.jpg?utm_source=commons.wikimedia.org&utm_campaign=imageinfo&utm_content=thumbnail_unscaled
dreaming-people_1344_File_Sleeping_baby_Baby_s_dreams_Moscow_Russia.jpg,Category:Dreaming people,"File:Sleeping baby, Baby's dreams, Moscow, Russia.jpg",Vyacheslav Argenberg,CC BY 4.0,https://commons.wikimedia.org/wiki/File%3ASleeping_baby%2C_Baby%27s_dreams%2C_Moscow%2C_Russia.jpg,https://thumb.wikimedia.org/wikipedia/commons/thumb/d/d4/Sleeping_baby%2C_Baby%27s_dreams%2C_Moscow%2C_Russia.jpg/960px-Sleeping_baby%2C_Baby%27s_dreams%2C_Moscow%2C_Russia.jpg?utm_source=commons.wikimedia.org&utm_campaign=imageinfo&utm_content=thumbnail
dreaming-people_1345_File_Sweet_Angel_2316561565.jpg,Category:Dreaming people,File:Sweet Angel (2316561565).jpg,Miss Maja,CC BY-SA 2.0,https://commons.wikimedia.org/wiki/File%3ASweet_Angel_%282316561565%29.jpg,https://thumb.wikimedia.org/wikipedia/commons/thumb/3/3c/Sweet_Angel_%282316561565%29.jpg/960px-Sweet_Angel_%282316561565%29.jpg?utm_source=commons.wikimedia.org&utm_campaign=imageinfo&utm_content=thumbnail
dreaming-people_1346_File_Window_Arms_wide_open_Rostov_on_Don_Russia.jpg,Category:Dreaming people,"File:Window, Arms wide open, Rostov-on-Don, Russia.jpg",Vyacheslav Argenberg,CC BY 4.0,https://commons.wikimedia.org/wiki/File%3AWindow%2C_Arms_wide_open%2C_Rostov-on-Don%2C_Russia.jpg,https://thumb.wikimedia.org/wikipedia/commons/thumb/1/10/Window%2C_Arms_wide_open%2C_Rostov-on-Don%2C_Russia.jpg/960px-Window%2C_Arms_wide_open%2C_Rostov-on-Don%2C_Russia.jpg?utm_source=commons.wikimedia.org&utm_campaign=imageinfo&utm_content=thumbnail
polysomnography_1347_File_02TTRDZN2020.jpg,Category:Polysomnography,File:02TTRDZN2020.jpg,malekhin,CC BY 4.0,https://commons.wikimedia.org/wiki/File%3A02TTRDZN2020.jpg,https://upload.wikimedia.org/wikipedia/commons/4/49/02TTRDZN2020.jpg?utm_source=commons.wikimedia.org&utm_campaign=imageinfo&utm_content=thumbnail_unscaled
polysomnography_1348_File_03TTRDZN2020.jpg,Category:Polysomnography,File:03TTRDZN2020.jpg,malekhin,CC BY 4.0,https://commons.wikimedia.org/wiki/File%3A03TTRDZN2020.jpg,https://upload.wikimedia.org/wikipedia/commons/3/37/03TTRDZN2020.jpg?utm_source=commons.wikimedia.org&utm_campaign=imageinfo&utm_content=thumbnail_unscaled
polysomnography_1349_File_04TTRDZN2020.jpg,Category:Polysomnography,File:04TTRDZN2020.jpg,malekhin,CC BY 4.0,https://commons.wikimedia.org/wiki/File%3A04TTRDZN2020.jpg,https://thumb.wikimedia.org/wikipedia/commons/thumb/2/26/04TTRDZN2020.jpg/960px-04TTRDZN2020.jpg?utm_source=commons.wikimedia.org&utm_campaign=imageinfo&utm_content=thumbnail
polysomnography_1350_File_06TTRDZN2020.jpg,Category:Polysomnography,File:06TTRDZN2020.jpg,malekhin,CC BY 4.0,https://commons.wikimedia.org/wiki/File%3A06TTRDZN2020.jpg,https://thumb.wikimedia.org/wikipedia/commons/thumb/8/81/06TTRDZN2020.jpg/960px-06TTRDZN2020.jpg?utm_source=commons.wikimedia.org&utm_campaign=imageinfo&utm_content=thumbnail
polysomnography_1351_File_11TTRDZN2020.jpg,Category:Polysomnography,File:11TTRDZN2020.jpg,malekhin,CC BY 4.0,https://commons.wikimedia.org/wiki/File%3A11TTRDZN2020.jpg,https://upload.wikimedia.org/wikipedia/commons/e/ec/11TTRDZN2020.jpg?utm_source=commons.wikimedia.org&utm_campaign=imageinfo&utm_content=thumbnail_unscaled
polysomnography_1352_File_Complessok.jpg,Category:Polysomnography,File:Complessok.JPG,The original uploader was Jacopopagani at Italian Wikipedia.,Public domain,https://commons.wikimedia.org/wiki/File%3AComplessok.JPG,https://upload.wikimedia.org/wikipedia/commons/f/fc/Complessok.JPG?utm_source=commons.wikimedia.org&utm_campaign=imageinfo&utm_content=thumbnail_unscaled
polysomnography_1353_File_Diagnostyka_bezdechu_r_dsennego.jpg,Category:Polysomnography,File:Diagnostyka bezdechu śródsennego.jpg,Halicki,CC BY-SA 3.0,https://commons.wikimedia.org/wiki/File%3ADiagnostyka_bezdechu_%C5%9Br%C3%B3dsennego.jpg,https://thumb.wikimedia.org/wikipedia/commons/thumb/e/ed/Diagnostyka_bezdechu_%C5%9Br%C3%B3dsennego.jpg/960px-Diagnostyka_bezdechu_%C5%9Br%C3%B3dsennego.jpg?utm_source=commons.wikimedia.org&utm_campaign=imageinfo&utm_content=thumbnail
polysomnography_1354_File_Pediatric_polysomnogram.jpg,Category:Polysomnography,File:Pediatric polysomnogram.jpg,Robert Lawton,CC BY-SA 2.5,https://commons.wikimedia.org/wiki/File%3APediatric_polysomnogram.jpg,https://thumb.wikimedia.org/wikipedia/commons/thumb/a/a6/Pediatric_polysomnogram.jpg/960px-Pediatric_polysomnogram.jpg?utm_source=commons.wikimedia.org&utm_campaign=imageinfo&utm_content=thumbnail
polysomnography_1355_File_Polysmonograpy_equipped_patient.jpg,Category:Polysomnography,File:Polysmonograpy equipped patient.jpg,GAllegre,CC BY-SA 3.0,https://commons.wikimedia.org/wiki/File%3APolysmonograpy_equipped_patient.jpg,https://upload.wikimedia.org/wikipedia/commons/5/5d/Polysmonograpy_equipped_patient.jpg?utm_source=commons.wikimedia.org&utm_campaign=imageinfo&utm_content=thumbnail_unscaled
polysomnography_1356_File_Polysomnographie_apnees_5min2.jpg,Category:Polysomnography,File:Polysomnographie-apnees-5min2.png,GAllegre,CC BY-SA 3.0,https://commons.wikimedia.org/wiki/File%3APolysomnographie-apnees-5min2.png,https://thumb.wikimedia.org/wikipedia/commons/thumb/e/ee/Polysomnographie-apnees-5min2.png/960px-Polysomnographie-apnees-5min2.png?utm_source=commons.wikimedia.org&utm_campaign=imageinfo&utm_content=thumbnail
polysomnography_1357_File_Polysomnography_connections.jpg,Category:Polysomnography,File:Polysomnography connections.jpg,Z22,CC BY-SA 4.0,https://commons.wikimedia.org/wiki/File%3APolysomnography_connections.jpg,https://upload.wikimedia.org/wikipedia/commons/a/a5/Polysomnography_connections.jpg?utm_source=commons.wikimedia.org&utm_campaign=imageinfo&utm_content=thumbnail_unscaled
polysomnography_1358_File_Polysomnography_model_on_his_side.jpg,Category:Polysomnography,File:Polysomnography model on his side.jpg,Clinique Somnomed,CC BY-SA 4.0,https://commons.wikimedia.org/wiki/File%3APolysomnography_model_on_his_side.jpg,https://thumb.wikimedia.org/wikipedia/commons/thumb/2/2e/Polysomnography_model_on_his_side.jpg/960px-Polysomnography_model_on_his_side.jpg?utm_source=commons.wikimedia.org&utm_campaign=imageinfo&utm_content=thumbnail
polysomnography_1359_File_Polysomnography_model.jpg,Category:Polysomnography,File:Polysomnography model.jpg,Clinique Somnomed,CC BY-SA 4.0,https://commons.wikimedia.org/wiki/File%3APolysomnography_model.jpg,https://thumb.wikimedia.org/wikipedia/commons/thumb/4/43/Polysomnography_model.jpg/960px-Polysomnography_model.jpg?utm_source=commons.wikimedia.org&utm_campaign=imageinfo&utm_content=thumbnail
polysomnography_1360_File_Polysomnography_tester.jpg,Category:Polysomnography,File:Polysomnography tester.jpg,邱鈺鋒,CC BY-SA 4.0,https://commons.wikimedia.org/wiki/File%3APolysomnography_tester.jpg,https://thumb.wikimedia.org/wikipedia/commons/thumb/0/0d/Polysomnography_tester.jpg/960px-Polysomnography_tester.jpg?utm_source=commons.wikimedia.org&utm_campaign=imageinfo&utm_content=thumbnail
polysomnography_1361_File_Polysomnography.jpg,Category:Polysomnography,File:Polysomnography.png,Eumetaxas,CC BY-SA 3.0,https://commons.wikimedia.org/wiki/File%3APolysomnography.png,https://thumb.wikimedia.org/wikipedia/commons/thumb/e/ed/Polysomnography.png/960px-Polysomnography.png?utm_source=commons.wikimedia.org&utm_campaign=imageinfo&utm_content=thumbnail
polysomnography_1362_File_R_sultats_Examen_polygraphique.jpg,Category:Polysomnography,File:Résultats Examen polygraphique.png,Guy Courtois,CC BY-SA 4.0,https://commons.wikimedia.org/wiki/File%3AR%C3%A9sultats_Examen_polygraphique.png,https://upload.wikimedia.org/wikipedia/commons/b/b5/R%C3%A9sultats_Examen_polygraphique.png?utm_source=commons.wikimedia.org&utm_campaign=imageinfo&utm_content=thumbnail_unscaled
polysomnography_1363_File_Sleep_EEG_Stage_1.jpg,Category:Polysomnography,File:Sleep EEG Stage 1.jpg,,Public domain,https://commons.wikimedia.org/wiki/File%3ASleep_EEG_Stage_1.jpg,https://upload.wikimedia.org/wikipedia/commons/9/9e/Sleep_EEG_Stage_1.jpg?utm_source=commons.wikimedia.org&utm_campaign=imageinfo&utm_content=thumbnail_unscaled
polysomnography_1364_File_Sleep_EEG_Stage_4.jpg,Category:Polysomnography,File:Sleep EEG Stage 4.jpg,,Public domain,https://commons.wikimedia.org/wiki/File%3ASleep_EEG_Stage_4.jpg,https://upload.wikimedia.org/wikipedia/commons/d/db/Sleep_EEG_Stage_4.jpg?utm_source=commons.wikimedia.org&utm_campaign=imageinfo&utm_content=thumbnail_unscaled
polysomnography_1365_File_Sleep_Stage_N3.jpg,Category:Polysomnography,File:Sleep Stage N3.png,NascarEd,CC BY-SA 3.0,https://commons.wikimedia.org/wiki/File%3ASleep_Stage_N3.png,https://upload.wikimedia.org/wikipedia/commons/9/95/Sleep_Stage_N3.png?utm_source=commons.wikimedia.org&utm_campaign=imageinfo&utm_content=thumbnail_unscaled
polysomnography_1366_File_Sleep_Stage_REM.jpg,Category:Polysomnography,File:Sleep Stage REM.png,NascarEd,CC BY-SA 3.0,https://commons.wikimedia.org/wiki/File%3ASleep_Stage_REM.png,https://upload.wikimedia.org/wikipedia/commons/4/4d/Sleep_Stage_REM.png?utm_source=commons.wikimedia.org&utm_campaign=imageinfo&utm_content=thumbnail_unscaled
polysomnography_1367_File_Sleep_studies.jpg,Category:Polysomnography,File:Sleep studies.jpg,National Heart Lung and Blood Institute (NIH),Public domain,https://commons.wikimedia.org/wiki/File%3ASleep_studies.jpg,https://upload.wikimedia.org/wikipedia/commons/e/e1/Sleep_studies.jpg?utm_source=commons.wikimedia.org&utm_campaign=imageinfo&utm_content=thumbnail_unscaled
polysomnography_1368_File_Wired_up_for_a_sleep_study_01A.jpg,Category:Polysomnography,File:Wired up for a sleep study 01A.jpg,Joe Mabel,CC BY-SA 3.0,https://commons.wikimedia.org/wiki/File%3AWired_up_for_a_sleep_study_01A.jpg,https://thumb.wikimedia.org/wikipedia/commons/thumb/2/25/Wired_up_for_a_sleep_study_01A.jpg/960px-Wired_up_for_a_sleep_study_01A.jpg?utm_source=commons.wikimedia.org&utm_campaign=imageinfo&utm_content=thumbnail
polysomnography_1369_File_Wired_up_for_a_sleep_study_02A.jpg,Category:Polysomnography,File:Wired up for a sleep study 02A.jpg,Joe Mabel,CC BY-SA 3.0,https://commons.wikimedia.org/wiki/File%3AWired_up_for_a_sleep_study_02A.jpg,https://thumb.wikimedia.org/wikipedia/commons/thumb/6/64/Wired_up_for_a_sleep_study_02A.jpg/960px-Wired_up_for_a_sleep_study_02A.jpg?utm_source=commons.wikimedia.org&utm_campaign=imageinfo&utm_content=thumbnail
rough-sleepers_1370_File_Peninsular_House_rough_sleeping_encampment_Mo.jpg,Category:Rough sleepers,File:Peninsular House rough sleeping encampment Monument Street City of London England.jpg,Acabashi,CC BY-SA 4.0,https://commons.wikimedia.org/wiki/File%3APeninsular_House_rough_sleeping_encampment_Monument_Street_City_of_London_England.jpg,https://thumb.wikimedia.org/wikipedia/commons/thumb/b/b4/Peninsular_House_rough_sleeping_encampment_Monument_Street_City_of_London_England.jpg/960px-Peninsular_House_rough_sleeping_encampment_Monument_Street_City_of_London_England.jpg?utm_source=commons.wikimedia.org&utm_campaign=imageinfo&utm_content=thumbnail
rough-sleepers_1371_File_Vagrant_camp_Bishopsgate_London_England_01.jpg,Category:Rough sleepers,File:Vagrant camp Bishopsgate London England 01.jpg,Acabashi,CC BY-SA 4.0,https://commons.wikimedia.org/wiki/File%3AVagrant_camp_Bishopsgate_London_England_01.jpg,https://thumb.wikimedia.org/wikipedia/commons/thumb/0/06/Vagrant_camp_Bishopsgate_London_England_01.jpg/960px-Vagrant_camp_Bishopsgate_London_England_01.jpg?utm_source=commons.wikimedia.org&utm_campaign=imageinfo&utm_content=thumbnail
rough-sleepers_1372_File_Vagrant_camp_Bishopsgate_London_England_02.jpg,Category:Rough sleepers,File:Vagrant camp Bishopsgate London England 02.jpg,Acabashi,CC BY-SA 4.0,https://commons.wikimedia.org/wiki/File%3AVagrant_camp_Bishopsgate_London_England_02.jpg,https://thumb.wikimedia.org/wikipedia/commons/thumb/f/fd/Vagrant_camp_Bishopsgate_London_England_02.jpg/960px-Vagrant_camp_Bishopsgate_London_England_02.jpg?utm_source=commons.wikimedia.org&utm_campaign=imageinfo&utm_content=thumbnail
rough-sleepers_1373_File_Vagrant_camping_Fruiterer_s_Passage_under_Sou.jpg,Category:Rough sleepers,File:Vagrant camping Fruiterer's Passage under Southwark Bridge City of London England 01.jpg,Acabashi,CC BY-SA 4.0,https://commons.wikimedia.org/wiki/File%3AVagrant_camping_Fruiterer%27s_Passage_under_Southwark_Bridge_City_of_London_England_01.jpg,https://thumb.wikimedia.org/wikipedia/commons/thumb/6/6b/Vagrant_camping_Fruiterer%27s_Passage_under_Southwark_Bridge_City_of_London_England_01.jpg/960px-Vagrant_camping_Fruiterer%27s_Passage_under_Southwark_Bridge_City_of_London_England_01.jpg?utm_source=commons.wikimedia.org&utm_campaign=imageinfo&utm_content=thumbnail
rough-sleepers_1374_File_Vagrant_camping_Fruiterer_s_Passage_under_Sou.jpg,Category:Rough sleepers,File:Vagrant camping Fruiterer's Passage under Southwark Bridge City of London England 02.jpg,Acabashi,CC BY-SA 4.0,https://commons.wikimedia.org/wiki/File%3AVagrant_camping_Fruiterer%27s_Passage_under_Southwark_Bridge_City_of_London_England_02.jpg,https://thumb.wikimedia.org/wikipedia/commons/thumb/f/f8/Vagrant_camping_Fruiterer%27s_Passage_under_Southwark_Bridge_City_of_London_England_02.jpg/960px-Vagrant_camping_Fruiterer%27s_Passage_under_Southwark_Bridge_City_of_London_England_02.jpg?utm_source=commons.wikimedia.org&utm_campaign=imageinfo&utm_content=thumbnail
rough-sleepers_1375_File_Vagrant_camping_Fruiterer_s_Passage_under_Sou.jpg,Category:Rough sleepers,File:Vagrant camping Fruiterer's Passage under Southwark Bridge City of London England 03.jpg,Acabashi,CC BY-SA 4.0,https://commons.wikimedia.org/wiki/File%3AVagrant_camping_Fruiterer%27s_Passage_under_Southwark_Bridge_City_of_London_England_03.jpg,https://thumb.wikimedia.org/wikipedia/commons/thumb/2/21/Vagrant_camping_Fruiterer%27s_Passage_under_Southwark_Bridge_City_of_London_England_03.jpg/960px-Vagrant_camping_Fruiterer%27s_Passage_under_Southwark_Bridge_City_of_London_England_03.jpg?utm_source=commons.wikimedia.org&utm_campaign=imageinfo&utm_content=thumbnail
rough-sleepers_1376_File_Vagrant_camping_Temple_Station_Victoria_Emban.jpg,Category:Rough sleepers,File:Vagrant camping Temple Station Victoria Embankment City of Westminster London England.jpg,Acabashi,CC BY-SA 4.0,https://commons.wikimedia.org/wiki/File%3AVagrant_camping_Temple_Station_Victoria_Embankment_City_of_Westminster_London_England.jpg,https://thumb.wikimedia.org/wikipedia/commons/thumb/c/c9/Vagrant_camping_Temple_Station_Victoria_Embankment_City_of_Westminster_London_England.jpg/960px-Vagrant_camping_Temple_Station_Victoria_Embankment_City_of_Westminster_London_England.jpg?utm_source=commons.wikimedia.org&utm_campaign=imageinfo&utm_content=thumbnail
rough-sleepers_1377_File_Vagrant_camping_Tottenham_Hale_Station_Haring.jpg,Category:Rough sleepers,File:Vagrant camping Tottenham Hale Station Haringey London England.jpg,Acabashi,CC BY-SA 4.0,https://commons.wikimedia.org/wiki/File%3AVagrant_camping_Tottenham_Hale_Station_Haringey_London_England.jpg,https://thumb.wikimedia.org/wikipedia/commons/thumb/d/d7/Vagrant_camping_Tottenham_Hale_Station_Haringey_London_England.jpg/960px-Vagrant_camping_Tottenham_Hale_Station_Haringey_London_England.jpg?utm_source=commons.wikimedia.org&utm_campaign=imageinfo&utm_content=thumbnail
rough-sleepers_1378_File_18_High_Street_Chepstow_geograph_org_uk_82328.jpg,Category:Rough sleepers,"File:18, High Street, Chepstow - geograph.org.uk - 8232849.jpg",Jonathan Billinger,CC BY-SA 2.0,https://commons.wikimedia.org/wiki/File%3A18%2C_High_Street%2C_Chepstow_-_geograph.org.uk_-_8232849.jpg,https://thumb.wikimedia.org/wikipedia/commons/thumb/e/e0/18%2C_High_Street%2C_Chepstow_-_geograph.org.uk_-_8232849.jpg/960px-18%2C_High_Street%2C_Chepstow_-_geograph.org.uk_-_8232849.jpg?utm_source=commons.wikimedia.org&utm_campaign=imageinfo&utm_content=thumbnail
rough-sleepers_1379_File_Homeless_man_sleeping_at_the_Colorado_Supreme.jpg,Category:Rough sleepers,File:Homeless man sleeping at the Colorado Supreme Court Building.jpg,O'Dea,CC BY-SA 4.0,https://commons.wikimedia.org/wiki/File%3AHomeless_man_sleeping_at_the_Colorado_Supreme_Court_Building.jpg,https://thumb.wikimedia.org/wikipedia/commons/thumb/6/60/Homeless_man_sleeping_at_the_Colorado_Supreme_Court_Building.jpg/960px-Homeless_man_sleeping_at_the_Colorado_Supreme_Court_Building.jpg?utm_source=commons.wikimedia.org&utm_campaign=imageinfo&utm_content=thumbnail
rough-sleepers_1380_File_Afternoon_nap_Wellington_and_Church_2014_08_0.jpg,Category:Rough sleepers,"File:Afternoon nap, Wellington and Church, 2014 08 07 (1).jpg",booledozer,Public domain,https://commons.wikimedia.org/wiki/File%3AAfternoon_nap%2C_Wellington_and_Church%2C_2014_08_07_%281%29.jpg,https://thumb.wikimedia.org/wikipedia/commons/thumb/5/5b/Afternoon_nap%2C_Wellington_and_Church%2C_2014_08_07_%281%29.jpg/960px-Afternoon_nap%2C_Wellington_and_Church%2C_2014_08_07_%281%29.jpg?utm_source=commons.wikimedia.org&utm_campaign=imageinfo&utm_content=thumbnail
rough-sleepers_1381_File_Amanur_Rahman_College_Mobile.jpg,Category:Rough sleepers,File:Amanur Rahman College Mobile দেশের পথে দেশের ভবিষ্যৎ.jpg,Amanur Rahman BD,CC BY-SA 4.0,https://commons.wikimedia.org/wiki/File%3AAmanur_Rahman_College_Mobile_%E0%A6%A6%E0%A7%87%E0%A6%B6%E0%A7%87%E0%A6%B0_%E0%A6%AA%E0%A6%A5%E0%A7%87_%E0%A6%A6%E0%A7%87%E0%A6%B6%E0%A7%87%E0%A6%B0_%E0%A6%AD%E0%A6%AC%E0%A6%BF%E0%A6%B7%E0%A7%8D%E0%A6%AF%E0%A7%8E.jpg,https://thumb.wikimedia.org/wikipedia/commons/thumb/c/c6/Amanur_Rahman_College_Mobile_%E0%A6%A6%E0%A7%87%E0%A6%B6%E0%A7%87%E0%A6%B0_%E0%A6%AA%E0%A6%A5%E0%A7%87_%E0%A6%A6%E0%A7%87%E0%A6%B6%E0%A7%87%E0%A6%B0_%E0%A6%AD%E0%A6%AC%E0%A6%BF%E0%A6%B7%E0%A7%8D%E0%A6%AF%E0%A7%8E.jpg/960px-Amanur_Rahman_College_Mobile_%E0%A6%A6%E0%A7%87%E0%A6%B6%E0%A7%87%E0%A6%B0_%E0%A6%AA%E0%A6%A5%E0%A7%87_%E0%A6%A6%E0%A7%87%E0%A6%B6%E0%A7%87%E0%A6%B0_%E0%A6%AD%E0%A6%AC%E0%A6%BF%E0%A6%B7%E0%A7%8D%E0%A6%AF%E0%A7%8E.jpg?utm_source=commons.wikimedia.org&utm_campaign=imageinfo&utm_content=thumbnail
rough-sleepers_1382_File_Athens_7_64303175.jpg,Category:Rough sleepers,File:Athens 7 (64303175).jpeg,Sascha Kohlmann,CC BY-SA 3.0,https://commons.wikimedia.org/wiki/File%3AAthens_7_%2864303175%29.jpeg,https://thumb.wikimedia.org/wikipedia/commons/thumb/0/06/Athens_7_%2864303175%29.jpeg/960px-Athens_7_%2864303175%29.jpeg?utm_source=commons.wikimedia.org&utm_campaign=imageinfo&utm_content=thumbnail
rough-sleepers_1383_File_Beggars_rest_near_Russian_State_Library_and_M.jpg,Category:Rough sleepers,File:Beggars rest near Russian State Library and Moscow Kremlin (2011-03-29).JPG,Krassotkin,CC0,https://commons.wikimedia.org/wiki/File%3ABeggars_rest_near_Russian_State_Library_and_Moscow_Kremlin_%282011-03-29%29.JPG,https://thumb.wikimedia.org/wikipedia/commons/thumb/3/36/Beggars_rest_near_Russian_State_Library_and_Moscow_Kremlin_%282011-03-29%29.JPG/960px-Beggars_rest_near_Russian_State_Library_and_Moscow_Kremlin_%282011-03-29%29.JPG?utm_source=commons.wikimedia.org&utm_campaign=imageinfo&utm_content=thumbnail
rough-sleepers_1384_File_Exclus_o_social.jpg,Category:Rough sleepers,File:Exclusão social.JPG,Maria Rita Andrade de Mendonça Teixeira,CC BY-SA 4.0,https://commons.wikimedia.org/wiki/File%3AExclus%C3%A3o_social.JPG,https://thumb.wikimedia.org/wikipedia/commons/thumb/3/33/Exclus%C3%A3o_social.JPG/960px-Exclus%C3%A3o_social.JPG?utm_source=commons.wikimedia.org&utm_campaign=imageinfo&utm_content=thumbnail
rough-sleepers_1385_File_Homeless_guy_protected_only_by_a_sleeping_bag.jpg,Category:Rough sleepers,"File:Homeless guy, protected only by a sleeping bag.jpg","don toye from toronto, canada",CC BY 2.0,https://commons.wikimedia.org/wiki/File%3AHomeless_guy%2C_protected_only_by_a_sleeping_bag.jpg,https://upload.wikimedia.org/wikipedia/commons/b/be/Homeless_guy%2C_protected_only_by_a_sleeping_bag.jpg?utm_source=commons.wikimedia.org&utm_campaign=imageinfo&utm_content=thumbnail_unscaled
rough-sleepers_1386_File_Image_of_houseless_individual_on_Easter_Sunda.jpg,Category:Rough sleepers,File:Image of houseless individual on Easter Sunday 2020.jpg,Elvert Barnes,CC BY-SA 2.0,https://commons.wikimedia.org/wiki/File%3AImage_of_houseless_individual_on_Easter_Sunday_2020.jpg,https://thumb.wikimedia.org/wikipedia/commons/thumb/a/a5/Image_of_houseless_individual_on_Easter_Sunday_2020.jpg/960px-Image_of_houseless_individual_on_Easter_Sunday_2020.jpg?utm_source=commons.wikimedia.org&utm_campaign=imageinfo&utm_content=thumbnail
rough-sleepers_1387_File_Musee_d_art_contemporain_de_Montreal_06.jpg,Category:Rough sleepers,File:Musee d art contemporain de Montreal - 06.jpg,Jeangagnon,CC BY-SA 4.0,https://commons.wikimedia.org/wiki/File%3AMusee_d_art_contemporain_de_Montreal_-_06.jpg,https://thumb.wikimedia.org/wikipedia/commons/thumb/a/ad/Musee_d_art_contemporain_de_Montreal_-_06.jpg/960px-Musee_d_art_contemporain_de_Montreal_-_06.jpg?utm_source=commons.wikimedia.org&utm_campaign=imageinfo&utm_content=thumbnail
rough-sleepers_1388_File_Senhejmulo_dormanta_surstrate_Da_Lat_Vjetnami.jpg,Category:Rough sleepers,"File:Senhejmulo dormanta surstrate (Da Lat, Vjetnamio).jpg",RG72,CC BY-SA 4.0,https://commons.wikimedia.org/wiki/File%3ASenhejmulo_dormanta_surstrate_%28Da_Lat%2C_Vjetnamio%29.jpg,https://thumb.wikimedia.org/wikipedia/commons/thumb/e/e8/Senhejmulo_dormanta_surstrate_%28Da_Lat%2C_Vjetnamio%29.jpg/960px-Senhejmulo_dormanta_surstrate_%28Da_Lat%2C_Vjetnamio%29.jpg?utm_source=commons.wikimedia.org&utm_campaign=imageinfo&utm_content=thumbnail
rough-sleepers_1389_File_Skvaro_de_Siberiaj_Katoj_Tjumeno_2026.jpg,Category:Rough sleepers,"File:Skvaro de Siberiaj Katoj (Tjumeno, 2026).jpg",RG72,CC BY 4.0,https://commons.wikimedia.org/wiki/File%3ASkvaro_de_Siberiaj_Katoj_%28Tjumeno%2C_2026%29.jpg,https://thumb.wikimedia.org/wikipedia/commons/thumb/5/57/Skvaro_de_Siberiaj_Katoj_%28Tjumeno%2C_2026%29.jpg/960px-Skvaro_de_Siberiaj_Katoj_%28Tjumeno%2C_2026%29.jpg?utm_source=commons.wikimedia.org&utm_campaign=imageinfo&utm_content=thumbnail
rough-sleepers_1390_File_Sleeping_Rough_geograph_org_uk_533669.jpg,Category:Rough sleepers,File:Sleeping Rough - geograph.org.uk - 533669.jpg,Stephen McKay,CC BY-SA 2.0,https://commons.wikimedia.org/wiki/File%3ASleeping_Rough_-_geograph.org.uk_-_533669.jpg,https://upload.wikimedia.org/wikipedia/commons/3/3f/Sleeping_Rough_-_geograph.org.uk_-_533669.jpg?utm_source=commons.wikimedia.org&utm_campaign=imageinfo&utm_content=thumbnail_unscaled
rough-sleepers_1391_File_Tired_or_homeless.jpg,Category:Rough sleepers,File:Tired or homeless.jpg,Mankhach,CC BY-SA 4.0,https://commons.wikimedia.org/wiki/File%3ATired_or_homeless.jpg,https://thumb.wikimedia.org/wikipedia/commons/thumb/8/8b/Tired_or_homeless.jpg/960px-Tired_or_homeless.jpg?utm_source=commons.wikimedia.org&utm_campaign=imageinfo&utm_content=thumbnail
sandman_1392_File_Le_marchand_de_sable_chanson_cr_e_par_Dalbret.jpg,Category:Sandman,File:Le marchand de sable - chanson créée par Dalbret -Paul Dalbret- -illustration Léon Pousthomis- (MédiHAL 537641).jpg,Éliane Daphy / Institut Interdisciplinaire d'Anthropologie du Contemporain / National Center for Scientific Research,Public domain,https://commons.wikimedia.org/wiki/File%3ALe_marchand_de_sable_-_chanson_cr%C3%A9%C3%A9e_par_Dalbret_-Paul_Dalbret-_-illustration_L%C3%A9on_Pousthomis-_%28M%C3%A9diHAL_537641%29.jpg,https://thumb.wikimedia.org/wikipedia/commons/thumb/d/dd/Le_marchand_de_sable_-_chanson_cr%C3%A9%C3%A9e_par_Dalbret_-Paul_Dalbret-_-illustration_L%C3%A9on_Pousthomis-_%28M%C3%A9diHAL_537641%29.jpg/960px-Le_marchand_de_sable_-_chanson_cr%C3%A9%C3%A9e_par_Dalbret_-Paul_Dalbret-_-illustration_L%C3%A9on_Pousthomis-_%28M%C3%A9diHAL_537641%29.jpg?utm_source=commons.wikimedia.org&utm_campaign=imageinfo&utm_content=thumbnail
sandman_1393_File_PillowPeople_Mr_Sandman.jpg,Category:Sandman,File:PillowPeople Mr.Sandman.jpg,No machine-readable author provided. Bflame assumed (based on copyright claims).,Public domain,https://commons.wikimedia.org/wiki/File%3APillowPeople_Mr.Sandman.jpg,https://thumb.wikimedia.org/wikipedia/commons/thumb/a/a9/PillowPeople_Mr.Sandman.jpg/960px-PillowPeople_Mr.Sandman.jpg?utm_source=commons.wikimedia.org&utm_campaign=imageinfo&utm_content=thumbnail
sleepover_1394_File_Cover_of_Pajama_Party_by_Peggy_Swenson_cover.jpg,Category:Sleepover,File:Cover of Pajama Party by Peggy Swenson - cover art by Paul Rader - 1963.jpg,Paul Rader,Public domain,https://commons.wikimedia.org/wiki/File%3ACover_of_Pajama_Party_by_Peggy_Swenson_-_cover_art_by_Paul_Rader_-_1963.jpg,https://upload.wikimedia.org/wikipedia/commons/2/24/Cover_of_Pajama_Party_by_Peggy_Swenson_-_cover_art_by_Paul_Rader_-_1963.jpg?utm_source=commons.wikimedia.org&utm_campaign=imageinfo&utm_content=thumbnail_unscaled
sleepover_1395_File_I_finally_graduated_2Dgirls_sleepover_by_j_bi.jpg,Category:Sleepover,File:I finally graduated ＃2Dgirls ＃sleepover (by j bizzie) 2015-01-02.jpg,"j bizzie from MINNEAPOLIS, USA",CC BY 2.0,https://commons.wikimedia.org/wiki/File%3AI_finally_graduated_%EF%BC%832Dgirls_%EF%BC%83sleepover_%28by_j_bizzie%29_2015-01-02.jpg,https://upload.wikimedia.org/wikipedia/commons/5/5d/I_finally_graduated_%EF%BC%832Dgirls_%EF%BC%83sleepover_%28by_j_bizzie%29_2015-01-02.jpg?utm_source=commons.wikimedia.org&utm_campaign=imageinfo&utm_content=thumbnail_unscaled
sleepover_1396_File_Logo_pj_screen.jpg,Category:Sleepover,File:Logo-pj-screen.jpg,Frankikenye,CC BY-SA 3.0,https://commons.wikimedia.org/wiki/File%3ALogo-pj-screen.jpg,https://upload.wikimedia.org/wikipedia/commons/d/d4/Logo-pj-screen.jpg?utm_source=commons.wikimedia.org&utm_campaign=imageinfo&utm_content=thumbnail_unscaled
sleepover_1397_File_Photograph_of_teenage_girls_at_a_sleepover_Ga.jpg,Category:Sleepover,"File:Photograph of teenage girls at a sleepover, Gainesville, Georgia, 1952 - DPLA - 292005a89e2b84eeb69678b977499ca2h015.jpeg","Bennett, Vera ""Buzzie""",Public domain,https://commons.wikimedia.org/wiki/File%3APhotograph_of_teenage_girls_at_a_sleepover%2C_Gainesville%2C_Georgia%2C_1952_-_DPLA_-_292005a89e2b84eeb69678b977499ca2h015.jpeg,https://upload.wikimedia.org/wikipedia/commons/8/81/Photograph_of_teenage_girls_at_a_sleepover%2C_Gainesville%2C_Georgia%2C_1952_-_DPLA_-_292005a89e2b84eeb69678b977499ca2h015.jpeg?utm_source=commons.wikimedia.org&utm_campaign=imageinfo&utm_content=thumbnail_unscaled
sleepy-people_1398_File_Portrait_of_June_Christy_and_Bob_Cooper_1947.jpg,Category:Sleepy people,"File:(Portrait of June Christy and Bob Cooper, 1947 or 1948) (LOC) (4888076197).jpg",The Library of Congress,Public domain,https://commons.wikimedia.org/wiki/File%3A%28Portrait_of_June_Christy_and_Bob_Cooper%2C_1947_or_1948%29_%28LOC%29_%284888076197%29.jpg,https://upload.wikimedia.org/wikipedia/commons/f/ff/%28Portrait_of_June_Christy_and_Bob_Cooper%2C_1947_or_1948%29_%28LOC%29_%284888076197%29.jpg?utm_source=commons.wikimedia.org&utm_campaign=imageinfo&utm_content=thumbnail_unscaled
sleepy-people_1399_File_Afternoon_nap_Wellington_and_Church_2014_08_0.jpg,Category:Sleepy people,"File:Afternoon nap, Wellington and Church, 2014 08 07 (2).JPG",Geo Swan (talk),Public domain,https://commons.wikimedia.org/wiki/File%3AAfternoon_nap%2C_Wellington_and_Church%2C_2014_08_07_%282%29.JPG,https://thumb.wikimedia.org/wikipedia/commons/thumb/8/84/Afternoon_nap%2C_Wellington_and_Church%2C_2014_08_07_%282%29.JPG/960px-Afternoon_nap%2C_Wellington_and_Church%2C_2014_08_07_%282%29.JPG?utm_source=commons.wikimedia.org&utm_campaign=imageinfo&utm_content=thumbnail
sleepy-people_1400_File_Alexander_Miljkovic.jpg,Category:Sleepy people,File:Alexander Miljkovic .jpg,Letekrusevo,CC BY-SA 4.0,https://commons.wikimedia.org/wiki/File%3AAlexander_Miljkovic_.jpg,https://upload.wikimedia.org/wikipedia/commons/0/00/Alexander_Miljkovic_.jpg?utm_source=commons.wikimedia.org&utm_campaign=imageinfo&utm_content=thumbnail_unscaled
sleepy-people_1401_File_Sleeping_Fortepan_55877.jpg,Category:Sleepy people,File:Sleeping Fortepan 55877.jpg,FOTO:Fortepan — ID 55877: Adományozó/Donor: Magyar Bálint. archive copy at the Wayback Machine,CC BY-SA 3.0,https://commons.wikimedia.org/wiki/File%3ASleeping_Fortepan_55877.jpg,https://thumb.wikimedia.org/wikipedia/commons/thumb/8/80/Sleeping_Fortepan_55877.jpg/960px-Sleeping_Fortepan_55877.jpg?utm_source=commons.wikimedia.org&utm_campaign=imageinfo&utm_content=thumbnail
sleepy-people_1402_File_Grand_Prix_i_Kristianstad_L0058_902aFo3014170.jpg,Category:Sleepy people,File:Grand Prix i Kristianstad - L0058 902aFo30141701100009.jpg,Bjørn Fjørtoft,CC BY 4.0,https://commons.wikimedia.org/wiki/File%3AGrand_Prix_i_Kristianstad_-_L0058_902aFo30141701100009.jpg,https://thumb.wikimedia.org/wikipedia/commons/thumb/f/f9/Grand_Prix_i_Kristianstad_-_L0058_902aFo30141701100009.jpg/960px-Grand_Prix_i_Kristianstad_-_L0058_902aFo30141701100009.jpg?utm_source=commons.wikimedia.org&utm_campaign=imageinfo&utm_content=thumbnail
sleepy-people_1403_File_Historical_man.jpg,Category:Sleepy people,File:Historical man.jpg,KADIR MALIKS,CC BY-SA 4.0,https://commons.wikimedia.org/wiki/File%3AHistorical_man.jpg,https://thumb.wikimedia.org/wikipedia/commons/thumb/e/ee/Historical_man.jpg/960px-Historical_man.jpg?utm_source=commons.wikimedia.org&utm_campaign=imageinfo&utm_content=thumbnail
sleepy-people_1404_File_Jatra_Biroti_5670796748.jpg,Category:Sleepy people,File:Jatra Biroti (5670796748).jpg,"Faisal Akram from Dhaka, Bangladesh",CC BY-SA 2.0,https://commons.wikimedia.org/wiki/File%3AJatra_Biroti_%285670796748%29.jpg,https://thumb.wikimedia.org/wikipedia/commons/thumb/7/7d/Jatra_Biroti_%285670796748%29.jpg/960px-Jatra_Biroti_%285670796748%29.jpg?utm_source=commons.wikimedia.org&utm_campaign=imageinfo&utm_content=thumbnail
sleepy-people_1405_File_Jette_Tom_8730611095.jpg,Category:Sleepy people,File:Jette & Tom (8730611095).jpg,Lisa Risager from Denmark,CC BY-SA 2.0,https://commons.wikimedia.org/wiki/File%3AJette_%26_Tom_%288730611095%29.jpg,https://thumb.wikimedia.org/wikipedia/commons/thumb/2/2b/Jette_%26_Tom_%288730611095%29.jpg/960px-Jette_%26_Tom_%288730611095%29.jpg?utm_source=commons.wikimedia.org&utm_campaign=imageinfo&utm_content=thumbnail
sleepy-people_1406_File_Lou_Briel.jpg,Category:Sleepy people,File:Lou Briel.jpeg,Alexis Zárraga,CC BY-SA 4.0,https://commons.wikimedia.org/wiki/File%3ALou_Briel.jpeg,https://upload.wikimedia.org/wikipedia/commons/f/f6/Lou_Briel.jpeg?utm_source=commons.wikimedia.org&utm_campaign=imageinfo&utm_content=thumbnail_unscaled
sleepy-people_1407_File_Man_asleep_in_street_Dawson_Yukon_Territory_c.jpg,Category:Sleepy people,"File:Man asleep in street, Dawson, Yukon Territory, ca 1899 (HEGG 149).jpeg",Eric A. Hegg,Public domain,https://commons.wikimedia.org/wiki/File%3AMan_asleep_in_street%2C_Dawson%2C_Yukon_Territory%2C_ca_1899_%28HEGG_149%29.jpeg,https://upload.wikimedia.org/wikipedia/commons/0/04/Man_asleep_in_street%2C_Dawson%2C_Yukon_Territory%2C_ca_1899_%28HEGG_149%29.jpeg?utm_source=commons.wikimedia.org&utm_campaign=imageinfo&utm_content=thumbnail_unscaled
sleepy-people_1408_File_Man_relaxing_in_the_grass_8954_480x359_481110.jpg,Category:Sleepy people,File:Man-relaxing-in-the-grass 8954-480x359 (4811108310).jpg,"Emilian Robert Vicol from Com. Balanesti, Romania",CC BY 2.0,https://commons.wikimedia.org/wiki/File%3AMan-relaxing-in-the-grass_8954-480x359_%284811108310%29.jpg,https://upload.wikimedia.org/wikipedia/commons/f/f9/Man-relaxing-in-the-grass_8954-480x359_%284811108310%29.jpg?utm_source=commons.wikimedia.org&utm_campaign=imageinfo&utm_content=thumbnail_unscaled
sleepy-people_1409_File_Meitar_Collection_997009932506505171.jpg,Category:Sleepy people,File:Meitar Collection (997009932506505171.jpg,Boris Carmi,CC BY 4.0,https://commons.wikimedia.org/wiki/File%3AMeitar_Collection_%28997009932506505171.jpg,https://thumb.wikimedia.org/wikipedia/commons/thumb/c/c0/Meitar_Collection_%28997009932506505171.jpg/960px-Meitar_Collection_%28997009932506505171.jpg?utm_source=commons.wikimedia.org&utm_campaign=imageinfo&utm_content=thumbnail
sleepy-people_1410_File_Mujer_3241440620.jpg,Category:Sleepy people,File:Mujer (3241440620).jpg,"Paula Rey from barcelona, spain",CC BY-SA 2.0,https://commons.wikimedia.org/wiki/File%3AMujer_%283241440620%29.jpg,https://thumb.wikimedia.org/wikipedia/commons/thumb/b/ba/Mujer_%283241440620%29.jpg/960px-Mujer_%283241440620%29.jpg?utm_source=commons.wikimedia.org&utm_campaign=imageinfo&utm_content=thumbnail
sleepy-people_1411_File_National_Shrine_of_Our_Lady_of_Lourdes_Capuch.jpg,Category:Sleepy people,File:National Shrine of Our Lady of Lourdes Capuchin floor fanG.jpg,,CC BY-SA 4.0,https://commons.wikimedia.org/wiki/File%3ANational_Shrine_of_Our_Lady_of_Lourdes_Capuchin_floor_fanG.jpg,https://thumb.wikimedia.org/wikipedia/commons/thumb/c/c2/National_Shrine_of_Our_Lady_of_Lourdes_Capuchin_floor_fanG.jpg/960px-National_Shrine_of_Our_Lady_of_Lourdes_Capuchin_floor_fanG.jpg?utm_source=commons.wikimedia.org&utm_campaign=imageinfo&utm_content=thumbnail
sleepy-people_1412_File_New_no_obstruction.jpg,Category:Sleepy people,File:New no obstruction.png,Drcamachoent,CC BY-SA 4.0,https://commons.wikimedia.org/wiki/File%3ANew_no_obstruction.png,https://thumb.wikimedia.org/wikipedia/commons/thumb/6/6e/New_no_obstruction.png/960px-New_no_obstruction.png?utm_source=commons.wikimedia.org&utm_campaign=imageinfo&utm_content=thumbnail
sleepy-people_1413_File_Nikola_Radojcic_2016_Unsplash.jpg,Category:Sleepy people,File:Nikola Radojcic 2016 (Unsplash).jpg,Nikola Radojcic nikolor,CC0,https://commons.wikimedia.org/wiki/File%3ANikola_Radojcic_2016_%28Unsplash%29.jpg,https://thumb.wikimedia.org/wikipedia/commons/thumb/6/6c/Nikola_Radojcic_2016_%28Unsplash%29.jpg/960px-Nikola_Radojcic_2016_%28Unsplash%29.jpg?utm_source=commons.wikimedia.org&utm_campaign=imageinfo&utm_content=thumbnail
sleepy-people_1414_File_Nu_nu_shi_unt_the_dreamer.jpg,Category:Sleepy people,"File:Nu-nu-shi-unt, the dreamer.jpg","Hillers, John K., 1843-1925.",Public domain,https://commons.wikimedia.org/wiki/File%3ANu-nu-shi-unt%2C_the_dreamer.jpg,https://thumb.wikimedia.org/wikipedia/commons/thumb/0/0b/Nu-nu-shi-unt%2C_the_dreamer.jpg/960px-Nu-nu-shi-unt%2C_the_dreamer.jpg?utm_source=commons.wikimedia.org&utm_campaign=imageinfo&utm_content=thumbnail
sleepy-people_1415_File_Oblivious_Suri_Kibish_Camp_14369054557.jpg,Category:Sleepy people,"File:Oblivious, Suri, Kibish Camp (14369054557).jpg","Rod Waddington from Kergunyah, Australia",CC BY-SA 2.0,https://commons.wikimedia.org/wiki/File%3AOblivious%2C_Suri%2C_Kibish_Camp_%2814369054557%29.jpg,https://thumb.wikimedia.org/wikipedia/commons/thumb/f/f6/Oblivious%2C_Suri%2C_Kibish_Camp_%2814369054557%29.jpg/960px-Oblivious%2C_Suri%2C_Kibish_Camp_%2814369054557%29.jpg?utm_source=commons.wikimedia.org&utm_campaign=imageinfo&utm_content=thumbnail
sleepy-people_1416_File_On_a_bed_of_roses_41663547782.jpg,Category:Sleepy people,File:On a bed of roses (41663547782).jpg,Paul Lucas from UK,CC BY 2.0,https://commons.wikimedia.org/wiki/File%3AOn_a_bed_of_roses_%2841663547782%29.jpg,https://thumb.wikimedia.org/wikipedia/commons/thumb/5/5b/On_a_bed_of_roses_%2841663547782%29.jpg/960px-On_a_bed_of_roses_%2841663547782%29.jpg?utm_source=commons.wikimedia.org&utm_campaign=imageinfo&utm_content=thumbnail
sleepy-people_1417_File_Pandi.jpg,Category:Sleepy people,File:Pandi.jpg,Seaneric,Public domain,https://commons.wikimedia.org/wiki/File%3APandi.jpg,https://upload.wikimedia.org/wikipedia/commons/4/46/Pandi.jpg?utm_source=commons.wikimedia.org&utm_campaign=imageinfo&utm_content=thumbnail_unscaled
sleepy-people_1418_File_Pod_prvim_obokom_na_levi_strani_mariborskega.jpg,Category:Sleepy people,File:Pod prvim obokom na levi strani mariborskega glavnega mostu 1957.jpg,Unknown authorUnknown author,Public domain,https://commons.wikimedia.org/wiki/File%3APod_prvim_obokom_na_levi_strani_mariborskega_glavnega_mostu_1957.jpg,https://thumb.wikimedia.org/wikipedia/commons/thumb/c/c1/Pod_prvim_obokom_na_levi_strani_mariborskega_glavnega_mostu_1957.jpg/960px-Pod_prvim_obokom_na_levi_strani_mariborskega_glavnega_mostu_1957.jpg?utm_source=commons.wikimedia.org&utm_campaign=imageinfo&utm_content=thumbnail
sleepy-people_1419_File_Possession_16663687975.jpg,Category:Sleepy people,File:Possession (16663687975).jpg,PiConsti,CC BY-SA 2.0,https://commons.wikimedia.org/wiki/File%3APossession_%2816663687975%29.jpg,https://thumb.wikimedia.org/wikipedia/commons/thumb/f/f9/Possession_%2816663687975%29.jpg/960px-Possession_%2816663687975%29.jpg?utm_source=commons.wikimedia.org&utm_campaign=imageinfo&utm_content=thumbnail
sleepy-people_1420_File_Rest_for_the_Weary_8314272523.jpg,Category:Sleepy people,File:Rest for the Weary (8314272523).jpg,"Marines from Arlington, VA, United States",Public domain,https://commons.wikimedia.org/wiki/File%3ARest_for_the_Weary_%288314272523%29.jpg,https://thumb.wikimedia.org/wikipedia/commons/thumb/c/cd/Rest_for_the_Weary_%288314272523%29.jpg/960px-Rest_for_the_Weary_%288314272523%29.jpg?utm_source=commons.wikimedia.org&utm_campaign=imageinfo&utm_content=thumbnail
sleepy-people_1421_File_Roh.jpg,Category:Sleepy people,File:Roh.jpg,adilmedya,CC BY-SA 4.0,https://commons.wikimedia.org/wiki/File%3ARoh.jpg,https://upload.wikimedia.org/wikipedia/commons/a/ac/Roh.jpg?utm_source=commons.wikimedia.org&utm_campaign=imageinfo&utm_content=thumbnail_unscaled
sleepy-people_1422_File_Siesta_time.jpg,Category:Sleepy people,File:Siesta time.jpg,Ipuigso,CC BY-SA 4.0,https://commons.wikimedia.org/wiki/File%3ASiesta_time.jpg,https://thumb.wikimedia.org/wikipedia/commons/thumb/0/09/Siesta_time.jpg/960px-Siesta_time.jpg?utm_source=commons.wikimedia.org&utm_campaign=imageinfo&utm_content=thumbnail
sleepy-people_1423_File_Sleep_IMG_9706.jpg,Category:Sleepy people,File:Sleep IMG 9706.jpg,ושמחת בחגך,CC BY-SA 4.0,https://commons.wikimedia.org/wiki/File%3ASleep_IMG_9706.jpg,https://thumb.wikimedia.org/wikipedia/commons/thumb/0/09/Sleep_IMG_9706.jpg/960px-Sleep_IMG_9706.jpg?utm_source=commons.wikimedia.org&utm_campaign=imageinfo&utm_content=thumbnail
sleepy-people_1424_File_Sleep.jpg,Category:Sleepy people,File:Sleep....jpg,Shahbaz Nahian,CC BY-SA 4.0,https://commons.wikimedia.org/wiki/File%3ASleep....jpg,https://thumb.wikimedia.org/wikipedia/commons/thumb/e/e1/Sleep....jpg/960px-Sleep....jpg?utm_source=commons.wikimedia.org&utm_campaign=imageinfo&utm_content=thumbnail
sleepy-people_1425_File_Sleeping_beauty_3774689077.jpg,Category:Sleepy people,File:Sleeping beauty (3774689077).jpg,Kain Kalju,CC BY 2.0,https://commons.wikimedia.org/wiki/File%3ASleeping_beauty_%283774689077%29.jpg,https://thumb.wikimedia.org/wikipedia/commons/thumb/7/70/Sleeping_beauty_%283774689077%29.jpg/960px-Sleeping_beauty_%283774689077%29.jpg?utm_source=commons.wikimedia.org&utm_campaign=imageinfo&utm_content=thumbnail
sleepy-people_1426_File_Sleeping_on_roof_2551758007.jpg,Category:Sleepy people,File:Sleeping on roof (2551758007).jpg,"Anderson Mancini from Sao Paulo, Brazil",CC BY 2.0,https://commons.wikimedia.org/wiki/File%3ASleeping_on_roof_%282551758007%29.jpg,https://thumb.wikimedia.org/wikipedia/commons/thumb/4/4a/Sleeping_on_roof_%282551758007%29.jpg/960px-Sleeping_on_roof_%282551758007%29.jpg?utm_source=commons.wikimedia.org&utm_campaign=imageinfo&utm_content=thumbnail
sleepy-people_1427_File_Sleeping_Rough_Harar_14447313311.jpg,Category:Sleepy people,"File:Sleeping Rough, Harar (14447313311).jpg","Rod Waddington from Kergunyah, Australia",CC BY-SA 2.0,https://commons.wikimedia.org/wiki/File%3ASleeping_Rough%2C_Harar_%2814447313311%29.jpg,https://upload.wikimedia.org/wikipedia/commons/3/33/Sleeping_Rough%2C_Harar_%2814447313311%29.jpg?utm_source=commons.wikimedia.org&utm_campaign=imageinfo&utm_content=thumbnail_unscaled
sleepy-people_1428_File_Sleeping_Tigray_11204256226.jpg,Category:Sleepy people,"File:Sleeping, Tigray (11204256226).jpg","Rod Waddington from Kergunyah, Australia",CC BY-SA 2.0,https://commons.wikimedia.org/wiki/File%3ASleeping%2C_Tigray_%2811204256226%29.jpg,https://thumb.wikimedia.org/wikipedia/commons/thumb/e/e6/Sleeping%2C_Tigray_%2811204256226%29.jpg/960px-Sleeping%2C_Tigray_%2811204256226%29.jpg?utm_source=commons.wikimedia.org&utm_campaign=imageinfo&utm_content=thumbnail
sleepy-people_1429_File_Sleepy_beauty.jpg,Category:Sleepy people,File:Sleepy beauty.jpg,ShahbanoBaloch,CC BY-SA 4.0,https://commons.wikimedia.org/wiki/File%3ASleepy_beauty.jpg,https://thumb.wikimedia.org/wikipedia/commons/thumb/4/40/Sleepy_beauty.jpg/960px-Sleepy_beauty.jpg?utm_source=commons.wikimedia.org&utm_campaign=imageinfo&utm_content=thumbnail
sleepy-people_1430_File_So_what_160889852.jpg,Category:Sleepy people,File:So what -) (160889852).jpg,29cm from Hong Kong,CC BY-SA 2.0,https://commons.wikimedia.org/wiki/File%3ASo_what_-%29_%28160889852%29.jpg,https://upload.wikimedia.org/wikipedia/commons/5/50/So_what_-%29_%28160889852%29.jpg?utm_source=commons.wikimedia.org&utm_campaign=imageinfo&utm_content=thumbnail_unscaled
sleepy-people_1431_File_Some_people_preferred_to_sleep_in_barber_char.jpg,Category:Sleepy people,"File:Some people preferred to sleep in barber charirs, paying $1.50 a night for the priviledge, or spend the night in the... - NARA - 196406.jpg",Unknown authorUnknown author or not provided,Public domain,https://commons.wikimedia.org/wiki/File%3ASome_people_preferred_to_sleep_in_barber_charirs%2C_paying_%241.50_a_night_for_the_priviledge%2C_or_spend_the_night_in_the..._-_NARA_-_196406.jpg,https://thumb.wikimedia.org/wikipedia/commons/thumb/b/bf/Some_people_preferred_to_sleep_in_barber_charirs%2C_paying_%241.50_a_night_for_the_priviledge%2C_or_spend_the_night_in_the..._-_NARA_-_196406.jpg/960px-Some_people_preferred_to_sleep_in_barber_charirs%2C_paying_%241.50_a_night_for_the_priviledge%2C_or_spend_the_night_in_the..._-_NARA_-_196406.jpg?utm_source=commons.wikimedia.org&utm_campaign=imageinfo&utm_content=thumbnail
sleepy-people_1432_File_Sooooo_tired_Must_sleeeeep_Budapest_Hungary_2.jpg,Category:Sleepy people,"File:Sooooo tired, Must sleeeeep. Budapest, Hungary (23375543131).jpg",Tord Remme from Norway / Thailand,CC0,https://commons.wikimedia.org/wiki/File%3ASooooo_tired%2C_Must_sleeeeep._Budapest%2C_Hungary_%2823375543131%29.jpg,https://thumb.wikimedia.org/wikipedia/commons/thumb/7/7b/Sooooo_tired%2C_Must_sleeeeep._Budapest%2C_Hungary_%2823375543131%29.jpg/960px-Sooooo_tired%2C_Must_sleeeeep._Budapest%2C_Hungary_%2823375543131%29.jpg?utm_source=commons.wikimedia.org&utm_campaign=imageinfo&utm_content=thumbnail
sleepy-people_1433_File_Sove_med_bamse_IMG_0791.jpg,Category:Sleepy people,File:Sove med bamse-IMG 0791.jpg,Øyvind Holmstad,CC BY-SA 4.0,https://commons.wikimedia.org/wiki/File%3ASove_med_bamse-IMG_0791.jpg,https://thumb.wikimedia.org/wikipedia/commons/thumb/c/c0/Sove_med_bamse-IMG_0791.jpg/960px-Sove_med_bamse-IMG_0791.jpg?utm_source=commons.wikimedia.org&utm_campaign=imageinfo&utm_content=thumbnail
sleepy-people_1434_File_Tired_after_going_out_as_Alice.jpg,Category:Sleepy people,File:Tired after going out as Alice -).jpg,Holden Karau,CC BY-SA 2.0,https://commons.wikimedia.org/wiki/File%3ATired_after_going_out_as_Alice_-%29.jpg,https://thumb.wikimedia.org/wikipedia/commons/thumb/d/d9/Tired_after_going_out_as_Alice_-%29.jpg/960px-Tired_after_going_out_as_Alice_-%29.jpg?utm_source=commons.wikimedia.org&utm_campaign=imageinfo&utm_content=thumbnail
sleepy-people_1435_File_We_all_belong_to_the_same_Creator.jpg,Category:Sleepy people,File:We all belong to the same Creator...jpg,Shahbaz Nahian,CC BY-SA 4.0,https://commons.wikimedia.org/wiki/File%3AWe_all_belong_to_the_same_Creator...jpg,https://thumb.wikimedia.org/wikipedia/commons/thumb/3/38/We_all_belong_to_the_same_Creator...jpg/960px-We_all_belong_to_the_same_Creator...jpg?utm_source=commons.wikimedia.org&utm_campaign=imageinfo&utm_content=thumbnail
sleepy-people_1436_File_WIZE.jpg,Category:Sleepy people,File:WIZE.jpg,Jordan Birch,CC BY-SA 4.0,https://commons.wikimedia.org/wiki/File%3AWIZE.jpg,https://upload.wikimedia.org/wikipedia/commons/2/2e/WIZE.jpg?utm_source=commons.wikimedia.org&utm_campaign=imageinfo&utm_content=thumbnail_unscaled
